# count
2354
# w,cx,cy,cz,theta,phi
 0.000039226162706997953690413877270160014631983358412981033325, 1.000000000000000000000000000000000000000000000000000000000000, 0.000000000000000000000000000000000000000000000000000000000000, 0.000000000000000000000000000000000000000000000000000000000000, 1.570796326794896557998981734272092580795288085937500000000000, 0.000000000000000000000000000000000000000000000000000000000000
 0.000039226162706997953690413877270160014631983358412981033325,-1.000000000000000000000000000000000000000000000000000000000000, 0.000000000000000000000000000000000000000000000000000000000000, 0.000000000000000000000000000000000000000000000000000000000000, 1.570796326794896557998981734272092580795288085937500000000000, 3.141592653589793115997963468544185161590576171875000000000000
 0.000039226162706997953690413877270160014631983358412981033325, 0.000000000000000000000000000000000000000000000000000000000000, 1.000000000000000000000000000000000000000000000000000000000000, 0.000000000000000000000000000000000000000000000000000000000000, 1.570796326794896557998981734272092580795288085937500000000000, 1.570796326794896557998981734272092580795288085937500000000000
 0.000039226162706997953690413877270160014631983358412981033325, 0.000000000000000000000000000000000000000000000000000000000000,-1.000000000000000000000000000000000000000000000000000000000000, 0.000000000000000000000000000000000000000000000000000000000000, 1.570796326794896557998981734272092580795288085937500000000000, 4.712388980384689673996945202816277742385864257812500000000000
 0.000039226162706997953690413877270160014631983358412981033325, 0.000000000000000000000000000000000000000000000000000000000000, 0.000000000000000000000000000000000000000000000000000000000000, 1.000000000000000000000000000000000000000000000000000000000000, 0.000000000000000000000000000000000000000000000000000000000000, 0.000000000000000000000000000000000000000000000000000000000000
 0.000039226162706997953690413877270160014631983358412981033325, 0.000000000000000000000000000000000000000000000000000000000000, 0.000000000000000000000000000000000000000000000000000000000000,-1.000000000000000000000000000000000000000000000000000000000000, 3.141592653589793115997963468544185161590576171875000000000000, 0.000000000000000000000000000000000000000000000000000000000000
 0.000470383175084975433972306335661528464697767049074172973633, 0.000000000000000000000000000000000000000000000000000000000000, 0.707106781186547683759613391885068267583847045898437500000000, 0.707106781186547461715008466853760182857513427734375000000000, 0.785398163397448390021793329651700332760810852050781250000000, 1.570796326794896557998981734272092580795288085937500000000000
 0.000470383175084975433972306335661528464697767049074172973633, 0.000000000000000000000000000000000000000000000000000000000000, 0.707106781186547461715008466853760182857513427734375000000000,-0.707106781186547461715008466853760182857513427734375000000000, 2.356194490192344836998472601408138871192932128906250000000000, 1.570796326794896557998981734272092580795288085937500000000000
 0.000470383175084975433972306335661528464697767049074172973633, 0.000000000000000000000000000000000000000000000000000000000000,-0.707106781186547683759613391885068267583847045898437500000000, 0.707106781186547461715008466853760182857513427734375000000000, 0.785398163397448390021793329651700332760810852050781250000000, 4.712388980384689673996945202816277742385864257812500000000000
 0.000470383175084975433972306335661528464697767049074172973633, 0.000000000000000000000000000000000000000000000000000000000000,-0.707106781186547461715008466853760182857513427734375000000000,-0.707106781186547461715008466853760182857513427734375000000000, 2.356194490192344836998472601408138871192932128906250000000000, 4.712388980384689673996945202816277742385864257812500000000000
 0.000470383175084975433972306335661528464697767049074172973633, 0.707106781186547683759613391885068267583847045898437500000000, 0.000000000000000000000000000000000000000000000000000000000000, 0.707106781186547461715008466853760182857513427734375000000000, 0.785398163397448390021793329651700332760810852050781250000000, 0.000000000000000000000000000000000000000000000000000000000000
 0.000470383175084975433972306335661528464697767049074172973633, 0.707106781186547461715008466853760182857513427734375000000000, 0.000000000000000000000000000000000000000000000000000000000000,-0.707106781186547461715008466853760182857513427734375000000000, 2.356194490192344836998472601408138871192932128906250000000000, 0.000000000000000000000000000000000000000000000000000000000000
 0.000470383175084975433972306335661528464697767049074172973633,-0.707106781186547683759613391885068267583847045898437500000000, 0.000000000000000000000000000000000000000000000000000000000000, 0.707106781186547461715008466853760182857513427734375000000000, 0.785398163397448390021793329651700332760810852050781250000000, 3.141592653589793115997963468544185161590576171875000000000000
 0.000470383175084975433972306335661528464697767049074172973633,-0.707106781186547461715008466853760182857513427734375000000000, 0.000000000000000000000000000000000000000000000000000000000000,-0.707106781186547461715008466853760182857513427734375000000000, 2.356194490192344836998472601408138871192932128906250000000000, 3.141592653589793115997963468544185161590576171875000000000000
 0.000470383175084975433972306335661528464697767049074172973633, 0.707106781186547461715008466853760182857513427734375000000000, 0.707106781186547461715008466853760182857513427734375000000000, 0.000000000000000000000000000000000000000000000000000000000000, 1.570796326794896557998981734272092580795288085937500000000000, 0.785398163397448278999490867136046290397644042968750000000000
 0.000470383175084975433972306335661528464697767049074172973633, 0.707106781186547461715008466853760182857513427734375000000000,-0.707106781186547461715008466853760182857513427734375000000000, 0.000000000000000000000000000000000000000000000000000000000000, 1.570796326794896557998981734272092580795288085937500000000000, 5.497787143782137952996436069952324032783508300781250000000000
 0.000470383175084975433972306335661528464697767049074172973633,-0.707106781186547461715008466853760182857513427734375000000000, 0.707106781186547461715008466853760182857513427734375000000000, 0.000000000000000000000000000000000000000000000000000000000000, 1.570796326794896557998981734272092580795288085937500000000000, 2.356194490192344836998472601408138871192932128906250000000000
 0.000470383175084975433972306335661528464697767049074172973633,-0.707106781186547461715008466853760182857513427734375000000000,-0.707106781186547461715008466853760182857513427734375000000000, 0.000000000000000000000000000000000000000000000000000000000000, 1.570796326794896557998981734272092580795288085937500000000000, 3.926990816987241394997454335680231451988220214843750000000000
 0.000467820280127975588260746953039870277279987931251525878906, 0.577350269189625731058868041145615279674530029296875000000000, 0.577350269189625731058868041145615279674530029296875000000000, 0.577350269189625731058868041145615279674530029296875000000000, 0.955316618124509298048963046312564983963966369628906250000000, 0.785398163397448278999490867136046290397644042968750000000000
 0.000467820280127975588260746953039870277279987931251525878906, 0.577350269189625731058868041145615279674530029296875000000000, 0.577350269189625731058868041145615279674530029296875000000000,-0.577350269189625731058868041145615279674530029296875000000000, 2.186276035465283928971302884747274219989776611328125000000000, 0.785398163397448278999490867136046290397644042968750000000000
 0.000467820280127975588260746953039870277279987931251525878906, 0.577350269189625731058868041145615279674530029296875000000000,-0.577350269189625731058868041145615279674530029296875000000000, 0.577350269189625731058868041145615279674530029296875000000000, 0.955316618124509298048963046312564983963966369628906250000000, 5.497787143782137952996436069952324032783508300781250000000000
 0.000467820280127975588260746953039870277279987931251525878906, 0.577350269189625731058868041145615279674530029296875000000000,-0.577350269189625731058868041145615279674530029296875000000000,-0.577350269189625731058868041145615279674530029296875000000000, 2.186276035465283928971302884747274219989776611328125000000000, 5.497787143782137952996436069952324032783508300781250000000000
 0.000467820280127975588260746953039870277279987931251525878906,-0.577350269189625731058868041145615279674530029296875000000000, 0.577350269189625731058868041145615279674530029296875000000000, 0.577350269189625731058868041145615279674530029296875000000000, 0.955316618124509298048963046312564983963966369628906250000000, 2.356194490192344836998472601408138871192932128906250000000000
 0.000467820280127975588260746953039870277279987931251525878906,-0.577350269189625731058868041145615279674530029296875000000000, 0.577350269189625731058868041145615279674530029296875000000000,-0.577350269189625731058868041145615279674530029296875000000000, 2.186276035465283928971302884747274219989776611328125000000000, 2.356194490192344836998472601408138871192932128906250000000000
 0.000467820280127975588260746953039870277279987931251525878906,-0.577350269189625731058868041145615279674530029296875000000000,-0.577350269189625731058868041145615279674530029296875000000000, 0.577350269189625731058868041145615279674530029296875000000000, 0.955316618124509298048963046312564983963966369628906250000000, 3.926990816987241394997454335680231451988220214843750000000000
 0.000467820280127975588260746953039870277279987931251525878906,-0.577350269189625731058868041145615279674530029296875000000000,-0.577350269189625731058868041145615279674530029296875000000000,-0.577350269189625731058868041145615279674530029296875000000000, 2.186276035465283928971302884747274219989776611328125000000000, 3.926990816987241394997454335680231451988220214843750000000000
 0.000143783222897992491806987147562324480531970039010047912598, 0.022900246465305501564202472764009144157171249389648437500000, 0.022900246465305501564202472764009144157171249389648437500000, 0.999475441130824648894304118584841489791870117187500000000000, 0.032391503081086667203969398087792797014117240905761718750000, 0.785398163397448278999490867136046290397644042968750000000000
 0.000143783222897992491806987147562324480531970039010047912598, 0.022900246465305400950240866109197668265551328659057617187500, 0.022900246465305400950240866109197668265551328659057617187500,-0.999475441130824648894304118584841489791870117187500000000000, 3.109201150508710043141036294400691986083984375000000000000000, 0.785398163397448278999490867136046290397644042968750000000000
 0.000143783222897992491806987147562324480531970039010047912598, 0.022900246465305501564202472764009144157171249389648437500000,-0.022900246465305501564202472764009144157171249389648437500000, 0.999475441130824648894304118584841489791870117187500000000000, 0.032391503081086667203969398087792797014117240905761718750000, 5.497787143782137952996436069952324032783508300781250000000000
 0.000143783222897992491806987147562324480531970039010047912598, 0.022900246465305400950240866109197668265551328659057617187500,-0.022900246465305400950240866109197668265551328659057617187500,-0.999475441130824648894304118584841489791870117187500000000000, 3.109201150508710043141036294400691986083984375000000000000000, 5.497787143782137952996436069952324032783508300781250000000000
 0.000143783222897992491806987147562324480531970039010047912598,-0.022900246465305501564202472764009144157171249389648437500000, 0.022900246465305501564202472764009144157171249389648437500000, 0.999475441130824648894304118584841489791870117187500000000000, 0.032391503081086667203969398087792797014117240905761718750000, 2.356194490192344836998472601408138871192932128906250000000000
 0.000143783222897992491806987147562324480531970039010047912598,-0.022900246465305400950240866109197668265551328659057617187500, 0.022900246465305400950240866109197668265551328659057617187500,-0.999475441130824648894304118584841489791870117187500000000000, 3.109201150508710043141036294400691986083984375000000000000000, 2.356194490192344836998472601408138871192932128906250000000000
 0.000143783222897992491806987147562324480531970039010047912598,-0.022900246465305501564202472764009144157171249389648437500000,-0.022900246465305501564202472764009144157171249389648437500000, 0.999475441130824648894304118584841489791870117187500000000000, 0.032391503081086667203969398087792797014117240905761718750000, 3.926990816987241394997454335680231451988220214843750000000000
 0.000143783222897992491806987147562324480531970039010047912598,-0.022900246465305400950240866109197668265551328659057617187500,-0.022900246465305400950240866109197668265551328659057617187500,-0.999475441130824648894304118584841489791870117187500000000000, 3.109201150508710043141036294400691986083984375000000000000000, 3.926990816987241394997454335680231451988220214843750000000000
 0.000143783222897992491806987147562324480531970039010047912598, 0.022900246465305900550601947429640858899801969528198242187500, 0.999475441130824648894304118584841489791870117187500000000000, 0.022900246465305900550601947429640858899801969528198242187500, 1.547894078294303366050144177279435098171234130859375000000000, 1.547888069667009647290001339570153504610061645507812500000000
 0.000143783222897992491806987147562324480531970039010047912598, 0.022900246465305900550601947429640858899801969528198242187500,-0.999475441130824648894304118584841489791870117187500000000000, 0.022900246465305900550601947429640858899801969528198242187500, 1.547894078294303366050144177279435098171234130859375000000000, 4.735297237512576806750530522549524903297424316406250000000000
 0.000143783222897992491806987147562324480531970039010047912598, 0.022900246465305900550601947429640858899801969528198242187500, 0.999475441130824648894304118584841489791870117187500000000000,-0.022900246465305900550601947429640858899801969528198242187500, 1.593698575295489749947819291264750063419342041015625000000000, 1.547888069667009647290001339570153504610061645507812500000000
 0.000143783222897992491806987147562324480531970039010047912598, 0.022900246465305900550601947429640858899801969528198242187500,-0.999475441130824648894304118584841489791870117187500000000000,-0.022900246465305900550601947429640858899801969528198242187500, 1.593698575295489749947819291264750063419342041015625000000000, 4.735297237512576806750530522549524903297424316406250000000000
 0.000143783222897992491806987147562324480531970039010047912598,-0.022900246465305900550601947429640858899801969528198242187500, 0.999475441130824648894304118584841489791870117187500000000000, 0.022900246465305900550601947429640858899801969528198242187500, 1.547894078294303366050144177279435098171234130859375000000000, 1.593704583922783690752567054005339741706848144531250000000000
 0.000143783222897992491806987147562324480531970039010047912598,-0.022900246465305900550601947429640858899801969528198242187500,-0.999475441130824648894304118584841489791870117187500000000000, 0.022900246465305900550601947429640858899801969528198242187500, 1.547894078294303366050144177279435098171234130859375000000000, 4.689480723256802541243359883083030581474304199218750000000000
 0.000143783222897992491806987147562324480531970039010047912598,-0.022900246465305900550601947429640858899801969528198242187500, 0.999475441130824648894304118584841489791870117187500000000000,-0.022900246465305900550601947429640858899801969528198242187500, 1.593698575295489749947819291264750063419342041015625000000000, 1.593704583922783690752567054005339741706848144531250000000000
 0.000143783222897992491806987147562324480531970039010047912598,-0.022900246465305900550601947429640858899801969528198242187500,-0.999475441130824648894304118584841489791870117187500000000000,-0.022900246465305900550601947429640858899801969528198242187500, 1.593698575295489749947819291264750063419342041015625000000000, 4.689480723256802541243359883083030581474304199218750000000000
 0.000143783222897992491806987147562324480531970039010047912598, 0.999475441130824648894304118584841489791870117187500000000000, 0.022900246465306001164563554084452334791421890258789062500000, 0.022900246465305900550601947429640858899801969528198242187500, 1.547894078294303366050144177279435098171234130859375000000000, 0.022908257127887132753585319733247160911560058593750000000000
 0.000143783222897992491806987147562324480531970039010047912598,-0.999475441130824648894304118584841489791870117187500000000000, 0.022900246465306098309078208785649621859192848205566406250000, 0.022900246465305900550601947429640858899801969528198242187500, 1.547894078294303366050144177279435098171234130859375000000000, 3.118684396461905983244378148810938000679016113281250000000000
 0.000143783222897992491806987147562324480531970039010047912598, 0.999475441130824648894304118584841489791870117187500000000000, 0.022900246465306001164563554084452334791421890258789062500000,-0.022900246465305900550601947429640858899801969528198242187500, 1.593698575295489749947819291264750063419342041015625000000000, 0.022908257127887132753585319733247160911560058593750000000000
 0.000143783222897992491806987147562324480531970039010047912598,-0.999475441130824648894304118584841489791870117187500000000000, 0.022900246465306098309078208785649621859192848205566406250000,-0.022900246465305900550601947429640858899801969528198242187500, 1.593698575295489749947819291264750063419342041015625000000000, 3.118684396461905983244378148810938000679016113281250000000000
 0.000143783222897992491806987147562324480531970039010047912598, 0.999475441130824648894304118584841489791870117187500000000000,-0.022900246465306001164563554084452334791421890258789062500000, 0.022900246465305900550601947429640858899801969528198242187500, 1.547894078294303366050144177279435098171234130859375000000000, 6.260277050051699099242341617355123162269592285156250000000000
 0.000143783222897992491806987147562324480531970039010047912598,-0.999475441130824648894304118584841489791870117187500000000000,-0.022900246465306098309078208785649621859192848205566406250000, 0.022900246465305900550601947429640858899801969528198242187500, 1.547894078294303366050144177279435098171234130859375000000000, 3.164500910717680248751548788277432322502136230468750000000000
 0.000143783222897992491806987147562324480531970039010047912598, 0.999475441130824648894304118584841489791870117187500000000000,-0.022900246465306001164563554084452334791421890258789062500000,-0.022900246465305900550601947429640858899801969528198242187500, 1.593698575295489749947819291264750063419342041015625000000000, 6.260277050051699099242341617355123162269592285156250000000000
 0.000143783222897992491806987147562324480531970039010047912598,-0.999475441130824648894304118584841489791870117187500000000000,-0.022900246465306098309078208785649621859192848205566406250000,-0.022900246465305900550601947429640858899801969528198242187500, 1.593698575295489749947819291264750063419342041015625000000000, 3.164500910717680248751548788277432322502136230468750000000000
 0.000230357249357987997140720382027723189821699634194374084473, 0.057790866522713098263341890969968517310917377471923828125000, 0.057790866522713098263341890969968517310917377471923828125000, 0.996654619962757171158784785802708938717842102050781250000000, 0.081819887121676482255594464731984771788120269775390625000000, 0.785398163397448278999490867136046290397644042968750000000000
 0.000230357249357987997140720382027723189821699634194374084473, 0.057790866522712897035418677660345565527677536010742187500000, 0.057790866522712897035418677660345565527677536010742187500000,-0.996654619962757171158784785802708938717842102050781250000000, 3.059772766468118021521149785257875919342041015625000000000000, 0.785398163397448278999490867136046290397644042968750000000000
 0.000230357249357987997140720382027723189821699634194374084473, 0.057790866522713098263341890969968517310917377471923828125000,-0.057790866522713098263341890969968517310917377471923828125000, 0.996654619962757171158784785802708938717842102050781250000000, 0.081819887121676482255594464731984771788120269775390625000000, 5.497787143782137952996436069952324032783508300781250000000000
 0.000230357249357987997140720382027723189821699634194374084473, 0.057790866522712897035418677660345565527677536010742187500000,-0.057790866522712897035418677660345565527677536010742187500000,-0.996654619962757171158784785802708938717842102050781250000000, 3.059772766468118021521149785257875919342041015625000000000000, 5.497787143782137952996436069952324032783508300781250000000000
 0.000230357249357987997140720382027723189821699634194374084473,-0.057790866522713098263341890969968517310917377471923828125000, 0.057790866522713098263341890969968517310917377471923828125000, 0.996654619962757171158784785802708938717842102050781250000000, 0.081819887121676482255594464731984771788120269775390625000000, 2.356194490192344836998472601408138871192932128906250000000000
 0.000230357249357987997140720382027723189821699634194374084473,-0.057790866522712897035418677660345565527677536010742187500000, 0.057790866522712897035418677660345565527677536010742187500000,-0.996654619962757171158784785802708938717842102050781250000000, 3.059772766468118021521149785257875919342041015625000000000000, 2.356194490192344836998472601408138871192932128906250000000000
 0.000230357249357987997140720382027723189821699634194374084473,-0.057790866522713098263341890969968517310917377471923828125000,-0.057790866522713098263341890969968517310917377471923828125000, 0.996654619962757171158784785802708938717842102050781250000000, 0.081819887121676482255594464731984771788120269775390625000000, 3.926990816987241394997454335680231451988220214843750000000000
 0.000230357249357987997140720382027723189821699634194374084473,-0.057790866522712897035418677660345565527677536010742187500000,-0.057790866522712897035418677660345565527677536010742187500000,-0.996654619962757171158784785802708938717842102050781250000000, 3.059772766468118021521149785257875919342041015625000000000000, 3.926990816987241394997454335680231451988220214843750000000000
 0.000230357249357987997140720382027723189821699634194374084473, 0.057790866522712799890904022959148278459906578063964843750000, 0.996654619962757171158784785802708938717842102050781250000000, 0.057790866522712799890904022959148278459906578063964843750000, 1.512973243659216482370766243548132479190826416015625000000000, 1.512876334508594489136612537549808621406555175781250000000000
 0.000230357249357987997140720382027723189821699634194374084473, 0.057790866522712799890904022959148278459906578063964843750000,-0.996654619962757171158784785802708938717842102050781250000000, 0.057790866522712799890904022959148278459906578063964843750000, 1.512973243659216482370766243548132479190826416015625000000000, 4.770308972670991742859314399538561701774597167968750000000000
 0.000230357249357987997140720382027723189821699634194374084473, 0.057790866522712799890904022959148278459906578063964843750000, 0.996654619962757171158784785802708938717842102050781250000000,-0.057790866522713001118827236268771230243146419525146484375000, 1.628619409930577077716407075058668851852416992187500000000000, 1.512876334508594489136612537549808621406555175781250000000000
 0.000230357249357987997140720382027723189821699634194374084473, 0.057790866522712799890904022959148278459906578063964843750000,-0.996654619962757171158784785802708938717842102050781250000000,-0.057790866522713001118827236268771230243146419525146484375000, 1.628619409930577077716407075058668851852416992187500000000000, 4.770308972670991742859314399538561701774597167968750000000000
 0.000230357249357987997140720382027723189821699634194374084473,-0.057790866522712799890904022959148278459906578063964843750000, 0.996654619962757171158784785802708938717842102050781250000000, 0.057790866522712799890904022959148278459906578063964843750000, 1.512973243659216482370766243548132479190826416015625000000000, 1.628716319081198626861350930994376540184020996093750000000000
 0.000230357249357987997140720382027723189821699634194374084473,-0.057790866522712799890904022959148278459906578063964843750000,-0.996654619962757171158784785802708938717842102050781250000000, 0.057790866522712799890904022959148278459906578063964843750000, 1.512973243659216482370766243548132479190826416015625000000000, 4.654468988098387605134576006093993782997131347656250000000000
 0.000230357249357987997140720382027723189821699634194374084473,-0.057790866522712799890904022959148278459906578063964843750000, 0.996654619962757171158784785802708938717842102050781250000000,-0.057790866522713001118827236268771230243146419525146484375000, 1.628619409930577077716407075058668851852416992187500000000000, 1.628716319081198626861350930994376540184020996093750000000000
 0.000230357249357987997140720382027723189821699634194374084473,-0.057790866522712799890904022959148278459906578063964843750000,-0.996654619962757171158784785802708938717842102050781250000000,-0.057790866522713001118827236268771230243146419525146484375000, 1.628619409930577077716407075058668851852416992187500000000000, 4.654468988098387605134576006093993782997131347656250000000000
 0.000230357249357987997140720382027723189821699634194374084473, 0.996654619962757171158784785802708938717842102050781250000000, 0.057790866522713098263341890969968517310917377471923828125000, 0.057790866522712799890904022959148278459906578063964843750000, 1.512973243659216482370766243548132479190826416015625000000000, 0.057919992286302332540337545196962310001254081726074218750000
 0.000230357249357987997140720382027723189821699634194374084473,-0.996654619962757171158784785802708938717842102050781250000000, 0.057790866522712799890904022959148278459906578063964843750000, 0.057790866522712799890904022959148278459906578063964843750000, 1.512973243659216482370766243548132479190826416015625000000000, 3.083672661303491047135594271821901202201843261718750000000000
 0.000230357249357987997140720382027723189821699634194374084473, 0.996654619962757171158784785802708938717842102050781250000000, 0.057790866522713098263341890969968517310917377471923828125000,-0.057790866522713001118827236268771230243146419525146484375000, 1.628619409930577077716407075058668851852416992187500000000000, 0.057919992286302332540337545196962310001254081726074218750000
 0.000230357249357987997140720382027723189821699634194374084473,-0.996654619962757171158784785802708938717842102050781250000000, 0.057790866522712799890904022959148278459906578063964843750000,-0.057790866522713001118827236268771230243146419525146484375000, 1.628619409930577077716407075058668851852416992187500000000000, 3.083672661303491047135594271821901202201843261718750000000000
 0.000230357249357987997140720382027723189821699634194374084473, 0.996654619962757171158784785802708938717842102050781250000000,-0.057790866522713098263341890969968517310917377471923828125000, 0.057790866522712799890904022959148278459906578063964843750000, 1.512973243659216482370766243548132479190826416015625000000000, 6.225265314893284163133557740366086363792419433593750000000000
 0.000230357249357987997140720382027723189821699634194374084473,-0.996654619962757171158784785802708938717842102050781250000000,-0.057790866522712799890904022959148278459906578063964843750000, 0.057790866522712799890904022959148278459906578063964843750000, 1.512973243659216482370766243548132479190826416015625000000000, 3.199512645876095184860332665266469120979309082031250000000000
 0.000230357249357987997140720382027723189821699634194374084473, 0.996654619962757171158784785802708938717842102050781250000000,-0.057790866522713098263341890969968517310917377471923828125000,-0.057790866522713001118827236268771230243146419525146484375000, 1.628619409930577077716407075058668851852416992187500000000000, 6.225265314893284163133557740366086363792419433593750000000000
 0.000230357249357987997140720382027723189821699634194374084473,-0.996654619962757171158784785802708938717842102050781250000000,-0.057790866522712799890904022959148278459906578063964843750000,-0.057790866522713001118827236268771230243146419525146484375000, 1.628619409930577077716407075058668851852416992187500000000000, 3.199512645876095184860332665266469120979309082031250000000000
 0.000293311075244984706227036053149959116126410663127899169922, 0.098631035763759797307947962963226018473505973815917968750000, 0.098631035763759797307947962963226018473505973815917968750000, 0.990224135016075979187633038236526772379875183105468750000000, 0.139941663274446598252964690800581593066453933715820312500000, 0.785398163397448278999490867136046290397644042968750000000000
 0.000293311075244984706227036053149959116126410663127899169922, 0.098631035763759603018918653560831444337964057922363281250000, 0.098631035763759603018918653560831444337964057922363281250000,-0.990224135016075979187633038236526772379875183105468750000000, 3.001650990315347211634389168466441333293914794921875000000000, 0.785398163397448278999490867136046290397644042968750000000000
 0.000293311075244984706227036053149959116126410663127899169922, 0.098631035763759797307947962963226018473505973815917968750000,-0.098631035763759797307947962963226018473505973815917968750000, 0.990224135016075979187633038236526772379875183105468750000000, 0.139941663274446598252964690800581593066453933715820312500000, 5.497787143782137952996436069952324032783508300781250000000000
 0.000293311075244984706227036053149959116126410663127899169922, 0.098631035763759603018918653560831444337964057922363281250000,-0.098631035763759603018918653560831444337964057922363281250000,-0.990224135016075979187633038236526772379875183105468750000000, 3.001650990315347211634389168466441333293914794921875000000000, 5.497787143782137952996436069952324032783508300781250000000000
 0.000293311075244984706227036053149959116126410663127899169922,-0.098631035763759797307947962963226018473505973815917968750000, 0.098631035763759797307947962963226018473505973815917968750000, 0.990224135016075979187633038236526772379875183105468750000000, 0.139941663274446598252964690800581593066453933715820312500000, 2.356194490192344836998472601408138871192932128906250000000000
 0.000293311075244984706227036053149959116126410663127899169922,-0.098631035763759603018918653560831444337964057922363281250000, 0.098631035763759603018918653560831444337964057922363281250000,-0.990224135016075979187633038236526772379875183105468750000000, 3.001650990315347211634389168466441333293914794921875000000000, 2.356194490192344836998472601408138871192932128906250000000000
 0.000293311075244984706227036053149959116126410663127899169922,-0.098631035763759797307947962963226018473505973815917968750000,-0.098631035763759797307947962963226018473505973815917968750000, 0.990224135016075979187633038236526772379875183105468750000000, 0.139941663274446598252964690800581593066453933715820312500000, 3.926990816987241394997454335680231451988220214843750000000000
 0.000293311075244984706227036053149959116126410663127899169922,-0.098631035763759603018918653560831444337964057922363281250000,-0.098631035763759603018918653560831444337964057922363281250000,-0.990224135016075979187633038236526772379875183105468750000000, 3.001650990315347211634389168466441333293914794921875000000000, 3.926990816987241394997454335680231451988220214843750000000000
 0.000293311075244984706227036053149959116126410663127899169922, 0.098631035763759700163433308262028731405735015869140625000000, 0.990224135016076090209935500752180814743041992187500000000000, 0.098631035763759797307947962963226018473505973815917968750000, 1.472004671779117312979678899864666163921356201171875000000000, 1.471519017881339763675896392669528722763061523437500000000000
 0.000293311075244984706227036053149959116126410663127899169922, 0.098631035763759700163433308262028731405735015869140625000000,-0.990224135016076090209935500752180814743041992187500000000000, 0.098631035763759797307947962963226018473505973815917968750000, 1.472004671779117312979678899864666163921356201171875000000000, 4.811666289298246468320030544418841600418090820312500000000000
 0.000293311075244984706227036053149959116126410663127899169922, 0.098631035763759700163433308262028731405735015869140625000000, 0.990224135016076090209935500752180814743041992187500000000000,-0.098631035763759797307947962963226018473505973815917968750000, 1.669587981810676025062889493710827082395553588867187500000000, 1.471519017881339763675896392669528722763061523437500000000000
 0.000293311075244984706227036053149959116126410663127899169922, 0.098631035763759700163433308262028731405735015869140625000000,-0.990224135016076090209935500752180814743041992187500000000000,-0.098631035763759797307947962963226018473505973815917968750000, 1.669587981810676025062889493710827082395553588867187500000000, 4.811666289298246468320030544418841600418090820312500000000000
 0.000293311075244984706227036053149959116126410663127899169922,-0.098631035763759894452462617664423305541276931762695312500000, 0.990224135016075979187633038236526772379875183105468750000000, 0.098631035763759797307947962963226018473505973815917968750000, 1.472004671779117312979678899864666163921356201171875000000000, 1.670073635708453574366672000905964523553848266601562500000000
 0.000293311075244984706227036053149959116126410663127899169922,-0.098631035763759894452462617664423305541276931762695312500000,-0.990224135016075979187633038236526772379875183105468750000000, 0.098631035763759797307947962963226018473505973815917968750000, 1.472004671779117312979678899864666163921356201171875000000000, 4.613111671471132879673859861213713884353637695312500000000000
 0.000293311075244984706227036053149959116126410663127899169922,-0.098631035763759894452462617664423305541276931762695312500000, 0.990224135016075979187633038236526772379875183105468750000000,-0.098631035763759797307947962963226018473505973815917968750000, 1.669587981810676025062889493710827082395553588867187500000000, 1.670073635708453574366672000905964523553848266601562500000000
 0.000293311075244984706227036053149959116126410663127899169922,-0.098631035763759894452462617664423305541276931762695312500000,-0.990224135016075979187633038236526772379875183105468750000000,-0.098631035763759797307947962963226018473505973815917968750000, 1.669587981810676025062889493710827082395553588867187500000000, 4.613111671471132879673859861213713884353637695312500000000000
 0.000293311075244984706227036053149959116126410663127899169922, 0.990224135016075979187633038236526772379875183105468750000000, 0.098631035763760296908309044283669209107756614685058593750000, 0.098631035763759797307947962963226018473505973815917968750000, 1.472004671779117312979678899864666163921356201171875000000000, 0.099277308913557404945748885438661091029644012451171875000000
 0.000293311075244984706227036053149959116126410663127899169922,-0.990224135016075979187633038236526772379875183105468750000000, 0.098631035763760199763794389582471922039985656738281250000000, 0.098631035763759797307947962963226018473505973815917968750000, 1.472004671779117312979678899864666163921356201171875000000000, 3.042315344676235877585668276879005134105682373046875000000000
 0.000293311075244984706227036053149959116126410663127899169922, 0.990224135016075979187633038236526772379875183105468750000000, 0.098631035763760296908309044283669209107756614685058593750000,-0.098631035763759797307947962963226018473505973815917968750000, 1.669587981810676025062889493710827082395553588867187500000000, 0.099277308913557404945748885438661091029644012451171875000000
 0.000293311075244984706227036053149959116126410663127899169922,-0.990224135016075979187633038236526772379875183105468750000000, 0.098631035763760199763794389582471922039985656738281250000000,-0.098631035763759797307947962963226018473505973815917968750000, 1.669587981810676025062889493710827082395553588867187500000000, 3.042315344676235877585668276879005134105682373046875000000000
 0.000293311075244984706227036053149959116126410663127899169922, 0.990224135016075979187633038236526772379875183105468750000000,-0.098631035763760296908309044283669209107756614685058593750000, 0.098631035763759797307947962963226018473505973815917968750000, 1.472004671779117312979678899864666163921356201171875000000000, 6.183907998266028549494421895360574126243591308593750000000000
 0.000293311075244984706227036053149959116126410663127899169922,-0.990224135016075979187633038236526772379875183105468750000000,-0.098631035763760199763794389582471922039985656738281250000000, 0.098631035763759797307947962963226018473505973815917968750000, 1.472004671779117312979678899864666163921356201171875000000000, 3.240869962503350354410258660209365189075469970703125000000000
 0.000293311075244984706227036053149959116126410663127899169922, 0.990224135016075979187633038236526772379875183105468750000000,-0.098631035763760296908309044283669209107756614685058593750000,-0.098631035763759797307947962963226018473505973815917968750000, 1.669587981810676025062889493710827082395553588867187500000000, 6.183907998266028549494421895360574126243591308593750000000000
 0.000293311075244984706227036053149959116126410663127899169922,-0.990224135016075979187633038236526772379875183105468750000000,-0.098631035763760199763794389582471922039985656738281250000000,-0.098631035763759797307947962963226018473505973815917968750000, 1.669587981810676025062889493710827082395553588867187500000000, 3.240869962503350354410258660209365189075469970703125000000000
 0.000340290599835982245265075807338917002198286354541778564453, 0.142815579298218392478858618233061861246824264526367187500000, 0.142815579298218392478858618233061861246824264526367187500000, 0.979391352126119496546152731752954423427581787109375000000000, 0.203370723289726162974488943291362375020980834960937500000000, 0.785398163397448278999490867136046290397644042968750000000000
 0.000340290599835982245265075807338917002198286354541778564453, 0.142815579298218309212131771346321329474449157714843750000000, 0.142815579298218309212131771346321329474449157714843750000000,-0.979391352126119496546152731752954423427581787109375000000000, 2.938221930300067619157289300346747040748596191406250000000000, 0.785398163397448278999490867136046290397644042968750000000000
 0.000340290599835982245265075807338917002198286354541778564453, 0.142815579298218392478858618233061861246824264526367187500000,-0.142815579298218392478858618233061861246824264526367187500000, 0.979391352126119496546152731752954423427581787109375000000000, 0.203370723289726162974488943291362375020980834960937500000000, 5.497787143782137952996436069952324032783508300781250000000000
 0.000340290599835982245265075807338917002198286354541778564453, 0.142815579298218309212131771346321329474449157714843750000000,-0.142815579298218309212131771346321329474449157714843750000000,-0.979391352126119496546152731752954423427581787109375000000000, 2.938221930300067619157289300346747040748596191406250000000000, 5.497787143782137952996436069952324032783508300781250000000000
 0.000340290599835982245265075807338917002198286354541778564453,-0.142815579298218392478858618233061861246824264526367187500000, 0.142815579298218392478858618233061861246824264526367187500000, 0.979391352126119496546152731752954423427581787109375000000000, 0.203370723289726162974488943291362375020980834960937500000000, 2.356194490192344836998472601408138871192932128906250000000000
 0.000340290599835982245265075807338917002198286354541778564453,-0.142815579298218309212131771346321329474449157714843750000000, 0.142815579298218309212131771346321329474449157714843750000000,-0.979391352126119496546152731752954423427581787109375000000000, 2.938221930300067619157289300346747040748596191406250000000000, 2.356194490192344836998472601408138871192932128906250000000000
 0.000340290599835982245265075807338917002198286354541778564453,-0.142815579298218392478858618233061861246824264526367187500000,-0.142815579298218392478858618233061861246824264526367187500000, 0.979391352126119496546152731752954423427581787109375000000000, 0.203370723289726162974488943291362375020980834960937500000000, 3.926990816987241394997454335680231451988220214843750000000000
 0.000340290599835982245265075807338917002198286354541778564453,-0.142815579298218309212131771346321329474449157714843750000000,-0.142815579298218309212131771346321329474449157714843750000000,-0.979391352126119496546152731752954423427581787109375000000000, 2.938221930300067619157289300346747040748596191406250000000000, 3.926990816987241394997454335680231451988220214843750000000000
 0.000340290599835982245265075807338917002198286354541778564453, 0.142815579298218309212131771346321329474449157714843750000000, 0.979391352126119496546152731752954423427581787109375000000000, 0.142815579298218503501161080748715903609991073608398437500000, 1.427490752043156785333621883182786405086517333984375000000000, 1.425996152081911105824474361725151538848876953125000000000000
 0.000340290599835982245265075807338917002198286354541778564453, 0.142815579298218309212131771346321329474449157714843750000000,-0.979391352126119496546152731752954423427581787109375000000000, 0.142815579298218503501161080748715903609991073608398437500000, 1.427490752043156785333621883182786405086517333984375000000000, 4.857189155097675126171452575363218784332275390625000000000000
 0.000340290599835982245265075807338917002198286354541778564453, 0.142815579298218309212131771346321329474449157714843750000000, 0.979391352126119496546152731752954423427581787109375000000000,-0.142815579298218503501161080748715903609991073608398437500000, 1.714101901546636330664341585361398756504058837890625000000000, 1.425996152081911105824474361725151538848876953125000000000000
 0.000340290599835982245265075807338917002198286354541778564453, 0.142815579298218309212131771346321329474449157714843750000000,-0.979391352126119496546152731752954423427581787109375000000000,-0.142815579298218503501161080748715903609991073608398437500000, 1.714101901546636330664341585361398756504058837890625000000000, 4.857189155097675126171452575363218784332275390625000000000000
 0.000340290599835982245265075807338917002198286354541778564453,-0.142815579298218503501161080748715903609991073608398437500000, 0.979391352126119496546152731752954423427581787109375000000000, 0.142815579298218503501161080748715903609991073608398437500000, 1.427490752043156785333621883182786405086517333984375000000000, 1.715596501507882232218094031850341707468032836914062500000000
 0.000340290599835982245265075807338917002198286354541778564453,-0.142815579298218503501161080748715903609991073608398437500000,-0.979391352126119496546152731752954423427581787109375000000000, 0.142815579298218503501161080748715903609991073608398437500000, 1.427490752043156785333621883182786405086517333984375000000000, 4.567588805671704221822437830269336700439453125000000000000000
 0.000340290599835982245265075807338917002198286354541778564453,-0.142815579298218503501161080748715903609991073608398437500000, 0.979391352126119496546152731752954423427581787109375000000000,-0.142815579298218503501161080748715903609991073608398437500000, 1.714101901546636330664341585361398756504058837890625000000000, 1.715596501507882232218094031850341707468032836914062500000000
 0.000340290599835982245265075807338917002198286354541778564453,-0.142815579298218503501161080748715903609991073608398437500000,-0.979391352126119496546152731752954423427581787109375000000000,-0.142815579298218503501161080748715903609991073608398437500000, 1.714101901546636330664341585361398756504058837890625000000000, 4.567588805671704221822437830269336700439453125000000000000000
 0.000340290599835982245265075807338917002198286354541778564453, 0.979391352126119496546152731752954423427581787109375000000000, 0.142815579298218309212131771346321329474449157714843750000000, 0.142815579298218503501161080748715903609991073608398437500000, 1.427490752043156785333621883182786405086517333984375000000000, 0.144800174712985396663356141289114020764827728271484375000000
 0.000340290599835982245265075807338917002198286354541778564453,-0.979391352126119496546152731752954423427581787109375000000000, 0.142815579298218503501161080748715903609991073608398437500000, 0.142815579298218503501161080748715903609991073608398437500000, 1.427490752043156785333621883182786405086517333984375000000000, 2.996792478876807663823456095997244119644165039062500000000000
 0.000340290599835982245265075807338917002198286354541778564453, 0.979391352126119496546152731752954423427581787109375000000000, 0.142815579298218309212131771346321329474449157714843750000000,-0.142815579298218503501161080748715903609991073608398437500000, 1.714101901546636330664341585361398756504058837890625000000000, 0.144800174712985396663356141289114020764827728271484375000000
 0.000340290599835982245265075807338917002198286354541778564453,-0.979391352126119496546152731752954423427581787109375000000000, 0.142815579298218503501161080748715903609991073608398437500000,-0.142815579298218503501161080748715903609991073608398437500000, 1.714101901546636330664341585361398756504058837890625000000000, 2.996792478876807663823456095997244119644165039062500000000000
 0.000340290599835982245265075807338917002198286354541778564453, 0.979391352126119496546152731752954423427581787109375000000000,-0.142815579298218309212131771346321329474449157714843750000000, 0.142815579298218503501161080748715903609991073608398437500000, 1.427490752043156785333621883182786405086517333984375000000000, 6.138385132466600779821419564541429281234741210937500000000000
 0.000340290599835982245265075807338917002198286354541778564453,-0.979391352126119496546152731752954423427581787109375000000000,-0.142815579298218503501161080748715903609991073608398437500000, 0.142815579298218503501161080748715903609991073608398437500000, 1.427490752043156785333621883182786405086517333984375000000000, 3.286392828302778568172470841091126203536987304687500000000000
 0.000340290599835982245265075807338917002198286354541778564453, 0.979391352126119496546152731752954423427581787109375000000000,-0.142815579298218309212131771346321329474449157714843750000000,-0.142815579298218503501161080748715903609991073608398437500000, 1.714101901546636330664341585361398756504058837890625000000000, 6.138385132466600779821419564541429281234741210937500000000000
 0.000340290599835982245265075807338917002198286354541778564453,-0.979391352126119496546152731752954423427581787109375000000000,-0.142815579298218503501161080748715903609991073608398437500000,-0.142815579298218503501161080748715903609991073608398437500000, 1.714101901546636330664341585361398756504058837890625000000000, 3.286392828302778568172470841091126203536987304687500000000000
 0.000375913846686980364364405460264606517739593982696533203125, 0.188897811660146186518716149294050410389900207519531250000000, 0.188897811660146297541018611809704452753067016601562500000000, 0.963657217842535440688322978530777618288993835449218750000000, 0.270425863309057101790955357500934042036533355712890625000000, 0.785398163397448612066398254683008417487144470214843750000000
 0.000375913846686980364364405460264606517739593982696533203125, 0.188897811660146297541018611809704452753067016601562500000000, 0.188897811660146408563321074325358495116233825683593750000000,-0.963657217842535440688322978530777618288993835449218750000000, 2.871166790280735625628949492238461971282958984375000000000000, 0.785398163397448612066398254683008417487144470214843750000000
 0.000375913846686980364364405460264606517739593982696533203125, 0.188897811660146186518716149294050410389900207519531250000000,-0.188897811660146297541018611809704452753067016601562500000000, 0.963657217842535440688322978530777618288993835449218750000000, 0.270425863309057101790955357500934042036533355712890625000000, 5.497787143782137952996436069952324032783508300781250000000000
 0.000375913846686980364364405460264606517739593982696533203125, 0.188897811660146297541018611809704452753067016601562500000000,-0.188897811660146408563321074325358495116233825683593750000000,-0.963657217842535440688322978530777618288993835449218750000000, 2.871166790280735625628949492238461971282958984375000000000000, 5.497787143782137952996436069952324032783508300781250000000000
 0.000375913846686980364364405460264606517739593982696533203125,-0.188897811660146186518716149294050410389900207519531250000000, 0.188897811660146186518716149294050410389900207519531250000000, 0.963657217842535440688322978530777618288993835449218750000000, 0.270425863309057101790955357500934042036533355712890625000000, 2.356194490192344836998472601408138871192932128906250000000000
 0.000375913846686980364364405460264606517739593982696533203125,-0.188897811660146297541018611809704452753067016601562500000000, 0.188897811660146297541018611809704452753067016601562500000000,-0.963657217842535440688322978530777618288993835449218750000000, 2.871166790280735625628949492238461971282958984375000000000000, 2.356194490192344836998472601408138871192932128906250000000000
 0.000375913846686980364364405460264606517739593982696533203125,-0.188897811660146186518716149294050410389900207519531250000000,-0.188897811660146186518716149294050410389900207519531250000000, 0.963657217842535440688322978530777618288993835449218750000000, 0.270425863309057101790955357500934042036533355712890625000000, 3.926990816987241394997454335680231451988220214843750000000000
 0.000375913846686980364364405460264606517739593982696533203125,-0.188897811660146297541018611809704452753067016601562500000000,-0.188897811660146297541018611809704452753067016601562500000000,-0.963657217842535440688322978530777618288993835449218750000000, 2.871166790280735625628949492238461971282958984375000000000000, 3.926990816987241394997454335680231451988220214843750000000000
 0.000375913846686980364364405460264606517739593982696533203125, 0.188897811660146186518716149294050410389900207519531250000000, 0.963657217842535440688322978530777618288993835449218750000000, 0.188897811660146186518716149294050410389900207519531250000000, 1.380756696790697901633393485099077224731445312500000000000000, 1.377228879969870201094295225630048662424087524414062500000000
 0.000375913846686980364364405460264606517739593982696533203125, 0.188897811660146186518716149294050410389900207519531250000000,-0.963657217842535440688322978530777618288993835449218750000000, 0.188897811660146186518716149294050410389900207519531250000000, 1.380756696790697901633393485099077224731445312500000000000000, 4.905956427209716252946236636489629745483398437500000000000000
 0.000375913846686980364364405460264606517739593982696533203125, 0.188897811660146186518716149294050410389900207519531250000000, 0.963657217842535329666020516015123575925827026367187500000000,-0.188897811660146491830047921212099026888608932495117187500000, 1.760835956799095658453779833507724106311798095703125000000000, 1.377228879969870201094295225630048662424087524414062500000000
 0.000375913846686980364364405460264606517739593982696533203125, 0.188897811660146186518716149294050410389900207519531250000000,-0.963657217842535329666020516015123575925827026367187500000000,-0.188897811660146491830047921212099026888608932495117187500000, 1.760835956799095658453779833507724106311798095703125000000000, 4.905956427209716252946236636489629745483398437500000000000000
 0.000375913846686980364364405460264606517739593982696533203125,-0.188897811660146186518716149294050410389900207519531250000000, 0.963657217842535440688322978530777618288993835449218750000000, 0.188897811660146186518716149294050410389900207519531250000000, 1.380756696790697901633393485099077224731445312500000000000000, 1.764363773619923136948273167945444583892822265625000000000000
 0.000375913846686980364364405460264606517739593982696533203125,-0.188897811660146186518716149294050410389900207519531250000000,-0.963657217842535440688322978530777618288993835449218750000000, 0.188897811660146186518716149294050410389900207519531250000000, 1.380756696790697901633393485099077224731445312500000000000000, 4.518821533559663095047653769142925739288330078125000000000000
 0.000375913846686980364364405460264606517739593982696533203125,-0.188897811660146186518716149294050410389900207519531250000000, 0.963657217842535329666020516015123575925827026367187500000000,-0.188897811660146491830047921212099026888608932495117187500000, 1.760835956799095658453779833507724106311798095703125000000000, 1.764363773619923136948273167945444583892822265625000000000000
 0.000375913846686980364364405460264606517739593982696533203125,-0.188897811660146186518716149294050410389900207519531250000000,-0.963657217842535329666020516015123575925827026367187500000000,-0.188897811660146491830047921212099026888608932495117187500000, 1.760835956799095658453779833507724106311798095703125000000000, 4.518821533559663095047653769142925739288330078125000000000000
 0.000375913846686980364364405460264606517739593982696533203125, 0.963657217842535440688322978530777618288993835449218750000000, 0.188897811660146408563321074325358495116233825683593750000000, 0.188897811660146186518716149294050410389900207519531250000000, 1.380756696790697901633393485099077224731445312500000000000000, 0.193567446825026662216018280560092534869909286499023437500000
 0.000375913846686980364364405460264606517739593982696533203125,-0.963657217842535440688322978530777618288993835449218750000000, 0.188897811660146186518716149294050410389900207519531250000000, 0.188897811660146186518716149294050410389900207519531250000000, 1.380756696790697901633393485099077224731445312500000000000000, 2.948025206764766981137881884933449327945709228515625000000000
 0.000375913846686980364364405460264606517739593982696533203125, 0.963657217842535329666020516015123575925827026367187500000000, 0.188897811660146297541018611809704452753067016601562500000000,-0.188897811660146491830047921212099026888608932495117187500000, 1.760835956799095658453779833507724106311798095703125000000000, 0.193567446825026578949291433673352003097534179687500000000000
 0.000375913846686980364364405460264606517739593982696533203125,-0.963657217842535329666020516015123575925827026367187500000000, 0.188897811660146186518716149294050410389900207519531250000000,-0.188897811660146491830047921212099026888608932495117187500000, 1.760835956799095658453779833507724106311798095703125000000000, 2.948025206764766981137881884933449327945709228515625000000000
 0.000375913846686980364364405460264606517739593982696533203125, 0.963657217842535440688322978530777618288993835449218750000000,-0.188897811660146408563321074325358495116233825683593750000000, 0.188897811660146186518716149294050410389900207519531250000000, 1.380756696790697901633393485099077224731445312500000000000000, 6.089617860354559653046635503415018320083618164062500000000000
 0.000375913846686980364364405460264606517739593982696533203125,-0.963657217842535440688322978530777618288993835449218750000000,-0.188897811660146186518716149294050410389900207519531250000000, 0.188897811660146186518716149294050410389900207519531250000000, 1.380756696790697901633393485099077224731445312500000000000000, 3.335160100414819250858045052154920995235443115234375000000000
 0.000375913846686980364364405460264606517739593982696533203125, 0.963657217842535329666020516015123575925827026367187500000000,-0.188897811660146297541018611809704452753067016601562500000000,-0.188897811660146491830047921212099026888608932495117187500000, 1.760835956799095658453779833507724106311798095703125000000000, 6.089617860354559653046635503415018320083618164062500000000000
 0.000375913846686980364364405460264606517739593982696533203125,-0.963657217842535329666020516015123575925827026367187500000000,-0.188897811660146186518716149294050410389900207519531250000000,-0.188897811660146491830047921212099026888608932495117187500000, 1.760835956799095658453779833507724106311798095703125000000000, 3.335160100414819250858045052154920995235443115234375000000000
 0.000403063844789978964738147437785187321424018591642379760742, 0.235909168297020993554369283629057463258504867553710937500000, 0.235909168297020993554369283629057463258504867553710937500000, 0.942705536541934008276655276858946308493614196777343750000000, 0.340147288341155262791914992703823372721672058105468750000000, 0.785398163397448278999490867136046290397644042968750000000000
 0.000403063844789978964738147437785187321424018591642379760742, 0.235909168297020993554369283629057463258504867553710937500000, 0.235909168297020993554369283629057463258504867553710937500000,-0.942705536541934008276655276858946308493614196777343750000000, 2.801445365248637742183746013324707746505737304687500000000000, 0.785398163397448278999490867136046290397644042968750000000000
 0.000403063844789978964738147437785187321424018591642379760742, 0.235909168297020993554369283629057463258504867553710937500000,-0.235909168297020993554369283629057463258504867553710937500000, 0.942705536541934008276655276858946308493614196777343750000000, 0.340147288341155262791914992703823372721672058105468750000000, 5.497787143782137952996436069952324032783508300781250000000000
 0.000403063844789978964738147437785187321424018591642379760742, 0.235909168297020993554369283629057463258504867553710937500000,-0.235909168297020993554369283629057463258504867553710937500000,-0.942705536541934008276655276858946308493614196777343750000000, 2.801445365248637742183746013324707746505737304687500000000000, 5.497787143782137952996436069952324032783508300781250000000000
 0.000403063844789978964738147437785187321424018591642379760742,-0.235909168297020993554369283629057463258504867553710937500000, 0.235909168297020993554369283629057463258504867553710937500000, 0.942705536541934008276655276858946308493614196777343750000000, 0.340147288341155262791914992703823372721672058105468750000000, 2.356194490192344836998472601408138871192932128906250000000000
 0.000403063844789978964738147437785187321424018591642379760742,-0.235909168297020993554369283629057463258504867553710937500000, 0.235909168297020993554369283629057463258504867553710937500000,-0.942705536541934008276655276858946308493614196777343750000000, 2.801445365248637742183746013324707746505737304687500000000000, 2.356194490192344836998472601408138871192932128906250000000000
 0.000403063844789978964738147437785187321424018591642379760742,-0.235909168297020993554369283629057463258504867553710937500000,-0.235909168297020993554369283629057463258504867553710937500000, 0.942705536541934008276655276858946308493614196777343750000000, 0.340147288341155262791914992703823372721672058105468750000000, 3.926990816987241394997454335680231451988220214843750000000000
 0.000403063844789978964738147437785187321424018591642379760742,-0.235909168297020993554369283629057463258504867553710937500000,-0.235909168297020993554369283629057463258504867553710937500000,-0.942705536541934008276655276858946308493614196777343750000000, 2.801445365248637742183746013324707746505737304687500000000000, 3.926990816987241394997454335680231451988220214843750000000000
 0.000403063844789978964738147437785187321424018591642379760742, 0.235909168297020910287642436742316931486129760742187500000000, 0.942705536541934008276655276858946308493614196777343750000000, 0.235909168297020910287642436742316931486129760742187500000000, 1.332642289991649464653278300829697400331497192382812500000000, 1.325585270588410358172382075281348079442977905273437500000000
 0.000403063844789978964738147437785187321424018591642379760742, 0.235909168297020910287642436742316931486129760742187500000000,-0.942705536541934008276655276858946308493614196777343750000000, 0.235909168297020910287642436742316931486129760742187500000000, 1.332642289991649464653278300829697400331497192382812500000000, 4.957600036591175651778939936775714159011840820312500000000000
 0.000403063844789978964738147437785187321424018591642379760742, 0.235909168297020910287642436742316931486129760742187500000000, 0.942705536541934008276655276858946308493614196777343750000000,-0.235909168297020910287642436742316931486129760742187500000000, 1.808950363598143873389290092745795845985412597656250000000000, 1.325585270588410358172382075281348079442977905273437500000000
 0.000403063844789978964738147437785187321424018591642379760742, 0.235909168297020910287642436742316931486129760742187500000000,-0.942705536541934008276655276858946308493614196777343750000000,-0.235909168297020910287642436742316931486129760742187500000000, 1.808950363598143873389290092745795845985412597656250000000000, 4.957600036591175651778939936775714159011840820312500000000000
 0.000403063844789978964738147437785187321424018591642379760742,-0.235909168297020910287642436742316931486129760742187500000000, 0.942705536541934008276655276858946308493614196777343750000000, 0.235909168297020910287642436742316931486129760742187500000000, 1.332642289991649464653278300829697400331497192382812500000000, 1.816007383001382979870186318294145166873931884765625000000000
 0.000403063844789978964738147437785187321424018591642379760742,-0.235909168297020910287642436742316931486129760742187500000000,-0.942705536541934008276655276858946308493614196777343750000000, 0.235909168297020910287642436742316931486129760742187500000000, 1.332642289991649464653278300829697400331497192382812500000000, 4.467177924178203696214950468856841325759887695312500000000000
 0.000403063844789978964738147437785187321424018591642379760742,-0.235909168297020910287642436742316931486129760742187500000000, 0.942705536541934008276655276858946308493614196777343750000000,-0.235909168297020910287642436742316931486129760742187500000000, 1.808950363598143873389290092745795845985412597656250000000000, 1.816007383001382979870186318294145166873931884765625000000000
 0.000403063844789978964738147437785187321424018591642379760742,-0.235909168297020910287642436742316931486129760742187500000000,-0.942705536541934008276655276858946308493614196777343750000000,-0.235909168297020910287642436742316931486129760742187500000000, 1.808950363598143873389290092745795845985412597656250000000000, 4.467177924178203696214950468856841325759887695312500000000000
 0.000403063844789978964738147437785187321424018591642379760742, 0.942705536541934008276655276858946308493614196777343750000000, 0.235909168297020910287642436742316931486129760742187500000000, 0.235909168297020910287642436742316931486129760742187500000000, 1.332642289991649464653278300829697400331497192382812500000000, 0.245211056206486338604477737135312054306268692016601562500000
 0.000403063844789978964738147437785187321424018591642379760742,-0.942705536541934008276655276858946308493614196777343750000000, 0.235909168297020688243037511711008846759796142578125000000000, 0.235909168297020910287642436742316931486129760742187500000000, 1.332642289991649242608673375798389315605163574218750000000000, 2.896381597383307138215968734584748744964599609375000000000000
 0.000403063844789978964738147437785187321424018591642379760742, 0.942705536541934008276655276858946308493614196777343750000000, 0.235909168297020910287642436742316931486129760742187500000000,-0.235909168297020910287642436742316931486129760742187500000000, 1.808950363598143873389290092745795845985412597656250000000000, 0.245211056206486338604477737135312054306268692016601562500000
 0.000403063844789978964738147437785187321424018591642379760742,-0.942705536541934008276655276858946308493614196777343750000000, 0.235909168297020688243037511711008846759796142578125000000000,-0.235909168297020910287642436742316931486129760742187500000000, 1.808950363598143873389290092745795845985412597656250000000000, 2.896381597383307138215968734584748744964599609375000000000000
 0.000403063844789978964738147437785187321424018591642379760742, 0.942705536541934008276655276858946308493614196777343750000000,-0.235909168297020910287642436742316931486129760742187500000000, 0.235909168297020910287642436742316931486129760742187500000000, 1.332642289991649464653278300829697400331497192382812500000000, 6.037974250973100254213932203128933906555175781250000000000000
 0.000403063844789978964738147437785187321424018591642379760742,-0.942705536541934008276655276858946308493614196777343750000000,-0.235909168297020688243037511711008846759796142578125000000000, 0.235909168297020910287642436742316931486129760742187500000000, 1.332642289991649242608673375798389315605163574218750000000000, 3.386803709796279093779958202503621578216552734375000000000000
 0.000403063844789978964738147437785187321424018591642379760742, 0.942705536541934008276655276858946308493614196777343750000000,-0.235909168297020910287642436742316931486129760742187500000000,-0.235909168297020910287642436742316931486129760742187500000000, 1.808950363598143873389290092745795845985412597656250000000000, 6.037974250973100254213932203128933906555175781250000000000000
 0.000403063844789978964738147437785187321424018591642379760742,-0.942705536541934008276655276858946308493614196777343750000000,-0.235909168297020688243037511711008846759796142578125000000000,-0.235909168297020910287642436742316931486129760742187500000000, 1.808950363598143873389290092745795845985412597656250000000000, 3.386803709796279093779958202503621578216552734375000000000000
 0.000423659143223977928838924755794437260192353278398513793945, 0.283122883370616973408573358028661459684371948242187500000000, 0.283122883370617084430875820544315502047538757324218750000000, 0.916342111781301871253901936142938211560249328613281250000000, 0.411949199950545241755150982498889788985252380371093750000000, 0.785398163397448501044095792167354375123977661132812500000000
 0.000423659143223977928838924755794437260192353278398513793945, 0.283122883370616917897422126770834438502788543701171875000000, 0.283122883370616973408573358028661459684371948242187500000000,-0.916342111781301982276204398658592253923416137695312500000000, 2.729643453639248207309719873592257499694824218750000000000000, 0.785398163397448390021793329651700332760810852050781250000000
 0.000423659143223977928838924755794437260192353278398513793945, 0.283122883370616973408573358028661459684371948242187500000000,-0.283122883370617084430875820544315502047538757324218750000000, 0.916342111781301871253901936142938211560249328613281250000000, 0.411949199950545241755150982498889788985252380371093750000000, 5.497787143782137952996436069952324032783508300781250000000000
 0.000423659143223977928838924755794437260192353278398513793945, 0.283122883370616917897422126770834438502788543701171875000000,-0.283122883370616973408573358028661459684371948242187500000000,-0.916342111781301982276204398658592253923416137695312500000000, 2.729643453639248207309719873592257499694824218750000000000000, 5.497787143782137952996436069952324032783508300781250000000000
 0.000423659143223977928838924755794437260192353278398513793945,-0.283122883370616973408573358028661459684371948242187500000000, 0.283122883370616973408573358028661459684371948242187500000000, 0.916342111781301871253901936142938211560249328613281250000000, 0.411949199950544964199394826209754683077335357666015625000000, 2.356194490192344836998472601408138871192932128906250000000000
 0.000423659143223977928838924755794437260192353278398513793945,-0.283122883370616917897422126770834438502788543701171875000000, 0.283122883370616917897422126770834438502788543701171875000000,-0.916342111781301982276204398658592253923416137695312500000000, 2.729643453639248207309719873592257499694824218750000000000000, 2.356194490192344836998472601408138871192932128906250000000000
 0.000423659143223977928838924755794437260192353278398513793945,-0.283122883370616973408573358028661459684371948242187500000000,-0.283122883370616973408573358028661459684371948242187500000000, 0.916342111781301871253901936142938211560249328613281250000000, 0.411949199950544964199394826209754683077335357666015625000000, 3.926990816987241394997454335680231451988220214843750000000000
 0.000423659143223977928838924755794437260192353278398513793945,-0.283122883370616917897422126770834438502788543701171875000000,-0.283122883370616917897422126770834438502788543701171875000000,-0.916342111781301982276204398658592253923416137695312500000000, 2.729643453639248207309719873592257499694824218750000000000000, 3.926990816987241394997454335680231451988220214843750000000000
 0.000423659143223977928838924755794437260192353278398513793945, 0.283122883370617084430875820544315502047538757324218750000000, 0.916342111781301871253901936142938211560249328613281250000000, 0.283122883370616917897422126770834438502788543701171875000000, 1.283747663647074821469118433014955371618270874023437500000000, 1.271129966998442162307014768884982913732528686523437500000000
 0.000423659143223977928838924755794437260192353278398513793945, 0.283122883370617084430875820544315502047538757324218750000000,-0.916342111781301871253901936142938211560249328613281250000000, 0.283122883370616917897422126770834438502788543701171875000000, 1.283747663647074821469118433014955371618270874023437500000000, 5.012055340181143847644307243172079324722290039062500000000000
 0.000423659143223977928838924755794437260192353278398513793945, 0.283122883370617084430875820544315502047538757324218750000000, 0.916342111781301871253901936142938211560249328613281250000000,-0.283122883370616917897422126770834438502788543701171875000000, 1.857844989942718516573449960560537874698638916015625000000000, 1.271129966998442162307014768884982913732528686523437500000000
 0.000423659143223977928838924755794437260192353278398513793945, 0.283122883370617084430875820544315502047538757324218750000000,-0.916342111781301871253901936142938211560249328613281250000000,-0.283122883370616917897422126770834438502788543701171875000000, 1.857844989942718516573449960560537874698638916015625000000000, 5.012055340181143847644307243172079324722290039062500000000000
 0.000423659143223977928838924755794437260192353278398513793945,-0.283122883370617084430875820544315502047538757324218750000000, 0.916342111781301871253901936142938211560249328613281250000000, 0.283122883370616917897422126770834438502788543701171875000000, 1.283747663647074821469118433014955371618270874023437500000000, 1.870462686591350953690948699659202247858047485351562500000000
 0.000423659143223977928838924755794437260192353278398513793945,-0.283122883370617084430875820544315502047538757324218750000000,-0.916342111781301871253901936142938211560249328613281250000000, 0.283122883370616917897422126770834438502788543701171875000000, 1.283747663647074821469118433014955371618270874023437500000000, 4.412722620588235500349583162460476160049438476562500000000000
 0.000423659143223977928838924755794437260192353278398513793945,-0.283122883370617084430875820544315502047538757324218750000000, 0.916342111781301871253901936142938211560249328613281250000000,-0.283122883370616917897422126770834438502788543701171875000000, 1.857844989942718516573449960560537874698638916015625000000000, 1.870462686591350953690948699659202247858047485351562500000000
 0.000423659143223977928838924755794437260192353278398513793945,-0.283122883370617084430875820544315502047538757324218750000000,-0.916342111781301871253901936142938211560249328613281250000000,-0.283122883370616917897422126770834438502788543701171875000000, 1.857844989942718516573449960560537874698638916015625000000000, 4.412722620588235500349583162460476160049438476562500000000000
 0.000423659143223977928838924755794437260192353278398513793945, 0.916342111781301871253901936142938211560249328613281250000000, 0.283122883370617195453178283059969544410705566406250000000000, 0.283122883370616917897422126770834438502788543701171875000000, 1.283747663647074821469118433014955371618270874023437500000000, 0.299666359796454506714269427902763709425926208496093750000000
 0.000423659143223977928838924755794437260192353278398513793945,-0.916342111781301982276204398658592253923416137695312500000000, 0.283122883370616917897422126770834438502788543701171875000000, 0.283122883370616917897422126770834438502788543701171875000000, 1.283747663647074821469118433014955371618270874023437500000000, 2.841926293793338942350601428188383579254150390625000000000000
 0.000423659143223977928838924755794437260192353278398513793945, 0.916342111781301871253901936142938211560249328613281250000000, 0.283122883370617195453178283059969544410705566406250000000000,-0.283122883370616917897422126770834438502788543701171875000000, 1.857844989942718516573449960560537874698638916015625000000000, 0.299666359796454506714269427902763709425926208496093750000000
 0.000423659143223977928838924755794437260192353278398513793945,-0.916342111781301982276204398658592253923416137695312500000000, 0.283122883370616917897422126770834438502788543701171875000000,-0.283122883370616917897422126770834438502788543701171875000000, 1.857844989942718516573449960560537874698638916015625000000000, 2.841926293793338942350601428188383579254150390625000000000000
 0.000423659143223977928838924755794437260192353278398513793945, 0.916342111781301871253901936142938211560249328613281250000000,-0.283122883370617195453178283059969544410705566406250000000000, 0.283122883370616917897422126770834438502788543701171875000000, 1.283747663647074821469118433014955371618270874023437500000000, 5.983518947383132058348564896732568740844726562500000000000000
 0.000423659143223977928838924755794437260192353278398513793945,-0.916342111781301982276204398658592253923416137695312500000000,-0.283122883370616917897422126770834438502788543701171875000000, 0.283122883370616917897422126770834438502788543701171875000000, 1.283747663647074821469118433014955371618270874023437500000000, 3.441259013386247289645325508899986743927001953125000000000000
 0.000423659143223977928838924755794437260192353278398513793945, 0.916342111781301871253901936142938211560249328613281250000000,-0.283122883370617195453178283059969544410705566406250000000000,-0.283122883370616917897422126770834438502788543701171875000000, 1.857844989942718516573449960560537874698638916015625000000000, 5.983518947383132058348564896732568740844726562500000000000000
 0.000423659143223977928838924755794437260192353278398513793945,-0.916342111781301982276204398658592253923416137695312500000000,-0.283122883370616917897422126770834438502788543701171875000000,-0.283122883370616917897422126770834438502788543701171875000000, 1.857844989942718516573449960560537874698638916015625000000000, 3.441259013386247289645325508899986743927001953125000000000000
 0.000439052265694977030072859713882849064248148351907730102539, 0.329949585796669220272292477602604776620864868164062500000000, 0.329949585796669220272292477602604776620864868164062500000000, 0.884458332351056975006997618038440123200416564941406250000000, 0.485464430443181549357234416675055399537086486816406250000000, 0.785398163397448278999490867136046290397644042968750000000000
 0.000439052265694977030072859713882849064248148351907730102539, 0.329949585796669220272292477602604776620864868164062500000000, 0.329949585796669220272292477602604776620864868164062500000000,-0.884458332351056975006997618038440123200416564941406250000000, 2.656128223146611677663031514384783804416656494140625000000000, 0.785398163397448278999490867136046290397644042968750000000000
 0.000439052265694977030072859713882849064248148351907730102539, 0.329949585796669220272292477602604776620864868164062500000000,-0.329949585796669220272292477602604776620864868164062500000000, 0.884458332351056975006997618038440123200416564941406250000000, 0.485464430443181549357234416675055399537086486816406250000000, 5.497787143782137952996436069952324032783508300781250000000000
 0.000439052265694977030072859713882849064248148351907730102539, 0.329949585796669220272292477602604776620864868164062500000000,-0.329949585796669220272292477602604776620864868164062500000000,-0.884458332351056975006997618038440123200416564941406250000000, 2.656128223146611677663031514384783804416656494140625000000000, 5.497787143782137952996436069952324032783508300781250000000000
 0.000439052265694977030072859713882849064248148351907730102539,-0.329949585796669220272292477602604776620864868164062500000000, 0.329949585796669220272292477602604776620864868164062500000000, 0.884458332351056975006997618038440123200416564941406250000000, 0.485464430443181549357234416675055399537086486816406250000000, 2.356194490192344836998472601408138871192932128906250000000000
 0.000439052265694977030072859713882849064248148351907730102539,-0.329949585796669220272292477602604776620864868164062500000000, 0.329949585796669220272292477602604776620864868164062500000000,-0.884458332351056975006997618038440123200416564941406250000000, 2.656128223146611677663031514384783804416656494140625000000000, 2.356194490192344836998472601408138871192932128906250000000000
 0.000439052265694977030072859713882849064248148351907730102539,-0.329949585796669220272292477602604776620864868164062500000000,-0.329949585796669220272292477602604776620864868164062500000000, 0.884458332351056975006997618038440123200416564941406250000000, 0.485464430443181549357234416675055399537086486816406250000000, 3.926990816987241394997454335680231451988220214843750000000000
 0.000439052265694977030072859713882849064248148351907730102539,-0.329949585796669220272292477602604776620864868164062500000000,-0.329949585796669220272292477602604776620864868164062500000000,-0.884458332351056975006997618038440123200416564941406250000000, 2.656128223146611677663031514384783804416656494140625000000000, 3.926990816987241394997454335680231451988220214843750000000000
 0.000439052265694977030072859713882849064248148351907730102539, 0.329949585796669220272292477602604776620864868164062500000000, 0.884458332351056975006997618038440123200416564941406250000000, 0.329949585796669275783443708860431797802448272705078125000000, 1.234546157097574869965228572255000472068786621093750000000000, 1.213733953708798996018458637990988790988922119140625000000000
 0.000439052265694977030072859713882849064248148351907730102539, 0.329949585796669220272292477602604776620864868164062500000000,-0.884458332351056975006997618038440123200416564941406250000000, 0.329949585796669275783443708860431797802448272705078125000000, 1.234546157097574869965228572255000472068786621093750000000000, 5.069451353470787680066678149159997701644897460937500000000000
 0.000439052265694977030072859713882849064248148351907730102539, 0.329949585796669220272292477602604776620864868164062500000000, 0.884458332351056975006997618038440123200416564941406250000000,-0.329949585796669275783443708860431797802448272705078125000000, 1.907046496492218246032734896289184689521789550781250000000000, 1.213733953708798996018458637990988790988922119140625000000000
 0.000439052265694977030072859713882849064248148351907730102539, 0.329949585796669220272292477602604776620864868164062500000000,-0.884458332351056975006997618038440123200416564941406250000000,-0.329949585796669275783443708860431797802448272705078125000000, 1.907046496492218246032734896289184689521789550781250000000000, 5.069451353470787680066678149159997701644897460937500000000000
 0.000439052265694977030072859713882849064248148351907730102539,-0.329949585796669608850351096407393924891948699951171875000000, 0.884458332351056863984695155522786080837249755859375000000000, 0.329949585796669275783443708860431797802448272705078125000000, 1.234546157097574869965228572255000472068786621093750000000000, 1.927858699880994564068714680615812540054321289062500000000000
 0.000439052265694977030072859713882849064248148351907730102539,-0.329949585796669608850351096407393924891948699951171875000000,-0.884458332351056863984695155522786080837249755859375000000000, 0.329949585796669275783443708860431797802448272705078125000000, 1.234546157097574869965228572255000472068786621093750000000000, 4.355326607298591667927212256472557783126831054687500000000000
 0.000439052265694977030072859713882849064248148351907730102539,-0.329949585796669608850351096407393924891948699951171875000000, 0.884458332351056863984695155522786080837249755859375000000000,-0.329949585796669275783443708860431797802448272705078125000000, 1.907046496492218246032734896289184689521789550781250000000000, 1.927858699880994564068714680615812540054321289062500000000000
 0.000439052265694977030072859713882849064248148351907730102539,-0.329949585796669608850351096407393924891948699951171875000000,-0.884458332351056863984695155522786080837249755859375000000000,-0.329949585796669275783443708860431797802448272705078125000000, 1.907046496492218246032734896289184689521789550781250000000000, 4.355326607298591667927212256472557783126831054687500000000000
 0.000439052265694977030072859713882849064248148351907730102539, 0.884458332351056975006997618038440123200416564941406250000000, 0.329949585796669275783443708860431797802448272705078125000000, 0.329949585796669275783443708860431797802448272705078125000000, 1.234546157097574869965228572255000472068786621093750000000000, 0.357062373086097673002825558796757832169532775878906250000000
 0.000439052265694977030072859713882849064248148351907730102539,-0.884458332351057086029300080554094165563583374023437500000000, 0.329949585796668998227687552571296691894531250000000000000000, 0.329949585796669275783443708860431797802448272705078125000000, 1.234546157097574869965228572255000472068786621093750000000000, 2.784530280503695998106650222325697541236877441406250000000000
 0.000439052265694977030072859713882849064248148351907730102539, 0.884458332351056975006997618038440123200416564941406250000000, 0.329949585796669275783443708860431797802448272705078125000000,-0.329949585796669275783443708860431797802448272705078125000000, 1.907046496492218246032734896289184689521789550781250000000000, 0.357062373086097673002825558796757832169532775878906250000000
 0.000439052265694977030072859713882849064248148351907730102539,-0.884458332351057086029300080554094165563583374023437500000000, 0.329949585796668998227687552571296691894531250000000000000000,-0.329949585796669275783443708860431797802448272705078125000000, 1.907046496492218246032734896289184689521789550781250000000000, 2.784530280503695998106650222325697541236877441406250000000000
 0.000439052265694977030072859713882849064248148351907730102539, 0.884458332351056975006997618038440123200416564941406250000000,-0.329949585796669275783443708860431797802448272705078125000000, 0.329949585796669275783443708860431797802448272705078125000000, 1.234546157097574869965228572255000472068786621093750000000000, 5.926122934093488225926193990744650363922119140625000000000000
 0.000439052265694977030072859713882849064248148351907730102539,-0.884458332351057086029300080554094165563583374023437500000000,-0.329949585796668998227687552571296691894531250000000000000000, 0.329949585796669275783443708860431797802448272705078125000000, 1.234546157097574869965228572255000472068786621093750000000000, 3.498655026675890233889276714762672781944274902343750000000000
 0.000439052265694977030072859713882849064248148351907730102539, 0.884458332351056975006997618038440123200416564941406250000000,-0.329949585796669275783443708860431797802448272705078125000000,-0.329949585796669275783443708860431797802448272705078125000000, 1.907046496492218246032734896289184689521789550781250000000000, 5.926122934093488225926193990744650363922119140625000000000000
 0.000439052265694977030072859713882849064248148351907730102539,-0.884458332351057086029300080554094165563583374023437500000000,-0.329949585796668998227687552571296691894531250000000000000000,-0.329949585796669275783443708860431797802448272705078125000000, 1.907046496492218246032734896289184689521789550781250000000000, 3.498655026675890233889276714762672781944274902343750000000000
 0.000450252346662976534689276641998390005028340965509414672852, 0.375884080266079612098195639191544614732265472412109375000000, 0.375884080266079612098195639191544614732265472412109375000000, 0.847007860887398655869162666931515559554100036621093750000000, 0.560465295259318319054386847710702568292617797851562500000000, 0.785398163397448278999490867136046290397644042968750000000000
 0.000450252346662976534689276641998390005028340965509414672852, 0.375884080266079279031288251644582487642765045166015625000000, 0.375884080266079279031288251644582487642765045166015625000000,-0.847007860887398877913767591962823644280433654785156250000000, 2.581127358330475463077391395927406847476959228515625000000000, 0.785398163397448278999490867136046290397644042968750000000000
 0.000450252346662976534689276641998390005028340965509414672852, 0.375884080266079612098195639191544614732265472412109375000000,-0.375884080266079612098195639191544614732265472412109375000000, 0.847007860887398655869162666931515559554100036621093750000000, 0.560465295259318319054386847710702568292617797851562500000000, 5.497787143782137952996436069952324032783508300781250000000000
 0.000450252346662976534689276641998390005028340965509414672852, 0.375884080266079279031288251644582487642765045166015625000000,-0.375884080266079279031288251644582487642765045166015625000000,-0.847007860887398877913767591962823644280433654785156250000000, 2.581127358330475463077391395927406847476959228515625000000000, 5.497787143782137952996436069952324032783508300781250000000000
 0.000450252346662976534689276641998390005028340965509414672852,-0.375884080266079612098195639191544614732265472412109375000000, 0.375884080266079612098195639191544614732265472412109375000000, 0.847007860887398655869162666931515559554100036621093750000000, 0.560465295259318319054386847710702568292617797851562500000000, 2.356194490192344836998472601408138871192932128906250000000000
 0.000450252346662976534689276641998390005028340965509414672852,-0.375884080266079279031288251644582487642765045166015625000000, 0.375884080266079279031288251644582487642765045166015625000000,-0.847007860887398877913767591962823644280433654785156250000000, 2.581127358330475463077391395927406847476959228515625000000000, 2.356194490192344836998472601408138871192932128906250000000000
 0.000450252346662976534689276641998390005028340965509414672852,-0.375884080266079612098195639191544614732265472412109375000000,-0.375884080266079612098195639191544614732265472412109375000000, 0.847007860887398655869162666931515559554100036621093750000000, 0.560465295259318319054386847710702568292617797851562500000000, 3.926990816987241394997454335680231451988220214843750000000000
 0.000450252346662976534689276641998390005028340965509414672852,-0.375884080266079279031288251644582487642765045166015625000000,-0.375884080266079279031288251644582487642765045166015625000000,-0.847007860887398877913767591962823644280433654785156250000000, 2.581127358330475463077391395927406847476959228515625000000000, 3.926990816987241394997454335680231451988220214843750000000000
 0.000450252346662976534689276641998390005028340965509414672852, 0.375884080266079612098195639191544614732265472412109375000000, 0.847007860887398655869162666931515559554100036621093750000000, 0.375884080266079612098195639191544614732265472412109375000000, 1.185445693258920796253619300841819494962692260742187500000000, 1.153128033056094237096544929954688996076583862304687500000000
 0.000450252346662976534689276641998390005028340965509414672852, 0.375884080266079612098195639191544614732265472412109375000000,-0.847007860887398655869162666931515559554100036621093750000000, 0.375884080266079612098195639191544614732265472412109375000000, 1.185445693258920796253619300841819494962692260742187500000000, 5.130057274123491772854777082102373242378234863281250000000000
 0.000450252346662976534689276641998390005028340965509414672852, 0.375884080266079612098195639191544614732265472412109375000000, 0.847007860887398655869162666931515559554100036621093750000000,-0.375884080266079612098195639191544614732265472412109375000000, 1.956146960330872319744344167702365666627883911132812500000000, 1.153128033056094237096544929954688996076583862304687500000000
 0.000450252346662976534689276641998390005028340965509414672852, 0.375884080266079612098195639191544614732265472412109375000000,-0.847007860887398655869162666931515559554100036621093750000000,-0.375884080266079612098195639191544614732265472412109375000000, 1.956146960330872319744344167702365666627883911132812500000000, 5.130057274123491772854777082102373242378234863281250000000000
 0.000450252346662976534689276641998390005028340965509414672852,-0.375884080266079612098195639191544614732265472412109375000000, 0.847007860887398655869162666931515559554100036621093750000000, 0.375884080266079612098195639191544614732265472412109375000000, 1.185445693258920796253619300841819494962692260742187500000000, 1.988464620533698878901418538589496165513992309570312500000000
 0.000450252346662976534689276641998390005028340965509414672852,-0.375884080266079612098195639191544614732265472412109375000000,-0.847007860887398655869162666931515559554100036621093750000000, 0.375884080266079612098195639191544614732265472412109375000000, 1.185445693258920796253619300841819494962692260742187500000000, 4.294720686645887575139113323530182242393493652343750000000000
 0.000450252346662976534689276641998390005028340965509414672852,-0.375884080266079612098195639191544614732265472412109375000000, 0.847007860887398655869162666931515559554100036621093750000000,-0.375884080266079612098195639191544614732265472412109375000000, 1.956146960330872319744344167702365666627883911132812500000000, 1.988464620533698878901418538589496165513992309570312500000000
 0.000450252346662976534689276641998390005028340965509414672852,-0.375884080266079612098195639191544614732265472412109375000000,-0.847007860887398655869162666931515559554100036621093750000000,-0.375884080266079612098195639191544614732265472412109375000000, 1.956146960330872319744344167702365666627883911132812500000000, 4.294720686645887575139113323530182242393493652343750000000000
 0.000450252346662976534689276641998390005028340965509414672852, 0.847007860887398655869162666931515559554100036621093750000000, 0.375884080266079501075893176675890572369098663330078125000000, 0.375884080266079612098195639191544614732265472412109375000000, 1.185445693258920796253619300841819494962692260742187500000000, 0.417668293738802265391285573059576563537120819091796875000000
 0.000450252346662976534689276641998390005028340965509414672852,-0.847007860887398655869162666931515559554100036621093750000000, 0.375884080266079612098195639191544614732265472412109375000000, 0.375884080266079612098195639191544614732265472412109375000000, 1.185445693258920796253619300841819494962692260742187500000000, 2.723924359850991017140131589258089661598205566406250000000000
 0.000450252346662976534689276641998390005028340965509414672852, 0.847007860887398655869162666931515559554100036621093750000000, 0.375884080266079501075893176675890572369098663330078125000000,-0.375884080266079612098195639191544614732265472412109375000000, 1.956146960330872541788949092733673751354217529296875000000000, 0.417668293738802265391285573059576563537120819091796875000000
 0.000450252346662976534689276641998390005028340965509414672852,-0.847007860887398655869162666931515559554100036621093750000000, 0.375884080266079612098195639191544614732265472412109375000000,-0.375884080266079612098195639191544614732265472412109375000000, 1.956146960330872319744344167702365666627883911132812500000000, 2.723924359850991017140131589258089661598205566406250000000000
 0.000450252346662976534689276641998390005028340965509414672852, 0.847007860887398655869162666931515559554100036621093750000000,-0.375884080266079501075893176675890572369098663330078125000000, 0.375884080266079612098195639191544614732265472412109375000000, 1.185445693258920796253619300841819494962692260742187500000000, 5.865517013440784133138095057802274823188781738281250000000000
 0.000450252346662976534689276641998390005028340965509414672852,-0.847007860887398655869162666931515559554100036621093750000000,-0.375884080266079612098195639191544614732265472412109375000000, 0.375884080266079612098195639191544614732265472412109375000000, 1.185445693258920796253619300841819494962692260742187500000000, 3.559260947328595214855795347830280661582946777343750000000000
 0.000450252346662976534689276641998390005028340965509414672852, 0.847007860887398655869162666931515559554100036621093750000000,-0.375884080266079501075893176675890572369098663330078125000000,-0.375884080266079612098195639191544614732265472412109375000000, 1.956146960330872541788949092733673751354217529296875000000000, 5.865517013440784133138095057802274823188781738281250000000000
 0.000450252346662976534689276641998390005028340965509414672852,-0.847007860887398655869162666931515559554100036621093750000000,-0.375884080266079612098195639191544614732265472412109375000000,-0.375884080266079612098195639191544614732265472412109375000000, 1.956146960330872319744344167702365666627883911132812500000000, 3.559260947328595214855795347830280661582946777343750000000000
 0.000458057772777976099972535584115007623040582984685897827148, 0.420475183100947891290388724883086979389190673828125000000000, 0.420475183100948113334993649914395064115524291992187500000000, 0.803990821335945682335477613378316164016723632812500000000000, 0.636819931552089157911211714235832914710044860839843750000000, 0.785398163397448612066398254683008417487144470214843750000000
 0.000458057772777976099972535584115007623040582984685897827148, 0.420475183100947780268086262367432937026023864746093750000000, 0.420475183100947891290388724883086979389190673828125000000000,-0.803990821335945793357780075893970206379890441894531250000000, 2.504772722037704291153659141855314373970031738281250000000000, 0.785398163397448390021793329651700332760810852050781250000000
 0.000458057772777976099972535584115007623040582984685897827148, 0.420475183100947891290388724883086979389190673828125000000000,-0.420475183100948113334993649914395064115524291992187500000000, 0.803990821335945682335477613378316164016723632812500000000000, 0.636819931552089157911211714235832914710044860839843750000000, 5.497787143782137952996436069952324032783508300781250000000000
 0.000458057772777976099972535584115007623040582984685897827148, 0.420475183100947780268086262367432937026023864746093750000000,-0.420475183100947891290388724883086979389190673828125000000000,-0.803990821335945793357780075893970206379890441894531250000000, 2.504772722037704291153659141855314373970031738281250000000000, 5.497787143782137952996436069952324032783508300781250000000000
 0.000458057772777976099972535584115007623040582984685897827148,-0.420475183100947891290388724883086979389190673828125000000000, 0.420475183100947891290388724883086979389190673828125000000000, 0.803990821335945682335477613378316164016723632812500000000000, 0.636819931552088935866606789204524829983711242675781250000000, 2.356194490192344836998472601408138871192932128906250000000000
 0.000458057772777976099972535584115007623040582984685897827148,-0.420475183100947780268086262367432937026023864746093750000000, 0.420475183100947780268086262367432937026023864746093750000000,-0.803990821335945793357780075893970206379890441894531250000000, 2.504772722037704291153659141855314373970031738281250000000000, 2.356194490192344836998472601408138871192932128906250000000000
 0.000458057772777976099972535584115007623040582984685897827148,-0.420475183100947891290388724883086979389190673828125000000000,-0.420475183100947891290388724883086979389190673828125000000000, 0.803990821335945682335477613378316164016723632812500000000000, 0.636819931552088935866606789204524829983711242675781250000000, 3.926990816987241394997454335680231451988220214843750000000000
 0.000458057772777976099972535584115007623040582984685897827148,-0.420475183100947780268086262367432937026023864746093750000000,-0.420475183100947780268086262367432937026023864746093750000000,-0.803990821335945793357780075893970206379890441894531250000000, 2.504772722037704291153659141855314373970031738281250000000000, 3.926990816987241394997454335680231451988220214843750000000000
 0.000458057772777976099972535584115007623040582984685897827148, 0.420475183100948002312691187398741021752357482910156250000000, 0.803990821335945682335477613378316164016723632812500000000000, 0.420475183100948002312691187398741021752357482910156250000000, 1.136827339410667825347900361521169543266296386718750000000000, 1.088930210416629407177424582187086343765258789062500000000000
 0.000458057772777976099972535584115007623040582984685897827148, 0.420475183100948002312691187398741021752357482910156250000000,-0.803990821335945682335477613378316164016723632812500000000000, 0.420475183100948002312691187398741021752357482910156250000000, 1.136827339410667825347900361521169543266296386718750000000000, 5.194255096762956824818502354901283979415893554687500000000000
 0.000458057772777976099972535584115007623040582984685897827148, 0.420475183100948002312691187398741021752357482910156250000000, 0.803990821335945682335477613378316164016723632812500000000000,-0.420475183100948002312691187398741021752357482910156250000000, 2.004765314179125290650063107023015618324279785156250000000000, 1.088930210416629407177424582187086343765258789062500000000000
 0.000458057772777976099972535584115007623040582984685897827148, 0.420475183100948002312691187398741021752357482910156250000000,-0.803990821335945682335477613378316164016723632812500000000000,-0.420475183100948002312691187398741021752357482910156250000000, 2.004765314179125290650063107023015618324279785156250000000000, 5.194255096762956824818502354901283979415893554687500000000000
 0.000458057772777976099972535584115007623040582984685897827148,-0.420475183100948113334993649914395064115524291992187500000000, 0.803990821335945682335477613378316164016723632812500000000000, 0.420475183100948002312691187398741021752357482910156250000000, 1.136827339410667825347900361521169543266296386718750000000000, 2.052662443173163708820538886357098817825317382812500000000000
 0.000458057772777976099972535584115007623040582984685897827148,-0.420475183100948113334993649914395064115524291992187500000000,-0.803990821335945682335477613378316164016723632812500000000000, 0.420475183100948002312691187398741021752357482910156250000000, 1.136827339410667825347900361521169543266296386718750000000000, 4.230522864006422523175388050731271505355834960937500000000000
 0.000458057772777976099972535584115007623040582984685897827148,-0.420475183100948113334993649914395064115524291992187500000000, 0.803990821335945682335477613378316164016723632812500000000000,-0.420475183100948002312691187398741021752357482910156250000000, 2.004765314179125290650063107023015618324279785156250000000000, 2.052662443173163708820538886357098817825317382812500000000000
 0.000458057772777976099972535584115007623040582984685897827148,-0.420475183100948113334993649914395064115524291992187500000000,-0.803990821335945682335477613378316164016723632812500000000000,-0.420475183100948002312691187398741021752357482910156250000000, 2.004765314179125290650063107023015618324279785156250000000000, 4.230522864006422523175388050731271505355834960937500000000000
 0.000458057772777976099972535584115007623040582984685897827148, 0.803990821335945682335477613378316164016723632812500000000000, 0.420475183100948113334993649914395064115524291992187500000000, 0.420475183100948002312691187398741021752357482910156250000000, 1.136827339410667825347900361521169543266296386718750000000000, 0.481866116378267261843859614600660279393196105957031250000000
 0.000458057772777976099972535584115007623040582984685897827148,-0.803990821335945793357780075893970206379890441894531250000000, 0.420475183100947891290388724883086979389190673828125000000000, 0.420475183100948002312691187398741021752357482910156250000000, 1.136827339410667825347900361521169543266296386718750000000000, 2.659726537211526409265616166521795094013214111328125000000000
 0.000458057772777976099972535584115007623040582984685897827148, 0.803990821335945682335477613378316164016723632812500000000000, 0.420475183100948113334993649914395064115524291992187500000000,-0.420475183100948002312691187398741021752357482910156250000000, 2.004765314179125290650063107023015618324279785156250000000000, 0.481866116378267261843859614600660279393196105957031250000000
 0.000458057772777976099972535584115007623040582984685897827148,-0.803990821335945793357780075893970206379890441894531250000000, 0.420475183100947891290388724883086979389190673828125000000000,-0.420475183100948002312691187398741021752357482910156250000000, 2.004765314179125290650063107023015618324279785156250000000000, 2.659726537211526409265616166521795094013214111328125000000000
 0.000458057772777976099972535584115007623040582984685897827148, 0.803990821335945682335477613378316164016723632812500000000000,-0.420475183100948113334993649914395064115524291992187500000000, 0.420475183100948002312691187398741021752357482910156250000000, 1.136827339410667825347900361521169543266296386718750000000000, 5.801319190801319081174369785003364086151123046875000000000000
 0.000458057772777976099972535584115007623040582984685897827148,-0.803990821335945793357780075893970206379890441894531250000000,-0.420475183100947891290388724883086979389190673828125000000000, 0.420475183100948002312691187398741021752357482910156250000000, 1.136827339410667825347900361521169543266296386718750000000000, 3.623458769968059822730310770566575229167938232421875000000000
 0.000458057772777976099972535584115007623040582984685897827148, 0.803990821335945682335477613378316164016723632812500000000000,-0.420475183100948113334993649914395064115524291992187500000000,-0.420475183100948002312691187398741021752357482910156250000000, 2.004765314179125290650063107023015618324279785156250000000000, 5.801319190801319081174369785003364086151123046875000000000000
 0.000458057772777976099972535584115007623040582984685897827148,-0.803990821335945793357780075893970206379890441894531250000000,-0.420475183100947891290388724883086979389190673828125000000000,-0.420475183100948002312691187398741021752357482910156250000000, 2.004765314179125290650063107023015618324279785156250000000000, 3.623458769968059822730310770566575229167938232421875000000000
 0.000463139161661975851027456263508952361007686704397201538086, 0.463306851875105119020759047998581081628799438476562500000000, 0.463306851875105119020759047998581081628799438476562500000000, 0.755442600077040116168802796892123296856880187988281250000000, 0.714466966338106135303576138539938256144523620605468750000000, 0.785398163397448278999490867136046290397644042968750000000000
 0.000463139161661975851027456263508952361007686704397201538086, 0.463306851875104896976154122967272996902465820312500000000000, 0.463306851875104896976154122967272996902465820312500000000000,-0.755442600077040338213407721923431381583213806152343750000000, 2.427125687251687757850504567613825201988220214843750000000000, 0.785398163397448278999490867136046290397644042968750000000000
 0.000463139161661975851027456263508952361007686704397201538086, 0.463306851875105119020759047998581081628799438476562500000000,-0.463306851875105119020759047998581081628799438476562500000000, 0.755442600077040116168802796892123296856880187988281250000000, 0.714466966338106135303576138539938256144523620605468750000000, 5.497787143782137952996436069952324032783508300781250000000000
 0.000463139161661975851027456263508952361007686704397201538086, 0.463306851875104896976154122967272996902465820312500000000000,-0.463306851875104896976154122967272996902465820312500000000000,-0.755442600077040338213407721923431381583213806152343750000000, 2.427125687251687757850504567613825201988220214843750000000000, 5.497787143782137952996436069952324032783508300781250000000000
 0.000463139161661975851027456263508952361007686704397201538086,-0.463306851875105119020759047998581081628799438476562500000000, 0.463306851875105119020759047998581081628799438476562500000000, 0.755442600077040116168802796892123296856880187988281250000000, 0.714466966338106135303576138539938256144523620605468750000000, 2.356194490192344836998472601408138871192932128906250000000000
 0.000463139161661975851027456263508952361007686704397201538086,-0.463306851875104896976154122967272996902465820312500000000000, 0.463306851875104896976154122967272996902465820312500000000000,-0.755442600077040338213407721923431381583213806152343750000000, 2.427125687251687757850504567613825201988220214843750000000000, 2.356194490192344836998472601408138871192932128906250000000000
 0.000463139161661975851027456263508952361007686704397201538086,-0.463306851875105119020759047998581081628799438476562500000000,-0.463306851875105119020759047998581081628799438476562500000000, 0.755442600077040116168802796892123296856880187988281250000000, 0.714466966338106135303576138539938256144523620605468750000000, 3.926990816987241394997454335680231451988220214843750000000000
 0.000463139161661975851027456263508952361007686704397201538086,-0.463306851875104896976154122967272996902465820312500000000000,-0.463306851875104896976154122967272996902465820312500000000000,-0.755442600077040338213407721923431381583213806152343750000000, 2.427125687251687757850504567613825201988220214843750000000000, 3.926990816987241394997454335680231451988220214843750000000000
 0.000463139161661975851027456263508952361007686704397201538086, 0.463306851875105285554212741772062145173549652099609375000000, 0.755442600077040116168802796892123296856880187988281250000000, 0.463306851875105007998456585482927039265632629394531250000000, 1.089073247482706507938132745039183646440505981445312500000000, 1.020660631135550167059022896864917129278182983398437500000000
 0.000463139161661975851027456263508952361007686704397201538086, 0.463306851875105285554212741772062145173549652099609375000000,-0.755442600077040116168802796892123296856880187988281250000000, 0.463306851875105007998456585482927039265632629394531250000000, 1.089073247482706507938132745039183646440505981445312500000000, 5.262524676044035842892299115192145109176635742187500000000000
 0.000463139161661975851027456263508952361007686704397201538086, 0.463306851875105174531910279256408102810382843017578125000000, 0.755442600077040005146500334376469254493713378906250000000000,-0.463306851875105285554212741772062145173549652099609375000000, 2.052519406107086830104435648536309599876403808593750000000000, 1.020660631135550389103627821896225214004516601562500000000000
 0.000463139161661975851027456263508952361007686704397201538086, 0.463306851875105174531910279256408102810382843017578125000000,-0.755442600077040005146500334376469254493713378906250000000000,-0.463306851875105285554212741772062145173549652099609375000000, 2.052519406107086830104435648536309599876403808593750000000000, 5.262524676044035842892299115192145109176635742187500000000000
 0.000463139161661975851027456263508952361007686704397201538086,-0.463306851875105119020759047998581081628799438476562500000000, 0.755442600077040227191105259407777339220046997070312500000000, 0.463306851875105007998456585482927039265632629394531250000000, 1.089073247482706507938132745039183646440505981445312500000000, 2.120932022454242726894335646647959947586059570312500000000000
 0.000463139161661975851027456263508952361007686704397201538086,-0.463306851875105119020759047998581081628799438476562500000000,-0.755442600077040227191105259407777339220046997070312500000000, 0.463306851875105007998456585482927039265632629394531250000000, 1.089073247482706507938132745039183646440505981445312500000000, 4.162253284725343505101591290440410375595092773437500000000000
 0.000463139161661975851027456263508952361007686704397201538086,-0.463306851875105007998456585482927039265632629394531250000000, 0.755442600077040116168802796892123296856880187988281250000000,-0.463306851875105285554212741772062145173549652099609375000000, 2.052519406107086830104435648536309599876403808593750000000000, 2.120932022454242726894335646647959947586059570312500000000000
 0.000463139161661975851027456263508952361007686704397201538086,-0.463306851875105007998456585482927039265632629394531250000000,-0.755442600077040116168802796892123296856880187988281250000000,-0.463306851875105285554212741772062145173549652099609375000000, 2.052519406107086830104435648536309599876403808593750000000000, 4.162253284725343505101591290440410375595092773437500000000000
 0.000463139161661975851027456263508952361007686704397201538086, 0.755442600077040227191105259407777339220046997070312500000000, 0.463306851875105119020759047998581081628799438476562500000000, 0.463306851875105007998456585482927039265632629394531250000000, 1.089073247482706507938132745039183646440505981445312500000000, 0.550135695659346168895353912375867366790771484375000000000000
 0.000463139161661975851027456263508952361007686704397201538086,-0.755442600077040227191105259407777339220046997070312500000000, 0.463306851875105119020759047998581081628799438476562500000000, 0.463306851875105007998456585482927039265632629394531250000000, 1.089073247482706507938132745039183646440505981445312500000000, 2.591456957930446947102609556168317794799804687500000000000000
 0.000463139161661975851027456263508952361007686704397201538086, 0.755442600077040116168802796892123296856880187988281250000000, 0.463306851875105007998456585482927039265632629394531250000000,-0.463306851875105285554212741772062145173549652099609375000000, 2.052519406107086830104435648536309599876403808593750000000000, 0.550135695659346057873051449860213324427604675292968750000000
 0.000463139161661975851027456263508952361007686704397201538086,-0.755442600077040116168802796892123296856880187988281250000000, 0.463306851875105007998456585482927039265632629394531250000000,-0.463306851875105285554212741772062145173549652099609375000000, 2.052519406107086830104435648536309599876403808593750000000000, 2.591456957930446947102609556168317794799804687500000000000000
 0.000463139161661975851027456263508952361007686704397201538086, 0.755442600077040227191105259407777339220046997070312500000000,-0.463306851875105119020759047998581081628799438476562500000000, 0.463306851875105007998456585482927039265632629394531250000000, 1.089073247482706507938132745039183646440505981445312500000000, 5.733049611520240063100573024712502956390380859375000000000000
 0.000463139161661975851027456263508952361007686704397201538086,-0.755442600077040227191105259407777339220046997070312500000000,-0.463306851875105119020759047998581081628799438476562500000000, 0.463306851875105007998456585482927039265632629394531250000000, 1.089073247482706507938132745039183646440505981445312500000000, 3.691728349249139284893317380920052528381347656250000000000000
 0.000463139161661975851027456263508952361007686704397201538086, 0.755442600077040116168802796892123296856880187988281250000000,-0.463306851875105007998456585482927039265632629394531250000000,-0.463306851875105285554212741772062145173549652099609375000000, 2.052519406107086830104435648536309599876403808593750000000000, 5.733049611520240063100573024712502956390380859375000000000000
 0.000463139161661975851027456263508952361007686704397201538086,-0.755442600077040116168802796892123296856880187988281250000000,-0.463306851875105007998456585482927039265632629394531250000000,-0.463306851875105285554212741772062145173549652099609375000000, 2.052519406107086830104435648536309599876403808593750000000000, 3.691728349249139284893317380920052528381347656250000000000000
 0.000466092895369975626640446364490344421938061714172363281250, 0.503984947450731413098878874734509736299514770507812500000000, 0.503984947450731524121181337250163778662681579589843750000000, 0.701425937277890376719824416795745491981506347656250000000000, 0.793400159495804446763145278964657336473464965820312500000000, 0.785398163397448390021793329651700332760810852050781250000000
 0.000466092895369975626640446364490344421938061714172363281250, 0.503984947450731302076576412218855693936347961425781250000000, 0.503984947450731413098878874734509736299514770507812500000000,-0.701425937277890487742126879311399534344673156738281250000000, 2.348192494093988891279423114610835909843444824218750000000000, 0.785398163397448390021793329651700332760810852050781250000000
 0.000466092895369975626640446364490344421938061714172363281250, 0.503984947450731413098878874734509736299514770507812500000000,-0.503984947450731524121181337250163778662681579589843750000000, 0.701425937277890376719824416795745491981506347656250000000000, 0.793400159495804446763145278964657336473464965820312500000000, 5.497787143782137952996436069952324032783508300781250000000000
 0.000466092895369975626640446364490344421938061714172363281250, 0.503984947450731302076576412218855693936347961425781250000000,-0.503984947450731413098878874734509736299514770507812500000000,-0.701425937277890487742126879311399534344673156738281250000000, 2.348192494093988891279423114610835909843444824218750000000000, 5.497787143782137952996436069952324032783508300781250000000000
 0.000466092895369975626640446364490344421938061714172363281250,-0.503984947450731413098878874734509736299514770507812500000000, 0.503984947450731413098878874734509736299514770507812500000000, 0.701425937277890376719824416795745491981506347656250000000000, 0.793400159495804446763145278964657336473464965820312500000000, 2.356194490192344836998472601408138871192932128906250000000000
 0.000466092895369975626640446364490344421938061714172363281250,-0.503984947450731302076576412218855693936347961425781250000000, 0.503984947450731302076576412218855693936347961425781250000000,-0.701425937277890487742126879311399534344673156738281250000000, 2.348192494093988891279423114610835909843444824218750000000000, 2.356194490192344836998472601408138871192932128906250000000000
 0.000466092895369975626640446364490344421938061714172363281250,-0.503984947450731413098878874734509736299514770507812500000000,-0.503984947450731413098878874734509736299514770507812500000000, 0.701425937277890376719824416795745491981506347656250000000000, 0.793400159495804446763145278964657336473464965820312500000000, 3.926990816987241394997454335680231451988220214843750000000000
 0.000466092895369975626640446364490344421938061714172363281250,-0.503984947450731302076576412218855693936347961425781250000000,-0.503984947450731302076576412218855693936347961425781250000000,-0.701425937277890487742126879311399534344673156738281250000000, 2.348192494093988891279423114610835909843444824218750000000000, 3.926990816987241394997454335680231451988220214843750000000000
 0.000466092895369975626640446364490344421938061714172363281250, 0.503984947450731191054273949703201651573181152343750000000000, 0.701425937277890598764429341827053576707839965820312500000000, 0.503984947450731191054273949703201651573181152343750000000000, 1.042589985462306856334180338308215141296386718750000000000000, 0.947752069132732022360698920238064602017402648925781250000000
 0.000466092895369975626640446364490344421938061714172363281250, 0.503984947450731191054273949703201651573181152343750000000000,-0.701425937277890598764429341827053576707839965820312500000000, 0.503984947450731191054273949703201651573181152343750000000000, 1.042589985462306856334180338308215141296386718750000000000000, 5.335433238046854320657530479365959763526916503906250000000000
 0.000466092895369975626640446364490344421938061714172363281250, 0.503984947450731191054273949703201651573181152343750000000000, 0.701425937277890598764429341827053576707839965820312500000000,-0.503984947450731302076576412218855693936347961425781250000000, 2.099002668127486259663783130235970020294189453125000000000000, 0.947752069132732022360698920238064602017402648925781250000000
 0.000466092895369975626640446364490344421938061714172363281250, 0.503984947450731191054273949703201651573181152343750000000000,-0.701425937277890598764429341827053576707839965820312500000000,-0.503984947450731302076576412218855693936347961425781250000000, 2.099002668127486259663783130235970020294189453125000000000000, 5.335433238046854320657530479365959763526916503906250000000000
 0.000466092895369975626640446364490344421938061714172363281250,-0.503984947450731191054273949703201651573181152343750000000000, 0.701425937277890598764429341827053576707839965820312500000000, 0.503984947450731191054273949703201651573181152343750000000000, 1.042589985462306856334180338308215141296386718750000000000000, 2.193840584457061204659567010821774601936340332031250000000000
 0.000466092895369975626640446364490344421938061714172363281250,-0.503984947450731191054273949703201651573181152343750000000000,-0.701425937277890598764429341827053576707839965820312500000000, 0.503984947450731191054273949703201651573181152343750000000000, 1.042589985462306856334180338308215141296386718750000000000000, 4.089344722722525027336359926266595721244812011718750000000000
 0.000466092895369975626640446364490344421938061714172363281250,-0.503984947450731191054273949703201651573181152343750000000000, 0.701425937277890598764429341827053576707839965820312500000000,-0.503984947450731302076576412218855693936347961425781250000000, 2.099002668127486259663783130235970020294189453125000000000000, 2.193840584457061204659567010821774601936340332031250000000000
 0.000466092895369975626640446364490344421938061714172363281250,-0.503984947450731191054273949703201651573181152343750000000000,-0.701425937277890598764429341827053576707839965820312500000000,-0.503984947450731302076576412218855693936347961425781250000000, 2.099002668127486259663783130235970020294189453125000000000000, 4.089344722722525027336359926266595721244812011718750000000000
 0.000466092895369975626640446364490344421938061714172363281250, 0.701425937277890487742126879311399534344673156738281250000000, 0.503984947450731302076576412218855693936347961425781250000000, 0.503984947450731191054273949703201651573181152343750000000000, 1.042589985462306856334180338308215141296386718750000000000000, 0.623044257662164757682887739065336063504219055175781250000000
 0.000466092895369975626640446364490344421938061714172363281250,-0.701425937277890598764429341827053576707839965820312500000000, 0.503984947450731191054273949703201651573181152343750000000000, 0.503984947450731191054273949703201651573181152343750000000000, 1.042589985462306856334180338308215141296386718750000000000000, 2.518548395927628469337378191994503140449523925781250000000000
 0.000466092895369975626640446364490344421938061714172363281250, 0.701425937277890487742126879311399534344673156738281250000000, 0.503984947450731302076576412218855693936347961425781250000000,-0.503984947450731302076576412218855693936347961425781250000000, 2.099002668127486259663783130235970020294189453125000000000000, 0.623044257662164757682887739065336063504219055175781250000000
 0.000466092895369975626640446364490344421938061714172363281250,-0.701425937277890598764429341827053576707839965820312500000000, 0.503984947450731191054273949703201651573181152343750000000000,-0.503984947450731302076576412218855693936347961425781250000000, 2.099002668127486259663783130235970020294189453125000000000000, 2.518548395927628469337378191994503140449523925781250000000000
 0.000466092895369975626640446364490344421938061714172363281250, 0.701425937277890487742126879311399534344673156738281250000000,-0.503984947450731302076576412218855693936347961425781250000000, 0.503984947450731191054273949703201651573181152343750000000000, 1.042589985462306856334180338308215141296386718750000000000000, 5.660141049517421585335341660538688302040100097656250000000000
 0.000466092895369975626640446364490344421938061714172363281250,-0.701425937277890598764429341827053576707839965820312500000000,-0.503984947450731191054273949703201651573181152343750000000000, 0.503984947450731191054273949703201651573181152343750000000000, 1.042589985462306856334180338308215141296386718750000000000000, 3.764636911251957762658548745093867182731628417968750000000000
 0.000466092895369975626640446364490344421938061714172363281250, 0.701425937277890487742126879311399534344673156738281250000000,-0.503984947450731302076576412218855693936347961425781250000000,-0.503984947450731302076576412218855693936347961425781250000000, 2.099002668127486259663783130235970020294189453125000000000000, 5.660141049517421585335341660538688302040100097656250000000000
 0.000466092895369975626640446364490344421938061714172363281250,-0.701425937277890598764429341827053576707839965820312500000000,-0.503984947450731191054273949703201651573181152343750000000000,-0.503984947450731302076576412218855693936347961425781250000000, 2.099002668127486259663783130235970020294189453125000000000000, 3.764636911251957762658548745093867182731628417968750000000000
 0.000467475180793975621500874195746177974797319620847702026367, 0.542126579344074710498091462795855477452278137207031250000000, 0.542126579344074710498091462795855477452278137207031250000000, 0.642026124030311673429594065964920446276664733886718750000000, 0.873658260861234214900150618632324039936065673828125000000000, 0.785398163397448278999490867136046290397644042968750000000000
 0.000467475180793975621500874195746177974797319620847702026367, 0.542126579344074710498091462795855477452278137207031250000000, 0.542126579344074710498091462795855477452278137207031250000000,-0.642026124030311673429594065964920446276664733886718750000000, 2.267934392728558901097812849911861121654510498046875000000000, 0.785398163397448278999490867136046290397644042968750000000000
 0.000467475180793975621500874195746177974797319620847702026367, 0.542126579344074710498091462795855477452278137207031250000000,-0.542126579344074710498091462795855477452278137207031250000000, 0.642026124030311673429594065964920446276664733886718750000000, 0.873658260861234214900150618632324039936065673828125000000000, 5.497787143782137952996436069952324032783508300781250000000000
 0.000467475180793975621500874195746177974797319620847702026367, 0.542126579344074710498091462795855477452278137207031250000000,-0.542126579344074710498091462795855477452278137207031250000000,-0.642026124030311673429594065964920446276664733886718750000000, 2.267934392728558901097812849911861121654510498046875000000000, 5.497787143782137952996436069952324032783508300781250000000000
 0.000467475180793975621500874195746177974797319620847702026367,-0.542126579344074710498091462795855477452278137207031250000000, 0.542126579344074710498091462795855477452278137207031250000000, 0.642026124030311673429594065964920446276664733886718750000000, 0.873658260861234214900150618632324039936065673828125000000000, 2.356194490192344836998472601408138871192932128906250000000000
 0.000467475180793975621500874195746177974797319620847702026367,-0.542126579344074710498091462795855477452278137207031250000000, 0.542126579344074710498091462795855477452278137207031250000000,-0.642026124030311673429594065964920446276664733886718750000000, 2.267934392728558901097812849911861121654510498046875000000000, 2.356194490192344836998472601408138871192932128906250000000000
 0.000467475180793975621500874195746177974797319620847702026367,-0.542126579344074710498091462795855477452278137207031250000000,-0.542126579344074710498091462795855477452278137207031250000000, 0.642026124030311673429594065964920446276664733886718750000000, 0.873658260861234214900150618632324039936065673828125000000000, 3.926990816987241394997454335680231451988220214843750000000000
 0.000467475180793975621500874195746177974797319620847702026367,-0.542126579344074710498091462795855477452278137207031250000000,-0.542126579344074710498091462795855477452278137207031250000000,-0.642026124030311673429594065964920446276664733886718750000000, 2.267934392728558901097812849911861121654510498046875000000000, 3.926990816987241394997454335680231451988220214843750000000000
 0.000467475180793975621500874195746177974797319620847702026367, 0.542126579344074710498091462795855477452278137207031250000000, 0.642026124030312006496501453511882573366165161132812500000000, 0.542126579344074599475789000280201435089111328125000000000000, 0.997830529591237191944230744411470368504524230957031250000000, 0.869562602971809206486852872330928221344947814941406250000000
 0.000467475180793975621500874195746177974797319620847702026367, 0.542126579344074710498091462795855477452278137207031250000000,-0.642026124030312006496501453511882573366165161132812500000000, 0.542126579344074599475789000280201435089111328125000000000000, 0.997830529591237191944230744411470368504524230957031250000000, 5.413622704207776692442166677210479974746704101562500000000000
 0.000467475180793975621500874195746177974797319620847702026367, 0.542126579344074710498091462795855477452278137207031250000000, 0.642026124030312006496501453511882573366165161132812500000000,-0.542126579344074599475789000280201435089111328125000000000000, 2.143762123998556035076035186648368835449218750000000000000000, 0.869562602971809206486852872330928221344947814941406250000000
 0.000467475180793975621500874195746177974797319620847702026367, 0.542126579344074710498091462795855477452278137207031250000000,-0.642026124030312006496501453511882573366165161132812500000000,-0.542126579344074599475789000280201435089111328125000000000000, 2.143762123998556035076035186648368835449218750000000000000000, 5.413622704207776692442166677210479974746704101562500000000000
 0.000467475180793975621500874195746177974797319620847702026367,-0.542126579344074710498091462795855477452278137207031250000000, 0.642026124030312006496501453511882573366165161132812500000000, 0.542126579344074599475789000280201435089111328125000000000000, 0.997830529591237191944230744411470368504524230957031250000000, 2.272030050617984020533413058728910982608795166015625000000000
 0.000467475180793975621500874195746177974797319620847702026367,-0.542126579344074710498091462795855477452278137207031250000000,-0.642026124030312006496501453511882573366165161132812500000000, 0.542126579344074599475789000280201435089111328125000000000000, 0.997830529591237191944230744411470368504524230957031250000000, 4.011155256561602655551723728422075510025024414062500000000000
 0.000467475180793975621500874195746177974797319620847702026367,-0.542126579344074710498091462795855477452278137207031250000000, 0.642026124030312006496501453511882573366165161132812500000000,-0.542126579344074599475789000280201435089111328125000000000000, 2.143762123998556035076035186648368835449218750000000000000000, 2.272030050617984020533413058728910982608795166015625000000000
 0.000467475180793975621500874195746177974797319620847702026367,-0.542126579344074710498091462795855477452278137207031250000000,-0.642026124030312006496501453511882573366165161132812500000000,-0.542126579344074599475789000280201435089111328125000000000000, 2.143762123998556035076035186648368835449218750000000000000000, 4.011155256561602655551723728422075510025024414062500000000000
 0.000467475180793975621500874195746177974797319620847702026367, 0.642026124030311895474198990996228531002998352050781250000000, 0.542126579344074821520393925311509519815444946289062500000000, 0.542126579344074599475789000280201435089111328125000000000000, 0.997830529591237191944230744411470368504524230957031250000000, 0.701233723823087573556733786972472444176673889160156250000000
 0.000467475180793975621500874195746177974797319620847702026367,-0.642026124030312006496501453511882573366165161132812500000000, 0.542126579344074710498091462795855477452278137207031250000000, 0.542126579344074599475789000280201435089111328125000000000000, 0.997830529591237191944230744411470368504524230957031250000000, 2.440358929766705653463532144087366759777069091796875000000000
 0.000467475180793975621500874195746177974797319620847702026367, 0.642026124030311895474198990996228531002998352050781250000000, 0.542126579344074821520393925311509519815444946289062500000000,-0.542126579344074599475789000280201435089111328125000000000000, 2.143762123998556035076035186648368835449218750000000000000000, 0.701233723823087573556733786972472444176673889160156250000000
 0.000467475180793975621500874195746177974797319620847702026367,-0.642026124030312006496501453511882573366165161132812500000000, 0.542126579344074710498091462795855477452278137207031250000000,-0.542126579344074599475789000280201435089111328125000000000000, 2.143762123998556035076035186648368835449218750000000000000000, 2.440358929766705653463532144087366759777069091796875000000000
 0.000467475180793975621500874195746177974797319620847702026367, 0.642026124030311895474198990996228531002998352050781250000000,-0.542126579344074821520393925311509519815444946289062500000000, 0.542126579344074599475789000280201435089111328125000000000000, 0.997830529591237191944230744411470368504524230957031250000000, 5.581951583356498325372285762568935751914978027343750000000000
 0.000467475180793975621500874195746177974797319620847702026367,-0.642026124030312006496501453511882573366165161132812500000000,-0.542126579344074710498091462795855477452278137207031250000000, 0.542126579344074599475789000280201435089111328125000000000000, 0.997830529591237191944230744411470368504524230957031250000000, 3.842826377412880578532394793001003563404083251953125000000000
 0.000467475180793975621500874195746177974797319620847702026367, 0.642026124030311895474198990996228531002998352050781250000000,-0.542126579344074821520393925311509519815444946289062500000000,-0.542126579344074599475789000280201435089111328125000000000000, 2.143762123998556035076035186648368835449218750000000000000000, 5.581951583356498325372285762568935751914978027343750000000000
 0.000467475180793975621500874195746177974797319620847702026367,-0.642026124030312006496501453511882573366165161132812500000000,-0.542126579344074710498091462795855477452278137207031250000000,-0.542126579344074599475789000280201435089111328125000000000000, 2.143762123998556035076035186648368835449218750000000000000000, 3.842826377412880578532394793001003563404083251953125000000000
 0.000467641490392975607299358431490077236958313733339309692383, 0.609266023055731076318863870255881920456886291503906250000000, 0.609266023055731076318863870255881920456886291503906250000000, 0.507533079020182409379913224256597459316253662109375000000000, 1.038477037425196369824220710142981261014938354492187500000000, 0.785398163397448278999490867136046290397644042968750000000000
 0.000467641490392975607299358431490077236958313733339309692383, 0.609266023055730965296561407740227878093719482421875000000000, 0.609266023055730965296561407740227878093719482421875000000000,-0.507533079020182631424518149287905544042587280273437500000000, 2.103115616164597412307557533495128154754638671875000000000000, 0.785398163397448278999490867136046290397644042968750000000000
 0.000467641490392975607299358431490077236958313733339309692383, 0.609266023055731076318863870255881920456886291503906250000000,-0.609266023055731076318863870255881920456886291503906250000000, 0.507533079020182409379913224256597459316253662109375000000000, 1.038477037425196369824220710142981261014938354492187500000000, 5.497787143782137952996436069952324032783508300781250000000000
 0.000467641490392975607299358431490077236958313733339309692383, 0.609266023055730965296561407740227878093719482421875000000000,-0.609266023055730965296561407740227878093719482421875000000000,-0.507533079020182631424518149287905544042587280273437500000000, 2.103115616164597412307557533495128154754638671875000000000000, 5.497787143782137952996436069952324032783508300781250000000000
 0.000467641490392975607299358431490077236958313733339309692383,-0.609266023055731076318863870255881920456886291503906250000000, 0.609266023055731076318863870255881920456886291503906250000000, 0.507533079020182409379913224256597459316253662109375000000000, 1.038477037425196369824220710142981261014938354492187500000000, 2.356194490192344836998472601408138871192932128906250000000000
 0.000467641490392975607299358431490077236958313733339309692383,-0.609266023055730965296561407740227878093719482421875000000000, 0.609266023055730965296561407740227878093719482421875000000000,-0.507533079020182631424518149287905544042587280273437500000000, 2.103115616164597412307557533495128154754638671875000000000000, 2.356194490192344836998472601408138871192932128906250000000000
 0.000467641490392975607299358431490077236958313733339309692383,-0.609266023055731076318863870255881920456886291503906250000000,-0.609266023055731076318863870255881920456886291503906250000000, 0.507533079020182409379913224256597459316253662109375000000000, 1.038477037425196369824220710142981261014938354492187500000000, 3.926990816987241394997454335680231451988220214843750000000000
 0.000467641490392975607299358431490077236958313733339309692383,-0.609266023055730965296561407740227878093719482421875000000000,-0.609266023055730965296561407740227878093719482421875000000000,-0.507533079020182631424518149287905544042587280273437500000000, 2.103115616164597412307557533495128154754638671875000000000000, 3.926990816987241394997454335680231451988220214843750000000000
 0.000467641490392975607299358431490077236958313733339309692383, 0.609266023055730965296561407740227878093719482421875000000000, 0.507533079020182631424518149287905544042587280273437500000000, 0.609266023055730965296561407740227878093719482421875000000000, 0.915661675098306315767615615186514332890510559082031250000000, 0.694555554840781796954729543358553200960159301757812500000000
 0.000467641490392975607299358431490077236958313733339309692383, 0.609266023055730965296561407740227878093719482421875000000000,-0.507533079020182631424518149287905544042587280273437500000000, 0.609266023055730965296561407740227878093719482421875000000000, 0.915661675098306315767615615186514332890510559082031250000000, 5.588629752338804657085802318761125206947326660156250000000000
 0.000467641490392975607299358431490077236958313733339309692383, 0.609266023055730854274258945224573835730552673339843750000000, 0.507533079020182631424518149287905544042587280273437500000000,-0.609266023055731187341166332771535962820053100585937500000000, 2.225930978491486911252650315873324871063232421875000000000000, 0.694555554840781907977032005874207243323326110839843750000000
 0.000467641490392975607299358431490077236958313733339309692383, 0.609266023055730854274258945224573835730552673339843750000000,-0.507533079020182631424518149287905544042587280273437500000000,-0.609266023055731187341166332771535962820053100585937500000000, 2.225930978491486911252650315873324871063232421875000000000000, 5.588629752338804657085802318761125206947326660156250000000000
 0.000467641490392975607299358431490077236958313733339309692383,-0.609266023055731076318863870255881920456886291503906250000000, 0.507533079020182631424518149287905544042587280273437500000000, 0.609266023055730965296561407740227878093719482421875000000000, 0.915661675098306537812220540217822417616844177246093750000000, 2.447037098749011541087838850216940045356750488281250000000000
 0.000467641490392975607299358431490077236958313733339309692383,-0.609266023055731076318863870255881920456886291503906250000000,-0.507533079020182631424518149287905544042587280273437500000000, 0.609266023055730965296561407740227878093719482421875000000000, 0.915661675098306537812220540217822417616844177246093750000000, 3.836148208430574690908088086871430277824401855468750000000000
 0.000467641490392975607299358431490077236958313733339309692383,-0.609266023055730965296561407740227878093719482421875000000000, 0.507533079020182520402215686772251501679420471191406250000000,-0.609266023055731187341166332771535962820053100585937500000000, 2.225930978491486911252650315873324871063232421875000000000000, 2.447037098749011541087838850216940045356750488281250000000000
 0.000467641490392975607299358431490077236958313733339309692383,-0.609266023055730965296561407740227878093719482421875000000000,-0.507533079020182520402215686772251501679420471191406250000000,-0.609266023055731187341166332771535962820053100585937500000000, 2.225930978491486911252650315873324871063232421875000000000000, 3.836148208430574690908088086871430277824401855468750000000000
 0.000467641490392975607299358431490077236958313733339309692383, 0.507533079020182631424518149287905544042587280273437500000000, 0.609266023055731076318863870255881920456886291503906250000000, 0.609266023055730965296561407740227878093719482421875000000000, 0.915661675098306537812220540217822417616844177246093750000000, 0.876240771954114872066554653429193422198295593261718750000000
 0.000467641490392975607299358431490077236958313733339309692383,-0.507533079020182631424518149287905544042587280273437500000000, 0.609266023055731076318863870255881920456886291503906250000000, 0.609266023055730965296561407740227878093719482421875000000000, 0.915661675098306537812220540217822417616844177246093750000000, 2.265351881635678132909106352599337697029113769531250000000000
 0.000467641490392975607299358431490077236958313733339309692383, 0.507533079020182520402215686772251501679420471191406250000000, 0.609266023055730965296561407740227878093719482421875000000000,-0.609266023055731187341166332771535962820053100585937500000000, 2.225930978491486911252650315873324871063232421875000000000000, 0.876240771954114872066554653429193422198295593261718750000000
 0.000467641490392975607299358431490077236958313733339309692383,-0.507533079020182520402215686772251501679420471191406250000000, 0.609266023055730965296561407740227878093719482421875000000000,-0.609266023055731187341166332771535962820053100585937500000000, 2.225930978491486911252650315873324871063232421875000000000000, 2.265351881635678132909106352599337697029113769531250000000000
 0.000467641490392975607299358431490077236958313733339309692383, 0.507533079020182631424518149287905544042587280273437500000000,-0.609266023055731076318863870255881920456886291503906250000000, 0.609266023055730965296561407740227878093719482421875000000000, 0.915661675098306537812220540217822417616844177246093750000000, 5.406944535225471248907069821143522858619689941406250000000000
 0.000467641490392975607299358431490077236958313733339309692383,-0.507533079020182631424518149287905544042587280273437500000000,-0.609266023055731076318863870255881920456886291503906250000000, 0.609266023055730965296561407740227878093719482421875000000000, 0.915661675098306537812220540217822417616844177246093750000000, 4.017833425543908099086820584489032626152038574218750000000000
 0.000467641490392975607299358431490077236958313733339309692383, 0.507533079020182520402215686772251501679420471191406250000000,-0.609266023055730965296561407740227878093719482421875000000000,-0.609266023055731187341166332771535962820053100585937500000000, 2.225930978491486911252650315873324871063232421875000000000000, 5.406944535225471248907069821143522858619689941406250000000000
 0.000467641490392975607299358431490077236958313733339309692383,-0.507533079020182520402215686772251501679420471191406250000000,-0.609266023055730965296561407740227878093719482421875000000000,-0.609266023055731187341166332771535962820053100585937500000000, 2.225930978491486911252650315873324871063232421875000000000000, 4.017833425543908099086820584489032626152038574218750000000000
 0.000467408649234975616480053384194093268888536840677261352539, 0.637465420498486867728615834494121372699737548828125000000000, 0.637465420498486867728615834494121372699737548828125000000000, 0.432753596562032716299484036426292732357978820800781250000000, 1.123251361580957619068499298009555786848068237304687500000000, 0.785398163397448278999490867136046290397644042968750000000000
 0.000467408649234975616480053384194093268888536840677261352539, 0.637465420498486756706313371978467330336570739746093750000000, 0.637465420498486756706313371978467330336570739746093750000000,-0.432753596562032882832937730199773795902729034423828125000000, 2.018341292008835718974069095565937459468841552734375000000000, 0.785398163397448278999490867136046290397644042968750000000000
 0.000467408649234975616480053384194093268888536840677261352539, 0.637465420498486867728615834494121372699737548828125000000000,-0.637465420498486867728615834494121372699737548828125000000000, 0.432753596562032716299484036426292732357978820800781250000000, 1.123251361580957619068499298009555786848068237304687500000000, 5.497787143782137952996436069952324032783508300781250000000000
 0.000467408649234975616480053384194093268888536840677261352539, 0.637465420498486756706313371978467330336570739746093750000000,-0.637465420498486756706313371978467330336570739746093750000000,-0.432753596562032882832937730199773795902729034423828125000000, 2.018341292008835718974069095565937459468841552734375000000000, 5.497787143782137952996436069952324032783508300781250000000000
 0.000467408649234975616480053384194093268888536840677261352539,-0.637465420498486867728615834494121372699737548828125000000000, 0.637465420498486867728615834494121372699737548828125000000000, 0.432753596562032716299484036426292732357978820800781250000000, 1.123251361580957619068499298009555786848068237304687500000000, 2.356194490192344836998472601408138871192932128906250000000000
 0.000467408649234975616480053384194093268888536840677261352539,-0.637465420498486756706313371978467330336570739746093750000000, 0.637465420498486756706313371978467330336570739746093750000000,-0.432753596562032882832937730199773795902729034423828125000000, 2.018341292008835718974069095565937459468841552734375000000000, 2.356194490192344836998472601408138871192932128906250000000000
 0.000467408649234975616480053384194093268888536840677261352539,-0.637465420498486867728615834494121372699737548828125000000000,-0.637465420498486867728615834494121372699737548828125000000000, 0.432753596562032716299484036426292732357978820800781250000000, 1.123251361580957619068499298009555786848068237304687500000000, 3.926990816987241394997454335680231451988220214843750000000000
 0.000467408649234975616480053384194093268888536840677261352539,-0.637465420498486756706313371978467330336570739746093750000000,-0.637465420498486756706313371978467330336570739746093750000000,-0.432753596562032882832937730199773795902729034423828125000000, 2.018341292008835718974069095565937459468841552734375000000000, 3.926990816987241394997454335680231451988220214843750000000000
 0.000467408649234975616480053384194093268888536840677261352539, 0.637465420498486867728615834494121372699737548828125000000000, 0.432753596562032882832937730199773795902729034423828125000000, 0.637465420498486867728615834494121372699737548828125000000000, 0.879592171481132556465354355168528854846954345703125000000000, 0.596400807654323461548528939601965248584747314453125000000000
 0.000467408649234975616480053384194093268888536840677261352539, 0.637465420498486867728615834494121372699737548828125000000000,-0.432753596562032882832937730199773795902729034423828125000000, 0.637465420498486867728615834494121372699737548828125000000000, 0.879592171481132556465354355168528854846954345703125000000000, 5.686784499525263214536607847549021244049072265625000000000000
 0.000467408649234975616480053384194093268888536840677261352539, 0.637465420498486867728615834494121372699737548828125000000000, 0.432753596562032882832937730199773795902729034423828125000000,-0.637465420498486867728615834494121372699737548828125000000000, 2.262000482108660559532609113375656306743621826171875000000000, 0.596400807654323461548528939601965248584747314453125000000000
 0.000467408649234975616480053384194093268888536840677261352539, 0.637465420498486867728615834494121372699737548828125000000000,-0.432753596562032882832937730199773795902729034423828125000000,-0.637465420498486867728615834494121372699737548828125000000000, 2.262000482108660559532609113375656306743621826171875000000000, 5.686784499525263214536607847549021244049072265625000000000000
 0.000467408649234975616480053384194093268888536840677261352539,-0.637465420498486756706313371978467330336570739746093750000000, 0.432753596562032993855240192715427838265895843505859375000000, 0.637465420498486867728615834494121372699737548828125000000000, 0.879592171481132556465354355168528854846954345703125000000000, 2.545191845935469654449434528942219913005828857421875000000000
 0.000467408649234975616480053384194093268888536840677261352539,-0.637465420498486756706313371978467330336570739746093750000000,-0.432753596562032993855240192715427838265895843505859375000000, 0.637465420498486867728615834494121372699737548828125000000000, 0.879592171481132556465354355168528854846954345703125000000000, 3.737993461244116577546492408146150410175323486328125000000000
 0.000467408649234975616480053384194093268888536840677261352539,-0.637465420498486756706313371978467330336570739746093750000000, 0.432753596562032993855240192715427838265895843505859375000000,-0.637465420498486867728615834494121372699737548828125000000000, 2.262000482108660559532609113375656306743621826171875000000000, 2.545191845935469654449434528942219913005828857421875000000000
 0.000467408649234975616480053384194093268888536840677261352539,-0.637465420498486756706313371978467330336570739746093750000000,-0.432753596562032993855240192715427838265895843505859375000000,-0.637465420498486867728615834494121372699737548828125000000000, 2.262000482108660559532609113375656306743621826171875000000000, 3.737993461244116577546492408146150410175323486328125000000000
 0.000467408649234975616480053384194093268888536840677261352539, 0.432753596562032716299484036426292732357978820800781250000000, 0.637465420498486978750918297009775415062904357910156250000000, 0.637465420498486867728615834494121372699737548828125000000000, 0.879592171481132556465354355168528854846954345703125000000000, 0.974395519140573429517360182217089459300041198730468750000000
 0.000467408649234975616480053384194093268888536840677261352539,-0.432753596562032882832937730199773795902729034423828125000000, 0.637465420498486867728615834494121372699737548828125000000000, 0.637465420498486867728615834494121372699737548828125000000000, 0.879592171481132556465354355168528854846954345703125000000000, 2.167197134449220019547510673874057829380035400390625000000000
 0.000467408649234975616480053384194093268888536840677261352539, 0.432753596562032716299484036426292732357978820800781250000000, 0.637465420498486978750918297009775415062904357910156250000000,-0.637465420498486867728615834494121372699737548828125000000000, 2.262000482108660559532609113375656306743621826171875000000000, 0.974395519140573429517360182217089459300041198730468750000000
 0.000467408649234975616480053384194093268888536840677261352539,-0.432753596562032882832937730199773795902729034423828125000000, 0.637465420498486867728615834494121372699737548828125000000000,-0.637465420498486867728615834494121372699737548828125000000000, 2.262000482108660559532609113375656306743621826171875000000000, 2.167197134449220019547510673874057829380035400390625000000000
 0.000467408649234975616480053384194093268888536840677261352539, 0.432753596562032716299484036426292732357978820800781250000000,-0.637465420498486978750918297009775415062904357910156250000000, 0.637465420498486867728615834494121372699737548828125000000000, 0.879592171481132556465354355168528854846954345703125000000000, 5.308789788039012691456264292355626821517944335937500000000000
 0.000467408649234975616480053384194093268888536840677261352539,-0.432753596562032882832937730199773795902729034423828125000000,-0.637465420498486867728615834494121372699737548828125000000000, 0.637465420498486867728615834494121372699737548828125000000000, 0.879592171481132556465354355168528854846954345703125000000000, 4.115988172730366656537626113276928663253784179687500000000000
 0.000467408649234975616480053384194093268888536840677261352539, 0.432753596562032716299484036426292732357978820800781250000000,-0.637465420498486978750918297009775415062904357910156250000000,-0.637465420498486867728615834494121372699737548828125000000000, 2.262000482108660559532609113375656306743621826171875000000000, 5.308789788039012691456264292355626821517944335937500000000000
 0.000467408649234975616480053384194093268888536840677261352539,-0.432753596562032882832937730199773795902729034423828125000000,-0.637465420498486867728615834494121372699737548828125000000000,-0.637465420498486867728615834494121372699737548828125000000000, 2.262000482108660559532609113375656306743621826171875000000000, 4.115988172730366656537626113276928663253784179687500000000000
 0.000467492853947975607609155446198201389051973819732666015625, 0.661513647260989157139476901647867634892463684082031250000000, 0.661513647260989268161779364163521677255630493164062500000000, 0.353269569839983810233263739064568653702735900878906250000000, 1.209732602644780996570261777378618717193603515625000000000000, 0.785398163397448390021793329651700332760810852050781250000000
 0.000467492853947975607609155446198201389051973819732666015625, 0.661513647260989157139476901647867634892463684082031250000000, 0.661513647260989268161779364163521677255630493164062500000000,-0.353269569839983810233263739064568653702735900878906250000000, 1.931860050945012119427701691165566444396972656250000000000000, 0.785398163397448390021793329651700332760810852050781250000000
 0.000467492853947975607609155446198201389051973819732666015625, 0.661513647260989157139476901647867634892463684082031250000000,-0.661513647260989268161779364163521677255630493164062500000000, 0.353269569839983810233263739064568653702735900878906250000000, 1.209732602644780996570261777378618717193603515625000000000000, 5.497787143782137952996436069952324032783508300781250000000000
 0.000467492853947975607609155446198201389051973819732666015625, 0.661513647260989157139476901647867634892463684082031250000000,-0.661513647260989268161779364163521677255630493164062500000000,-0.353269569839983810233263739064568653702735900878906250000000, 1.931860050945012119427701691165566444396972656250000000000000, 5.497787143782137952996436069952324032783508300781250000000000
 0.000467492853947975607609155446198201389051973819732666015625,-0.661513647260989157139476901647867634892463684082031250000000, 0.661513647260989157139476901647867634892463684082031250000000, 0.353269569839983810233263739064568653702735900878906250000000, 1.209732602644780996570261777378618717193603515625000000000000, 2.356194490192344836998472601408138871192932128906250000000000
 0.000467492853947975607609155446198201389051973819732666015625,-0.661513647260989157139476901647867634892463684082031250000000, 0.661513647260989157139476901647867634892463684082031250000000,-0.353269569839983810233263739064568653702735900878906250000000, 1.931860050945012119427701691165566444396972656250000000000000, 2.356194490192344836998472601408138871192932128906250000000000
 0.000467492853947975607609155446198201389051973819732666015625,-0.661513647260989157139476901647867634892463684082031250000000,-0.661513647260989157139476901647867634892463684082031250000000, 0.353269569839983810233263739064568653702735900878906250000000, 1.209732602644780996570261777378618717193603515625000000000000, 3.926990816987241394997454335680231451988220214843750000000000
 0.000467492853947975607609155446198201389051973819732666015625,-0.661513647260989157139476901647867634892463684082031250000000,-0.661513647260989157139476901647867634892463684082031250000000,-0.353269569839983810233263739064568653702735900878906250000000, 1.931860050945012119427701691165566444396972656250000000000000, 3.926990816987241394997454335680231451988220214843750000000000
 0.000467492853947975607609155446198201389051973819732666015625, 0.661513647260989046117174439132213592529296875000000000000000, 0.353269569839983976766717432838049717247486114501953125000000, 0.661513647260989268161779364163521677255630493164062500000000, 0.847960981814642633658252179884584620594978332519531250000000, 0.490501246897496523402537604852113872766494750976562500000000
 0.000467492853947975607609155446198201389051973819732666015625, 0.661513647260989046117174439132213592529296875000000000000000,-0.353269569839983976766717432838049717247486114501953125000000, 0.661513647260989268161779364163521677255630493164062500000000, 0.847960981814642633658252179884584620594978332519531250000000, 5.792684060282089930637994257267564535140991210937500000000000
 0.000467492853947975607609155446198201389051973819732666015625, 0.661513647260989046117174439132213592529296875000000000000000, 0.353269569839983976766717432838049717247486114501953125000000,-0.661513647260989268161779364163521677255630493164062500000000, 2.293631671775150593362013751175254583358764648437500000000000, 0.490501246897496523402537604852113872766494750976562500000000
 0.000467492853947975607609155446198201389051973819732666015625, 0.661513647260989046117174439132213592529296875000000000000000,-0.353269569839983976766717432838049717247486114501953125000000,-0.661513647260989268161779364163521677255630493164062500000000, 2.293631671775150593362013751175254583358764648437500000000000, 5.792684060282089930637994257267564535140991210937500000000000
 0.000467492853947975607609155446198201389051973819732666015625,-0.661513647260989157139476901647867634892463684082031250000000, 0.353269569839983699210961276548914611339569091796875000000000, 0.661513647260989268161779364163521677255630493164062500000000, 0.847960981814642633658252179884584620594978332519531250000000, 2.651091406692297258729240638785995543003082275390625000000000
 0.000467492853947975607609155446198201389051973819732666015625,-0.661513647260989157139476901647867634892463684082031250000000,-0.353269569839983699210961276548914611339569091796875000000000, 0.661513647260989268161779364163521677255630493164062500000000, 0.847960981814642633658252179884584620594978332519531250000000, 3.632093900487288973266686298302374780178070068359375000000000
 0.000467492853947975607609155446198201389051973819732666015625,-0.661513647260989157139476901647867634892463684082031250000000, 0.353269569839983699210961276548914611339569091796875000000000,-0.661513647260989268161779364163521677255630493164062500000000, 2.293631671775150593362013751175254583358764648437500000000000, 2.651091406692297258729240638785995543003082275390625000000000
 0.000467492853947975607609155446198201389051973819732666015625,-0.661513647260989157139476901647867634892463684082031250000000,-0.353269569839983699210961276548914611339569091796875000000000,-0.661513647260989268161779364163521677255630493164062500000000, 2.293631671775150593362013751175254583358764648437500000000000, 3.632093900487288973266686298302374780178070068359375000000000
 0.000467492853947975607609155446198201389051973819732666015625, 0.353269569839983810233263739064568653702735900878906250000000, 0.661513647260989157139476901647867634892463684082031250000000, 0.661513647260989268161779364163521677255630493164062500000000, 0.847960981814642633658252179884584620594978332519531250000000, 1.080295079897400256641049054451286792755126953125000000000000
 0.000467492853947975607609155446198201389051973819732666015625,-0.353269569839983921255566201580222696065902709960937500000000, 0.661513647260989046117174439132213592529296875000000000000000, 0.661513647260989268161779364163521677255630493164062500000000, 0.847960981814642633658252179884584620594978332519531250000000, 2.061297573692393303446124264155514538288116455078125000000000
 0.000467492853947975607609155446198201389051973819732666015625, 0.353269569839983810233263739064568653702735900878906250000000, 0.661513647260989157139476901647867634892463684082031250000000,-0.661513647260989268161779364163521677255630493164062500000000, 2.293631671775150593362013751175254583358764648437500000000000, 1.080295079897400256641049054451286792755126953125000000000000
 0.000467492853947975607609155446198201389051973819732666015625,-0.353269569839983921255566201580222696065902709960937500000000, 0.661513647260989046117174439132213592529296875000000000000000,-0.661513647260989268161779364163521677255630493164062500000000, 2.293631671775150593362013751175254583358764648437500000000000, 2.061297573692393303446124264155514538288116455078125000000000
 0.000467492853947975607609155446198201389051973819732666015625, 0.353269569839983810233263739064568653702735900878906250000000,-0.661513647260989157139476901647867634892463684082031250000000, 0.661513647260989268161779364163521677255630493164062500000000, 0.847960981814642633658252179884584620594978332519531250000000, 5.202890227282185975354877882637083530426025390625000000000000
 0.000467492853947975607609155446198201389051973819732666015625,-0.353269569839983921255566201580222696065902709960937500000000,-0.661513647260989046117174439132213592529296875000000000000000, 0.661513647260989268161779364163521677255630493164062500000000, 0.847960981814642633658252179884584620594978332519531250000000, 4.221887733487193372639012522995471954345703125000000000000000
 0.000467492853947975607609155446198201389051973819732666015625, 0.353269569839983810233263739064568653702735900878906250000000,-0.661513647260989157139476901647867634892463684082031250000000,-0.661513647260989268161779364163521677255630493164062500000000, 2.293631671775150593362013751175254583358764648437500000000000, 5.202890227282185975354877882637083530426025390625000000000000
 0.000467492853947975607609155446198201389051973819732666015625,-0.353269569839983921255566201580222696065902709960937500000000,-0.661513647260989046117174439132213592529296875000000000000000,-0.661513647260989268161779364163521677255630493164062500000000, 2.293631671775150593362013751175254583358764648437500000000000, 4.221887733487193372639012522995471954345703125000000000000000
 0.000468074897968975616943665407632124697556719183921813964844, 0.680948728595812569075462761247763410210609436035156250000000, 0.680948728595812569075462761247763410210609436035156250000000, 0.269476637294390419796741298341657966375350952148437500000000, 1.297946803913367697091985064616892486810684204101562500000000, 0.785398163397448278999490867136046290397644042968750000000000
 0.000468074897968975616943665407632124697556719183921813964844, 0.680948728595812569075462761247763410210609436035156250000000, 0.680948728595812569075462761247763410210609436035156250000000,-0.269476637294390697352497454630793072283267974853515625000000, 1.843645849676425862995188253989908844232559204101562500000000, 0.785398163397448278999490867136046290397644042968750000000000
 0.000468074897968975616943665407632124697556719183921813964844, 0.680948728595812569075462761247763410210609436035156250000000,-0.680948728595812569075462761247763410210609436035156250000000, 0.269476637294390419796741298341657966375350952148437500000000, 1.297946803913367697091985064616892486810684204101562500000000, 5.497787143782137952996436069952324032783508300781250000000000
 0.000468074897968975616943665407632124697556719183921813964844, 0.680948728595812569075462761247763410210609436035156250000000,-0.680948728595812569075462761247763410210609436035156250000000,-0.269476637294390697352497454630793072283267974853515625000000, 1.843645849676425862995188253989908844232559204101562500000000, 5.497787143782137952996436069952324032783508300781250000000000
 0.000468074897968975616943665407632124697556719183921813964844,-0.680948728595812569075462761247763410210609436035156250000000, 0.680948728595812569075462761247763410210609436035156250000000, 0.269476637294390419796741298341657966375350952148437500000000, 1.297946803913367697091985064616892486810684204101562500000000, 2.356194490192344836998472601408138871192932128906250000000000
 0.000468074897968975616943665407632124697556719183921813964844,-0.680948728595812569075462761247763410210609436035156250000000, 0.680948728595812569075462761247763410210609436035156250000000,-0.269476637294390697352497454630793072283267974853515625000000, 1.843645849676425862995188253989908844232559204101562500000000, 2.356194490192344836998472601408138871192932128906250000000000
 0.000468074897968975616943665407632124697556719183921813964844,-0.680948728595812569075462761247763410210609436035156250000000,-0.680948728595812569075462761247763410210609436035156250000000, 0.269476637294390419796741298341657966375350952148437500000000, 1.297946803913367697091985064616892486810684204101562500000000, 3.926990816987241394997454335680231451988220214843750000000000
 0.000468074897968975616943665407632124697556719183921813964844,-0.680948728595812569075462761247763410210609436035156250000000,-0.680948728595812569075462761247763410210609436035156250000000,-0.269476637294390697352497454630793072283267974853515625000000, 1.843645849676425862995188253989908844232559204101562500000000, 3.926990816987241394997454335680231451988220214843750000000000
 0.000468074897968975616943665407632124697556719183921813964844, 0.680948728595812680097765223763417452573776245117187500000000, 0.269476637294390419796741298341657966375350952148437500000000, 0.680948728595812680097765223763417452573776245117187500000000, 0.821738979756791221298328764532925561070442199707031250000000, 0.376826021980874281691598071120097301900386810302734375000000
 0.000468074897968975616943665407632124697556719183921813964844, 0.680948728595812680097765223763417452573776245117187500000000,-0.269476637294390419796741298341657966375350952148437500000000, 0.680948728595812680097765223763417452573776245117187500000000, 0.821738979756791221298328764532925561070442199707031250000000, 5.906359285198711894793177634710446000099182128906250000000000
 0.000468074897968975616943665407632124697556719183921813964844, 0.680948728595812569075462761247763410210609436035156250000000, 0.269476637294390419796741298341657966375350952148437500000000,-0.680948728595812791120067686279071494936943054199218750000000, 2.319853673833002005721937166526913642883300781250000000000000, 0.376826021980874337202749302377924323081970214843750000000000
 0.000468074897968975616943665407632124697556719183921813964844, 0.680948728595812569075462761247763410210609436035156250000000,-0.269476637294390419796741298341657966375350952148437500000000,-0.680948728595812791120067686279071494936943054199218750000000, 2.319853673833002005721937166526913642883300781250000000000000, 5.906359285198711894793177634710446000099182128906250000000000
 0.000468074897968975616943665407632124697556719183921813964844,-0.680948728595812680097765223763417452573776245117187500000000, 0.269476637294390586330194992115139029920101165771484375000000, 0.680948728595812680097765223763417452573776245117187500000000, 0.821738979756791221298328764532925561070442199707031250000000, 2.764766631608918778795214166166260838508605957031250000000000
 0.000468074897968975616943665407632124697556719183921813964844,-0.680948728595812680097765223763417452573776245117187500000000,-0.269476637294390586330194992115139029920101165771484375000000, 0.680948728595812680097765223763417452573776245117187500000000, 0.821738979756791221298328764532925561070442199707031250000000, 3.518418675570667453200712770922109484672546386718750000000000
 0.000468074897968975616943665407632124697556719183921813964844,-0.680948728595812569075462761247763410210609436035156250000000, 0.269476637294390586330194992115139029920101165771484375000000,-0.680948728595812791120067686279071494936943054199218750000000, 2.319853673833002005721937166526913642883300781250000000000000, 2.764766631608918778795214166166260838508605957031250000000000
 0.000468074897968975616943665407632124697556719183921813964844,-0.680948728595812569075462761247763410210609436035156250000000,-0.269476637294390586330194992115139029920101165771484375000000,-0.680948728595812791120067686279071494936943054199218750000000, 2.319853673833002005721937166526913642883300781250000000000000, 3.518418675570667453200712770922109484672546386718750000000000
 0.000468074897968975616943665407632124697556719183921813964844, 0.269476637294390419796741298341657966375350952148437500000000, 0.680948728595812680097765223763417452573776245117187500000000, 0.680948728595812680097765223763417452573776245117187500000000, 0.821738979756791221298328764532925561070442199707031250000000, 1.193970304814022442840837356925476342439651489257812500000000
 0.000468074897968975616943665407632124697556719183921813964844,-0.269476637294390419796741298341657966375350952148437500000000, 0.680948728595812680097765223763417452573776245117187500000000, 0.680948728595812680097765223763417452573776245117187500000000, 0.821738979756791221298328764532925561070442199707031250000000, 1.947622348775770895201731036650016903877258300781250000000000
 0.000468074897968975616943665407632124697556719183921813964844, 0.269476637294390419796741298341657966375350952148437500000000, 0.680948728595812569075462761247763410210609436035156250000000,-0.680948728595812791120067686279071494936943054199218750000000, 2.319853673833002005721937166526913642883300781250000000000000, 1.193970304814022220796232431894168257713317871093750000000000
 0.000468074897968975616943665407632124697556719183921813964844,-0.269476637294390419796741298341657966375350952148437500000000, 0.680948728595812569075462761247763410210609436035156250000000,-0.680948728595812791120067686279071494936943054199218750000000, 2.319853673833002005721937166526913642883300781250000000000000, 1.947622348775770895201731036650016903877258300781250000000000
 0.000468074897968975616943665407632124697556719183921813964844, 0.269476637294390419796741298341657966375350952148437500000000,-0.680948728595812680097765223763417452573776245117187500000000, 0.680948728595812680097765223763417452573776245117187500000000, 0.821738979756791221298328764532925561070442199707031250000000, 5.089215002365564011199694505194202065467834472656250000000000
 0.000468074897968975616943665407632124697556719183921813964844,-0.269476637294390419796741298341657966375350952148437500000000,-0.680948728595812680097765223763417452573776245117187500000000, 0.680948728595812680097765223763417452573776245117187500000000, 0.821738979756791221298328764532925561070442199707031250000000, 4.335562958403815336794195900438353419303894042968750000000000
 0.000468074897968975616943665407632124697556719183921813964844, 0.269476637294390419796741298341657966375350952148437500000000,-0.680948728595812569075462761247763410210609436035156250000000,-0.680948728595812791120067686279071494936943054199218750000000, 2.319853673833002005721937166526913642883300781250000000000000, 5.089215002365564011199694505194202065467834472656250000000000
 0.000468074897968975616943665407632124697556719183921813964844,-0.269476637294390419796741298341657966375350952148437500000000,-0.680948728595812569075462761247763410210609436035156250000000,-0.680948728595812791120067686279071494936943054199218750000000, 2.319853673833002005721937166526913642883300781250000000000000, 4.335562958403815336794195900438353419303894042968750000000000
 0.000469044980638975625691217130608379193290602415800094604492, 0.695298002166519601985328336013481020927429199218750000000000, 0.695298002166519824029933261044789105653762817382812500000000, 0.181992792072908693423727299887104891240596771240234375000000, 1.387783616924548546478490607114508748054504394531250000000000, 0.785398163397448501044095792167354375123977661132812500000000
 0.000469044980638975625691217130608379193290602415800094604492, 0.695298002166519601985328336013481020927429199218750000000000, 0.695298002166519824029933261044789105653762817382812500000000,-0.181992792072908693423727299887104891240596771240234375000000, 1.753809036665244569519472861429676413536071777343750000000000, 0.785398163397448501044095792167354375123977661132812500000000
 0.000469044980638975625691217130608379193290602415800094604492, 0.695298002166519601985328336013481020927429199218750000000000,-0.695298002166519824029933261044789105653762817382812500000000, 0.181992792072908693423727299887104891240596771240234375000000, 1.387783616924548546478490607114508748054504394531250000000000, 5.497787143782137952996436069952324032783508300781250000000000
 0.000469044980638975625691217130608379193290602415800094604492, 0.695298002166519601985328336013481020927429199218750000000000,-0.695298002166519824029933261044789105653762817382812500000000,-0.181992792072908693423727299887104891240596771240234375000000, 1.753809036665244569519472861429676413536071777343750000000000, 5.497787143782137952996436069952324032783508300781250000000000
 0.000469044980638975625691217130608379193290602415800094604492,-0.695298002166519601985328336013481020927429199218750000000000, 0.695298002166519601985328336013481020927429199218750000000000, 0.181992792072908693423727299887104891240596771240234375000000, 1.387783616924548546478490607114508748054504394531250000000000, 2.356194490192344836998472601408138871192932128906250000000000
 0.000469044980638975625691217130608379193290602415800094604492,-0.695298002166519601985328336013481020927429199218750000000000, 0.695298002166519601985328336013481020927429199218750000000000,-0.181992792072908693423727299887104891240596771240234375000000, 1.753809036665244569519472861429676413536071777343750000000000, 2.356194490192344836998472601408138871192932128906250000000000
 0.000469044980638975625691217130608379193290602415800094604492,-0.695298002166519601985328336013481020927429199218750000000000,-0.695298002166519601985328336013481020927429199218750000000000, 0.181992792072908693423727299887104891240596771240234375000000, 1.387783616924548546478490607114508748054504394531250000000000, 3.926990816987241394997454335680231451988220214843750000000000
 0.000469044980638975625691217130608379193290602415800094604492,-0.695298002166519601985328336013481020927429199218750000000000,-0.695298002166519601985328336013481020927429199218750000000000,-0.181992792072908693423727299887104891240596771240234375000000, 1.753809036665244569519472861429676413536071777343750000000000, 3.926990816987241394997454335680231451988220214843750000000000
 0.000469044980638975625691217130608379193290602415800094604492, 0.695298002166519601985328336013481020927429199218750000000000, 0.181992792072908693423727299887104891240596771240234375000000, 0.695298002166519601985328336013481020927429199218750000000000, 0.801961880992842823800970109004992991685867309570312500000000, 0.256004584314910799136555397126358002424240112304687500000000
 0.000469044980638975625691217130608379193290602415800094604492, 0.695298002166519601985328336013481020927429199218750000000000,-0.181992792072908693423727299887104891240596771240234375000000, 0.695298002166519601985328336013481020927429199218750000000000, 0.801961880992842823800970109004992991685867309570312500000000, 6.027180722864675210814766614930704236030578613281250000000000
 0.000469044980638975625691217130608379193290602415800094604492, 0.695298002166519824029933261044789105653762817382812500000000, 0.181992792072908693423727299887104891240596771240234375000000,-0.695298002166519379940723410982172936201095581054687500000000, 2.339630772596950070152388434507884085178375244140625000000000, 0.256004584314910743625404165868530981242656707763671875000000
 0.000469044980638975625691217130608379193290602415800094604492, 0.695298002166519824029933261044789105653762817382812500000000,-0.181992792072908693423727299887104891240596771240234375000000,-0.695298002166519379940723410982172936201095581054687500000000, 2.339630772596950070152388434507884085178375244140625000000000, 6.027180722864675210814766614930704236030578613281250000000000
 0.000469044980638975625691217130608379193290602415800094604492,-0.695298002166519601985328336013481020927429199218750000000000, 0.181992792072908693423727299887104891240596771240234375000000, 0.695298002166519601985328336013481020927429199218750000000000, 0.801961880992842823800970109004992991685867309570312500000000, 2.885588069274882538906012996449135243892669677734375000000000
 0.000469044980638975625691217130608379193290602415800094604492,-0.695298002166519601985328336013481020927429199218750000000000,-0.181992792072908693423727299887104891240596771240234375000000, 0.695298002166519601985328336013481020927429199218750000000000, 0.801961880992842823800970109004992991685867309570312500000000, 3.397597237904703693089913940639235079288482666015625000000000
 0.000469044980638975625691217130608379193290602415800094604492,-0.695298002166519824029933261044789105653762817382812500000000, 0.181992792072908693423727299887104891240596771240234375000000,-0.695298002166519379940723410982172936201095581054687500000000, 2.339630772596950070152388434507884085178375244140625000000000, 2.885588069274882538906012996449135243892669677734375000000000
 0.000469044980638975625691217130608379193290602415800094604492,-0.695298002166519824029933261044789105653762817382812500000000,-0.181992792072908693423727299887104891240596771240234375000000,-0.695298002166519379940723410982172936201095581054687500000000, 2.339630772596950070152388434507884085178375244140625000000000, 3.397597237904703693089913940639235079288482666015625000000000
 0.000469044980638975625691217130608379193290602415800094604492, 0.181992792072908693423727299887104891240596771240234375000000, 0.695298002166519601985328336013481020927429199218750000000000, 0.695298002166519601985328336013481020927429199218750000000000, 0.801961880992842823800970109004992991685867309570312500000000, 1.314791742479985758862426337145734578371047973632812500000000
 0.000469044980638975625691217130608379193290602415800094604492,-0.181992792072908887712756609289499465376138687133789062500000, 0.695298002166519601985328336013481020927429199218750000000000, 0.695298002166519601985328336013481020927429199218750000000000, 0.801961880992843045845575034036301076412200927734375000000000, 1.826800911109807801224746981461066752672195434570312500000000
 0.000469044980638975625691217130608379193290602415800094604492, 0.181992792072908693423727299887104891240596771240234375000000, 0.695298002166519824029933261044789105653762817382812500000000,-0.695298002166519379940723410982172936201095581054687500000000, 2.339630772596950070152388434507884085178375244140625000000000, 1.314791742479985980907031262177042663097381591796875000000000
 0.000469044980638975625691217130608379193290602415800094604492,-0.181992792072908887712756609289499465376138687133789062500000, 0.695298002166519824029933261044789105653762817382812500000000,-0.695298002166519379940723410982172936201095581054687500000000, 2.339630772596950070152388434507884085178375244140625000000000, 1.826800911109807579180142056429758667945861816406250000000000
 0.000469044980638975625691217130608379193290602415800094604492, 0.181992792072908693423727299887104891240596771240234375000000,-0.695298002166519601985328336013481020927429199218750000000000, 0.695298002166519601985328336013481020927429199218750000000000, 0.801961880992842823800970109004992991685867309570312500000000, 4.968393564699600695178105524973943829536437988281250000000000
 0.000469044980638975625691217130608379193290602415800094604492,-0.181992792072908887712756609289499465376138687133789062500000,-0.695298002166519601985328336013481020927429199218750000000000, 0.695298002166519601985328336013481020927429199218750000000000, 0.801961880992843045845575034036301076412200927734375000000000, 4.456384396069778652815784880658611655235290527343750000000000
 0.000469044980638975625691217130608379193290602415800094604492, 0.181992792072908693423727299887104891240596771240234375000000,-0.695298002166519824029933261044789105653762817382812500000000,-0.695298002166519379940723410982172936201095581054687500000000, 2.339630772596950070152388434507884085178375244140625000000000, 4.968393564699599806999685824848711490631103515625000000000000
 0.000469044980638975625691217130608379193290602415800094604492,-0.181992792072908887712756609289499465376138687133789062500000,-0.695298002166519824029933261044789105653762817382812500000000,-0.695298002166519379940723410982172936201095581054687500000000, 2.339630772596950070152388434507884085178375244140625000000000, 4.456384396069778652815784880658611655235290527343750000000000
 0.000469987707585975541743628092206108703976497054100036621094, 0.704124549769539864740863777115009725093841552734375000000000, 0.704124549769539864740863777115009725093841552734375000000000, 0.091745500291214504562375964269449468702077865600585937500000, 1.478921629268001636248186514421831816434860229492187500000000, 0.785398163397448278999490867136046290397644042968750000000000
 0.000469987707585975541743628092206108703976497054100036621094, 0.704124549769539864740863777115009725093841552734375000000000, 0.704124549769539864740863777115009725093841552734375000000000,-0.091745500291214504562375964269449468702077865600585937500000, 1.662671024321791479749776954122353345155715942382812500000000, 0.785398163397448278999490867136046290397644042968750000000000
 0.000469987707585975541743628092206108703976497054100036621094, 0.704124549769539864740863777115009725093841552734375000000000,-0.704124549769539864740863777115009725093841552734375000000000, 0.091745500291214504562375964269449468702077865600585937500000, 1.478921629268001636248186514421831816434860229492187500000000, 5.497787143782137952996436069952324032783508300781250000000000
 0.000469987707585975541743628092206108703976497054100036621094, 0.704124549769539864740863777115009725093841552734375000000000,-0.704124549769539864740863777115009725093841552734375000000000,-0.091745500291214504562375964269449468702077865600585937500000, 1.662671024321791479749776954122353345155715942382812500000000, 5.497787143782137952996436069952324032783508300781250000000000
 0.000469987707585975541743628092206108703976497054100036621094,-0.704124549769539864740863777115009725093841552734375000000000, 0.704124549769539864740863777115009725093841552734375000000000, 0.091745500291214504562375964269449468702077865600585937500000, 1.478921629268001636248186514421831816434860229492187500000000, 2.356194490192344836998472601408138871192932128906250000000000
 0.000469987707585975541743628092206108703976497054100036621094,-0.704124549769539864740863777115009725093841552734375000000000, 0.704124549769539864740863777115009725093841552734375000000000,-0.091745500291214504562375964269449468702077865600585937500000, 1.662671024321791479749776954122353345155715942382812500000000, 2.356194490192344836998472601408138871192932128906250000000000
 0.000469987707585975541743628092206108703976497054100036621094,-0.704124549769539864740863777115009725093841552734375000000000,-0.704124549769539864740863777115009725093841552734375000000000, 0.091745500291214504562375964269449468702077865600585937500000, 1.478921629268001636248186514421831816434860229492187500000000, 3.926990816987241394997454335680231451988220214843750000000000
 0.000469987707585975541743628092206108703976497054100036621094,-0.704124549769539864740863777115009725093841552734375000000000,-0.704124549769539864740863777115009725093841552734375000000000,-0.091745500291214504562375964269449468702077865600585937500000, 1.662671024321791479749776954122353345155715942382812500000000, 3.926990816987241394997454335680231451988220214843750000000000
 0.000469987707585975541743628092206108703976497054100036621094, 0.704124549769539975763166239630663767457008361816406250000000, 0.091745500291214698851405273671844042837619781494140625000000, 0.704124549769539975763166239630663767457008361816406250000000, 0.789606831507557394012053464393829926848411560058593750000000, 0.129567313784942961252255599902127869427204132080078125000000
 0.000469987707585975541743628092206108703976497054100036621094, 0.704124549769539975763166239630663767457008361816406250000000,-0.091745500291214698851405273671844042837619781494140625000000, 0.704124549769539975763166239630663767457008361816406250000000, 0.789606831507557394012053464393829926848411560058593750000000, 6.153617993394643548299427493475377559661865234375000000000000
 0.000469987707585975541743628092206108703976497054100036621094, 0.704124549769539975763166239630663767457008361816406250000000, 0.091745500291214698851405273671844042837619781494140625000000,-0.704124549769539975763166239630663767457008361816406250000000, 2.351985822082236055052817391697317361831665039062500000000000, 0.129567313784942961252255599902127869427204132080078125000000
 0.000469987707585975541743628092206108703976497054100036621094, 0.704124549769539975763166239630663767457008361816406250000000,-0.091745500291214698851405273671844042837619781494140625000000,-0.704124549769539975763166239630663767457008361816406250000000, 2.351985822082236055052817391697317361831665039062500000000000, 6.153617993394643548299427493475377559661865234375000000000000
 0.000469987707585975541743628092206108703976497054100036621094,-0.704124549769539975763166239630663767457008361816406250000000, 0.091745500291214393540073501753795426338911056518554687500000, 0.704124549769539975763166239630663767457008361816406250000000, 0.789606831507557394012053464393829926848411560058593750000000, 3.012025339804850876390673874993808567523956298828125000000000
 0.000469987707585975541743628092206108703976497054100036621094,-0.704124549769539975763166239630663767457008361816406250000000,-0.091745500291214393540073501753795426338911056518554687500000, 0.704124549769539975763166239630663767457008361816406250000000, 0.789606831507557394012053464393829926848411560058593750000000, 3.271159967374735355605253062094561755657196044921875000000000
 0.000469987707585975541743628092206108703976497054100036621094,-0.704124549769539975763166239630663767457008361816406250000000, 0.091745500291214393540073501753795426338911056518554687500000,-0.704124549769539975763166239630663767457008361816406250000000, 2.351985822082236055052817391697317361831665039062500000000000, 3.012025339804850876390673874993808567523956298828125000000000
 0.000469987707585975541743628092206108703976497054100036621094,-0.704124549769539975763166239630663767457008361816406250000000,-0.091745500291214393540073501753795426338911056518554687500000,-0.704124549769539975763166239630663767457008361816406250000000, 2.351985822082236055052817391697317361831665039062500000000000, 3.271159967374735355605253062094561755657196044921875000000000
 0.000469987707585975541743628092206108703976497054100036621094, 0.091745500291214393540073501753795426338911056518554687500000, 0.704124549769539975763166239630663767457008361816406250000000, 0.704124549769539975763166239630663767457008361816406250000000, 0.789606831507557394012053464393829926848411560058593750000000, 1.441229013009954096347087215690407902002334594726562500000000
 0.000469987707585975541743628092206108703976497054100036621094,-0.091745500291214393540073501753795426338911056518554687500000, 0.704124549769539975763166239630663767457008361816406250000000, 0.704124549769539975763166239630663767457008361816406250000000, 0.789606831507557394012053464393829926848411560058593750000000, 1.700363640579839241695481177885085344314575195312500000000000
 0.000469987707585975541743628092206108703976497054100036621094, 0.091745500291214393540073501753795426338911056518554687500000, 0.704124549769539975763166239630663767457008361816406250000000,-0.704124549769539975763166239630663767457008361816406250000000, 2.351985822082236055052817391697317361831665039062500000000000, 1.441229013009954096347087215690407902002334594726562500000000
 0.000469987707585975541743628092206108703976497054100036621094,-0.091745500291214393540073501753795426338911056518554687500000, 0.704124549769539975763166239630663767457008361816406250000000,-0.704124549769539975763166239630663767457008361816406250000000, 2.351985822082236055052817391697317361831665039062500000000000, 1.700363640579839241695481177885085344314575195312500000000000
 0.000469987707585975541743628092206108703976497054100036621094, 0.091745500291214393540073501753795426338911056518554687500000,-0.704124549769539975763166239630663767457008361816406250000000, 0.704124549769539975763166239630663767457008361816406250000000, 0.789606831507557394012053464393829926848411560058593750000000, 4.841956294169632357693444646429270505905151367187500000000000
 0.000469987707585975541743628092206108703976497054100036621094,-0.091745500291214393540073501753795426338911056518554687500000,-0.704124549769539975763166239630663767457008361816406250000000, 0.704124549769539975763166239630663767457008361816406250000000, 0.789606831507557394012053464393829926848411560058593750000000, 4.582821666599746990300445759203284978866577148437500000000000
 0.000469987707585975541743628092206108703976497054100036621094, 0.091745500291214393540073501753795426338911056518554687500000,-0.704124549769539975763166239630663767457008361816406250000000,-0.704124549769539975763166239630663767457008361816406250000000, 2.351985822082236055052817391697317361831665039062500000000000, 4.841956294169632357693444646429270505905151367187500000000000
 0.000469987707585975541743628092206108703976497054100036621094,-0.091745500291214393540073501753795426338911056518554687500000,-0.704124549769539975763166239630663767457008361816406250000000,-0.704124549769539975763166239630663767457008361816406250000000, 2.351985822082236055052817391697317361831665039062500000000000, 4.582821666599746990300445759203284978866577148437500000000000
 0.000209994228106989049356667642598495149286463856697082519531, 0.067440330883060700672970710911613423377275466918945312500000, 0.997723309224748611256927688373252749443054199218750000000000, 0.000000000000000000000000000000000000000000000000000000000000, 1.570796326794896557998981734272092580795288085937500000000000, 1.503304768997928864138202698086388409137725830078125000000000
 0.000209994228106989049356667642598495149286463856697082519531, 0.067440330883060700672970710911613423377275466918945312500000,-0.997723309224748611256927688373252749443054199218750000000000, 0.000000000000000000000000000000000000000000000000000000000000, 1.570796326794896557998981734272092580795288085937500000000000, 4.779880538181657811946934089064598083496093750000000000000000
 0.000209994228106989049356667642598495149286463856697082519531,-0.067440330883060700672970710911613423377275466918945312500000, 0.997723309224748611256927688373252749443054199218750000000000, 0.000000000000000000000000000000000000000000000000000000000000, 1.570796326794896557998981734272092580795288085937500000000000, 1.638287884591864473904365695489104837179183959960937500000000
 0.000209994228106989049356667642598495149286463856697082519531,-0.067440330883060700672970710911613423377275466918945312500000,-0.997723309224748611256927688373252749443054199218750000000000, 0.000000000000000000000000000000000000000000000000000000000000, 1.570796326794896557998981734272092580795288085937500000000000, 4.644897422587721536046956316567957401275634765625000000000000
 0.000209994228106989049356667642598495149286463856697082519531, 0.997723309224748611256927688373252749443054199218750000000000, 0.067440330883060298217124284292367519810795783996582031250000, 0.000000000000000000000000000000000000000000000000000000000000, 1.570796326794896557998981734272092580795288085937500000000000, 0.067491557796967444060598495525482576340436935424804687500000
 0.000209994228106989049356667642598495149286463856697082519531, 0.997723309224748611256927688373252749443054199218750000000000,-0.067440330883060298217124284292367519810795783996582031250000, 0.000000000000000000000000000000000000000000000000000000000000, 1.570796326794896557998981734272092580795288085937500000000000, 6.215693749382618982224357750965282320976257324218750000000000
 0.000209994228106989049356667642598495149286463856697082519531,-0.997723309224748611256927688373252749443054199218750000000000, 0.067440330883059895761277857673121616244316101074218750000000, 0.000000000000000000000000000000000000000000000000000000000000, 1.570796326794896557998981734272092580795288085937500000000000, 3.074101095792826310315604132483713328838348388671875000000000
 0.000209994228106989049356667642598495149286463856697082519531,-0.997723309224748611256927688373252749443054199218750000000000,-0.067440330883059895761277857673121616244316101074218750000000, 0.000000000000000000000000000000000000000000000000000000000000, 1.570796326794896557998981734272092580795288085937500000000000, 3.209084211386759921680322804604656994342803955078125000000000
 0.000209994228106989049356667642598495149286463856697082519531, 0.067440330883060298217124284292367519810795783996582031250000, 0.000000000000000000000000000000000000000000000000000000000000, 0.997723309224748611256927688373252749443054199218750000000000, 0.067491557796965848115000596862955717369914054870605468750000, 0.000000000000000000000000000000000000000000000000000000000000
 0.000209994228106989049356667642598495149286463856697082519531, 0.067440330883059895761277857673121616244316101074218750000000, 0.000000000000000000000000000000000000000000000000000000000000,-0.997723309224748611256927688373252749443054199218750000000000, 3.074101095792827198494023832608945667743682861328125000000000, 0.000000000000000000000000000000000000000000000000000000000000
 0.000209994228106989049356667642598495149286463856697082519531,-0.067440330883060298217124284292367519810795783996582031250000, 0.000000000000000000000000000000000000000000000000000000000000, 0.997723309224748611256927688373252749443054199218750000000000, 0.067491557796965848115000596862955717369914054870605468750000, 3.141592653589793115997963468544185161590576171875000000000000
 0.000209994228106989049356667642598495149286463856697082519531,-0.067440330883059895761277857673121616244316101074218750000000, 0.000000000000000000000000000000000000000000000000000000000000,-0.997723309224748611256927688373252749443054199218750000000000, 3.074101095792827198494023832608945667743682861328125000000000, 3.141592653589793115997963468544185161590576171875000000000000
 0.000209994228106989049356667642598495149286463856697082519531, 0.997723309224748611256927688373252749443054199218750000000000, 0.000000000000000000000000000000000000000000000000000000000000, 0.067440330883060700672970710911613423377275466918945312500000, 1.503304768997928864138202698086388409137725830078125000000000, 0.000000000000000000000000000000000000000000000000000000000000
 0.000209994228106989049356667642598495149286463856697082519531, 0.997723309224748611256927688373252749443054199218750000000000, 0.000000000000000000000000000000000000000000000000000000000000,-0.067440330883060700672970710911613423377275466918945312500000, 1.638287884591864473904365695489104837179183959960937500000000, 0.000000000000000000000000000000000000000000000000000000000000
 0.000209994228106989049356667642598495149286463856697082519531,-0.997723309224748611256927688373252749443054199218750000000000, 0.000000000000000000000000000000000000000000000000000000000000, 0.067440330883060700672970710911613423377275466918945312500000, 1.503304768997928864138202698086388409137725830078125000000000, 3.141592653589793115997963468544185161590576171875000000000000
 0.000209994228106989049356667642598495149286463856697082519531,-0.997723309224748611256927688373252749443054199218750000000000, 0.000000000000000000000000000000000000000000000000000000000000,-0.067440330883060700672970710911613423377275466918945312500000, 1.638287884591864473904365695489104837179183959960937500000000, 3.141592653589793115997963468544185161590576171875000000000000
 0.000209994228106989049356667642598495149286463856697082519531, 0.000000000000000000000000000000000000000000000000000000000000, 0.067440330883060298217124284292367519810795783996582031250000, 0.997723309224748611256927688373252749443054199218750000000000, 0.067491557796965848115000596862955717369914054870605468750000, 1.570796326794896557998981734272092580795288085937500000000000
 0.000209994228106989049356667642598495149286463856697082519531, 0.000000000000000000000000000000000000000000000000000000000000, 0.067440330883059895761277857673121616244316101074218750000000,-0.997723309224748611256927688373252749443054199218750000000000, 3.074101095792827198494023832608945667743682861328125000000000, 1.570796326794896557998981734272092580795288085937500000000000
 0.000209994228106989049356667642598495149286463856697082519531, 0.000000000000000000000000000000000000000000000000000000000000,-0.067440330883060298217124284292367519810795783996582031250000, 0.997723309224748611256927688373252749443054199218750000000000, 0.067491557796965848115000596862955717369914054870605468750000, 4.712388980384689673996945202816277742385864257812500000000000
 0.000209994228106989049356667642598495149286463856697082519531, 0.000000000000000000000000000000000000000000000000000000000000,-0.067440330883059895761277857673121616244316101074218750000000,-0.997723309224748611256927688373252749443054199218750000000000, 3.074101095792827198494023832608945667743682861328125000000000, 4.712388980384689673996945202816277742385864257812500000000000
 0.000209994228106989049356667642598495149286463856697082519531, 0.000000000000000000000000000000000000000000000000000000000000, 0.997723309224748611256927688373252749443054199218750000000000, 0.067440330883060700672970710911613423377275466918945312500000, 1.503304768997928864138202698086388409137725830078125000000000, 1.570796326794896557998981734272092580795288085937500000000000
 0.000209994228106989049356667642598495149286463856697082519531, 0.000000000000000000000000000000000000000000000000000000000000, 0.997723309224748611256927688373252749443054199218750000000000,-0.067440330883060700672970710911613423377275466918945312500000, 1.638287884591864473904365695489104837179183959960937500000000, 1.570796326794896557998981734272092580795288085937500000000000
 0.000209994228106989049356667642598495149286463856697082519531, 0.000000000000000000000000000000000000000000000000000000000000,-0.997723309224748611256927688373252749443054199218750000000000, 0.067440330883060700672970710911613423377275466918945312500000, 1.503304768997928864138202698086388409137725830078125000000000, 4.712388980384689673996945202816277742385864257812500000000000
 0.000209994228106989049356667642598495149286463856697082519531, 0.000000000000000000000000000000000000000000000000000000000000,-0.997723309224748611256927688373252749443054199218750000000000,-0.067440330883060700672970710911613423377275466918945312500000, 1.638287884591864473904365695489104837179183959960937500000000, 4.712388980384689673996945202816277742385864257812500000000000
 0.000317226915070983439114832291849666034977417439222335815430, 0.167868448533416397827622290606086608022451400756835937500000, 0.985809405507466096629798357753315940499305725097656250000000, 0.000000000000000000000000000000000000000000000000000000000000, 1.570796326794896557998981734272092580795288085937500000000000, 1.402129292426446793840000282216351479291915893554687500000000
 0.000317226915070983439114832291849666034977417439222335815430, 0.167868448533416397827622290606086608022451400756835937500000,-0.985809405507466096629798357753315940499305725097656250000000, 0.000000000000000000000000000000000000000000000000000000000000, 1.570796326794896557998981734272092580795288085937500000000000, 4.881056014753139216111321729840710759162902832031250000000000
 0.000317226915070983439114832291849666034977417439222335815430,-0.167868448533416592116651600008481182157993316650390625000000, 0.985809405507466096629798357753315940499305725097656250000000, 0.000000000000000000000000000000000000000000000000000000000000, 1.570796326794896557998981734272092580795288085937500000000000, 1.739463361163346766247173036390449851751327514648437500000000
 0.000317226915070983439114832291849666034977417439222335815430,-0.167868448533416592116651600008481182157993316650390625000000,-0.985809405507466096629798357753315940499305725097656250000000, 0.000000000000000000000000000000000000000000000000000000000000, 1.570796326794896557998981734272092580795288085937500000000000, 4.543721946016239243704148975666612386703491210937500000000000
 0.000317226915070983439114832291849666034977417439222335815430, 0.985809405507466096629798357753315940499305725097656250000000, 0.167868448533416397827622290606086608022451400756835937500000, 0.000000000000000000000000000000000000000000000000000000000000, 1.570796326794896557998981734272092580795288085937500000000000, 0.168667034368449902936859530200308654457330703735351562500000
 0.000317226915070983439114832291849666034977417439222335815430, 0.985809405507466096629798357753315940499305725097656250000000,-0.167868448533416397827622290606086608022451400756835937500000, 0.000000000000000000000000000000000000000000000000000000000000, 1.570796326794896557998981734272092580795288085937500000000000, 6.114518272811136689881550410063937306404113769531250000000000
 0.000317226915070983439114832291849666034977417439222335815430,-0.985809405507466096629798357753315940499305725097656250000000, 0.167868448533416397827622290606086608022451400756835937500000, 0.000000000000000000000000000000000000000000000000000000000000, 1.570796326794896557998981734272092580795288085937500000000000, 2.972925619221343129794377091457135975360870361328125000000000
 0.000317226915070983439114832291849666034977417439222335815430,-0.985809405507466096629798357753315940499305725097656250000000,-0.167868448533416397827622290606086608022451400756835937500000, 0.000000000000000000000000000000000000000000000000000000000000, 1.570796326794896557998981734272092580795288085937500000000000, 3.310259687958243102201549845631234347820281982421875000000000
 0.000317226915070983439114832291849666034977417439222335815430, 0.167868448533416397827622290606086608022451400756835937500000, 0.000000000000000000000000000000000000000000000000000000000000, 0.985809405507466096629798357753315940499305725097656250000000, 0.168667034368449902936859530200308654457330703735351562500000, 0.000000000000000000000000000000000000000000000000000000000000
 0.000317226915070983439114832291849666034977417439222335815430, 0.167868448533416397827622290606086608022451400756835937500000, 0.000000000000000000000000000000000000000000000000000000000000,-0.985809405507466096629798357753315940499305725097656250000000, 2.972925619221343129794377091457135975360870361328125000000000, 0.000000000000000000000000000000000000000000000000000000000000
 0.000317226915070983439114832291849666034977417439222335815430,-0.167868448533416397827622290606086608022451400756835937500000, 0.000000000000000000000000000000000000000000000000000000000000, 0.985809405507466096629798357753315940499305725097656250000000, 0.168667034368449902936859530200308654457330703735351562500000, 3.141592653589793115997963468544185161590576171875000000000000
 0.000317226915070983439114832291849666034977417439222335815430,-0.167868448533416397827622290606086608022451400756835937500000, 0.000000000000000000000000000000000000000000000000000000000000,-0.985809405507466096629798357753315940499305725097656250000000, 2.972925619221343129794377091457135975360870361328125000000000, 3.141592653589793115997963468544185161590576171875000000000000
 0.000317226915070983439114832291849666034977417439222335815430, 0.985809405507466096629798357753315940499305725097656250000000, 0.000000000000000000000000000000000000000000000000000000000000, 0.167868448533416397827622290606086608022451400756835937500000, 1.402129292426446793840000282216351479291915893554687500000000, 0.000000000000000000000000000000000000000000000000000000000000
 0.000317226915070983439114832291849666034977417439222335815430, 0.985809405507466096629798357753315940499305725097656250000000, 0.000000000000000000000000000000000000000000000000000000000000,-0.167868448533416592116651600008481182157993316650390625000000, 1.739463361163346766247173036390449851751327514648437500000000, 0.000000000000000000000000000000000000000000000000000000000000
 0.000317226915070983439114832291849666034977417439222335815430,-0.985809405507466096629798357753315940499305725097656250000000, 0.000000000000000000000000000000000000000000000000000000000000, 0.167868448533416397827622290606086608022451400756835937500000, 1.402129292426446793840000282216351479291915893554687500000000, 3.141592653589793115997963468544185161590576171875000000000000
 0.000317226915070983439114832291849666034977417439222335815430,-0.985809405507466096629798357753315940499305725097656250000000, 0.000000000000000000000000000000000000000000000000000000000000,-0.167868448533416592116651600008481182157993316650390625000000, 1.739463361163346766247173036390449851751327514648437500000000, 3.141592653589793115997963468544185161590576171875000000000000
 0.000317226915070983439114832291849666034977417439222335815430, 0.000000000000000000000000000000000000000000000000000000000000, 0.167868448533416397827622290606086608022451400756835937500000, 0.985809405507466096629798357753315940499305725097656250000000, 0.168667034368449902936859530200308654457330703735351562500000, 1.570796326794896557998981734272092580795288085937500000000000
 0.000317226915070983439114832291849666034977417439222335815430, 0.000000000000000000000000000000000000000000000000000000000000, 0.167868448533416397827622290606086608022451400756835937500000,-0.985809405507466096629798357753315940499305725097656250000000, 2.972925619221343129794377091457135975360870361328125000000000, 1.570796326794896557998981734272092580795288085937500000000000
 0.000317226915070983439114832291849666034977417439222335815430, 0.000000000000000000000000000000000000000000000000000000000000,-0.167868448533416397827622290606086608022451400756835937500000, 0.985809405507466096629798357753315940499305725097656250000000, 0.168667034368449902936859530200308654457330703735351562500000, 4.712388980384689673996945202816277742385864257812500000000000
 0.000317226915070983439114832291849666034977417439222335815430, 0.000000000000000000000000000000000000000000000000000000000000,-0.167868448533416397827622290606086608022451400756835937500000,-0.985809405507466096629798357753315940499305725097656250000000, 2.972925619221343129794377091457135975360870361328125000000000, 4.712388980384689673996945202816277742385864257812500000000000
 0.000317226915070983439114832291849666034977417439222335815430, 0.000000000000000000000000000000000000000000000000000000000000, 0.985809405507466096629798357753315940499305725097656250000000, 0.167868448533416397827622290606086608022451400756835937500000, 1.402129292426446793840000282216351479291915893554687500000000, 1.570796326794896557998981734272092580795288085937500000000000
 0.000317226915070983439114832291849666034977417439222335815430, 0.000000000000000000000000000000000000000000000000000000000000, 0.985809405507466096629798357753315940499305725097656250000000,-0.167868448533416592116651600008481182157993316650390625000000, 1.739463361163346766247173036390449851751327514648437500000000, 1.570796326794896557998981734272092580795288085937500000000000
 0.000317226915070983439114832291849666034977417439222335815430, 0.000000000000000000000000000000000000000000000000000000000000,-0.985809405507466096629798357753315940499305725097656250000000, 0.167868448533416397827622290606086608022451400756835937500000, 1.402129292426446793840000282216351479291915893554687500000000, 4.712388980384689673996945202816277742385864257812500000000000
 0.000317226915070983439114832291849666034977417439222335815430, 0.000000000000000000000000000000000000000000000000000000000000,-0.985809405507466096629798357753315940499305725097656250000000,-0.167868448533416592116651600008481182157993316650390625000000, 1.739463361163346766247173036390449851751327514648437500000000, 4.712388980384689673996945202816277742385864257812500000000000
 0.000383205135854980004014858074867788673145696520805358886719, 0.279355904953961509118443018451216630637645721435546875000000, 0.960187626647705405602550854382570832967758178710937500000000, 0.000000000000000000000000000000000000000000000000000000000000, 1.570796326794896557998981734272092580795288085937500000000000, 1.287673084342445095629159368399996310472488403320312500000000
 0.000383205135854980004014858074867788673145696520805358886719, 0.279355904953961509118443018451216630637645721435546875000000,-0.960187626647705405602550854382570832967758178710937500000000, 0.000000000000000000000000000000000000000000000000000000000000, 1.570796326794896557998981734272092580795288085937500000000000, 4.995512222837141358411372493719682097434997558593750000000000
 0.000383205135854980004014858074867788673145696520805358886719,-0.279355904953961176051535630904254503548145294189453125000000, 0.960187626647705405602550854382570832967758178710937500000000, 0.000000000000000000000000000000000000000000000000000000000000, 1.570796326794896557998981734272092580795288085937500000000000, 1.853919569247347798324199175112880766391754150390625000000000
 0.000383205135854980004014858074867788673145696520805358886719,-0.279355904953961176051535630904254503548145294189453125000000,-0.960187626647705405602550854382570832967758178710937500000000, 0.000000000000000000000000000000000000000000000000000000000000, 1.570796326794896557998981734272092580795288085937500000000000, 4.429265737932238877760937612038105726242065429687500000000000
 0.000383205135854980004014858074867788673145696520805358886719, 0.960187626647705405602550854382570832967758178710937500000000, 0.279355904953961398096140555935562588274478912353515625000000, 0.000000000000000000000000000000000000000000000000000000000000, 1.570796326794896557998981734272092580795288085937500000000000, 0.283123242452451295836368672098615206778049468994140625000000
 0.000383205135854980004014858074867788673145696520805358886719, 0.960187626647705405602550854382570832967758178710937500000000,-0.279355904953961398096140555935562588274478912353515625000000, 0.000000000000000000000000000000000000000000000000000000000000, 1.570796326794896557998981734272092580795288085937500000000000, 6.000062064727134547581499646184965968132019042968750000000000
 0.000383205135854980004014858074867788673145696520805358886719,-0.960187626647705405602550854382570832967758178710937500000000, 0.279355904953961509118443018451216630637645721435546875000000, 0.000000000000000000000000000000000000000000000000000000000000, 1.570796326794896557998981734272092580795288085937500000000000, 2.858469411137341875672746027703396975994110107421875000000000
 0.000383205135854980004014858074867788673145696520805358886719,-0.960187626647705405602550854382570832967758178710937500000000,-0.279355904953961509118443018451216630637645721435546875000000, 0.000000000000000000000000000000000000000000000000000000000000, 1.570796326794896557998981734272092580795288085937500000000000, 3.424715896042244356323180909384973347187042236328125000000000
 0.000383205135854980004014858074867788673145696520805358886719, 0.279355904953961398096140555935562588274478912353515625000000, 0.000000000000000000000000000000000000000000000000000000000000, 0.960187626647705405602550854382570832967758178710937500000000, 0.283123242452451295836368672098615206778049468994140625000000, 0.000000000000000000000000000000000000000000000000000000000000
 0.000383205135854980004014858074867788673145696520805358886719, 0.279355904953961509118443018451216630637645721435546875000000, 0.000000000000000000000000000000000000000000000000000000000000,-0.960187626647705405602550854382570832967758178710937500000000, 2.858469411137341875672746027703396975994110107421875000000000, 0.000000000000000000000000000000000000000000000000000000000000
 0.000383205135854980004014858074867788673145696520805358886719,-0.279355904953961398096140555935562588274478912353515625000000, 0.000000000000000000000000000000000000000000000000000000000000, 0.960187626647705405602550854382570832967758178710937500000000, 0.283123242452451295836368672098615206778049468994140625000000, 3.141592653589793115997963468544185161590576171875000000000000
 0.000383205135854980004014858074867788673145696520805358886719,-0.279355904953961509118443018451216630637645721435546875000000, 0.000000000000000000000000000000000000000000000000000000000000,-0.960187626647705405602550854382570832967758178710937500000000, 2.858469411137341875672746027703396975994110107421875000000000, 3.141592653589793115997963468544185161590576171875000000000000
 0.000383205135854980004014858074867788673145696520805358886719, 0.960187626647705405602550854382570832967758178710937500000000, 0.000000000000000000000000000000000000000000000000000000000000, 0.279355904953961509118443018451216630637645721435546875000000, 1.287673084342445095629159368399996310472488403320312500000000, 0.000000000000000000000000000000000000000000000000000000000000
 0.000383205135854980004014858074867788673145696520805358886719, 0.960187626647705405602550854382570832967758178710937500000000, 0.000000000000000000000000000000000000000000000000000000000000,-0.279355904953961176051535630904254503548145294189453125000000, 1.853919569247347798324199175112880766391754150390625000000000, 0.000000000000000000000000000000000000000000000000000000000000
 0.000383205135854980004014858074867788673145696520805358886719,-0.960187626647705405602550854382570832967758178710937500000000, 0.000000000000000000000000000000000000000000000000000000000000, 0.279355904953961509118443018451216630637645721435546875000000, 1.287673084342445095629159368399996310472488403320312500000000, 3.141592653589793115997963468544185161590576171875000000000000
 0.000383205135854980004014858074867788673145696520805358886719,-0.960187626647705405602550854382570832967758178710937500000000, 0.000000000000000000000000000000000000000000000000000000000000,-0.279355904953961176051535630904254503548145294189453125000000, 1.853919569247347798324199175112880766391754150390625000000000, 3.141592653589793115997963468544185161590576171875000000000000
 0.000383205135854980004014858074867788673145696520805358886719, 0.000000000000000000000000000000000000000000000000000000000000, 0.279355904953961398096140555935562588274478912353515625000000, 0.960187626647705405602550854382570832967758178710937500000000, 0.283123242452451295836368672098615206778049468994140625000000, 1.570796326794896557998981734272092580795288085937500000000000
 0.000383205135854980004014858074867788673145696520805358886719, 0.000000000000000000000000000000000000000000000000000000000000, 0.279355904953961509118443018451216630637645721435546875000000,-0.960187626647705405602550854382570832967758178710937500000000, 2.858469411137341875672746027703396975994110107421875000000000, 1.570796326794896557998981734272092580795288085937500000000000
 0.000383205135854980004014858074867788673145696520805358886719, 0.000000000000000000000000000000000000000000000000000000000000,-0.279355904953961398096140555935562588274478912353515625000000, 0.960187626647705405602550854382570832967758178710937500000000, 0.283123242452451295836368672098615206778049468994140625000000, 4.712388980384689673996945202816277742385864257812500000000000
 0.000383205135854980004014858074867788673145696520805358886719, 0.000000000000000000000000000000000000000000000000000000000000,-0.279355904953961509118443018451216630637645721435546875000000,-0.960187626647705405602550854382570832967758178710937500000000, 2.858469411137341875672746027703396975994110107421875000000000, 4.712388980384689673996945202816277742385864257812500000000000
 0.000383205135854980004014858074867788673145696520805358886719, 0.000000000000000000000000000000000000000000000000000000000000, 0.960187626647705405602550854382570832967758178710937500000000, 0.279355904953961509118443018451216630637645721435546875000000, 1.287673084342445095629159368399996310472488403320312500000000, 1.570796326794896557998981734272092580795288085937500000000000
 0.000383205135854980004014858074867788673145696520805358886719, 0.000000000000000000000000000000000000000000000000000000000000, 0.960187626647705405602550854382570832967758178710937500000000,-0.279355904953961176051535630904254503548145294189453125000000, 1.853919569247347798324199175112880766391754150390625000000000, 1.570796326794896557998981734272092580795288085937500000000000
 0.000383205135854980004014858074867788673145696520805358886719, 0.000000000000000000000000000000000000000000000000000000000000,-0.960187626647705405602550854382570832967758178710937500000000, 0.279355904953961509118443018451216630637645721435546875000000, 1.287673084342445095629159368399996310472488403320312500000000, 4.712388980384689673996945202816277742385864257812500000000000
 0.000383205135854980004014858074867788673145696520805358886719, 0.000000000000000000000000000000000000000000000000000000000000,-0.960187626647705405602550854382570832967758178710937500000000,-0.279355904953961176051535630904254503548145294189453125000000, 1.853919569247347798324199175112880766391754150390625000000000, 4.712388980384689673996945202816277742385864257812500000000000
 0.000425219381814977810066930041799082573561463505029678344727, 0.393526421805764026196072791208280250430107116699218750000000, 0.919313306409056507639832034328719601035118103027343750000000, 0.000000000000000000000000000000000000000000000000000000000000, 1.570796326794896557998981734272092580795288085937500000000000, 1.166331938574418414233946350577753037214279174804687500000000
 0.000425219381814977810066930041799082573561463505029678344727, 0.393526421805764026196072791208280250430107116699218750000000,-0.919313306409056507639832034328719601035118103027343750000000, 0.000000000000000000000000000000000000000000000000000000000000, 1.570796326794896557998981734272092580795288085937500000000000, 5.116853368605167595717375661479309201240539550781250000000000
 0.000425219381814977810066930041799082573561463505029678344727,-0.393526421805764026196072791208280250430107116699218750000000, 0.919313306409056507639832034328719601035118103027343750000000, 0.000000000000000000000000000000000000000000000000000000000000, 1.570796326794896557998981734272092580795288085937500000000000, 1.975260715015374923808622042997740209102630615234375000000000
 0.000425219381814977810066930041799082573561463505029678344727,-0.393526421805764026196072791208280250430107116699218750000000,-0.919313306409056507639832034328719601035118103027343750000000, 0.000000000000000000000000000000000000000000000000000000000000, 1.570796326794896557998981734272092580795288085937500000000000, 4.307924592164210864098095044028013944625854492187500000000000
 0.000425219381814977810066930041799082573561463505029678344727, 0.919313306409056618662134496844373643398284912109375000000000, 0.393526421805763915173770328692626208066940307617187500000000, 0.000000000000000000000000000000000000000000000000000000000000, 1.570796326794896557998981734272092580795288085937500000000000, 0.404464388220478088253884152436512522399425506591796875000000
 0.000425219381814977810066930041799082573561463505029678344727, 0.919313306409056618662134496844373643398284912109375000000000,-0.393526421805763915173770328692626208066940307617187500000000, 0.000000000000000000000000000000000000000000000000000000000000, 1.570796326794896557998981734272092580795288085937500000000000, 5.878720918959108310275496478425338864326477050781250000000000
 0.000425219381814977810066930041799082573561463505029678344727,-0.919313306409056618662134496844373643398284912109375000000000, 0.393526421805763915173770328692626208066940307617187500000000, 0.000000000000000000000000000000000000000000000000000000000000, 1.570796326794896557998981734272092580795288085937500000000000, 2.737128265369315194277533009881153702735900878906250000000000
 0.000425219381814977810066930041799082573561463505029678344727,-0.919313306409056618662134496844373643398284912109375000000000,-0.393526421805763915173770328692626208066940307617187500000000, 0.000000000000000000000000000000000000000000000000000000000000, 1.570796326794896557998981734272092580795288085937500000000000, 3.546057041810271037718393927207216620445251464843750000000000
 0.000425219381814977810066930041799082573561463505029678344727, 0.393526421805763915173770328692626208066940307617187500000000, 0.000000000000000000000000000000000000000000000000000000000000, 0.919313306409056618662134496844373643398284912109375000000000, 0.404464388220478088253884152436512522399425506591796875000000, 0.000000000000000000000000000000000000000000000000000000000000
 0.000425219381814977810066930041799082573561463505029678344727, 0.393526421805763915173770328692626208066940307617187500000000, 0.000000000000000000000000000000000000000000000000000000000000,-0.919313306409056618662134496844373643398284912109375000000000, 2.737128265369315194277533009881153702735900878906250000000000, 0.000000000000000000000000000000000000000000000000000000000000
 0.000425219381814977810066930041799082573561463505029678344727,-0.393526421805763915173770328692626208066940307617187500000000, 0.000000000000000000000000000000000000000000000000000000000000, 0.919313306409056618662134496844373643398284912109375000000000, 0.404464388220478088253884152436512522399425506591796875000000, 3.141592653589793115997963468544185161590576171875000000000000
 0.000425219381814977810066930041799082573561463505029678344727,-0.393526421805763915173770328692626208066940307617187500000000, 0.000000000000000000000000000000000000000000000000000000000000,-0.919313306409056618662134496844373643398284912109375000000000, 2.737128265369315194277533009881153702735900878906250000000000, 3.141592653589793115997963468544185161590576171875000000000000
 0.000425219381814977810066930041799082573561463505029678344727, 0.919313306409056507639832034328719601035118103027343750000000, 0.000000000000000000000000000000000000000000000000000000000000, 0.393526421805764026196072791208280250430107116699218750000000, 1.166331938574418414233946350577753037214279174804687500000000, 0.000000000000000000000000000000000000000000000000000000000000
 0.000425219381814977810066930041799082573561463505029678344727, 0.919313306409056507639832034328719601035118103027343750000000, 0.000000000000000000000000000000000000000000000000000000000000,-0.393526421805764026196072791208280250430107116699218750000000, 1.975260715015374923808622042997740209102630615234375000000000, 0.000000000000000000000000000000000000000000000000000000000000
 0.000425219381814977810066930041799082573561463505029678344727,-0.919313306409056507639832034328719601035118103027343750000000, 0.000000000000000000000000000000000000000000000000000000000000, 0.393526421805764026196072791208280250430107116699218750000000, 1.166331938574418414233946350577753037214279174804687500000000, 3.141592653589793115997963468544185161590576171875000000000000
 0.000425219381814977810066930041799082573561463505029678344727,-0.919313306409056507639832034328719601035118103027343750000000, 0.000000000000000000000000000000000000000000000000000000000000,-0.393526421805764026196072791208280250430107116699218750000000, 1.975260715015374923808622042997740209102630615234375000000000, 3.141592653589793115997963468544185161590576171875000000000000
 0.000425219381814977810066930041799082573561463505029678344727, 0.000000000000000000000000000000000000000000000000000000000000, 0.393526421805763915173770328692626208066940307617187500000000, 0.919313306409056618662134496844373643398284912109375000000000, 0.404464388220478088253884152436512522399425506591796875000000, 1.570796326794896557998981734272092580795288085937500000000000
 0.000425219381814977810066930041799082573561463505029678344727, 0.000000000000000000000000000000000000000000000000000000000000, 0.393526421805763915173770328692626208066940307617187500000000,-0.919313306409056618662134496844373643398284912109375000000000, 2.737128265369315194277533009881153702735900878906250000000000, 1.570796326794896557998981734272092580795288085937500000000000
 0.000425219381814977810066930041799082573561463505029678344727, 0.000000000000000000000000000000000000000000000000000000000000,-0.393526421805763915173770328692626208066940307617187500000000, 0.919313306409056618662134496844373643398284912109375000000000, 0.404464388220478088253884152436512522399425506591796875000000, 4.712388980384689673996945202816277742385864257812500000000000
 0.000425219381814977810066930041799082573561463505029678344727, 0.000000000000000000000000000000000000000000000000000000000000,-0.393526421805763915173770328692626208066940307617187500000000,-0.919313306409056618662134496844373643398284912109375000000000, 2.737128265369315194277533009881153702735900878906250000000000, 4.712388980384689673996945202816277742385864257812500000000000
 0.000425219381814977810066930041799082573561463505029678344727, 0.000000000000000000000000000000000000000000000000000000000000, 0.919313306409056507639832034328719601035118103027343750000000, 0.393526421805764026196072791208280250430107116699218750000000, 1.166331938574418414233946350577753037214279174804687500000000, 1.570796326794896557998981734272092580795288085937500000000000
 0.000425219381814977810066930041799082573561463505029678344727, 0.000000000000000000000000000000000000000000000000000000000000, 0.919313306409056507639832034328719601035118103027343750000000,-0.393526421805764026196072791208280250430107116699218750000000, 1.975260715015374923808622042997740209102630615234375000000000, 1.570796326794896557998981734272092580795288085937500000000000
 0.000425219381814977810066930041799082573561463505029678344727, 0.000000000000000000000000000000000000000000000000000000000000,-0.919313306409056507639832034328719601035118103027343750000000, 0.393526421805764026196072791208280250430107116699218750000000, 1.166331938574418414233946350577753037214279174804687500000000, 4.712388980384689673996945202816277742385864257812500000000000
 0.000425219381814977810066930041799082573561463505029678344727, 0.000000000000000000000000000000000000000000000000000000000000,-0.919313306409056507639832034328719601035118103027343750000000,-0.393526421805764026196072791208280250430107116699218750000000, 1.975260715015374923808622042997740209102630615234375000000000, 4.712388980384689673996945202816277742385864257812500000000000
 0.000451380796374976466910772243679161874752026051282882690430, 0.505262926823255797970091407478321343660354614257812500000000, 0.862965453988742914326337540842359885573387145996093750000000, 0.000000000000000000000000000000000000000000000000000000000000, 1.570796326794896557998981734272092580795288085937500000000000, 1.041109710367225549276781748631037771701812744140625000000000
 0.000451380796374976466910772243679161874752026051282882690430, 0.505262926823255797970091407478321343660354614257812500000000,-0.862965453988742914326337540842359885573387145996093750000000, 0.000000000000000000000000000000000000000000000000000000000000, 1.570796326794896557998981734272092580795288085937500000000000, 5.242075596812361126808355038519948720932006835937500000000000
 0.000451380796374976466910772243679161874752026051282882690430,-0.505262926823255797970091407478321343660354614257812500000000, 0.862965453988742914326337540842359885573387145996093750000000, 0.000000000000000000000000000000000000000000000000000000000000, 1.570796326794896557998981734272092580795288085937500000000000, 2.100482943222567566721181719913147389888763427734375000000000
 0.000451380796374976466910772243679161874752026051282882690430,-0.505262926823255797970091407478321343660354614257812500000000,-0.862965453988742914326337540842359885573387145996093750000000, 0.000000000000000000000000000000000000000000000000000000000000, 1.570796326794896557998981734272092580795288085937500000000000, 4.182702363957018221185535367112606763839721679687500000000000
 0.000451380796374976466910772243679161874752026051282882690430, 0.862965453988742914326337540842359885573387145996093750000000, 0.505262926823255908992393869993975386023521423339843750000000, 0.000000000000000000000000000000000000000000000000000000000000, 1.570796326794896557998981734272092580795288085937500000000000, 0.529686616427671119744502448156708851456642150878906250000000
 0.000451380796374976466910772243679161874752026051282882690430, 0.862965453988742914326337540842359885573387145996093750000000,-0.505262926823255908992393869993975386023521423339843750000000, 0.000000000000000000000000000000000000000000000000000000000000, 1.570796326794896557998981734272092580795288085937500000000000, 5.753498690751914779184517101384699344635009765625000000000000
 0.000451380796374976466910772243679161874752026051282882690430,-0.862965453988742914326337540842359885573387145996093750000000, 0.505262926823255797970091407478321343660354614257812500000000, 0.000000000000000000000000000000000000000000000000000000000000, 1.570796326794896557998981734272092580795288085937500000000000, 2.611906037162122107275763482903130352497100830078125000000000
 0.000451380796374976466910772243679161874752026051282882690430,-0.862965453988742914326337540842359885573387145996093750000000,-0.505262926823255797970091407478321343660354614257812500000000, 0.000000000000000000000000000000000000000000000000000000000000, 1.570796326794896557998981734272092580795288085937500000000000, 3.671279270017464124720163454185239970684051513671875000000000
 0.000451380796374976466910772243679161874752026051282882690430, 0.505262926823255908992393869993975386023521423339843750000000, 0.000000000000000000000000000000000000000000000000000000000000, 0.862965453988742914326337540842359885573387145996093750000000, 0.529686616427671119744502448156708851456642150878906250000000, 0.000000000000000000000000000000000000000000000000000000000000
 0.000451380796374976466910772243679161874752026051282882690430, 0.505262926823255797970091407478321343660354614257812500000000, 0.000000000000000000000000000000000000000000000000000000000000,-0.862965453988742914326337540842359885573387145996093750000000, 2.611906037162122551364973332965746521949768066406250000000000, 0.000000000000000000000000000000000000000000000000000000000000
 0.000451380796374976466910772243679161874752026051282882690430,-0.505262926823255908992393869993975386023521423339843750000000, 0.000000000000000000000000000000000000000000000000000000000000, 0.862965453988742914326337540842359885573387145996093750000000, 0.529686616427671119744502448156708851456642150878906250000000, 3.141592653589793115997963468544185161590576171875000000000000
 0.000451380796374976466910772243679161874752026051282882690430,-0.505262926823255797970091407478321343660354614257812500000000, 0.000000000000000000000000000000000000000000000000000000000000,-0.862965453988742914326337540842359885573387145996093750000000, 2.611906037162122551364973332965746521949768066406250000000000, 3.141592653589793115997963468544185161590576171875000000000000
 0.000451380796374976466910772243679161874752026051282882690430, 0.862965453988742914326337540842359885573387145996093750000000, 0.000000000000000000000000000000000000000000000000000000000000, 0.505262926823255797970091407478321343660354614257812500000000, 1.041109710367225549276781748631037771701812744140625000000000, 0.000000000000000000000000000000000000000000000000000000000000
 0.000451380796374976466910772243679161874752026051282882690430, 0.862965453988742914326337540842359885573387145996093750000000, 0.000000000000000000000000000000000000000000000000000000000000,-0.505262926823255797970091407478321343660354614257812500000000, 2.100482943222567566721181719913147389888763427734375000000000, 0.000000000000000000000000000000000000000000000000000000000000
 0.000451380796374976466910772243679161874752026051282882690430,-0.862965453988742914326337540842359885573387145996093750000000, 0.000000000000000000000000000000000000000000000000000000000000, 0.505262926823255797970091407478321343660354614257812500000000, 1.041109710367225549276781748631037771701812744140625000000000, 3.141592653589793115997963468544185161590576171875000000000000
 0.000451380796374976466910772243679161874752026051282882690430,-0.862965453988742914326337540842359885573387145996093750000000, 0.000000000000000000000000000000000000000000000000000000000000,-0.505262926823255797970091407478321343660354614257812500000000, 2.100482943222567566721181719913147389888763427734375000000000, 3.141592653589793115997963468544185161590576171875000000000000
 0.000451380796374976466910772243679161874752026051282882690430, 0.000000000000000000000000000000000000000000000000000000000000, 0.505262926823255908992393869993975386023521423339843750000000, 0.862965453988742914326337540842359885573387145996093750000000, 0.529686616427671119744502448156708851456642150878906250000000, 1.570796326794896557998981734272092580795288085937500000000000
 0.000451380796374976466910772243679161874752026051282882690430, 0.000000000000000000000000000000000000000000000000000000000000, 0.505262926823255797970091407478321343660354614257812500000000,-0.862965453988742914326337540842359885573387145996093750000000, 2.611906037162122551364973332965746521949768066406250000000000, 1.570796326794896557998981734272092580795288085937500000000000
 0.000451380796374976466910772243679161874752026051282882690430, 0.000000000000000000000000000000000000000000000000000000000000,-0.505262926823255908992393869993975386023521423339843750000000, 0.862965453988742914326337540842359885573387145996093750000000, 0.529686616427671119744502448156708851456642150878906250000000, 4.712388980384689673996945202816277742385864257812500000000000
 0.000451380796374976466910772243679161874752026051282882690430, 0.000000000000000000000000000000000000000000000000000000000000,-0.505262926823255797970091407478321343660354614257812500000000,-0.862965453988742914326337540842359885573387145996093750000000, 2.611906037162122551364973332965746521949768066406250000000000, 4.712388980384689673996945202816277742385864257812500000000000
 0.000451380796374976466910772243679161874752026051282882690430, 0.000000000000000000000000000000000000000000000000000000000000, 0.862965453988742914326337540842359885573387145996093750000000, 0.505262926823255797970091407478321343660354614257812500000000, 1.041109710367225549276781748631037771701812744140625000000000, 1.570796326794896557998981734272092580795288085937500000000000
 0.000451380796374976466910772243679161874752026051282882690430, 0.000000000000000000000000000000000000000000000000000000000000, 0.862965453988742914326337540842359885573387145996093750000000,-0.505262926823255797970091407478321343660354614257812500000000, 2.100482943222567566721181719913147389888763427734375000000000, 1.570796326794896557998981734272092580795288085937500000000000
 0.000451380796374976466910772243679161874752026051282882690430, 0.000000000000000000000000000000000000000000000000000000000000,-0.862965453988742914326337540842359885573387145996093750000000, 0.505262926823255797970091407478321343660354614257812500000000, 1.041109710367225549276781748631037771701812744140625000000000, 4.712388980384689673996945202816277742385864257812500000000000
 0.000451380796374976466910772243679161874752026051282882690430, 0.000000000000000000000000000000000000000000000000000000000000,-0.862965453988742914326337540842359885573387145996093750000000,-0.505262926823255797970091407478321343660354614257812500000000, 2.100482943222567566721181719913147389888763427734375000000000, 4.712388980384689673996945202816277742385864257812500000000000
 0.000465779746910975709500712937938260438386350870132446289062, 0.610790531543753068000057737663155421614646911621093750000000, 0.791792224372340980309559199668001383543014526367187500000000, 0.000000000000000000000000000000000000000000000000000000000000, 1.570796326794896557998981734272092580795288085937500000000000, 0.913737712068749652338794930983567610383033752441406250000000
 0.000465779746910975709500712937938260438386350870132446289062, 0.610790531543753068000057737663155421614646911621093750000000,-0.791792224372340980309559199668001383543014526367187500000000, 0.000000000000000000000000000000000000000000000000000000000000, 1.570796326794896557998981734272092580795288085937500000000000, 5.369447595110836246590224618557840585708618164062500000000000
 0.000465779746910975709500712937938260438386350870132446289062,-0.610790531543753068000057737663155421614646911621093750000000, 0.791792224372340980309559199668001383543014526367187500000000, 0.000000000000000000000000000000000000000000000000000000000000, 1.570796326794896557998981734272092580795288085937500000000000, 2.227854941521043574681471000076271593570709228515625000000000
 0.000465779746910975709500712937938260438386350870132446289062,-0.610790531543753068000057737663155421614646911621093750000000,-0.791792224372340980309559199668001383543014526367187500000000, 0.000000000000000000000000000000000000000000000000000000000000, 1.570796326794896557998981734272092580795288085937500000000000, 4.055330365658543101403665787074714899063110351562500000000000
 0.000465779746910975709500712937938260438386350870132446289062, 0.791792224372340980309559199668001383543014526367187500000000, 0.610790531543753068000057737663155421614646911621093750000000, 0.000000000000000000000000000000000000000000000000000000000000, 1.570796326794896557998981734272092580795288085937500000000000, 0.657058614726146905660186803288524970412254333496093750000000
 0.000465779746910975709500712937938260438386350870132446289062, 0.791792224372340980309559199668001383543014526367187500000000,-0.610790531543753068000057737663155421614646911621093750000000, 0.000000000000000000000000000000000000000000000000000000000000, 1.570796326794896557998981734272092580795288085937500000000000, 5.626126692453439659402647521346807479858398437500000000000000
 0.000465779746910975709500712937938260438386350870132446289062,-0.791792224372340980309559199668001383543014526367187500000000, 0.610790531543753068000057737663155421614646911621093750000000, 0.000000000000000000000000000000000000000000000000000000000000, 1.570796326794896557998981734272092580795288085937500000000000, 2.484534038863646099315474202740006148815155029296875000000000
 0.000465779746910975709500712937938260438386350870132446289062,-0.791792224372340980309559199668001383543014526367187500000000,-0.610790531543753068000057737663155421614646911621093750000000, 0.000000000000000000000000000000000000000000000000000000000000, 1.570796326794896557998981734272092580795288085937500000000000, 3.798651268315940132680452734348364174365997314453125000000000
 0.000465779746910975709500712937938260438386350870132446289062, 0.610790531543753068000057737663155421614646911621093750000000, 0.000000000000000000000000000000000000000000000000000000000000, 0.791792224372340980309559199668001383543014526367187500000000, 0.657058614726146905660186803288524970412254333496093750000000, 0.000000000000000000000000000000000000000000000000000000000000
 0.000465779746910975709500712937938260438386350870132446289062, 0.610790531543753068000057737663155421614646911621093750000000, 0.000000000000000000000000000000000000000000000000000000000000,-0.791792224372340980309559199668001383543014526367187500000000, 2.484534038863646099315474202740006148815155029296875000000000, 0.000000000000000000000000000000000000000000000000000000000000
 0.000465779746910975709500712937938260438386350870132446289062,-0.610790531543753068000057737663155421614646911621093750000000, 0.000000000000000000000000000000000000000000000000000000000000, 0.791792224372340980309559199668001383543014526367187500000000, 0.657058614726146905660186803288524970412254333496093750000000, 3.141592653589793115997963468544185161590576171875000000000000
 0.000465779746910975709500712937938260438386350870132446289062,-0.610790531543753068000057737663155421614646911621093750000000, 0.000000000000000000000000000000000000000000000000000000000000,-0.791792224372340980309559199668001383543014526367187500000000, 2.484534038863646099315474202740006148815155029296875000000000, 3.141592653589793115997963468544185161590576171875000000000000
 0.000465779746910975709500712937938260438386350870132446289062, 0.791792224372340980309559199668001383543014526367187500000000, 0.000000000000000000000000000000000000000000000000000000000000, 0.610790531543753068000057737663155421614646911621093750000000, 0.913737712068749652338794930983567610383033752441406250000000, 0.000000000000000000000000000000000000000000000000000000000000
 0.000465779746910975709500712937938260438386350870132446289062, 0.791792224372340980309559199668001383543014526367187500000000, 0.000000000000000000000000000000000000000000000000000000000000,-0.610790531543753068000057737663155421614646911621093750000000, 2.227854941521043574681471000076271593570709228515625000000000, 0.000000000000000000000000000000000000000000000000000000000000
 0.000465779746910975709500712937938260438386350870132446289062,-0.791792224372340980309559199668001383543014526367187500000000, 0.000000000000000000000000000000000000000000000000000000000000, 0.610790531543753068000057737663155421614646911621093750000000, 0.913737712068749652338794930983567610383033752441406250000000, 3.141592653589793115997963468544185161590576171875000000000000
 0.000465779746910975709500712937938260438386350870132446289062,-0.791792224372340980309559199668001383543014526367187500000000, 0.000000000000000000000000000000000000000000000000000000000000,-0.610790531543753068000057737663155421614646911621093750000000, 2.227854941521043574681471000076271593570709228515625000000000, 3.141592653589793115997963468544185161590576171875000000000000
 0.000465779746910975709500712937938260438386350870132446289062, 0.000000000000000000000000000000000000000000000000000000000000, 0.610790531543753068000057737663155421614646911621093750000000, 0.791792224372340980309559199668001383543014526367187500000000, 0.657058614726146905660186803288524970412254333496093750000000, 1.570796326794896557998981734272092580795288085937500000000000
 0.000465779746910975709500712937938260438386350870132446289062, 0.000000000000000000000000000000000000000000000000000000000000, 0.610790531543753068000057737663155421614646911621093750000000,-0.791792224372340980309559199668001383543014526367187500000000, 2.484534038863646099315474202740006148815155029296875000000000, 1.570796326794896557998981734272092580795288085937500000000000
 0.000465779746910975709500712937938260438386350870132446289062, 0.000000000000000000000000000000000000000000000000000000000000,-0.610790531543753068000057737663155421614646911621093750000000, 0.791792224372340980309559199668001383543014526367187500000000, 0.657058614726146905660186803288524970412254333496093750000000, 4.712388980384689673996945202816277742385864257812500000000000
 0.000465779746910975709500712937938260438386350870132446289062, 0.000000000000000000000000000000000000000000000000000000000000,-0.610790531543753068000057737663155421614646911621093750000000,-0.791792224372340980309559199668001383543014526367187500000000, 2.484534038863646099315474202740006148815155029296875000000000, 4.712388980384689673996945202816277742385864257812500000000000
 0.000465779746910975709500712937938260438386350870132446289062, 0.000000000000000000000000000000000000000000000000000000000000, 0.791792224372340980309559199668001383543014526367187500000000, 0.610790531543753068000057737663155421614646911621093750000000, 0.913737712068749652338794930983567610383033752441406250000000, 1.570796326794896557998981734272092580795288085937500000000000
 0.000465779746910975709500712937938260438386350870132446289062, 0.000000000000000000000000000000000000000000000000000000000000, 0.791792224372340980309559199668001383543014526367187500000000,-0.610790531543753068000057737663155421614646911621093750000000, 2.227854941521043574681471000076271593570709228515625000000000, 1.570796326794896557998981734272092580795288085937500000000000
 0.000465779746910975709500712937938260438386350870132446289062, 0.000000000000000000000000000000000000000000000000000000000000,-0.791792224372340980309559199668001383543014526367187500000000, 0.610790531543753068000057737663155421614646911621093750000000, 0.913737712068749652338794930983567610383033752441406250000000, 4.712388980384689673996945202816277742385864257812500000000000
 0.000465779746910975709500712937938260438386350870132446289062, 0.000000000000000000000000000000000000000000000000000000000000,-0.791792224372340980309559199668001383543014526367187500000000,-0.610790531543753068000057737663155421614646911621093750000000, 2.227854941521043574681471000076271593570709228515625000000000, 4.712388980384689673996945202816277742385864257812500000000000
 0.000273336280051985724796892451848862037877552211284637451172, 0.113508103984352806681279446365806506946682929992675781250000, 0.033319548846626002858162252096008160151541233062744140625000, 0.992978206203204982749355167470639571547508239746093750000000, 0.118575097022150868775192122939188266173005104064941406250000, 0.285522784789431438579043742720386944711208343505859375000000
 0.000273336280051985724796892451848862037877552211284637451172, 0.113508103984352293203130557230906561017036437988281250000000, 0.033319548846625898774753693487582495436072349548339843750000,-0.992978206203204982749355167470639571547508239746093750000000, 3.023017556567643371323583778575994074344635009765625000000000, 0.285522784789431827157102361525176092982292175292968750000000
 0.000273336280051985724796892451848862037877552211284637451172, 0.113508103984352806681279446365806506946682929992675781250000,-0.033319548846626002858162252096008160151541233062744140625000, 0.992978206203204982749355167470639571547508239746093750000000, 0.118575097022150868775192122939188266173005104064941406250000, 5.997662522390155181994941813172772526741027832031250000000000
 0.000273336280051985724796892451848862037877552211284637451172, 0.113508103984352293203130557230906561017036437988281250000000,-0.033319548846625898774753693487582495436072349548339843750000,-0.992978206203204982749355167470639571547508239746093750000000, 3.023017556567643371323583778575994074344635009765625000000000, 5.997662522390154293816522113047540187835693359375000000000000
 0.000273336280051985724796892451848862037877552211284637451172,-0.113508103984352806681279446365806506946682929992675781250000, 0.033319548846626002858162252096008160151541233062744140625000, 0.992978206203204982749355167470639571547508239746093750000000, 0.118575097022150868775192122939188266173005104064941406250000, 2.856069868800361621907768494565971195697784423828125000000000
 0.000273336280051985724796892451848862037877552211284637451172,-0.113508103984352293203130557230906561017036437988281250000000, 0.033319548846625898774753693487582495436072349548339843750000,-0.992978206203204982749355167470639571547508239746093750000000, 3.023017556567643371323583778575994074344635009765625000000000, 2.856069868800361621907768494565971195697784423828125000000000
 0.000273336280051985724796892451848862037877552211284637451172,-0.113508103984352806681279446365806506946682929992675781250000,-0.033319548846626002858162252096008160151541233062744140625000, 0.992978206203204982749355167470639571547508239746093750000000, 0.118575097022150868775192122939188266173005104064941406250000, 3.427115438379224610088158442522399127483367919921875000000000
 0.000273336280051985724796892451848862037877552211284637451172,-0.113508103984352293203130557230906561017036437988281250000000,-0.033319548846625898774753693487582495436072349548339843750000,-0.992978206203204982749355167470639571547508239746093750000000, 3.023017556567643371323583778575994074344635009765625000000000, 3.427115438379224610088158442522399127483367919921875000000000
 0.000273336280051985724796892451848862037877552211284637451172, 0.113508103984352293203130557230906561017036437988281250000000, 0.992978206203204982749355167470639571547508239746093750000000, 0.033319548846625801630239038786385208368301391601562500000000, 1.537470609681566235948935172928031533956527709960937500000000, 1.456979586409583360406827523547690361738204956054687500000000
 0.000273336280051985724796892451848862037877552211284637451172, 0.113508103984352293203130557230906561017036437988281250000000, 0.992978206203204982749355167470639571547508239746093750000000,-0.033319548846625801630239038786385208368301391601562500000000, 1.604122043908227102093633220647461712360382080078125000000000, 1.456979586409583360406827523547690361738204956054687500000000
 0.000273336280051985724796892451848862037877552211284637451172, 0.113508103984352293203130557230906561017036437988281250000000,-0.992978206203204982749355167470639571547508239746093750000000, 0.033319548846625801630239038786385208368301391601562500000000, 1.537470609681566235948935172928031533956527709960937500000000, 4.826205720770002649544494488509371876716613769531250000000000
 0.000273336280051985724796892451848862037877552211284637451172, 0.113508103984352293203130557230906561017036437988281250000000,-0.992978206203204982749355167470639571547508239746093750000000,-0.033319548846625801630239038786385208368301391601562500000000, 1.604122043908227102093633220647461712360382080078125000000000, 4.826205720770002649544494488509371876716613769531250000000000
 0.000273336280051985724796892451848862037877552211284637451172,-0.113508103984352501369947674447757890447974205017089843750000, 0.992978206203204871727052704954985529184341430664062500000000, 0.033319548846625801630239038786385208368301391601562500000000, 1.537470609681566235948935172928031533956527709960937500000000, 1.684613067180209977635740870027802884578704833984375000000000
 0.000273336280051985724796892451848862037877552211284637451172,-0.113508103984352501369947674447757890447974205017089843750000, 0.992978206203204871727052704954985529184341430664062500000000,-0.033319548846625801630239038786385208368301391601562500000000, 1.604122043908227102093633220647461712360382080078125000000000, 1.684613067180209977635740870027802884578704833984375000000000
 0.000273336280051985724796892451848862037877552211284637451172,-0.113508103984352501369947674447757890447974205017089843750000,-0.992978206203204871727052704954985529184341430664062500000000, 0.033319548846625801630239038786385208368301391601562500000000, 1.537470609681566235948935172928031533956527709960937500000000, 4.598572239999375810270976216997951269149780273437500000000000
 0.000273336280051985724796892451848862037877552211284637451172,-0.113508103984352501369947674447757890447974205017089843750000,-0.992978206203204871727052704954985529184341430664062500000000,-0.033319548846625801630239038786385208368301391601562500000000, 1.604122043908227102093633220647461712360382080078125000000000, 4.598572239999375810270976216997951269149780273437500000000000
 0.000273336280051985724796892451848862037877552211284637451172, 0.033319548846626002858162252096008160151541233062744140625000, 0.113508103984352806681279446365806506946682929992675781250000, 0.992978206203204982749355167470639571547508239746093750000000, 0.118575097022150868775192122939188266173005104064941406250000, 1.285273542005465285953391685325186699628829956054687500000000
 0.000273336280051985724796892451848862037877552211284637451172, 0.033319548846625801630239038786385208368301391601562500000000, 0.113508103984352293203130557230906561017036437988281250000000,-0.992978206203204982749355167470639571547508239746093750000000, 3.023017556567643371323583778575994074344635009765625000000000, 1.285273542005465507997996610356494784355163574218750000000000
 0.000273336280051985724796892451848862037877552211284637451172, 0.033319548846626002858162252096008160151541233062744140625000,-0.113508103984352806681279446365806506946682929992675781250000, 0.992978206203204982749355167470639571547508239746093750000000, 0.118575097022150868775192122939188266173005104064941406250000, 4.997911765174120723997930326731875538825988769531250000000000
 0.000273336280051985724796892451848862037877552211284637451172, 0.033319548846625801630239038786385208368301391601562500000000,-0.113508103984352293203130557230906561017036437988281250000000,-0.992978206203204982749355167470639571547508239746093750000000, 3.023017556567643371323583778575994074344635009765625000000000, 4.997911765174120723997930326731875538825988769531250000000000
 0.000273336280051985724796892451848862037877552211284637451172,-0.033319548846626002858162252096008160151541233062744140625000, 0.113508103984352806681279446365806506946682929992675781250000, 0.992978206203204982749355167470639571547508239746093750000000, 0.118575097022150868775192122939188266173005104064941406250000, 1.856319111584328052089176708250306546688079833984375000000000
 0.000273336280051985724796892451848862037877552211284637451172,-0.033319548846625898774753693487582495436072349548339843750000, 0.113508103984352293203130557230906561017036437988281250000000,-0.992978206203204982749355167470639571547508239746093750000000, 3.023017556567643371323583778575994074344635009765625000000000, 1.856319111584328496178386558312922716140747070312500000000000
 0.000273336280051985724796892451848862037877552211284637451172,-0.033319548846626002858162252096008160151541233062744140625000,-0.113508103984352806681279446365806506946682929992675781250000, 0.992978206203204982749355167470639571547508239746093750000000, 0.118575097022150868775192122939188266173005104064941406250000, 4.426866195595257735817540378775447607040405273437500000000000
 0.000273336280051985724796892451848862037877552211284637451172,-0.033319548846625898774753693487582495436072349548339843750000,-0.113508103984352293203130557230906561017036437988281250000000,-0.992978206203204982749355167470639571547508239746093750000000, 3.023017556567643371323583778575994074344635009765625000000000, 4.426866195595257735817540378775447607040405273437500000000000
 0.000273336280051985724796892451848862037877552211284637451172, 0.033319548846625801630239038786385208368301391601562500000000, 0.992978206203205093771657629986293613910675048828125000000000, 0.113508103984352293203130557230906561017036437988281250000000, 1.457043057271253161388813168741762638092041015625000000000000, 1.537253745792564796346368893864564597606658935546875000000000
 0.000273336280051985724796892451848862037877552211284637451172, 0.033319548846625801630239038786385208368301391601562500000000, 0.992978206203205093771657629986293613910675048828125000000000,-0.113508103984352293203130557230906561017036437988281250000000, 1.684549596318540176653755224833730608224868774414062500000000, 1.537253745792564796346368893864564597606658935546875000000000
 0.000273336280051985724796892451848862037877552211284637451172, 0.033319548846625801630239038786385208368301391601562500000000,-0.992978206203205093771657629986293613910675048828125000000000, 0.113508103984352293203130557230906561017036437988281250000000, 1.457043057271253161388813168741762638092041015625000000000000, 4.745931561387020991560348193161189556121826171875000000000000
 0.000273336280051985724796892451848862037877552211284637451172, 0.033319548846625801630239038786385208368301391601562500000000,-0.992978206203205093771657629986293613910675048828125000000000,-0.113508103984352293203130557230906561017036437988281250000000, 1.684549596318540176653755224833730608224868774414062500000000, 4.745931561387020991560348193161189556121826171875000000000000
 0.000273336280051985724796892451848862037877552211284637451172,-0.033319548846625801630239038786385208368301391601562500000000, 0.992978206203205093771657629986293613910675048828125000000000, 0.113508103984352293203130557230906561017036437988281250000000, 1.457043057271253161388813168741762638092041015625000000000000, 1.604338907797228541696199499710928648710250854492187500000000
 0.000273336280051985724796892451848862037877552211284637451172,-0.033319548846625801630239038786385208368301391601562500000000, 0.992978206203205093771657629986293613910675048828125000000000,-0.113508103984352293203130557230906561017036437988281250000000, 1.684549596318540176653755224833730608224868774414062500000000, 1.604338907797228541696199499710928648710250854492187500000000
 0.000273336280051985724796892451848862037877552211284637451172,-0.033319548846625801630239038786385208368301391601562500000000,-0.992978206203205093771657629986293613910675048828125000000000, 0.113508103984352293203130557230906561017036437988281250000000, 1.457043057271253161388813168741762638092041015625000000000000, 4.678846399382357468255122512346133589744567871093750000000000
 0.000273336280051985724796892451848862037877552211284637451172,-0.033319548846625801630239038786385208368301391601562500000000,-0.992978206203205093771657629986293613910675048828125000000000,-0.113508103984352293203130557230906561017036437988281250000000, 1.684549596318540176653755224833730608224868774414062500000000, 4.678846399382357468255122512346133589744567871093750000000000
 0.000273336280051985724796892451848862037877552211284637451172, 0.992978206203204982749355167470639571547508239746093750000000, 0.113508103984352001769586593127314699813723564147949218750000, 0.033319548846625801630239038786385208368301391601562500000000, 1.537470609681566235948935172928031533956527709960937500000000, 0.113816740385312906158610246620810357853770256042480468750000
 0.000273336280051985724796892451848862037877552211284637451172, 0.992978206203204982749355167470639571547508239746093750000000, 0.113508103984352001769586593127314699813723564147949218750000,-0.033319548846625801630239038786385208368301391601562500000000, 1.604122043908227102093633220647461712360382080078125000000000, 0.113816740385312906158610246620810357853770256042480468750000
 0.000273336280051985724796892451848862037877552211284637451172, 0.992978206203204982749355167470639571547508239746093750000000,-0.113508103984352001769586593127314699813723564147949218750000, 0.033319548846625801630239038786385208368301391601562500000000, 1.537470609681566235948935172928031533956527709960937500000000, 6.169368566794273256448377651395276188850402832031250000000000
 0.000273336280051985724796892451848862037877552211284637451172, 0.992978206203204982749355167470639571547508239746093750000000,-0.113508103984352001769586593127314699813723564147949218750000,-0.033319548846625801630239038786385208368301391601562500000000, 1.604122043908227102093633220647461712360382080078125000000000, 6.169368566794273256448377651395276188850402832031250000000000
 0.000273336280051985724796892451848862037877552211284637451172,-0.992978206203204982749355167470639571547508239746093750000000, 0.113508103984352001769586593127314699813723564147949218750000, 0.033319548846625801630239038786385208368301391601562500000000, 1.537470609681566235948935172928031533956527709960937500000000, 3.027775913204480140450414182851091027259826660156250000000000
 0.000273336280051985724796892451848862037877552211284637451172,-0.992978206203204982749355167470639571547508239746093750000000, 0.113508103984352001769586593127314699813723564147949218750000,-0.033319548846625801630239038786385208368301391601562500000000, 1.604122043908227102093633220647461712360382080078125000000000, 3.027775913204480140450414182851091027259826660156250000000000
 0.000273336280051985724796892451848862037877552211284637451172,-0.992978206203204982749355167470639571547508239746093750000000,-0.113508103984352001769586593127314699813723564147949218750000, 0.033319548846625801630239038786385208368301391601562500000000, 1.537470609681566235948935172928031533956527709960937500000000, 3.255409393975106091545512754237279295921325683593750000000000
 0.000273336280051985724796892451848862037877552211284637451172,-0.992978206203204982749355167470639571547508239746093750000000,-0.113508103984352001769586593127314699813723564147949218750000,-0.033319548846625801630239038786385208368301391601562500000000, 1.604122043908227102093633220647461712360382080078125000000000, 3.255409393975106091545512754237279295921325683593750000000000
 0.000273336280051985724796892451848862037877552211284637451172, 0.992978206203205093771657629986293613910675048828125000000000, 0.033319548846626100002676906797205447219312191009521484375000, 0.113508103984352293203130557230906561017036437988281250000000, 1.457043057271253161388813168741762638092041015625000000000000, 0.033542581002332198802928786562915774993598461151123046875000
 0.000273336280051985724796892451848862037877552211284637451172, 0.992978206203205093771657629986293613910675048828125000000000, 0.033319548846626100002676906797205447219312191009521484375000,-0.113508103984352293203130557230906561017036437988281250000000, 1.684549596318540176653755224833730608224868774414062500000000, 0.033542581002332198802928786562915774993598461151123046875000
 0.000273336280051985724796892451848862037877552211284637451172, 0.992978206203205093771657629986293613910675048828125000000000,-0.033319548846626100002676906797205447219312191009521484375000, 0.113508103984352293203130557230906561017036437988281250000000, 1.457043057271253161388813168741762638092041015625000000000000, 6.249642726177254026254104246618226170539855957031250000000000
 0.000273336280051985724796892451848862037877552211284637451172, 0.992978206203205093771657629986293613910675048828125000000000,-0.033319548846626100002676906797205447219312191009521484375000,-0.113508103984352293203130557230906561017036437988281250000000, 1.684549596318540176653755224833730608224868774414062500000000, 6.249642726177254026254104246618226170539855957031250000000000
 0.000273336280051985724796892451848862037877552211284637451172,-0.992978206203205093771657629986293613910675048828125000000000, 0.033319548846626301230600120106828399002552032470703125000000, 0.113508103984352293203130557230906561017036437988281250000000, 1.457043057271253161388813168741762638092041015625000000000000, 3.108050072587460910256140778074041008949279785156250000000000
 0.000273336280051985724796892451848862037877552211284637451172,-0.992978206203205093771657629986293613910675048828125000000000, 0.033319548846626301230600120106828399002552032470703125000000,-0.113508103984352293203130557230906561017036437988281250000000, 1.684549596318540176653755224833730608224868774414062500000000, 3.108050072587460910256140778074041008949279785156250000000000
 0.000273336280051985724796892451848862037877552211284637451172,-0.992978206203205093771657629986293613910675048828125000000000,-0.033319548846626301230600120106828399002552032470703125000000, 0.113508103984352293203130557230906561017036437988281250000000, 1.457043057271253161388813168741762638092041015625000000000000, 3.175135234592125321739786159014329314231872558593750000000000
 0.000273336280051985724796892451848862037877552211284637451172,-0.992978206203205093771657629986293613910675048828125000000000,-0.033319548846626301230600120106828399002552032470703125000000,-0.113508103984352293203130557230906561017036437988281250000000, 1.684549596318540176653755224833730608224868774414062500000000, 3.175135234592125321739786159014329314231872558593750000000000
 0.000323548536845983086395611705299302229832392185926437377930, 0.161286662609937486712041732062061782926321029663085937500000, 0.072471674654365297874036855318991001695394515991210937500000, 0.984243094381129002279351425386266782879829406738281250000000, 0.177755227147608552140667370622395537793636322021484375000000, 0.422300423765586685487249951620469801127910614013671875000000
 0.000323548536845983086395611705299302229832392185926437377930, 0.161286662609937597734344194577715825289487838745117187500000, 0.072471674654365395018551510020188288763165473937988281250000,-0.984243094381129002279351425386266782879829406738281250000000, 2.963837426442184508346144866663962602615356445312500000000000, 0.422300423765586907531854876651777885854244232177734375000000
 0.000323548536845983086395611705299302229832392185926437377930, 0.161286662609937486712041732062061782926321029663085937500000,-0.072471674654365297874036855318991001695394515991210937500000, 0.984243094381129002279351425386266782879829406738281250000000, 0.177755227147608552140667370622395537793636322021484375000000, 5.860884883413999268952920829178765416145324707031250000000000
 0.000323548536845983086395611705299302229832392185926437377930, 0.161286662609937597734344194577715825289487838745117187500000,-0.072471674654365395018551510020188288763165473937988281250000,-0.984243094381129002279351425386266782879829406738281250000000, 2.963837426442184508346144866663962602615356445312500000000000, 5.860884883413999268952920829178765416145324707031250000000000
 0.000323548536845983086395611705299302229832392185926437377930,-0.161286662609937486712041732062061782926321029663085937500000, 0.072471674654365297874036855318991001695394515991210937500000, 0.984243094381129002279351425386266782879829406738281250000000, 0.177755227147608552140667370622395537793636322021484375000000, 2.719292229824206597044167210697196424007415771484375000000000
 0.000323548536845983086395611705299302229832392185926437377930,-0.161286662609937597734344194577715825289487838745117187500000, 0.072471674654365297874036855318991001695394515991210937500000,-0.984243094381129002279351425386266782879829406738281250000000, 2.963837426442184508346144866663962602615356445312500000000000, 2.719292229824207041133377060759812593460083007812500000000000
 0.000323548536845983086395611705299302229832392185926437377930,-0.161286662609937486712041732062061782926321029663085937500000,-0.072471674654365297874036855318991001695394515991210937500000, 0.984243094381129002279351425386266782879829406738281250000000, 0.177755227147608552140667370622395537793636322021484375000000, 3.563893077355379634951759726391173899173736572265625000000000
 0.000323548536845983086395611705299302229832392185926437377930,-0.161286662609937597734344194577715825289487838745117187500000,-0.072471674654365297874036855318991001695394515991210937500000,-0.984243094381129002279351425386266782879829406738281250000000, 2.963837426442184508346144866663962602615356445312500000000000, 3.563893077355379190862549876328557729721069335937500000000000
 0.000323548536845983086395611705299302229832392185926437377930, 0.161286662609937792023373503980110399425029754638671875000000, 0.984243094381129002279351425386266782879829406738281250000000, 0.072471674654365297874036855318991001695394515991210937500000, 1.498261063127841907771653495728969573974609375000000000000000, 1.408371198374574362333078170195221900939941406250000000000000
 0.000323548536845983086395611705299302229832392185926437377930, 0.161286662609937792023373503980110399425029754638671875000000, 0.984243094381129002279351425386266782879829406738281250000000,-0.072471674654365297874036855318991001695394515991210937500000, 1.643331590461951430270914897846523672342300415039062500000000, 1.408371198374574362333078170195221900939941406250000000000000
 0.000323548536845983086395611705299302229832392185926437377930, 0.161286662609937792023373503980110399425029754638671875000000,-0.984243094381129002279351425386266782879829406738281250000000, 0.072471674654365297874036855318991001695394515991210937500000, 1.498261063127841907771653495728969573974609375000000000000000, 4.874814108805011869662848766893148422241210937500000000000000
 0.000323548536845983086395611705299302229832392185926437377930, 0.161286662609937792023373503980110399425029754638671875000000,-0.984243094381129002279351425386266782879829406738281250000000,-0.072471674654365297874036855318991001695394515991210937500000, 1.643331590461951430270914897846523672342300415039062500000000, 4.874814108805011869662848766893148422241210937500000000000000
 0.000323548536845983086395611705299302229832392185926437377930,-0.161286662609937792023373503980110399425029754638671875000000, 0.984243094381129002279351425386266782879829406738281250000000, 0.072471674654365297874036855318991001695394515991210937500000, 1.498261063127841907771653495728969573974609375000000000000000, 1.733221455215218753664885298348963260650634765625000000000000
 0.000323548536845983086395611705299302229832392185926437377930,-0.161286662609937792023373503980110399425029754638671875000000, 0.984243094381129002279351425386266782879829406738281250000000,-0.072471674654365297874036855318991001695394515991210937500000, 1.643331590461951430270914897846523672342300415039062500000000, 1.733221455215218753664885298348963260650634765625000000000000
 0.000323548536845983086395611705299302229832392185926437377930,-0.161286662609937792023373503980110399425029754638671875000000,-0.984243094381129002279351425386266782879829406738281250000000, 0.072471674654365297874036855318991001695394515991210937500000, 1.498261063127841907771653495728969573974609375000000000000000, 4.549963851964367478331041638739407062530517578125000000000000
 0.000323548536845983086395611705299302229832392185926437377930,-0.161286662609937792023373503980110399425029754638671875000000,-0.984243094381129002279351425386266782879829406738281250000000,-0.072471674654365297874036855318991001695394515991210937500000, 1.643331590461951430270914897846523672342300415039062500000000, 4.549963851964367478331041638739407062530517578125000000000000
 0.000323548536845983086395611705299302229832392185926437377930, 0.072471674654365297874036855318991001695394515991210937500000, 0.161286662609937486712041732062061782926321029663085937500000, 0.984243094381129002279351425386266782879829406738281250000000, 0.177755227147608552140667370622395537793636322021484375000000, 1.148495903029310039045185476425103843212127685546875000000000
 0.000323548536845983086395611705299302229832392185926437377930, 0.072471674654365297874036855318991001695394515991210937500000, 0.161286662609937708756646657093369867652654647827148437500000,-0.984243094381129002279351425386266782879829406738281250000000, 2.963837426442184508346144866663962602615356445312500000000000, 1.148495903029310483134395326487720012664794921875000000000000
 0.000323548536845983086395611705299302229832392185926437377930, 0.072471674654365297874036855318991001695394515991210937500000,-0.161286662609937486712041732062061782926321029663085937500000, 0.984243094381129002279351425386266782879829406738281250000000, 0.177755227147608552140667370622395537793636322021484375000000, 5.134689404150275748861531610600650310516357421875000000000000
 0.000323548536845983086395611705299302229832392185926437377930, 0.072471674654365297874036855318991001695394515991210937500000,-0.161286662609937708756646657093369867652654647827148437500000,-0.984243094381129002279351425386266782879829406738281250000000, 2.963837426442184508346144866663962602615356445312500000000000, 5.134689404150275748861531610600650310516357421875000000000000
 0.000323548536845983086395611705299302229832392185926437377930,-0.072471674654365297874036855318991001695394515991210937500000, 0.161286662609937486712041732062061782926321029663085937500000, 0.984243094381129002279351425386266782879829406738281250000000, 0.177755227147608552140667370622395537793636322021484375000000, 1.993096750560483298997382917150389403104782104492187500000000
 0.000323548536845983086395611705299302229832392185926437377930,-0.072471674654365297874036855318991001695394515991210937500000, 0.161286662609937597734344194577715825289487838745117187500000,-0.984243094381129002279351425386266782879829406738281250000000, 2.963837426442184508346144866663962602615356445312500000000000, 1.993096750560483076952777992119081318378448486328125000000000
 0.000323548536845983086395611705299302229832392185926437377930,-0.072471674654365297874036855318991001695394515991210937500000,-0.161286662609937486712041732062061782926321029663085937500000, 0.984243094381129002279351425386266782879829406738281250000000, 0.177755227147608552140667370622395537793636322021484375000000, 4.290088556619102710953939094906672835350036621093750000000000
 0.000323548536845983086395611705299302229832392185926437377930,-0.072471674654365297874036855318991001695394515991210937500000,-0.161286662609937597734344194577715825289487838745117187500000,-0.984243094381129002279351425386266782879829406738281250000000, 2.963837426442184508346144866663962602615356445312500000000000, 4.290088556619103599132358795031905174255371093750000000000000
 0.000323548536845983086395611705299302229832392185926437377930, 0.072471674654365297874036855318991001695394515991210937500000, 0.984243094381128891257048962870612740516662597656250000000000, 0.161286662609937792023373503980110399425029754638671875000000, 1.408802080749081531152455681876745074987411499023437500000000, 1.497297079151862719825771819159854203462600708007812500000000
 0.000323548536845983086395611705299302229832392185926437377930, 0.072471674654365297874036855318991001695394515991210937500000, 0.984243094381128891257048962870612740516662597656250000000000,-0.161286662609937986312402813382504973560571670532226562500000, 1.732790572840712028934717636730056256055831909179687500000000, 1.497297079151862719825771819159854203462600708007812500000000
 0.000323548536845983086395611705299302229832392185926437377930, 0.072471674654365297874036855318991001695394515991210937500000,-0.984243094381128891257048962870612740516662597656250000000000, 0.161286662609937792023373503980110399425029754638671875000000, 1.408802080749081531152455681876745074987411499023437500000000, 4.785888228027723734214760042959824204444885253906250000000000
 0.000323548536845983086395611705299302229832392185926437377930, 0.072471674654365297874036855318991001695394515991210937500000,-0.984243094381128891257048962870612740516662597656250000000000,-0.161286662609937986312402813382504973560571670532226562500000, 1.732790572840712028934717636730056256055831909179687500000000, 4.785888228027723734214760042959824204444885253906250000000000
 0.000323548536845983086395611705299302229832392185926437377930,-0.072471674654365506040853972535842331126332283020019531250000, 0.984243094381128891257048962870612740516662597656250000000000, 0.161286662609937792023373503980110399425029754638671875000000, 1.408802080749081531152455681876745074987411499023437500000000, 1.644295574437930618216796574415639042854309082031250000000000
 0.000323548536845983086395611705299302229832392185926437377930,-0.072471674654365506040853972535842331126332283020019531250000, 0.984243094381128891257048962870612740516662597656250000000000,-0.161286662609937986312402813382504973560571670532226562500000, 1.732790572840712028934717636730056256055831909179687500000000, 1.644295574437930618216796574415639042854309082031250000000000
 0.000323548536845983086395611705299302229832392185926437377930,-0.072471674654365506040853972535842331126332283020019531250000,-0.984243094381128891257048962870612740516662597656250000000000, 0.161286662609937792023373503980110399425029754638671875000000, 1.408802080749081531152455681876745074987411499023437500000000, 4.638889732741655613779130362672731280326843261718750000000000
 0.000323548536845983086395611705299302229832392185926437377930,-0.072471674654365506040853972535842331126332283020019531250000,-0.984243094381128891257048962870612740516662597656250000000000,-0.161286662609937986312402813382504973560571670532226562500000, 1.732790572840712028934717636730056256055831909179687500000000, 4.638889732741655613779130362672731280326843261718750000000000
 0.000323548536845983086395611705299302229832392185926437377930, 0.984243094381129002279351425386266782879829406738281250000000, 0.161286662609937597734344194577715825289487838745117187500000, 0.072471674654365297874036855318991001695394515991210937500000, 1.498261063127841907771653495728969573974609375000000000000000, 0.162425128420322001376874254674476105719804763793945312500000
 0.000323548536845983086395611705299302229832392185926437377930, 0.984243094381129002279351425386266782879829406738281250000000, 0.161286662609937597734344194577715825289487838745117187500000,-0.072471674654365297874036855318991001695394515991210937500000, 1.643331590461951430270914897846523672342300415039062500000000, 0.162425128420322001376874254674476105719804763793945312500000
 0.000323548536845983086395611705299302229832392185926437377930, 0.984243094381129002279351425386266782879829406738281250000000,-0.161286662609937597734344194577715825289487838745117187500000, 0.072471674654365297874036855318991001695394515991210937500000, 1.498261063127841907771653495728969573974609375000000000000000, 6.120760178759264036330023373011499643325805664062500000000000
 0.000323548536845983086395611705299302229832392185926437377930, 0.984243094381129002279351425386266782879829406738281250000000,-0.161286662609937597734344194577715825289487838745117187500000,-0.072471674654365297874036855318991001695394515991210937500000, 1.643331590461951430270914897846523672342300415039062500000000, 6.120760178759264036330023373011499643325805664062500000000000
 0.000323548536845983086395611705299302229832392185926437377930,-0.984243094381129002279351425386266782879829406738281250000000, 0.161286662609937292423012422659667208790779113769531250000000, 0.072471674654365297874036855318991001695394515991210937500000, 1.498261063127841907771653495728969573974609375000000000000000, 2.979167525169471364421269754529930651187896728515625000000000
 0.000323548536845983086395611705299302229832392185926437377930,-0.984243094381129002279351425386266782879829406738281250000000, 0.161286662609937292423012422659667208790779113769531250000000,-0.072471674654365297874036855318991001695394515991210937500000, 1.643331590461951430270914897846523672342300415039062500000000, 2.979167525169471364421269754529930651187896728515625000000000
 0.000323548536845983086395611705299302229832392185926437377930,-0.984243094381129002279351425386266782879829406738281250000000,-0.161286662609937292423012422659667208790779113769531250000000, 0.072471674654365297874036855318991001695394515991210937500000, 1.498261063127841907771653495728969573974609375000000000000000, 3.304017782010114867574657182558439671993255615234375000000000
 0.000323548536845983086395611705299302229832392185926437377930,-0.984243094381129002279351425386266782879829406738281250000000,-0.161286662609937292423012422659667208790779113769531250000000,-0.072471674654365297874036855318991001695394515991210937500000, 1.643331590461951430270914897846523672342300415039062500000000, 3.304017782010114867574657182558439671993255615234375000000000
 0.000323548536845983086395611705299302229832392185926437377930, 0.984243094381128891257048962870612740516662597656250000000000, 0.072471674654365395018551510020188288763165473937988281250000, 0.161286662609937792023373503980110399425029754638671875000000, 1.408802080749081531152455681876745074987411499023437500000000, 0.073499247643033963073300185442349174991250038146972656250000
 0.000323548536845983086395611705299302229832392185926437377930, 0.984243094381128891257048962870612740516662597656250000000000, 0.072471674654365395018551510020188288763165473937988281250000,-0.161286662609937986312402813382504973560571670532226562500000, 1.732790572840712028934717636730056256055831909179687500000000, 0.073499247643033963073300185442349174991250038146972656250000
 0.000323548536845983086395611705299302229832392185926437377930, 0.984243094381128891257048962870612740516662597656250000000000,-0.072471674654365395018551510020188288763165473937988281250000, 0.161286662609937792023373503980110399425029754638671875000000, 1.408802080749081531152455681876745074987411499023437500000000, 6.209686059536552171778112096944823861122131347656250000000000
 0.000323548536845983086395611705299302229832392185926437377930, 0.984243094381128891257048962870612740516662597656250000000000,-0.072471674654365395018551510020188288763165473937988281250000,-0.161286662609937986312402813382504973560571670532226562500000, 1.732790572840712028934717636730056256055831909179687500000000, 6.209686059536552171778112096944823861122131347656250000000000
 0.000323548536845983086395611705299302229832392185926437377930,-0.984243094381128891257048962870612740516662597656250000000000, 0.072471674654365006440492891215399140492081642150878906250000, 0.161286662609937792023373503980110399425029754638671875000000, 1.408802080749081531152455681876745074987411499023437500000000, 3.068093405946759499869358478463254868984222412109375000000000
 0.000323548536845983086395611705299302229832392185926437377930,-0.984243094381128891257048962870612740516662597656250000000000, 0.072471674654365006440492891215399140492081642150878906250000,-0.161286662609937986312402813382504973560571670532226562500000, 1.732790572840712028934717636730056256055831909179687500000000, 3.068093405946759499869358478463254868984222412109375000000000
 0.000323548536845983086395611705299302229832392185926437377930,-0.984243094381128891257048962870612740516662597656250000000000,-0.072471674654365006440492891215399140492081642150878906250000, 0.161286662609937792023373503980110399425029754638671875000000, 1.408802080749081531152455681876745074987411499023437500000000, 3.215091901232826732126568458625115454196929931640625000000000
 0.000323548536845983086395611705299302229832392185926437377930,-0.984243094381128891257048962870612740516662597656250000000000,-0.072471674654365006440492891215399140492081642150878906250000,-0.161286662609937986312402813382504973560571670532226562500000, 1.732790572840712028934717636730056256055831909179687500000000, 3.215091901232826732126568458625115454196929931640625000000000
 0.000362490872600981089979299554215685930103063583374023437500, 0.210078655016820187162451816220709588378667831420898437500000, 0.115153911084974400202973754403501516208052635192871093750000, 0.970879258954561064065558184665860608220100402832031250000000, 0.241922240553757272873980355143430642783641815185546875000000, 0.501419180339778614019508040655637159943580627441406250000000
 0.000362490872600981089979299554215685930103063583374023437500, 0.210078655016820103895724969333969056606292724609375000000000, 0.115153911084974303058459099702304229140281677246093750000000,-0.970879258954561064065558184665860608220100402832031250000000, 2.899670413036036453746646657236851751804351806640625000000000, 0.501419180339778391974903115624329075217247009277343750000000
 0.000362490872600981089979299554215685930103063583374023437500, 0.210078655016820187162451816220709588378667831420898437500000,-0.115153911084974400202973754403501516208052635192871093750000, 0.970879258954561064065558184665860608220100402832031250000000, 0.241922240553757272873980355143430642783641815185546875000000, 5.781766126839807284909511508885771036148071289062500000000000
 0.000362490872600981089979299554215685930103063583374023437500, 0.210078655016820103895724969333969056606292724609375000000000,-0.115153911084974303058459099702304229140281677246093750000000,-0.970879258954561064065558184665860608220100402832031250000000, 2.899670413036036453746646657236851751804351806640625000000000, 5.781766126839808173087931209011003375053405761718750000000000
 0.000362490872600981089979299554215685930103063583374023437500,-0.210078655016820298184754278736363630741834640502929687500000, 0.115153911084974303058459099702304229140281677246093750000000, 0.970879258954561064065558184665860608220100402832031250000000, 0.241922240553757272873980355143430642783641815185546875000000, 2.640173473250015057089967740466818213462829589843750000000000
 0.000362490872600981089979299554215685930103063583374023437500,-0.210078655016820187162451816220709588378667831420898437500000, 0.115153911084974205913944445001106942072510719299316406250000,-0.970879258954561064065558184665860608220100402832031250000000, 2.899670413036036009657436807174235582351684570312500000000000, 2.640173473250015501179177590529434382915496826171875000000000
 0.000362490872600981089979299554215685930103063583374023437500,-0.210078655016820298184754278736363630741834640502929687500000,-0.115153911084974303058459099702304229140281677246093750000000, 0.970879258954561064065558184665860608220100402832031250000000, 0.241922240553757272873980355143430642783641815185546875000000, 3.643011833929571174905959196621552109718322753906250000000000
 0.000362490872600981089979299554215685930103063583374023437500,-0.210078655016820187162451816220709588378667831420898437500000,-0.115153911084974205913944445001106942072510719299316406250000,-0.970879258954561064065558184665860608220100402832031250000000, 2.899670413036036009657436807174235582351684570312500000000000, 3.643011833929570730816749346558935940265655517578125000000000
 0.000362490872600981089979299554215685930103063583374023437500, 0.210078655016820298184754278736363630741834640502929687500000, 0.970879258954560953043255722150206565856933593750000000000000, 0.115153911084974400202973754403501516208052635192871093750000, 1.455386386707846257948517632030416280031204223632812500000000, 1.357701709400416900663799424364697188138961791992187500000000
 0.000362490872600981089979299554215685930103063583374023437500, 0.210078655016820298184754278736363630741834640502929687500000, 0.970879258954560953043255722150206565856933593750000000000000,-0.115153911084974705514305526321550132706761360168457031250000, 1.686206266881947302138655686576385051012039184570312500000000, 1.357701709400416900663799424364697188138961791992187500000000
 0.000362490872600981089979299554215685930103063583374023437500, 0.210078655016820298184754278736363630741834640502929687500000,-0.970879258954560953043255722150206565856933593750000000000000, 0.115153911084974400202973754403501516208052635192871093750000, 1.455386386707846257948517632030416280031204223632812500000000, 4.925483597779169109287522587692365050315856933593750000000000
 0.000362490872600981089979299554215685930103063583374023437500, 0.210078655016820298184754278736363630741834640502929687500000,-0.970879258954560953043255722150206565856933593750000000000000,-0.115153911084974705514305526321550132706761360168457031250000, 1.686206266881947302138655686576385051012039184570312500000000, 4.925483597779169109287522587692365050315856933593750000000000
 0.000362490872600981089979299554215685930103063583374023437500,-0.210078655016820492473783588138758204877376556396484375000000, 0.970879258954560953043255722150206565856933593750000000000000, 0.115153911084974400202973754403501516208052635192871093750000, 1.455386386707846257948517632030416280031204223632812500000000, 1.783890944189376437378768969210796058177947998046875000000000
 0.000362490872600981089979299554215685930103063583374023437500,-0.210078655016820492473783588138758204877376556396484375000000, 0.970879258954560953043255722150206565856933593750000000000000,-0.115153911084974705514305526321550132706761360168457031250000, 1.686206266881947302138655686576385051012039184570312500000000, 1.783890944189376437378768969210796058177947998046875000000000
 0.000362490872600981089979299554215685930103063583374023437500,-0.210078655016820492473783588138758204877376556396484375000000,-0.970879258954560953043255722150206565856933593750000000000000, 0.115153911084974400202973754403501516208052635192871093750000, 1.455386386707846257948517632030416280031204223632812500000000, 4.499294362990209350527948117814958095550537109375000000000000
 0.000362490872600981089979299554215685930103063583374023437500,-0.210078655016820492473783588138758204877376556396484375000000,-0.970879258954560953043255722150206565856933593750000000000000,-0.115153911084974705514305526321550132706761360168457031250000, 1.686206266881947302138655686576385051012039184570312500000000, 4.499294362990209350527948117814958095550537109375000000000000
 0.000362490872600981089979299554215685930103063583374023437500, 0.115153911084974400202973754403501516208052635192871093750000, 0.210078655016820187162451816220709588378667831420898437500000, 0.970879258954561064065558184665860608220100402832031250000000, 0.241922240553757272873980355143430642783641815185546875000000, 1.069377146455118055001776156132109463214874267578125000000000
 0.000362490872600981089979299554215685930103063583374023437500, 0.115153911084974303058459099702304229140281677246093750000000, 0.210078655016820103895724969333969056606292724609375000000000,-0.970879258954561064065558184665860608220100402832031250000000, 2.899670413036036453746646657236851751804351806640625000000000, 1.069377146455118277046381081163417547941207885742187500000000
 0.000362490872600981089979299554215685930103063583374023437500, 0.115153911084974400202973754403501516208052635192871093750000,-0.210078655016820187162451816220709588378667831420898437500000, 0.970879258954561064065558184665860608220100402832031250000000, 0.241922240553757272873980355143430642783641815185546875000000, 5.213808160724468621083360631018877029418945312500000000000000
 0.000362490872600981089979299554215685930103063583374023437500, 0.115153911084974303058459099702304229140281677246093750000000,-0.210078655016820103895724969333969056606292724609375000000000,-0.970879258954561064065558184665860608220100402832031250000000, 2.899670413036036453746646657236851751804351806640625000000000, 5.213808160724467732904940930893644690513610839843750000000000
 0.000362490872600981089979299554215685930103063583374023437500,-0.115153911084974400202973754403501516208052635192871093750000, 0.210078655016820187162451816220709588378667831420898437500000, 0.970879258954561064065558184665860608220100402832031250000000, 0.241922240553757272873980355143430642783641815185546875000000, 2.072215507134675060996187312412075698375701904296875000000000
 0.000362490872600981089979299554215685930103063583374023437500,-0.115153911084974303058459099702304229140281677246093750000000, 0.210078655016820103895724969333969056606292724609375000000000,-0.970879258954561064065558184665860608220100402832031250000000, 2.899670413036036453746646657236851751804351806640625000000000, 2.072215507134675060996187312412075698375701904296875000000000
 0.000362490872600981089979299554215685930103063583374023437500,-0.115153911084974400202973754403501516208052635192871093750000,-0.210078655016820187162451816220709588378667831420898437500000, 0.970879258954561064065558184665860608220100402832031250000000, 0.241922240553757272873980355143430642783641815185546875000000, 4.210969800044910726910529774613678455352783203125000000000000
 0.000362490872600981089979299554215685930103063583374023437500,-0.115153911084974303058459099702304229140281677246093750000000,-0.210078655016820103895724969333969056606292724609375000000000,-0.970879258954561064065558184665860608220100402832031250000000, 2.899670413036036453746646657236851751804351806640625000000000, 4.210969800044910726910529774613678455352783203125000000000000
 0.000362490872600981089979299554215685930103063583374023437500, 0.115153911084974400202973754403501516208052635192871093750000, 0.970879258954560953043255722150206565856933593750000000000000, 0.210078655016820409207056741252017673105001449584960937500000, 1.359140917425484262892609876871574670076370239257812500000000, 1.452740003862689643909789083409123122692108154296875000000000
 0.000362490872600981089979299554215685930103063583374023437500, 0.115153911084974400202973754403501516208052635192871093750000, 0.970879258954560953043255722150206565856933593750000000000000,-0.210078655016820409207056741252017673105001449584960937500000, 1.782451736164309075149958516703918576240539550781250000000000, 1.452740003862689643909789083409123122692108154296875000000000
 0.000362490872600981089979299554215685930103063583374023437500, 0.115153911084974400202973754403501516208052635192871093750000,-0.970879258954560953043255722150206565856933593750000000000000, 0.210078655016820409207056741252017673105001449584960937500000, 1.359140917425484262892609876871574670076370239257812500000000, 4.830445303316896143996928003616631031036376953125000000000000
 0.000362490872600981089979299554215685930103063583374023437500, 0.115153911084974400202973754403501516208052635192871093750000,-0.970879258954560953043255722150206565856933593750000000000000,-0.210078655016820409207056741252017673105001449584960937500000, 1.782451736164309075149958516703918576240539550781250000000000, 4.830445303316896143996928003616631031036376953125000000000000
 0.000362490872600981089979299554215685930103063583374023437500,-0.115153911084974594492003063805896090343594551086425781250000, 0.970879258954560953043255722150206565856933593750000000000000, 0.210078655016820409207056741252017673105001449584960937500000, 1.359140917425484262892609876871574670076370239257812500000000, 1.688852649727103694132779310166370123624801635742187500000000
 0.000362490872600981089979299554215685930103063583374023437500,-0.115153911084974594492003063805896090343594551086425781250000, 0.970879258954560953043255722150206565856933593750000000000000,-0.210078655016820409207056741252017673105001449584960937500000, 1.782451736164309075149958516703918576240539550781250000000000, 1.688852649727103694132779310166370123624801635742187500000000
 0.000362490872600981089979299554215685930103063583374023437500,-0.115153911084974594492003063805896090343594551086425781250000,-0.970879258954560953043255722150206565856933593750000000000000, 0.210078655016820409207056741252017673105001449584960937500000, 1.359140917425484262892609876871574670076370239257812500000000, 4.594332657452482315818542701890692114830017089843750000000000
 0.000362490872600981089979299554215685930103063583374023437500,-0.115153911084974594492003063805896090343594551086425781250000,-0.970879258954560953043255722150206565856933593750000000000000,-0.210078655016820409207056741252017673105001449584960937500000, 1.782451736164309075149958516703918576240539550781250000000000, 4.594332657452482315818542701890692114830017089843750000000000
 0.000362490872600981089979299554215685930103063583374023437500, 0.970879258954560953043255722150206565856933593750000000000000, 0.210078655016820409207056741252017673105001449584960937500000, 0.115153911084974400202973754403501516208052635192871093750000, 1.455386386707846257948517632030416280031204223632812500000000, 0.213094617394479740601909156794135924428701400756835937500000
 0.000362490872600981089979299554215685930103063583374023437500, 0.970879258954560953043255722150206565856933593750000000000000, 0.210078655016820409207056741252017673105001449584960937500000,-0.115153911084974705514305526321550132706761360168457031250000, 1.686206266881947302138655686576385051012039184570312500000000, 0.213094617394479740601909156794135924428701400756835937500000
 0.000362490872600981089979299554215685930103063583374023437500, 0.970879258954560953043255722150206565856933593750000000000000,-0.210078655016820409207056741252017673105001449584960937500000, 0.115153911084974400202973754403501516208052635192871093750000, 1.455386386707846257948517632030416280031204223632812500000000, 6.070090689785106796705349552212283015251159667968750000000000
 0.000362490872600981089979299554215685930103063583374023437500, 0.970879258954560953043255722150206565856933593750000000000000,-0.210078655016820409207056741252017673105001449584960937500000,-0.115153911084974705514305526321550132706761360168457031250000, 1.686206266881947302138655686576385051012039184570312500000000, 6.070090689785106796705349552212283015251159667968750000000000
 0.000362490872600981089979299554215685930103063583374023437500,-0.970879258954560953043255722150206565856933593750000000000000, 0.210078655016820298184754278736363630741834640502929687500000, 0.115153911084974400202973754403501516208052635192871093750000, 1.455386386707846257948517632030416280031204223632812500000000, 2.928498036195313680707386083668097853660583496093750000000000
 0.000362490872600981089979299554215685930103063583374023437500,-0.970879258954560953043255722150206565856933593750000000000000, 0.210078655016820298184754278736363630741834640502929687500000,-0.115153911084974705514305526321550132706761360168457031250000, 1.686206266881947302138655686576385051012039184570312500000000, 2.928498036195313680707386083668097853660583496093750000000000
 0.000362490872600981089979299554215685930103063583374023437500,-0.970879258954560953043255722150206565856933593750000000000000,-0.210078655016820298184754278736363630741834640502929687500000, 0.115153911084974400202973754403501516208052635192871093750000, 1.455386386707846257948517632030416280031204223632812500000000, 3.354687270984272551288540853420272469520568847656250000000000
 0.000362490872600981089979299554215685930103063583374023437500,-0.970879258954560953043255722150206565856933593750000000000000,-0.210078655016820298184754278736363630741834640502929687500000,-0.115153911084974705514305526321550132706761360168457031250000, 1.686206266881947302138655686576385051012039184570312500000000, 3.354687270984272551288540853420272469520568847656250000000000
 0.000362490872600981089979299554215685930103063583374023437500, 0.970879258954560953043255722150206565856933593750000000000000, 0.115153911084974594492003063805896090343594551086425781250000, 0.210078655016820409207056741252017673105001449584960937500000, 1.359140917425484262892609876871574670076370239257812500000000, 0.118056322932207150011585383708734298124909400939941406250000
 0.000362490872600981089979299554215685930103063583374023437500, 0.970879258954560953043255722150206565856933593750000000000000, 0.115153911084974594492003063805896090343594551086425781250000,-0.210078655016820409207056741252017673105001449584960937500000, 1.782451736164309075149958516703918576240539550781250000000000, 0.118056322932207150011585383708734298124909400939941406250000
 0.000362490872600981089979299554215685930103063583374023437500, 0.970879258954560953043255722150206565856933593750000000000000,-0.115153911084974594492003063805896090343594551086425781250000, 0.210078655016820409207056741252017673105001449584960937500000, 1.359140917425484262892609876871574670076370239257812500000000, 6.165128984247378873817524436162784695625305175781250000000000
 0.000362490872600981089979299554215685930103063583374023437500, 0.970879258954560953043255722150206565856933593750000000000000,-0.115153911084974594492003063805896090343594551086425781250000,-0.210078655016820409207056741252017673105001449584960937500000, 1.782451736164309075149958516703918576240539550781250000000000, 6.165128984247378873817524436162784695625305175781250000000000
 0.000362490872600981089979299554215685930103063583374023437500,-0.970879258954560953043255722150206565856933593750000000000000, 0.115153911084974594492003063805896090343594551086425781250000, 0.210078655016820409207056741252017673105001449584960937500000, 1.359140917425484262892609876871574670076370239257812500000000, 3.023536330657586201908770817681215703487396240234375000000000
 0.000362490872600981089979299554215685930103063583374023437500,-0.970879258954560953043255722150206565856933593750000000000000, 0.115153911084974594492003063805896090343594551086425781250000,-0.210078655016820409207056741252017673105001449584960937500000, 1.782451736164309075149958516703918576240539550781250000000000, 3.023536330657586201908770817681215703487396240234375000000000
 0.000362490872600981089979299554215685930103063583374023437500,-0.970879258954560953043255722150206565856933593750000000000000,-0.115153911084974594492003063805896090343594551086425781250000, 0.210078655016820409207056741252017673105001449584960937500000, 1.359140917425484262892609876871574670076370239257812500000000, 3.259648976522000030087156119407154619693756103515625000000000
 0.000362490872600981089979299554215685930103063583374023437500,-0.970879258954560953043255722150206565856933593750000000000000,-0.115153911084974594492003063805896090343594551086425781250000,-0.210078655016820409207056741252017673105001449584960937500000, 1.782451736164309075149958516703918576240539550781250000000000, 3.259648976522000030087156119407154619693756103515625000000000
 0.000392554007070979526453774477445790580532047897577285766602, 0.259228200945994191606303047592518851161003112792968750000000, 0.159949109714367709855764587700832635164260864257812500000000, 0.952479407722751969522789750044466927647590637207031250000000, 0.309521577775718148561878706459538079798221588134765625000000, 0.552840646707564720152561221766518428921699523925781250000000
 0.000392554007070979526453774477445790580532047897577285766602, 0.259228200945994025072849353819037787616252899169921875000000, 0.159949109714367598833462125185178592801094055175781250000000,-0.952479407722752080545092212560120970010757446289062500000000, 2.832071075814075467036445843405090272426605224609375000000000, 0.552840646707564609130258759250864386558532714843750000000000
 0.000392554007070979526453774477445790580532047897577285766602, 0.259228200945994191606303047592518851161003112792968750000000,-0.159949109714367709855764587700832635164260864257812500000000, 0.952479407722751969522789750044466927647590637207031250000000, 0.309521577775718148561878706459538079798221588134765625000000, 5.730344660472021622865668177837505936622619628906250000000000
 0.000392554007070979526453774477445790580532047897577285766602, 0.259228200945994025072849353819037787616252899169921875000000,-0.159949109714367598833462125185178592801094055175781250000000,-0.952479407722752080545092212560120970010757446289062500000000, 2.832071075814075467036445843405090272426605224609375000000000, 5.730344660472021622865668177837505936622619628906250000000000
 0.000392554007070979526453774477445790580532047897577285766602,-0.259228200945994191606303047592518851161003112792968750000000, 0.159949109714367709855764587700832635164260864257812500000000, 0.952479407722751969522789750044466927647590637207031250000000, 0.309521577775718148561878706459538079798221588134765625000000, 2.588752006882228506867704709293320775032043457031250000000000
 0.000392554007070979526453774477445790580532047897577285766602,-0.259228200945994025072849353819037787616252899169921875000000, 0.159949109714367487811159662669524550437927246093750000000000,-0.952479407722752080545092212560120970010757446289062500000000, 2.832071075814075467036445843405090272426605224609375000000000, 2.588752006882228950956914559355936944484710693359375000000000
 0.000392554007070979526453774477445790580532047897577285766602,-0.259228200945994191606303047592518851161003112792968750000000,-0.159949109714367709855764587700832635164260864257812500000000, 0.952479407722751969522789750044466927647590637207031250000000, 0.309521577775718148561878706459538079798221588134765625000000, 3.694433300297357725128222227795049548149108886718750000000000
 0.000392554007070979526453774477445790580532047897577285766602,-0.259228200945994025072849353819037787616252899169921875000000,-0.159949109714367487811159662669524550437927246093750000000000,-0.952479407722752080545092212560120970010757446289062500000000, 2.832071075814075467036445843405090272426605224609375000000000, 3.694433300297357281039012377732433378696441650390625000000000
 0.000392554007070979526453774477445790580532047897577285766602, 0.259228200945994025072849353819037787616252899169921875000000, 0.952479407722751969522789750044466927647590637207031250000000, 0.159949109714367793122491434587573166936635971069335937500000, 1.410157228088620762207483494421467185020446777343750000000000, 1.305070979935344599454083436285145580768585205078125000000000
 0.000392554007070979526453774477445790580532047897577285766602, 0.259228200945994025072849353819037787616252899169921875000000, 0.952479407722751969522789750044466927647590637207031250000000,-0.159949109714367793122491434587573166936635971069335937500000, 1.731435425501172575835084899154026061296463012695312500000000, 1.305070979935344599454083436285145580768585205078125000000000
 0.000392554007070979526453774477445790580532047897577285766602, 0.259228200945994025072849353819037787616252899169921875000000,-0.952479407722751969522789750044466927647590637207031250000000, 0.159949109714367793122491434587573166936635971069335937500000, 1.410157228088620762207483494421467185020446777343750000000000, 4.978114327244242076631053350865840911865234375000000000000000
 0.000392554007070979526453774477445790580532047897577285766602, 0.259228200945994025072849353819037787616252899169921875000000,-0.952479407722751969522789750044466927647590637207031250000000,-0.159949109714367793122491434587573166936635971069335937500000, 1.731435425501172575835084899154026061296463012695312500000000, 4.978114327244242076631053350865840911865234375000000000000000
 0.000392554007070979526453774477445790580532047897577285766602,-0.259228200945994191606303047592518851161003112792968750000000, 0.952479407722751858500487287528812885284423828125000000000000, 0.159949109714367793122491434587573166936635971069335937500000, 1.410157228088620762207483494421467185020446777343750000000000, 1.836521673654448960633089882321655750274658203125000000000000
 0.000392554007070979526453774477445790580532047897577285766602,-0.259228200945994191606303047592518851161003112792968750000000, 0.952479407722751858500487287528812885284423828125000000000000,-0.159949109714367793122491434587573166936635971069335937500000, 1.731435425501172575835084899154026061296463012695312500000000, 1.836521673654448960633089882321655750274658203125000000000000
 0.000392554007070979526453774477445790580532047897577285766602,-0.259228200945994191606303047592518851161003112792968750000000,-0.952479407722751858500487287528812885284423828125000000000000, 0.159949109714367793122491434587573166936635971069335937500000, 1.410157228088620762207483494421467185020446777343750000000000, 4.446663633525137271362837054766714572906494140625000000000000
 0.000392554007070979526453774477445790580532047897577285766602,-0.259228200945994191606303047592518851161003112792968750000000,-0.952479407722751858500487287528812885284423828125000000000000,-0.159949109714367793122491434587573166936635971069335937500000, 1.731435425501172575835084899154026061296463012695312500000000, 4.446663633525137271362837054766714572906494140625000000000000
 0.000392554007070979526453774477445790580532047897577285766602, 0.159949109714367709855764587700832635164260864257812500000000, 0.259228200945994191606303047592518851161003112792968750000000, 0.952479407722751969522789750044466927647590637207031250000000, 0.309521577775718148561878706459538079798221588134765625000000, 1.017955680087331948868722975021228194236755371093750000000000
 0.000392554007070979526453774477445790580532047897577285766602, 0.159949109714367598833462125185178592801094055175781250000000, 0.259228200945994025072849353819037787616252899169921875000000,-0.952479407722752080545092212560120970010757446289062500000000, 2.832071075814075467036445843405090272426605224609375000000000, 1.017955680087331948868722975021228194236755371093750000000000
 0.000392554007070979526453774477445790580532047897577285766602, 0.159949109714367709855764587700832635164260864257812500000000,-0.259228200945994191606303047592518851161003112792968750000000, 0.952479407722751969522789750044466927647590637207031250000000, 0.309521577775718148561878706459538079798221588134765625000000, 5.265229627092254283127203962067142128944396972656250000000000
 0.000392554007070979526453774477445790580532047897577285766602, 0.159949109714367598833462125185178592801094055175781250000000,-0.259228200945994025072849353819037787616252899169921875000000,-0.952479407722752080545092212560120970010757446289062500000000, 2.832071075814075467036445843405090272426605224609375000000000, 5.265229627092254283127203962067142128944396972656250000000000
 0.000392554007070979526453774477445790580532047897577285766602,-0.159949109714367709855764587700832635164260864257812500000000, 0.259228200945994191606303047592518851161003112792968750000000, 0.952479407722751969522789750044466927647590637207031250000000, 0.309521577775718148561878706459538079798221588134765625000000, 2.123636973502461167129240493522956967353820800781250000000000
 0.000392554007070979526453774477445790580532047897577285766602,-0.159949109714367487811159662669524550437927246093750000000000, 0.259228200945994025072849353819037787616252899169921875000000,-0.952479407722752080545092212560120970010757446289062500000000, 2.832071075814075467036445843405090272426605224609375000000000, 2.123636973502461167129240493522956967353820800781250000000000
 0.000392554007070979526453774477445790580532047897577285766602,-0.159949109714367709855764587700832635164260864257812500000000,-0.259228200945994191606303047592518851161003112792968750000000, 0.952479407722751969522789750044466927647590637207031250000000, 0.309521577775718148561878706459538079798221588134765625000000, 4.159548333677125064866686443565413355827331542968750000000000
 0.000392554007070979526453774477445790580532047897577285766602,-0.159949109714367487811159662669524550437927246093750000000000,-0.259228200945994025072849353819037787616252899169921875000000,-0.952479407722752080545092212560120970010757446289062500000000, 2.832071075814075467036445843405090272426605224609375000000000, 4.159548333677125064866686443565413355827331542968750000000000
 0.000392554007070979526453774477445790580532047897577285766602, 0.159949109714367598833462125185178592801094055175781250000000, 0.952479407722752080545092212560120970010757446289062500000000, 0.259228200945994080584000585076864808797836303710937500000000, 1.308573325642744755725743743823841214179992675781250000000000, 1.404419485774930365096224704757332801818847656250000000000000
 0.000392554007070979526453774477445790580532047897577285766602, 0.159949109714367598833462125185178592801094055175781250000000, 0.952479407722752080545092212560120970010757446289062500000000,-0.259228200945994080584000585076864808797836303710937500000000, 1.833019327947048582316824649751652032136917114257812500000000, 1.404419485774930365096224704757332801818847656250000000000000
 0.000392554007070979526453774477445790580532047897577285766602, 0.159949109714367598833462125185178592801094055175781250000000,-0.952479407722752080545092212560120970010757446289062500000000, 0.259228200945994080584000585076864808797836303710937500000000, 1.308573325642744755725743743823841214179992675781250000000000, 4.878765821404655866899702232331037521362304687500000000000000
 0.000392554007070979526453774477445790580532047897577285766602, 0.159949109714367598833462125185178592801094055175781250000000,-0.952479407722752080545092212560120970010757446289062500000000,-0.259228200945994080584000585076864808797836303710937500000000, 1.833019327947048582316824649751652032136917114257812500000000, 4.878765821404655866899702232331037521362304687500000000000000
 0.000392554007070979526453774477445790580532047897577285766602,-0.159949109714367793122491434587573166936635971069335937500000, 0.952479407722751969522789750044466927647590637207031250000000, 0.259228200945994080584000585076864808797836303710937500000000, 1.308573325642744533681138818792533129453659057617187500000000, 1.737173167814862972946343688818160444498062133789062500000000
 0.000392554007070979526453774477445790580532047897577285766602,-0.159949109714367793122491434587573166936635971069335937500000, 0.952479407722751969522789750044466927647590637207031250000000,-0.259228200945994080584000585076864808797836303710937500000000, 1.833019327947048582316824649751652032136917114257812500000000, 1.737173167814862972946343688818160444498062133789062500000000
 0.000392554007070979526453774477445790580532047897577285766602,-0.159949109714367793122491434587573166936635971069335937500000,-0.952479407722751969522789750044466927647590637207031250000000, 0.259228200945994080584000585076864808797836303710937500000000, 1.308573325642744533681138818792533129453659057617187500000000, 4.546012139364723481094188173301517963409423828125000000000000
 0.000392554007070979526453774477445790580532047897577285766602,-0.159949109714367793122491434587573166936635971069335937500000,-0.952479407722751969522789750044466927647590637207031250000000,-0.259228200945994080584000585076864808797836303710937500000000, 1.833019327947048582316824649751652032136917114257812500000000, 4.546012139364723481094188173301517963409423828125000000000000
 0.000392554007070979526453774477445790580532047897577285766602, 0.952479407722751969522789750044466927647590637207031250000000, 0.259228200945994025072849353819037787616252899169921875000000, 0.159949109714367793122491434587573166936635971069335937500000, 1.410157228088620762207483494421467185020446777343750000000000, 0.265725346859552125078351991760428063571453094482421875000000
 0.000392554007070979526453774477445790580532047897577285766602, 0.952479407722751969522789750044466927647590637207031250000000, 0.259228200945994025072849353819037787616252899169921875000000,-0.159949109714367793122491434587573166936635971069335937500000, 1.731435425501172575835084899154026061296463012695312500000000, 0.265725346859552125078351991760428063571453094482421875000000
 0.000392554007070979526453774477445790580532047897577285766602, 0.952479407722751969522789750044466927647590637207031250000000,-0.259228200945994025072849353819037787616252899169921875000000, 0.159949109714367793122491434587573166936635971069335937500000, 1.410157228088620762207483494421467185020446777343750000000000, 6.017459960320033829361818789038807153701782226562500000000000
 0.000392554007070979526453774477445790580532047897577285766602, 0.952479407722751969522789750044466927647590637207031250000000,-0.259228200945994025072849353819037787616252899169921875000000,-0.159949109714367793122491434587573166936635971069335937500000, 1.731435425501172575835084899154026061296463012695312500000000, 6.017459960320033829361818789038807153701782226562500000000000
 0.000392554007070979526453774477445790580532047897577285766602,-0.952479407722751969522789750044466927647590637207031250000000, 0.259228200945994025072849353819037787616252899169921875000000, 0.159949109714367793122491434587573166936635971069335937500000, 1.410157228088620762207483494421467185020446777343750000000000, 2.875867306730241157453065170557238161563873291015625000000000
 0.000392554007070979526453774477445790580532047897577285766602,-0.952479407722751969522789750044466927647590637207031250000000, 0.259228200945994025072849353819037787616252899169921875000000,-0.159949109714367793122491434587573166936635971069335937500000, 1.731435425501172575835084899154026061296463012695312500000000, 2.875867306730241157453065170557238161563873291015625000000000
 0.000392554007070979526453774477445790580532047897577285766602,-0.952479407722751969522789750044466927647590637207031250000000,-0.259228200945994025072849353819037787616252899169921875000000, 0.159949109714367793122491434587573166936635971069335937500000, 1.410157228088620762207483494421467185020446777343750000000000, 3.407318000449345074542861766531132161617279052734375000000000
 0.000392554007070979526453774477445790580532047897577285766602,-0.952479407722751969522789750044466927647590637207031250000000,-0.259228200945994025072849353819037787616252899169921875000000,-0.159949109714367793122491434587573166936635971069335937500000, 1.731435425501172575835084899154026061296463012695312500000000, 3.407318000449345074542861766531132161617279052734375000000000
 0.000392554007070979526453774477445790580532047897577285766602, 0.952479407722752080545092212560120970010757446289062500000000, 0.159949109714367404544432815782784018665552139282226562500000, 0.259228200945994080584000585076864808797836303710937500000000, 1.308573325642744755725743743823841214179992675781250000000000, 0.166376841019965998613727720112365204840898513793945312500000
 0.000392554007070979526453774477445790580532047897577285766602, 0.952479407722752080545092212560120970010757446289062500000000, 0.159949109714367404544432815782784018665552139282226562500000,-0.259228200945994080584000585076864808797836303710937500000000, 1.833019327947048582316824649751652032136917114257812500000000, 0.166376841019965998613727720112365204840898513793945312500000
 0.000392554007070979526453774477445790580532047897577285766602, 0.952479407722752080545092212560120970010757446289062500000000,-0.159949109714367404544432815782784018665552139282226562500000, 0.259228200945994080584000585076864808797836303710937500000000, 1.308573325642744755725743743823841214179992675781250000000000, 6.116808466159620039093169907573610544204711914062500000000000
 0.000392554007070979526453774477445790580532047897577285766602, 0.952479407722752080545092212560120970010757446289062500000000,-0.159949109714367404544432815782784018665552139282226562500000,-0.259228200945994080584000585076864808797836303710937500000000, 1.833019327947048582316824649751652032136917114257812500000000, 6.116808466159620039093169907573610544204711914062500000000000
 0.000392554007070979526453774477445790580532047897577285766602,-0.952479407722752080545092212560120970010757446289062500000000, 0.159949109714367210255403506380389444530010223388671875000000, 0.259228200945994080584000585076864808797836303710937500000000, 1.308573325642744755725743743823841214179992675781250000000000, 2.975215812569827367184416289092041552066802978515625000000000
 0.000392554007070979526453774477445790580532047897577285766602,-0.952479407722752080545092212560120970010757446289062500000000, 0.159949109714367210255403506380389444530010223388671875000000,-0.259228200945994080584000585076864808797836303710937500000000, 1.833019327947048582316824649751652032136917114257812500000000, 2.975215812569827367184416289092041552066802978515625000000000
 0.000392554007070979526453774477445790580532047897577285766602,-0.952479407722752080545092212560120970010757446289062500000000,-0.159949109714367210255403506380389444530010223388671875000000, 0.259228200945994080584000585076864808797836303710937500000000, 1.308573325642744755725743743823841214179992675781250000000000, 3.307969494609758864811510647996328771114349365234375000000000
 0.000392554007070979526453774477445790580532047897577285766602,-0.952479407722752080545092212560120970010757446289062500000000,-0.159949109714367210255403506380389444530010223388671875000000,-0.259228200945994080584000585076864808797836303710937500000000, 1.833019327947048582316824649751652032136917114257812500000000, 3.307969494609758864811510647996328771114349365234375000000000
 0.000415612978111978338159604451362838517525233328342437744141, 0.308174056132020313114594500802922993898391723632812500000000, 0.205869995602802696721411734870343934744596481323242187500000, 0.928787540849703940892823084141127765178680419921875000000000, 0.379668510344068066419964679880649782717227935791015625000000, 0.588946934837803692808222422172548249363899230957031250000000
 0.000415612978111978338159604451362838517525233328342437744141, 0.308174056132020424136896963318577036261558532714843750000000, 0.205869995602802696721411734870343934744596481323242187500000,-0.928787540849703940892823084141127765178680419921875000000000, 2.761924143245725105089150019921362400054931640625000000000000, 0.588946934837803470763617497141240164637565612792968750000000
 0.000415612978111978338159604451362838517525233328342437744141, 0.308174056132020313114594500802922993898391723632812500000000,-0.205869995602802696721411734870343934744596481323242187500000, 0.928787540849703940892823084141127765178680419921875000000000, 0.379668510344068066419964679880649782717227935791015625000000, 5.694238372341782650210006977431476116180419921875000000000000
 0.000415612978111978338159604451362838517525233328342437744141, 0.308174056132020424136896963318577036261558532714843750000000,-0.205869995602802696721411734870343934744596481323242187500000,-0.928787540849703940892823084141127765178680419921875000000000, 2.761924143245725105089150019921362400054931640625000000000000, 5.694238372341782650210006977431476116180419921875000000000000
 0.000415612978111978338159604451362838517525233328342437744141,-0.308174056132020313114594500802922993898391723632812500000000, 0.205869995602802613454684887983603402972221374511718750000000, 0.928787540849703940892823084141127765178680419921875000000000, 0.379668510344068066419964679880649782717227935791015625000000, 2.552645718751989534212043508887290954589843750000000000000000
 0.000415612978111978338159604451362838517525233328342437744141,-0.308174056132020424136896963318577036261558532714843750000000, 0.205869995602802696721411734870343934744596481323242187500000,-0.928787540849703940892823084141127765178680419921875000000000, 2.761924143245725105089150019921362400054931640625000000000000, 2.552645718751989534212043508887290954589843750000000000000000
 0.000415612978111978338159604451362838517525233328342437744141,-0.308174056132020313114594500802922993898391723632812500000000,-0.205869995602802613454684887983603402972221374511718750000000, 0.928787540849703940892823084141127765178680419921875000000000, 0.379668510344068066419964679880649782717227935791015625000000, 3.730539588427596697783883428201079368591308593750000000000000
 0.000415612978111978338159604451362838517525233328342437744141,-0.308174056132020424136896963318577036261558532714843750000000,-0.205869995602802696721411734870343934744596481323242187500000,-0.928787540849703940892823084141127765178680419921875000000000, 2.761924143245725105089150019921362400054931640625000000000000, 3.730539588427596697783883428201079368591308593750000000000000
 0.000415612978111978338159604451362838517525233328342437744141, 0.308174056132020313114594500802922993898391723632812500000000, 0.928787540849703940892823084141127765178680419921875000000000, 0.205869995602802613454684887983603402972221374511718750000000, 1.363443663136684191883318817417602986097335815429687500000000, 1.250424127284729403086771526432130485773086547851562500000000
 0.000415612978111978338159604451362838517525233328342437744141, 0.308174056132020313114594500802922993898391723632812500000000, 0.928787540849703829870520621625473722815513610839843750000000,-0.205869995602802807743714197385997977107763290405273437500000, 1.778148990453109146159249576157890260219573974609375000000000, 1.250424127284729403086771526432130485773086547851562500000000
 0.000415612978111978338159604451362838517525233328342437744141, 0.308174056132020313114594500802922993898391723632812500000000,-0.928787540849703940892823084141127765178680419921875000000000, 0.205869995602802613454684887983603402972221374511718750000000, 1.363443663136684191883318817417602986097335815429687500000000, 5.032761179894857050953760335687547922134399414062500000000000
 0.000415612978111978338159604451362838517525233328342437744141, 0.308174056132020313114594500802922993898391723632812500000000,-0.928787540849703829870520621625473722815513610839843750000000,-0.205869995602802807743714197385997977107763290405273437500000, 1.778148990453109146159249576157890260219573974609375000000000, 5.032761179894857050953760335687547922134399414062500000000000
 0.000415612978111978338159604451362838517525233328342437744141,-0.308174056132020313114594500802922993898391723632812500000000, 0.928787540849703940892823084141127765178680419921875000000000, 0.205869995602802613454684887983603402972221374511718750000000, 1.363443663136684191883318817417602986097335815429687500000000, 1.891168526305063934955796867143362760543823242187500000000000
 0.000415612978111978338159604451362838517525233328342437744141,-0.308174056132020313114594500802922993898391723632812500000000, 0.928787540849703829870520621625473722815513610839843750000000,-0.205869995602802807743714197385997977107763290405273437500000, 1.778148990453109146159249576157890260219573974609375000000000, 1.891168526305063934955796867143362760543823242187500000000000
 0.000415612978111978338159604451362838517525233328342437744141,-0.308174056132020313114594500802922993898391723632812500000000,-0.928787540849703940892823084141127765178680419921875000000000, 0.205869995602802613454684887983603402972221374511718750000000, 1.363443663136684191883318817417602986097335815429687500000000, 4.392016780874522297040130069945007562637329101562500000000000
 0.000415612978111978338159604451362838517525233328342437744141,-0.308174056132020313114594500802922993898391723632812500000000,-0.928787540849703829870520621625473722815513610839843750000000,-0.205869995602802807743714197385997977107763290405273437500000, 1.778148990453109146159249576157890260219573974609375000000000, 4.392016780874522297040130069945007562637329101562500000000000
 0.000415612978111978338159604451362838517525233328342437744141, 0.205869995602802613454684887983603402972221374511718750000000, 0.308174056132020313114594500802922993898391723632812500000000, 0.928787540849703940892823084141127765178680419921875000000000, 0.379668510344068066419964679880649782717227935791015625000000, 0.981849391957093087235364237130852416157722473144531250000000
 0.000415612978111978338159604451362838517525233328342437744141, 0.205869995602802696721411734870343934744596481323242187500000, 0.308174056132020424136896963318577036261558532714843750000000,-0.928787540849703940892823084141127765178680419921875000000000, 2.761924143245725105089150019921362400054931640625000000000000, 0.981849391957093087235364237130852416157722473144531250000000
 0.000415612978111978338159604451362838517525233328342437744141, 0.205869995602802613454684887983603402972221374511718750000000,-0.308174056132020313114594500802922993898391723632812500000000, 0.928787540849703940892823084141127765178680419921875000000000, 0.379668510344068066419964679880649782717227935791015625000000, 5.301335915222493255782865162473171949386596679687500000000000
 0.000415612978111978338159604451362838517525233328342437744141, 0.205869995602802696721411734870343934744596481323242187500000,-0.308174056132020424136896963318577036261558532714843750000000,-0.928787540849703940892823084141127765178680419921875000000000, 2.761924143245725105089150019921362400054931640625000000000000, 5.301335915222493255782865162473171949386596679687500000000000
 0.000415612978111978338159604451362838517525233328342437744141,-0.205869995602802613454684887983603402972221374511718750000000, 0.308174056132020313114594500802922993898391723632812500000000, 0.928787540849703940892823084141127765178680419921875000000000, 0.379668510344068066419964679880649782717227935791015625000000, 2.159743261632700139784901693928986787796020507812500000000000
 0.000415612978111978338159604451362838517525233328342437744141,-0.205869995602802696721411734870343934744596481323242187500000, 0.308174056132020424136896963318577036261558532714843750000000,-0.928787540849703940892823084141127765178680419921875000000000, 2.761924143245725105089150019921362400054931640625000000000000, 2.159743261632700139784901693928986787796020507812500000000000
 0.000415612978111978338159604451362838517525233328342437744141,-0.205869995602802613454684887983603402972221374511718750000000,-0.308174056132020313114594500802922993898391723632812500000000, 0.928787540849703940892823084141127765178680419921875000000000, 0.379668510344068066419964679880649782717227935791015625000000, 4.123442045546886092211025243159383535385131835937500000000000
 0.000415612978111978338159604451362838517525233328342437744141,-0.205869995602802696721411734870343934744596481323242187500000,-0.308174056132020424136896963318577036261558532714843750000000,-0.928787540849703940892823084141127765178680419921875000000000, 2.761924143245725105089150019921362400054931640625000000000000, 4.123442045546886092211025243159383535385131835937500000000000
 0.000415612978111978338159604451362838517525233328342437744141, 0.205869995602802696721411734870343934744596481323242187500000, 0.928787540849703829870520621625473722815513610839843750000000, 0.308174056132020313114594500802922993898391723632812500000000, 1.257523251686615717304107420204672962427139282226562500000000, 1.352668392657542018042704512481577694416046142578125000000000
 0.000415612978111978338159604451362838517525233328342437744141, 0.205869995602802696721411734870343934744596481323242187500000, 0.928787540849703829870520621625473722815513610839843750000000,-0.308174056132020313114594500802922993898391723632812500000000, 1.884069401903177620738460973370820283889770507812500000000000, 1.352668392657542018042704512481577694416046142578125000000000
 0.000415612978111978338159604451362838517525233328342437744141, 0.205869995602802696721411734870343934744596481323242187500000,-0.928787540849703829870520621625473722815513610839843750000000, 0.308174056132020313114594500802922993898391723632812500000000, 1.257523251686615717304107420204672962427139282226562500000000, 4.930516914522044658042432274669408798217773437500000000000000
 0.000415612978111978338159604451362838517525233328342437744141, 0.205869995602802696721411734870343934744596481323242187500000,-0.928787540849703829870520621625473722815513610839843750000000,-0.308174056132020313114594500802922993898391723632812500000000, 1.884069401903177620738460973370820283889770507812500000000000, 4.930516914522044658042432274669408798217773437500000000000000
 0.000415612978111978338159604451362838517525233328342437744141,-0.205869995602802696721411734870343934744596481323242187500000, 0.928787540849703829870520621625473722815513610839843750000000, 0.308174056132020313114594500802922993898391723632812500000000, 1.257523251686615717304107420204672962427139282226562500000000, 1.788924260932251097955258956062607467174530029296875000000000
 0.000415612978111978338159604451362838517525233328342437744141,-0.205869995602802696721411734870343934744596481323242187500000, 0.928787540849703829870520621625473722815513610839843750000000,-0.308174056132020313114594500802922993898391723632812500000000, 1.884069401903177620738460973370820283889770507812500000000000, 1.788924260932251097955258956062607467174530029296875000000000
 0.000415612978111978338159604451362838517525233328342437744141,-0.205869995602802696721411734870343934744596481323242187500000,-0.928787540849703829870520621625473722815513610839843750000000, 0.308174056132020313114594500802922993898391723632812500000000, 1.257523251686615717304107420204672962427139282226562500000000, 4.494261046247334689951458130963146686553955078125000000000000
 0.000415612978111978338159604451362838517525233328342437744141,-0.205869995602802696721411734870343934744596481323242187500000,-0.928787540849703829870520621625473722815513610839843750000000,-0.308174056132020313114594500802922993898391723632812500000000, 1.884069401903177620738460973370820283889770507812500000000000, 4.494261046247334689951458130963146686553955078125000000000000
 0.000415612978111978338159604451362838517525233328342437744141, 0.928787540849703940892823084141127765178680419921875000000000, 0.308174056132020424136896963318577036261558532714843750000000, 0.205869995602802613454684887983603402972221374511718750000000, 1.363443663136684191883318817417602986097335815429687500000000, 0.320372199510167376956815132871270179748535156250000000000000
 0.000415612978111978338159604451362838517525233328342437744141, 0.928787540849703829870520621625473722815513610839843750000000, 0.308174056132020424136896963318577036261558532714843750000000,-0.205869995602802807743714197385997977107763290405273437500000, 1.778148990453109146159249576157890260219573974609375000000000, 0.320372199510167432467966364129097200930118560791015625000000
 0.000415612978111978338159604451362838517525233328342437744141, 0.928787540849703940892823084141127765178680419921875000000000,-0.308174056132020424136896963318577036261558532714843750000000, 0.205869995602802613454684887983603402972221374511718750000000, 1.363443663136684191883318817417602986097335815429687500000000, 5.962813107669418855039111804217100143432617187500000000000000
 0.000415612978111978338159604451362838517525233328342437744141, 0.928787540849703829870520621625473722815513610839843750000000,-0.308174056132020424136896963318577036261558532714843750000000,-0.205869995602802807743714197385997977107763290405273437500000, 1.778148990453109146159249576157890260219573974609375000000000, 5.962813107669418855039111804217100143432617187500000000000000
 0.000415612978111978338159604451362838517525233328342437744141,-0.928787540849703940892823084141127765178680419921875000000000, 0.308174056132020479648048194576404057443141937255859375000000, 0.205869995602802613454684887983603402972221374511718750000000, 1.363443663136684191883318817417602986097335815429687500000000, 2.821220454079625739041148335672914981842041015625000000000000
 0.000415612978111978338159604451362838517525233328342437744141,-0.928787540849703829870520621625473722815513610839843750000000, 0.308174056132020479648048194576404057443141937255859375000000,-0.205869995602802807743714197385997977107763290405273437500000, 1.778148990453109146159249576157890260219573974609375000000000, 2.821220454079625739041148335672914981842041015625000000000000
 0.000415612978111978338159604451362838517525233328342437744141,-0.928787540849703940892823084141127765178680419921875000000000,-0.308174056132020479648048194576404057443141937255859375000000, 0.205869995602802613454684887983603402972221374511718750000000, 1.363443663136684191883318817417602986097335815429687500000000, 3.461964853099960492954778601415455341339111328125000000000000
 0.000415612978111978338159604451362838517525233328342437744141,-0.928787540849703829870520621625473722815513610839843750000000,-0.308174056132020479648048194576404057443141937255859375000000,-0.205869995602802807743714197385997977107763290405273437500000, 1.778148990453109146159249576157890260219573974609375000000000, 3.461964853099960492954778601415455341339111328125000000000000
 0.000415612978111978338159604451362838517525233328342437744141, 0.928787540849703940892823084141127765178680419921875000000000, 0.205869995602802391410079962952295318245887756347656250000000, 0.308174056132020313114594500802922993898391723632812500000000, 1.257523251686615717304107420204672962427139282226562500000000, 0.218127934137354179133794218614639248698949813842773437500000
 0.000415612978111978338159604451362838517525233328342437744141, 0.928787540849703940892823084141127765178680419921875000000000, 0.205869995602802391410079962952295318245887756347656250000000,-0.308174056132020313114594500802922993898391723632812500000000, 1.884069401903177620738460973370820283889770507812500000000000, 0.218127934137354179133794218614639248698949813842773437500000
 0.000415612978111978338159604451362838517525233328342437744141, 0.928787540849703940892823084141127765178680419921875000000000,-0.205869995602802391410079962952295318245887756347656250000000, 0.308174056132020313114594500802922993898391723632812500000000, 1.257523251686615717304107420204672962427139282226562500000000, 6.065057373042232136128859565360471606254577636718750000000000
 0.000415612978111978338159604451362838517525233328342437744141, 0.928787540849703940892823084141127765178680419921875000000000,-0.205869995602802391410079962952295318245887756347656250000000,-0.308174056132020313114594500802922993898391723632812500000000, 1.884069401903177620738460973370820283889770507812500000000000, 6.065057373042232136128859565360471606254577636718750000000000
 0.000415612978111978338159604451362838517525233328342437744141,-0.928787540849703940892823084141127765178680419921875000000000, 0.205869995602802197121050653549900744110345840454101562500000, 0.308174056132020313114594500802922993898391723632812500000000, 1.257523251686615717304107420204672962427139282226562500000000, 2.923464719452439464220105946878902614116668701171875000000000
 0.000415612978111978338159604451362838517525233328342437744141,-0.928787540849703940892823084141127765178680419921875000000000, 0.205869995602802197121050653549900744110345840454101562500000,-0.308174056132020313114594500802922993898391723632812500000000, 1.884069401903177620738460973370820283889770507812500000000000, 2.923464719452439464220105946878902614116668701171875000000000
 0.000415612978111978338159604451362838517525233328342437744141,-0.928787540849703940892823084141127765178680419921875000000000,-0.205869995602802197121050653549900744110345840454101562500000, 0.308174056132020313114594500802922993898391723632812500000000, 1.257523251686615717304107420204672962427139282226562500000000, 3.359720587727146767775820990209467709064483642578125000000000
 0.000415612978111978338159604451362838517525233328342437744141,-0.928787540849703940892823084141127765178680419921875000000000,-0.205869995602802197121050653549900744110345840454101562500000,-0.308174056132020313114594500802922993898391723632812500000000, 1.884069401903177620738460973370820283889770507812500000000000, 3.359720587727146767775820990209467709064483642578125000000000
 0.000433064498461977408997475302854240908345673233270645141602, 0.356428978157816489513720625836867839097976684570312500000000, 0.252162495350291226969829949666745960712432861328125000000000, 0.899651298819764466685455772676505148410797119140625000000000, 0.451826127665310994796499244330334477126598358154296875000000, 0.615721226304463464806815409247064962983131408691406250000000
 0.000433064498461977408997475302854240908345673233270645141602, 0.356428978157816322980266932063386775553226470947265625000000, 0.252162495350291115947527487151091918349266052246093750000000,-0.899651298819764577707758235192159190773963928222656250000000, 2.689766525924482287734917917987331748008728027343750000000000, 0.615721226304463464806815409247064962983131408691406250000000
 0.000433064498461977408997475302854240908345673233270645141602, 0.356428978157816489513720625836867839097976684570312500000000,-0.252162495350291226969829949666745960712432861328125000000000, 0.899651298819764466685455772676505148410797119140625000000000, 0.451826127665310994796499244330334477126598358154296875000000, 5.667464080875122434122204140294343233108520507812500000000000
 0.000433064498461977408997475302854240908345673233270645141602, 0.356428978157816322980266932063386775553226470947265625000000,-0.252162495350291115947527487151091918349266052246093750000000,-0.899651298819764577707758235192159190773963928222656250000000, 2.689766525924482287734917917987331748008728027343750000000000, 5.667464080875122434122204140294343233108520507812500000000000
 0.000433064498461977408997475302854240908345673233270645141602,-0.356428978157816489513720625836867839097976684570312500000000, 0.252162495350291282480981180924572981894016265869140625000000, 0.899651298819764466685455772676505148410797119140625000000000, 0.451826127665310994796499244330334477126598358154296875000000, 2.525871427285329762213450521812774240970611572265625000000000
 0.000433064498461977408997475302854240908345673233270645141602,-0.356428978157816322980266932063386775553226470947265625000000, 0.252162495350291226969829949666745960712432861328125000000000,-0.899651298819764577707758235192159190773963928222656250000000, 2.689766525924482287734917917987331748008728027343750000000000, 2.525871427285329762213450521812774240970611572265625000000000
 0.000433064498461977408997475302854240908345673233270645141602,-0.356428978157816489513720625836867839097976684570312500000000,-0.252162495350291282480981180924572981894016265869140625000000, 0.899651298819764466685455772676505148410797119140625000000000, 0.451826127665310994796499244330334477126598358154296875000000, 3.757313879894256469782476415275596082210540771484375000000000
 0.000433064498461977408997475302854240908345673233270645141602,-0.356428978157816322980266932063386775553226470947265625000000,-0.252162495350291226969829949666745960712432861328125000000000,-0.899651298819764577707758235192159190773963928222656250000000, 2.689766525924482287734917917987331748008728027343750000000000, 3.757313879894256469782476415275596082210540771484375000000000
 0.000433064498461977408997475302854240908345673233270645141602, 0.356428978157816322980266932063386775553226470947265625000000, 0.899651298819764577707758235192159190773963928222656250000000, 0.252162495350291226969829949666745960712432861328125000000000, 1.315882009861121026972341496730223298072814941406250000000000, 1.193582459377646509679493647126946598291397094726562500000000
 0.000433064498461977408997475302854240908345673233270645141602, 0.356428978157816322980266932063386775553226470947265625000000, 0.899651298819764577707758235192159190773963928222656250000000,-0.252162495350291004925225024635437875986099243164062500000000, 1.825710643728672089025621971813961863517761230468750000000000, 1.193582459377646509679493647126946598291397094726562500000000
 0.000433064498461977408997475302854240908345673233270645141602, 0.356428978157816322980266932063386775553226470947265625000000,-0.899651298819764577707758235192159190773963928222656250000000, 0.252162495350291226969829949666745960712432861328125000000000, 1.315882009861121026972341496730223298072814941406250000000000, 5.089602847801939944361038214992731809616088867187500000000000
 0.000433064498461977408997475302854240908345673233270645141602, 0.356428978157816322980266932063386775553226470947265625000000,-0.899651298819764577707758235192159190773963928222656250000000,-0.252162495350291004925225024635437875986099243164062500000000, 1.825710643728672089025621971813961863517761230468750000000000, 5.089602847801939944361038214992731809616088867187500000000000
 0.000433064498461977408997475302854240908345673233270645141602,-0.356428978157816378491418163321213796734809875488281250000000, 0.899651298819764466685455772676505148410797119140625000000000, 0.252162495350291226969829949666745960712432861328125000000000, 1.315882009861121026972341496730223298072814941406250000000000, 1.948010194212146828363074746448546648025512695312500000000000
 0.000433064498461977408997475302854240908345673233270645141602,-0.356428978157816378491418163321213796734809875488281250000000, 0.899651298819764466685455772676505148410797119140625000000000,-0.252162495350291004925225024635437875986099243164062500000000, 1.825710643728672089025621971813961863517761230468750000000000, 1.948010194212146828363074746448546648025512695312500000000000
 0.000433064498461977408997475302854240908345673233270645141602,-0.356428978157816378491418163321213796734809875488281250000000,-0.899651298819764466685455772676505148410797119140625000000000, 0.252162495350291226969829949666745960712432861328125000000000, 1.315882009861121026972341496730223298072814941406250000000000, 4.335175112967439403632852190639823675155639648437500000000000
 0.000433064498461977408997475302854240908345673233270645141602,-0.356428978157816378491418163321213796734809875488281250000000,-0.899651298819764466685455772676505148410797119140625000000000,-0.252162495350291004925225024635437875986099243164062500000000, 1.825710643728672089025621971813961863517761230468750000000000, 4.335175112967439403632852190639823675155639648437500000000000
 0.000433064498461977408997475302854240908345673233270645141602, 0.252162495350291282480981180924572981894016265869140625000000, 0.356428978157816489513720625836867839097976684570312500000000, 0.899651298819764466685455772676505148410797119140625000000000, 0.451826127665310994796499244330334477126598358154296875000000, 0.955075100490433093192166325025027617812156677246093750000000
 0.000433064498461977408997475302854240908345673233270645141602, 0.252162495350291226969829949666745960712432861328125000000000, 0.356428978157816322980266932063386775553226470947265625000000,-0.899651298819764577707758235192159190773963928222656250000000, 2.689766525924482287734917917987331748008728027343750000000000, 0.955075100490432982169863862509373575448989868164062500000000
 0.000433064498461977408997475302854240908345673233270645141602, 0.252162495350291282480981180924572981894016265869140625000000,-0.356428978157816489513720625836867839097976684570312500000000, 0.899651298819764466685455772676505148410797119140625000000000, 0.451826127665310994796499244330334477126598358154296875000000, 5.328110206689153471870667999610304832458496093750000000000000
 0.000433064498461977408997475302854240908345673233270645141602, 0.252162495350291226969829949666745960712432861328125000000000,-0.356428978157816322980266932063386775553226470947265625000000,-0.899651298819764577707758235192159190773963928222656250000000, 2.689766525924482287734917917987331748008728027343750000000000, 5.328110206689153471870667999610304832458496093750000000000000
 0.000433064498461977408997475302854240908345673233270645141602,-0.252162495350291226969829949666745960712432861328125000000000, 0.356428978157816600536023088352521881461143493652343750000000, 0.899651298819764466685455772676505148410797119140625000000000, 0.451826127665310994796499244330334477126598358154296875000000, 2.186517553099359911783494681003503501415252685546875000000000
 0.000433064498461977408997475302854240908345673233270645141602,-0.252162495350291004925225024635437875986099243164062500000000, 0.356428978157816378491418163321213796734809875488281250000000,-0.899651298819764577707758235192159190773963928222656250000000, 2.689766525924482287734917917987331748008728027343750000000000, 2.186517553099359911783494681003503501415252685546875000000000
 0.000433064498461977408997475302854240908345673233270645141602,-0.252162495350291226969829949666745960712432861328125000000000,-0.356428978157816600536023088352521881461143493652343750000000, 0.899651298819764466685455772676505148410797119140625000000000, 0.451826127665310994796499244330334477126598358154296875000000, 4.096667754080225876123222406022250652313232421875000000000000
 0.000433064498461977408997475302854240908345673233270645141602,-0.252162495350291004925225024635437875986099243164062500000000,-0.356428978157816378491418163321213796734809875488281250000000,-0.899651298819764577707758235192159190773963928222656250000000, 2.689766525924482287734917917987331748008728027343750000000000, 4.096667754080225876123222406022250652313232421875000000000000
 0.000433064498461977408997475302854240908345673233270645141602, 0.252162495350291226969829949666745960712432861328125000000000, 0.899651298819764577707758235192159190773963928222656250000000, 0.356428978157816322980266932063386775553226470947265625000000, 1.206353277603581464205717566073872148990631103515625000000000, 1.297519517702446334439514430414419621229171752929687500000000
 0.000433064498461977408997475302854240908345673233270645141602, 0.252162495350291226969829949666745960712432861328125000000000, 0.899651298819764577707758235192159190773963928222656250000000,-0.356428978157816322980266932063386775553226470947265625000000, 1.935239375986211651792245902470313012599945068359375000000000, 1.297519517702446334439514430414419621229171752929687500000000
 0.000433064498461977408997475302854240908345673233270645141602, 0.252162495350291226969829949666745960712432861328125000000000,-0.899651298819764577707758235192159190773963928222656250000000, 0.356428978157816322980266932063386775553226470947265625000000, 1.206353277603581464205717566073872148990631103515625000000000, 4.985665789477139675511807581642642617225646972656250000000000
 0.000433064498461977408997475302854240908345673233270645141602, 0.252162495350291226969829949666745960712432861328125000000000,-0.899651298819764577707758235192159190773963928222656250000000,-0.356428978157816322980266932063386775553226470947265625000000, 1.935239375986211651792245902470313012599945068359375000000000, 4.985665789477139675511807581642642617225646972656250000000000
 0.000433064498461977408997475302854240908345673233270645141602,-0.252162495350291226969829949666745960712432861328125000000000, 0.899651298819764577707758235192159190773963928222656250000000, 0.356428978157816322980266932063386775553226470947265625000000, 1.206353277603581464205717566073872148990631103515625000000000, 1.844073135887347003603053963161073625087738037109375000000000
 0.000433064498461977408997475302854240908345673233270645141602,-0.252162495350291226969829949666745960712432861328125000000000, 0.899651298819764577707758235192159190773963928222656250000000,-0.356428978157816322980266932063386775553226470947265625000000, 1.935239375986211651792245902470313012599945068359375000000000, 1.844073135887347003603053963161073625087738037109375000000000
 0.000433064498461977408997475302854240908345673233270645141602,-0.252162495350291226969829949666745960712432861328125000000000,-0.899651298819764577707758235192159190773963928222656250000000, 0.356428978157816322980266932063386775553226470947265625000000, 1.206353277603581464205717566073872148990631103515625000000000, 4.439112171292238784303663123864680528640747070312500000000000
 0.000433064498461977408997475302854240908345673233270645141602,-0.252162495350291226969829949666745960712432861328125000000000,-0.899651298819764577707758235192159190773963928222656250000000,-0.356428978157816322980266932063386775553226470947265625000000, 1.935239375986211651792245902470313012599945068359375000000000, 4.439112171292238784303663123864680528640747070312500000000000
 0.000433064498461977408997475302854240908345673233270645141602, 0.899651298819764466685455772676505148410797119140625000000000, 0.356428978157816378491418163321213796734809875488281250000000, 0.252162495350291226969829949666745960712432861328125000000000, 1.315882009861121026972341496730223298072814941406250000000000, 0.377213867417250214852941780918627046048641204833984375000000
 0.000433064498461977408997475302854240908345673233270645141602, 0.899651298819764466685455772676505148410797119140625000000000, 0.356428978157816378491418163321213796734809875488281250000000,-0.252162495350291004925225024635437875986099243164062500000000, 1.825710643728672089025621971813961863517761230468750000000000, 0.377213867417250214852941780918627046048641204833984375000000
 0.000433064498461977408997475302854240908345673233270645141602, 0.899651298819764466685455772676505148410797119140625000000000,-0.356428978157816378491418163321213796734809875488281250000000, 0.252162495350291226969829949666745960712432861328125000000000, 1.315882009861121026972341496730223298072814941406250000000000, 5.905971439762335961631833924911916255950927734375000000000000
 0.000433064498461977408997475302854240908345673233270645141602, 0.899651298819764466685455772676505148410797119140625000000000,-0.356428978157816378491418163321213796734809875488281250000000,-0.252162495350291004925225024635437875986099243164062500000000, 1.825710643728672089025621971813961863517761230468750000000000, 5.905971439762335961631833924911916255950927734375000000000000
 0.000433064498461977408997475302854240908345673233270645141602,-0.899651298819764466685455772676505148410797119140625000000000, 0.356428978157816378491418163321213796734809875488281250000000, 0.252162495350291226969829949666745960712432861328125000000000, 1.315882009861121026972341496730223298072814941406250000000000, 2.764378786172542845633870456367731094360351562500000000000000
 0.000433064498461977408997475302854240908345673233270645141602,-0.899651298819764466685455772676505148410797119140625000000000, 0.356428978157816378491418163321213796734809875488281250000000,-0.252162495350291004925225024635437875986099243164062500000000, 1.825710643728672089025621971813961863517761230468750000000000, 2.764378786172542845633870456367731094360351562500000000000000
 0.000433064498461977408997475302854240908345673233270645141602,-0.899651298819764466685455772676505148410797119140625000000000,-0.356428978157816378491418163321213796734809875488281250000000, 0.252162495350291226969829949666745960712432861328125000000000, 1.315882009861121026972341496730223298072814941406250000000000, 3.518806521007043386362056480720639228820800781250000000000000
 0.000433064498461977408997475302854240908345673233270645141602,-0.899651298819764466685455772676505148410797119140625000000000,-0.356428978157816378491418163321213796734809875488281250000000,-0.252162495350291004925225024635437875986099243164062500000000, 1.825710643728672089025621971813961863517761230468750000000000, 3.518806521007043386362056480720639228820800781250000000000000
 0.000433064498461977408997475302854240908345673233270645141602, 0.899651298819764577707758235192159190773963928222656250000000, 0.252162495350291115947527487151091918349266052246093750000000, 0.356428978157816322980266932063386775553226470947265625000000, 1.206353277603581464205717566073872148990631103515625000000000, 0.273276809092450223559467303857672959566116333007812500000000
 0.000433064498461977408997475302854240908345673233270645141602, 0.899651298819764577707758235192159190773963928222656250000000, 0.252162495350291115947527487151091918349266052246093750000000,-0.356428978157816322980266932063386775553226470947265625000000, 1.935239375986211651792245902470313012599945068359375000000000, 0.273276809092450223559467303857672959566116333007812500000000
 0.000433064498461977408997475302854240908345673233270645141602, 0.899651298819764577707758235192159190773963928222656250000000,-0.252162495350291115947527487151091918349266052246093750000000, 0.356428978157816322980266932063386775553226470947265625000000, 1.206353277603581464205717566073872148990631103515625000000000, 6.009908498087136230481064558262005448341369628906250000000000
 0.000433064498461977408997475302854240908345673233270645141602, 0.899651298819764577707758235192159190773963928222656250000000,-0.252162495350291115947527487151091918349266052246093750000000,-0.356428978157816322980266932063386775553226470947265625000000, 1.935239375986211651792245902470313012599945068359375000000000, 6.009908498087136230481064558262005448341369628906250000000000
 0.000433064498461977408997475302854240908345673233270645141602,-0.899651298819764577707758235192159190773963928222656250000000, 0.252162495350290893902922562119783833622932434082031250000000, 0.356428978157816322980266932063386775553226470947265625000000, 1.206353277603581464205717566073872148990631103515625000000000, 2.868315844497343114483101089717820286750793457031250000000000
 0.000433064498461977408997475302854240908345673233270645141602,-0.899651298819764577707758235192159190773963928222656250000000, 0.252162495350290893902922562119783833622932434082031250000000,-0.356428978157816322980266932063386775553226470947265625000000, 1.935239375986211651792245902470313012599945068359375000000000, 2.868315844497343114483101089717820286750793457031250000000000
 0.000433064498461977408997475302854240908345673233270645141602,-0.899651298819764577707758235192159190773963928222656250000000,-0.252162495350290893902922562119783833622932434082031250000000, 0.356428978157816322980266932063386775553226470947265625000000, 1.206353277603581464205717566073872148990631103515625000000000, 3.414869462682243117512825847370550036430358886718750000000000
 0.000433064498461977408997475302854240908345673233270645141602,-0.899651298819764577707758235192159190773963928222656250000000,-0.252162495350290893902922562119783833622932434082031250000000,-0.356428978157816322980266932063386775553226470947265625000000, 1.935239375986211651792245902470313012599945068359375000000000, 3.414869462682243117512825847370550036430358886718750000000000
 0.000445967772591976798022411765387573723273817449808120727539, 0.403558728824070400698076355183729901909828186035156250000000, 0.298209078579767417060963907715631648898124694824218750000000, 0.864992310857447210814541449508396908640861511230468750000000, 0.525661278913155061154327540862141177058219909667968750000000, 0.636390486363193841334862099756719544529914855957031250000000
 0.000445967772591976798022411765387573723273817449808120727539, 0.403558728824070012120017736378940753638744354248046875000000, 0.298209078579767083994056520168669521808624267578125000000000,-0.864992310857447432859146374539704993367195129394531250000000, 2.615931374676638831999753165291622281074523925781250000000000, 0.636390486363193841334862099756719544529914855957031250000000
 0.000445967772591976798022411765387573723273817449808120727539, 0.403558728824070400698076355183729901909828186035156250000000,-0.298209078579767417060963907715631648898124694824218750000000, 0.864992310857447210814541449508396908640861511230468750000000, 0.525661278913155061154327540862141177058219909667968750000000, 5.646794820816392501683367299847304821014404296875000000000000
 0.000445967772591976798022411765387573723273817449808120727539, 0.403558728824070012120017736378940753638744354248046875000000,-0.298209078579767083994056520168669521808624267578125000000000,-0.864992310857447432859146374539704993367195129394531250000000, 2.615931374676638831999753165291622281074523925781250000000000, 5.646794820816392501683367299847304821014404296875000000000000
 0.000445967772591976798022411765387573723273817449808120727539,-0.403558728824070511720378817699383944272994995117187500000000, 0.298209078579767417060963907715631648898124694824218750000000, 0.864992310857447210814541449508396908640861511230468750000000, 0.525661278913155061154327540862141177058219909667968750000000, 2.505202167226599385685403831303119659423828125000000000000000
 0.000445967772591976798022411765387573723273817449808120727539,-0.403558728824070123142320198894594796001911163330078125000000, 0.298209078579767083994056520168669521808624267578125000000000,-0.864992310857447432859146374539704993367195129394531250000000, 2.615931374676638831999753165291622281074523925781250000000000, 2.505202167226599385685403831303119659423828125000000000000000
 0.000445967772591976798022411765387573723273817449808120727539,-0.403558728824070511720378817699383944272994995117187500000000,-0.298209078579767417060963907715631648898124694824218750000000, 0.864992310857447210814541449508396908640861511230468750000000, 0.525661278913155061154327540862141177058219909667968750000000, 3.777983139952986846310523105785250663757324218750000000000000
 0.000445967772591976798022411765387573723273817449808120727539,-0.403558728824070123142320198894594796001911163330078125000000,-0.298209078579767083994056520168669521808624267578125000000000,-0.864992310857447432859146374539704993367195129394531250000000, 2.615931374676638831999753165291622281074523925781250000000000, 3.777983139952986846310523105785250663757324218750000000000000
 0.000445967772591976798022411765387573723273817449808120727539, 0.403558728824070123142320198894594796001911163330078125000000, 0.864992310857447321836843912024050951004028320312500000000000, 0.298209078579767306038661445199977606534957885742187500000000, 1.267980515756406356686625258589629083871841430664062500000000, 1.134268234314837142662213409494142979383468627929687500000000
 0.000445967772591976798022411765387573723273817449808120727539, 0.403558728824070123142320198894594796001911163330078125000000, 0.864992310857447210814541449508396908640861511230468750000000,-0.298209078579767583594417601489112712442874908447265625000000, 1.873612137833387203400548060017172247171401977539062500000000, 1.134268234314837142662213409494142979383468627929687500000000
 0.000445967772591976798022411765387573723273817449808120727539, 0.403558728824070123142320198894594796001911163330078125000000,-0.864992310857447321836843912024050951004028320312500000000000, 0.298209078579767306038661445199977606534957885742187500000000, 1.267980515756406356686625258589629083871841430664062500000000, 5.148917072864748867289108602562919259071350097656250000000000
 0.000445967772591976798022411765387573723273817449808120727539, 0.403558728824070123142320198894594796001911163330078125000000,-0.864992310857447210814541449508396908640861511230468750000000,-0.298209078579767583594417601489112712442874908447265625000000, 1.873612137833387203400548060017172247171401977539062500000000, 5.148917072864748867289108602562919259071350097656250000000000
 0.000445967772591976798022411765387573723273817449808120727539,-0.403558728824070123142320198894594796001911163330078125000000, 0.864992310857447321836843912024050951004028320312500000000000, 0.298209078579767306038661445199977606534957885742187500000000, 1.267980515756406356686625258589629083871841430664062500000000, 2.007324419274956195380354984081350266933441162109375000000000
 0.000445967772591976798022411765387573723273817449808120727539,-0.403558728824070123142320198894594796001911163330078125000000, 0.864992310857447210814541449508396908640861511230468750000000,-0.298209078579767583594417601489112712442874908447265625000000, 1.873612137833387203400548060017172247171401977539062500000000, 2.007324419274956195380354984081350266933441162109375000000000
 0.000445967772591976798022411765387573723273817449808120727539,-0.403558728824070123142320198894594796001911163330078125000000,-0.864992310857447321836843912024050951004028320312500000000000, 0.298209078579767306038661445199977606534957885742187500000000, 1.267980515756406356686625258589629083871841430664062500000000, 4.275860887904629592526362102944403886795043945312500000000000
 0.000445967772591976798022411765387573723273817449808120727539,-0.403558728824070123142320198894594796001911163330078125000000,-0.864992310857447210814541449508396908640861511230468750000000,-0.298209078579767583594417601489112712442874908447265625000000, 1.873612137833387203400548060017172247171401977539062500000000, 4.275860887904629592526362102944403886795043945312500000000000
 0.000445967772591976798022411765387573723273817449808120727539, 0.298209078579767417060963907715631648898124694824218750000000, 0.403558728824070289675773892668075859546661376953125000000000, 0.864992310857447210814541449508396908640861511230468750000000, 0.525661278913155061154327540862141177058219909667968750000000, 0.934405840431702605641817171999718993902206420898437500000000
 0.000445967772591976798022411765387573723273817449808120727539, 0.298209078579767083994056520168669521808624267578125000000000, 0.403558728824070012120017736378940753638744354248046875000000,-0.864992310857447432859146374539704993367195129394531250000000, 2.615931374676638831999753165291622281074523925781250000000000, 0.934405840431702827686422097031027078628540039062500000000000
 0.000445967772591976798022411765387573723273817449808120727539, 0.298209078579767417060963907715631648898124694824218750000000,-0.403558728824070289675773892668075859546661376953125000000000, 0.864992310857447210814541449508396908640861511230468750000000, 0.525661278913155061154327540862141177058219909667968750000000, 5.348779466747883404309504840057343244552612304687500000000000
 0.000445967772591976798022411765387573723273817449808120727539, 0.298209078579767083994056520168669521808624267578125000000000,-0.403558728824070012120017736378940753638744354248046875000000,-0.864992310857447432859146374539704993367195129394531250000000, 2.615931374676638831999753165291622281074523925781250000000000, 5.348779466747883404309504840057343244552612304687500000000000
 0.000445967772591976798022411765387573723273817449808120727539,-0.298209078579767583594417601489112712442874908447265625000000, 0.403558728824070178653471430152421817183494567871093750000000, 0.864992310857447210814541449508396908640861511230468750000000, 0.525661278913155061154327540862141177058219909667968750000000, 2.207186813158091176489961071638390421867370605468750000000000
 0.000445967772591976798022411765387573723273817449808120727539,-0.298209078579767306038661445199977606534957885742187500000000, 0.403558728824069901097715273863286711275577545166015625000000,-0.864992310857447432859146374539704993367195129394531250000000, 2.615931374676638831999753165291622281074523925781250000000000, 2.207186813158090732400751221575774252414703369140625000000000
 0.000445967772591976798022411765387573723273817449808120727539,-0.298209078579767583594417601489112712442874908447265625000000,-0.403558728824070178653471430152421817183494567871093750000000, 0.864992310857447210814541449508396908640861511230468750000000, 0.525661278913155061154327540862141177058219909667968750000000, 4.075998494021495055505965865449979901313781738281250000000000
 0.000445967772591976798022411765387573723273817449808120727539,-0.298209078579767306038661445199977606534957885742187500000000,-0.403558728824069901097715273863286711275577545166015625000000,-0.864992310857447432859146374539704993367195129394531250000000, 2.615931374676638831999753165291622281074523925781250000000000, 4.075998494021495943684385565575212240219116210937500000000000
 0.000445967772591976798022411765387573723273817449808120727539, 0.298209078579767306038661445199977606534957885742187500000000, 0.864992310857447432859146374539704993367195129394531250000000, 0.403558728824070178653471430152421817183494567871093750000000, 1.155393283828678008262613730039447546005249023437500000000000, 1.238803123495378466500937975069973617792129516601562500000000
 0.000445967772591976798022411765387573723273817449808120727539, 0.298209078579767306038661445199977606534957885742187500000000, 0.864992310857447432859146374539704993367195129394531250000000,-0.403558728824070178653471430152421817183494567871093750000000, 1.986199369761115329779954663536045700311660766601562500000000, 1.238803123495378466500937975069973617792129516601562500000000
 0.000445967772591976798022411765387573723273817449808120727539, 0.298209078579767306038661445199977606534957885742187500000000,-0.864992310857447432859146374539704993367195129394531250000000, 0.403558728824070178653471430152421817183494567871093750000000, 1.155393283828678008262613730039447546005249023437500000000000, 5.044382183684207987539593887049704790115356445312500000000000
 0.000445967772591976798022411765387573723273817449808120727539, 0.298209078579767306038661445199977606534957885742187500000000,-0.864992310857447432859146374539704993367195129394531250000000,-0.403558728824070178653471430152421817183494567871093750000000, 1.986199369761115329779954663536045700311660766601562500000000, 5.044382183684207987539593887049704790115356445312500000000000
 0.000445967772591976798022411765387573723273817449808120727539,-0.298209078579767583594417601489112712442874908447265625000000, 0.864992310857447321836843912024050951004028320312500000000000, 0.403558728824070178653471430152421817183494567871093750000000, 1.155393283828678008262613730039447546005249023437500000000000, 1.902789530094415093586235343536827713251113891601562500000000
 0.000445967772591976798022411765387573723273817449808120727539,-0.298209078579767583594417601489112712442874908447265625000000, 0.864992310857447321836843912024050951004028320312500000000000,-0.403558728824070178653471430152421817183494567871093750000000, 1.986199369761115329779954663536045700311660766601562500000000, 1.902789530094415093586235343536827713251113891601562500000000
 0.000445967772591976798022411765387573723273817449808120727539,-0.298209078579767583594417601489112712442874908447265625000000,-0.864992310857447321836843912024050951004028320312500000000000, 0.403558728824070178653471430152421817183494567871093750000000, 1.155393283828678008262613730039447546005249023437500000000000, 4.380395777085171360454296518582850694656372070312500000000000
 0.000445967772591976798022411765387573723273817449808120727539,-0.298209078579767583594417601489112712442874908447265625000000,-0.864992310857447321836843912024050951004028320312500000000000,-0.403558728824070178653471430152421817183494567871093750000000, 1.986199369761115329779954663536045700311660766601562500000000, 4.380395777085171360454296518582850694656372070312500000000000
 0.000445967772591976798022411765387573723273817449808120727539, 0.864992310857447210814541449508396908640861511230468750000000, 0.403558728824070178653471430152421817183494567871093750000000, 0.298209078579767306038661445199977606534957885742187500000000, 1.267980515756406356686625258589629083871841430664062500000000, 0.436528092480059637381373249809257686138153076171875000000000
 0.000445967772591976798022411765387573723273817449808120727539, 0.864992310857447099792238986992742866277694702148437500000000, 0.403558728824070178653471430152421817183494567871093750000000,-0.298209078579767583594417601489112712442874908447265625000000, 1.873612137833387203400548060017172247171401977539062500000000, 0.436528092480059692892524481067084707319736480712890625000000
 0.000445967772591976798022411765387573723273817449808120727539, 0.864992310857447210814541449508396908640861511230468750000000,-0.403558728824070178653471430152421817183494567871093750000000, 0.298209078579767306038661445199977606534957885742187500000000, 1.267980515756406356686625258589629083871841430664062500000000, 5.846657214699526150525343837216496467590332031250000000000000
 0.000445967772591976798022411765387573723273817449808120727539, 0.864992310857447099792238986992742866277694702148437500000000,-0.403558728824070178653471430152421817183494567871093750000000,-0.298209078579767583594417601489112712442874908447265625000000, 1.873612137833387203400548060017172247171401977539062500000000, 5.846657214699526150525343837216496467590332031250000000000000
 0.000445967772591976798022411765387573723273817449808120727539,-0.864992310857447099792238986992742866277694702148437500000000, 0.403558728824070400698076355183729901909828186035156250000000, 0.298209078579767306038661445199977606534957885742187500000000, 1.267980515756406356686625258589629083871841430664062500000000, 2.705064561109733478616590218734927475452423095703125000000000
 0.000445967772591976798022411765387573723273817449808120727539,-0.864992310857447099792238986992742866277694702148437500000000, 0.403558728824070289675773892668075859546661376953125000000000,-0.298209078579767583594417601489112712442874908447265625000000, 1.873612137833387203400548060017172247171401977539062500000000, 2.705064561109733478616590218734927475452423095703125000000000
 0.000445967772591976798022411765387573723273817449808120727539,-0.864992310857447099792238986992742866277694702148437500000000,-0.403558728824070400698076355183729901909828186035156250000000, 0.298209078579767306038661445199977606534957885742187500000000, 1.267980515756406356686625258589629083871841430664062500000000, 3.578120746069852753379336718353442847728729248046875000000000
 0.000445967772591976798022411765387573723273817449808120727539,-0.864992310857447099792238986992742866277694702148437500000000,-0.403558728824070289675773892668075859546661376953125000000000,-0.298209078579767583594417601489112712442874908447265625000000, 1.873612137833387203400548060017172247171401977539062500000000, 3.578120746069852753379336718353442847728729248046875000000000
 0.000445967772591976798022411765387573723273817449808120727539, 0.864992310857447321836843912024050951004028320312500000000000, 0.298209078579767472572115138973458670079708099365234375000000, 0.403558728824070178653471430152421817183494567871093750000000, 1.155393283828678008262613730039447546005249023437500000000000, 0.331993203299518424564951146749081090092658996582031250000000
 0.000445967772591976798022411765387573723273817449808120727539, 0.864992310857447321836843912024050951004028320312500000000000, 0.298209078579767472572115138973458670079708099365234375000000,-0.403558728824070178653471430152421817183494567871093750000000, 1.986199369761115329779954663536045700311660766601562500000000, 0.331993203299518424564951146749081090092658996582031250000000
 0.000445967772591976798022411765387573723273817449808120727539, 0.864992310857447321836843912024050951004028320312500000000000,-0.298209078579767472572115138973458670079708099365234375000000, 0.403558728824070178653471430152421817183494567871093750000000, 1.155393283828678008262613730039447546005249023437500000000000, 5.951192103880067918453278252854943275451660156250000000000000
 0.000445967772591976798022411765387573723273817449808120727539, 0.864992310857447321836843912024050951004028320312500000000000,-0.298209078579767472572115138973458670079708099365234375000000,-0.403558728824070178653471430152421817183494567871093750000000, 1.986199369761115329779954663536045700311660766601562500000000, 5.951192103880067918453278252854943275451660156250000000000000
 0.000445967772591976798022411765387573723273817449808120727539,-0.864992310857447432859146374539704993367195129394531250000000, 0.298209078579767306038661445199977606534957885742187500000000, 0.403558728824070178653471430152421817183494567871093750000000, 1.155393283828678008262613730039447546005249023437500000000000, 2.809599450290275246544524634373374283313751220703125000000000
 0.000445967772591976798022411765387573723273817449808120727539,-0.864992310857447432859146374539704993367195129394531250000000, 0.298209078579767306038661445199977606534957885742187500000000,-0.403558728824070178653471430152421817183494567871093750000000, 1.986199369761115329779954663536045700311660766601562500000000, 2.809599450290275246544524634373374283313751220703125000000000
 0.000445967772591976798022411765387573723273817449808120727539,-0.864992310857447432859146374539704993367195129394531250000000,-0.298209078579767306038661445199977606534957885742187500000000, 0.403558728824070178653471430152421817183494567871093750000000, 1.155393283828678008262613730039447546005249023437500000000000, 3.473585856889310985451402302714996039867401123046875000000000
 0.000445967772591976798022411765387573723273817449808120727539,-0.864992310857447432859146374539704993367195129394531250000000,-0.298209078579767306038661445199977606534957885742187500000000,-0.403558728824070178653471430152421817183494567871093750000000, 1.986199369761115329779954663536045700311660766601562500000000, 3.473585856889310985451402302714996039867401123046875000000000
 0.000455159300445976214028603878958278983191121369600296020508, 0.449167119637390421793554651230806484818458557128906250000000, 0.343476208723573372960657934527262113988399505615234375000000, 0.824786634638032034594345986988628283143043518066406250000000, 0.600971572003816900675587930891197174787521362304687500000000, 0.652840267429730780612828766606980934739112854003906250000000
 0.000455159300445976214028603878958278983191121369600296020508, 0.449167119637390421793554651230806484818458557128906250000000, 0.343476208723573372960657934527262113988399505615234375000000,-0.824786634638032034594345986988628283143043518066406250000000, 2.540621081585976437366980462684296071529388427734375000000000, 0.652840267429730780612828766606980934739112854003906250000000
 0.000455159300445976214028603878958278983191121369600296020508, 0.449167119637390421793554651230806484818458557128906250000000,-0.343476208723573372960657934527262113988399505615234375000000, 0.824786634638032034594345986988628283143043518066406250000000, 0.600971572003816900675587930891197174787521362304687500000000, 5.630345039749855118316190782934427261352539062500000000000000
 0.000455159300445976214028603878958278983191121369600296020508, 0.449167119637390421793554651230806484818458557128906250000000,-0.343476208723573372960657934527262113988399505615234375000000,-0.824786634638032034594345986988628283143043518066406250000000, 2.540621081585976437366980462684296071529388427734375000000000, 5.630345039749855118316190782934427261352539062500000000000000
 0.000455159300445976214028603878958278983191121369600296020508,-0.449167119637390477304705882488633506000041961669921875000000, 0.343476208723573317449506703269435092806816101074218750000000, 0.824786634638032034594345986988628283143043518066406250000000, 0.600971572003816900675587930891197174787521362304687500000000, 2.488752386160062446407437164452858269214630126953125000000000
 0.000455159300445976214028603878958278983191121369600296020508,-0.449167119637390477304705882488633506000041961669921875000000, 0.343476208723573317449506703269435092806816101074218750000000,-0.824786634638032034594345986988628283143043518066406250000000, 2.540621081585976437366980462684296071529388427734375000000000, 2.488752386160062446407437164452858269214630126953125000000000
 0.000455159300445976214028603878958278983191121369600296020508,-0.449167119637390477304705882488633506000041961669921875000000,-0.343476208723573317449506703269435092806816101074218750000000, 0.824786634638032034594345986988628283143043518066406250000000, 0.600971572003816900675587930891197174787521362304687500000000, 3.794432921019523785588489772635512053966522216796875000000000
 0.000455159300445976214028603878958278983191121369600296020508,-0.449167119637390477304705882488633506000041961669921875000000,-0.343476208723573317449506703269435092806816101074218750000000,-0.824786634638032034594345986988628283143043518066406250000000, 2.540621081585976437366980462684296071529388427734375000000000, 3.794432921019523785588489772635512053966522216796875000000000
 0.000455159300445976214028603878958278983191121369600296020508, 0.449167119637390310771252188715152442455291748046875000000000, 0.824786634638032034594345986988628283143043518066406250000000, 0.343476208723573317449506703269435092806816101074218750000000, 1.220180526152636835135467663349118083715438842773437500000000, 1.072119363887466647611290682107210159301757812500000000000000
 0.000455159300445976214028603878958278983191121369600296020508, 0.449167119637390310771252188715152442455291748046875000000000, 0.824786634638032034594345986988628283143043518066406250000000,-0.343476208723573317449506703269435092806816101074218750000000, 1.921412127437156502907100730226375162601470947265625000000000, 1.072119363887466647611290682107210159301757812500000000000000
 0.000455159300445976214028603878958278983191121369600296020508, 0.449167119637390310771252188715152442455291748046875000000000,-0.824786634638032034594345986988628283143043518066406250000000, 0.343476208723573317449506703269435092806816101074218750000000, 1.220180526152636835135467663349118083715438842773437500000000, 5.211065943292119584384636254981160163879394531250000000000000
 0.000455159300445976214028603878958278983191121369600296020508, 0.449167119637390310771252188715152442455291748046875000000000,-0.824786634638032034594345986988628283143043518066406250000000,-0.343476208723573317449506703269435092806816101074218750000000, 1.921412127437156502907100730226375162601470947265625000000000, 5.211065943292119584384636254981160163879394531250000000000000
 0.000455159300445976214028603878958278983191121369600296020508,-0.449167119637390310771252188715152442455291748046875000000000, 0.824786634638032034594345986988628283143043518066406250000000, 0.343476208723573317449506703269435092806816101074218750000000, 1.220180526152636835135467663349118083715438842773437500000000, 2.069473289702326468386672786436975002288818359375000000000000
 0.000455159300445976214028603878958278983191121369600296020508,-0.449167119637390310771252188715152442455291748046875000000000, 0.824786634638032034594345986988628283143043518066406250000000,-0.343476208723573317449506703269435092806816101074218750000000, 1.921412127437156502907100730226375162601470947265625000000000, 2.069473289702326468386672786436975002288818359375000000000000
 0.000455159300445976214028603878958278983191121369600296020508,-0.449167119637390310771252188715152442455291748046875000000000,-0.824786634638032034594345986988628283143043518066406250000000, 0.343476208723573317449506703269435092806816101074218750000000, 1.220180526152636835135467663349118083715438842773437500000000, 4.213712017477259763609254150651395320892333984375000000000000
 0.000455159300445976214028603878958278983191121369600296020508,-0.449167119637390310771252188715152442455291748046875000000000,-0.824786634638032034594345986988628283143043518066406250000000,-0.343476208723573317449506703269435092806816101074218750000000, 1.921412127437156502907100730226375162601470947265625000000000, 4.213712017477259763609254150651395320892333984375000000000000
 0.000455159300445976214028603878958278983191121369600296020508, 0.343476208723573317449506703269435092806816101074218750000000, 0.449167119637390421793554651230806484818458557128906250000000, 0.824786634638032034594345986988628283143043518066406250000000, 0.600971572003816900675587930891197174787521362304687500000000, 0.917956059365165999430757892696419730782508850097656250000000
 0.000455159300445976214028603878958278983191121369600296020508, 0.343476208723573317449506703269435092806816101074218750000000, 0.449167119637390421793554651230806484818458557128906250000000,-0.824786634638032034594345986988628283143043518066406250000000, 2.540621081585976437366980462684296071529388427734375000000000, 0.917956059365165999430757892696419730782508850097656250000000
 0.000455159300445976214028603878958278983191121369600296020508, 0.343476208723573317449506703269435092806816101074218750000000,-0.449167119637390421793554651230806484818458557128906250000000, 0.824786634638032034594345986988628283143043518066406250000000, 0.600971572003816900675587930891197174787521362304687500000000, 5.365229247814419899498261656844988465309143066406250000000000
 0.000455159300445976214028603878958278983191121369600296020508, 0.343476208723573317449506703269435092806816101074218750000000,-0.449167119637390421793554651230806484818458557128906250000000,-0.824786634638032034594345986988628283143043518066406250000000, 2.540621081585976437366980462684296071529388427734375000000000, 5.365229247814419899498261656844988465309143066406250000000000
 0.000455159300445976214028603878958278983191121369600296020508,-0.343476208723573372960657934527262113988399505615234375000000, 0.449167119637390421793554651230806484818458557128906250000000, 0.824786634638032034594345986988628283143043518066406250000000, 0.600971572003816900675587930891197174787521362304687500000000, 2.223636594224627227589508038363419473171234130859375000000000
 0.000455159300445976214028603878958278983191121369600296020508,-0.343476208723573372960657934527262113988399505615234375000000, 0.449167119637390421793554651230806484818458557128906250000000,-0.824786634638032034594345986988628283143043518066406250000000, 2.540621081585976437366980462684296071529388427734375000000000, 2.223636594224627227589508038363419473171234130859375000000000
 0.000455159300445976214028603878958278983191121369600296020508,-0.343476208723573372960657934527262113988399505615234375000000,-0.449167119637390421793554651230806484818458557128906250000000, 0.824786634638032034594345986988628283143043518066406250000000, 0.600971572003816900675587930891197174787521362304687500000000, 4.059548712954958560317209048662334680557250976562500000000000
 0.000455159300445976214028603878958278983191121369600296020508,-0.343476208723573372960657934527262113988399505615234375000000,-0.449167119637390421793554651230806484818458557128906250000000,-0.824786634638032034594345986988628283143043518066406250000000, 2.540621081585976437366980462684296071529388427734375000000000, 4.059548712954958560317209048662334680557250976562500000000000
 0.000455159300445976214028603878958278983191121369600296020508, 0.343476208723573317449506703269435092806816101074218750000000, 0.824786634638032034594345986988628283143043518066406250000000, 0.449167119637390421793554651230806484818458557128906250000000, 1.104963415785521485545928044302854686975479125976562500000000, 1.176196227563326646148311738215852528810501098632812500000000
 0.000455159300445976214028603878958278983191121369600296020508, 0.343476208723573317449506703269435092806816101074218750000000, 0.824786634638031923572043524472974240779876708984375000000000,-0.449167119637390477304705882488633506000041961669921875000000, 2.036629237804271852496640349272638559341430664062500000000000, 1.176196227563326646148311738215852528810501098632812500000000
 0.000455159300445976214028603878958278983191121369600296020508, 0.343476208723573317449506703269435092806816101074218750000000,-0.824786634638032034594345986988628283143043518066406250000000, 0.449167119637390421793554651230806484818458557128906250000000, 1.104963415785521485545928044302854686975479125976562500000000, 5.106989079616259807892220123903825879096984863281250000000000
 0.000455159300445976214028603878958278983191121369600296020508, 0.343476208723573317449506703269435092806816101074218750000000,-0.824786634638031923572043524472974240779876708984375000000000,-0.449167119637390477304705882488633506000041961669921875000000, 2.036629237804271852496640349272638559341430664062500000000000, 5.106989079616259807892220123903825879096984863281250000000000
 0.000455159300445976214028603878958278983191121369600296020508,-0.343476208723573483982960397042916156351566314697265625000000, 0.824786634638031923572043524472974240779876708984375000000000, 0.449167119637390421793554651230806484818458557128906250000000, 1.104963415785521485545928044302854686975479125976562500000000, 1.965396426026466913938861580390948802232742309570312500000000
 0.000455159300445976214028603878958278983191121369600296020508,-0.343476208723573483982960397042916156351566314697265625000000, 0.824786634638031923572043524472974240779876708984375000000000,-0.449167119637390477304705882488633506000041961669921875000000, 2.036629237804271852496640349272638559341430664062500000000000, 1.965396426026466913938861580390948802232742309570312500000000
 0.000455159300445976214028603878958278983191121369600296020508,-0.343476208723573483982960397042916156351566314697265625000000,-0.824786634638031923572043524472974240779876708984375000000000, 0.449167119637390421793554651230806484818458557128906250000000, 1.104963415785521485545928044302854686975479125976562500000000, 4.317788881153119540101670281728729605674743652343750000000000
 0.000455159300445976214028603878958278983191121369600296020508,-0.343476208723573483982960397042916156351566314697265625000000,-0.824786634638031923572043524472974240779876708984375000000000,-0.449167119637390477304705882488633506000041961669921875000000, 2.036629237804271852496640349272638559341430664062500000000000, 4.317788881153119540101670281728729605674743652343750000000000
 0.000455159300445976214028603878958278983191121369600296020508, 0.824786634638032145616648449504282325506210327148437500000000, 0.449167119637390199748949726199498400092124938964843750000000, 0.343476208723573317449506703269435092806816101074218750000000, 1.220180526152636835135467663349118083715438842773437500000000, 0.498676962907429854876539820907055400311946868896484375000000
 0.000455159300445976214028603878958278983191121369600296020508, 0.824786634638032145616648449504282325506210327148437500000000, 0.449167119637390199748949726199498400092124938964843750000000,-0.343476208723573317449506703269435092806816101074218750000000, 1.921412127437156280862495805195067077875137329101562500000000, 0.498676962907429854876539820907055400311946868896484375000000
 0.000455159300445976214028603878958278983191121369600296020508, 0.824786634638032145616648449504282325506210327148437500000000,-0.449167119637390199748949726199498400092124938964843750000000, 0.343476208723573317449506703269435092806816101074218750000000, 1.220180526152636835135467663349118083715438842773437500000000, 5.784508344272156321608235884923487901687622070312500000000000
 0.000455159300445976214028603878958278983191121369600296020508, 0.824786634638032145616648449504282325506210327148437500000000,-0.449167119637390199748949726199498400092124938964843750000000,-0.343476208723573317449506703269435092806816101074218750000000, 1.921412127437156280862495805195067077875137329101562500000000, 5.784508344272156321608235884923487901687622070312500000000000
 0.000455159300445976214028603878958278983191121369600296020508,-0.824786634638031923572043524472974240779876708984375000000000, 0.449167119637390477304705882488633506000041961669921875000000, 0.343476208723573317449506703269435092806816101074218750000000, 1.220180526152636835135467663349118083715438842773437500000000, 2.642915690682363205610272416379302740097045898437500000000000
 0.000455159300445976214028603878958278983191121369600296020508,-0.824786634638031923572043524472974240779876708984375000000000, 0.449167119637390477304705882488633506000041961669921875000000,-0.343476208723573317449506703269435092806816101074218750000000, 1.921412127437156502907100730226375162601470947265625000000000, 2.642915690682363205610272416379302740097045898437500000000000
 0.000455159300445976214028603878958278983191121369600296020508,-0.824786634638031923572043524472974240779876708984375000000000,-0.449167119637390477304705882488633506000041961669921875000000, 0.343476208723573317449506703269435092806816101074218750000000, 1.220180526152636835135467663349118083715438842773437500000000, 3.640269616497223026385654520709067583084106445312500000000000
 0.000455159300445976214028603878958278983191121369600296020508,-0.824786634638031923572043524472974240779876708984375000000000,-0.449167119637390477304705882488633506000041961669921875000000,-0.343476208723573317449506703269435092806816101074218750000000, 1.921412127437156502907100730226375162601470947265625000000000, 3.640269616497223026385654520709067583084106445312500000000000
 0.000455159300445976214028603878958278983191121369600296020508, 0.824786634638032034594345986988628283143043518066406250000000, 0.343476208723573206427204240753781050443649291992187500000000, 0.449167119637390421793554651230806484818458557128906250000000, 1.104963415785521485545928044302854686975479125976562500000000, 0.394600099231569911850669996056240051984786987304687500000000
 0.000455159300445976214028603878958278983191121369600296020508, 0.824786634638031923572043524472974240779876708984375000000000, 0.343476208723573206427204240753781050443649291992187500000000,-0.449167119637390477304705882488633506000041961669921875000000, 2.036629237804271852496640349272638559341430664062500000000000, 0.394600099231569967361821227314067073166370391845703125000000
 0.000455159300445976214028603878958278983191121369600296020508, 0.824786634638032034594345986988628283143043518066406250000000,-0.343476208723573206427204240753781050443649291992187500000000, 0.449167119637390421793554651230806484818458557128906250000000, 1.104963415785521485545928044302854686975479125976562500000000, 5.888585207948016098100652016000822186470031738281250000000000
 0.000455159300445976214028603878958278983191121369600296020508, 0.824786634638031923572043524472974240779876708984375000000000,-0.343476208723573206427204240753781050443649291992187500000000,-0.449167119637390477304705882488633506000041961669921875000000, 2.036629237804271852496640349272638559341430664062500000000000, 5.888585207948016098100652016000822186470031738281250000000000
 0.000455159300445976214028603878958278983191121369600296020508,-0.824786634638032145616648449504282325506210327148437500000000, 0.343476208723572984382599315722472965717315673828125000000000, 0.449167119637390421793554651230806484818458557128906250000000, 1.104963415785521485545928044302854686975479125976562500000000, 2.746992554358223426191898397519253194332122802734375000000000
 0.000455159300445976214028603878958278983191121369600296020508,-0.824786634638032034594345986988628283143043518066406250000000, 0.343476208723572984382599315722472965717315673828125000000000,-0.449167119637390477304705882488633506000041961669921875000000, 2.036629237804271852496640349272638559341430664062500000000000, 2.746992554358223426191898397519253194332122802734375000000000
 0.000455159300445976214028603878958278983191121369600296020508,-0.824786634638032145616648449504282325506210327148437500000000,-0.343476208723572984382599315722472965717315673828125000000000, 0.449167119637390421793554651230806484818458557128906250000000, 1.104963415785521485545928044302854686975479125976562500000000, 3.536192752821362805804028539569117128849029541015625000000000
 0.000455159300445976214028603878958278983191121369600296020508,-0.824786634638032034594345986988628283143043518066406250000000,-0.343476208723572984382599315722472965717315673828125000000000,-0.449167119637390477304705882488633506000041961669921875000000, 2.036629237804271852496640349272638559341430664062500000000000, 3.536192752821362805804028539569117128849029541015625000000000
 0.000461334146274976002969486765792339610925409942865371704102, 0.492885478291748890811163619218859821557998657226562500000000, 0.387483135720343818686473014167859219014644622802734375000000, 0.779051169578381164093627830879995599389076232910156250000000, 0.677645317655674928047915273054968565702438354492187500000000, 0.666240106951065169660353149083675816655158996582031250000000
 0.000461334146274976002969486765792339610925409942865371704102, 0.492885478291748779788861156703205779194831848144531250000000, 0.387483135720343707664170551652205176651477813720703125000000,-0.779051169578381164093627830879995599389076232910156250000000, 2.463947335934118409994653120520524680614471435546875000000000, 0.666240106951065169660353149083675816655158996582031250000000
 0.000461334146274976002969486765792339610925409942865371704102, 0.492885478291748890811163619218859821557998657226562500000000,-0.387483135720343818686473014167859219014644622802734375000000, 0.779051169578381164093627830879995599389076232910156250000000, 0.677645317655674928047915273054968565702438354492187500000000, 5.616945200228521173357876250520348548889160156250000000000000
 0.000461334146274976002969486765792339610925409942865371704102, 0.492885478291748779788861156703205779194831848144531250000000,-0.387483135720343707664170551652205176651477813720703125000000,-0.779051169578381164093627830879995599389076232910156250000000, 2.463947335934118409994653120520524680614471435546875000000000, 5.616945200228521173357876250520348548889160156250000000000000
 0.000461334146274976002969486765792339610925409942865371704102,-0.492885478291748890811163619218859821557998657226562500000000, 0.387483135720343707664170551652205176651477813720703125000000, 0.779051169578381164093627830879995599389076232910156250000000, 0.677645317655674928047915273054968565702438354492187500000000, 2.475352546638728057359912781976163387298583984375000000000000
 0.000461334146274976002969486765792339610925409942865371704102,-0.492885478291748779788861156703205779194831848144531250000000, 0.387483135720343707664170551652205176651477813720703125000000,-0.779051169578381164093627830879995599389076232910156250000000, 2.463947335934118409994653120520524680614471435546875000000000, 2.475352546638728057359912781976163387298583984375000000000000
 0.000461334146274976002969486765792339610925409942865371704102,-0.492885478291748890811163619218859821557998657226562500000000,-0.387483135720343707664170551652205176651477813720703125000000, 0.779051169578381164093627830879995599389076232910156250000000, 0.677645317655674928047915273054968565702438354492187500000000, 3.807832760540858174636014155112206935882568359375000000000000
 0.000461334146274976002969486765792339610925409942865371704102,-0.492885478291748779788861156703205779194831848144531250000000,-0.387483135720343707664170551652205176651477813720703125000000,-0.779051169578381164093627830879995599389076232910156250000000, 2.463947335934118409994653120520524680614471435546875000000000, 3.807832760540858174636014155112206935882568359375000000000000
 0.000461334146274976002969486765792339610925409942865371704102, 0.492885478291748779788861156703205779194831848144531250000000, 0.779051169578381164093627830879995599389076232910156250000000, 0.387483135720343818686473014167859219014644622802734375000000, 1.172896458325957125268246272753458470106124877929687500000000, 1.006697598542480642791474565456155687570571899414062500000000
 0.000461334146274976002969486765792339610925409942865371704102, 0.492885478291748779788861156703205779194831848144531250000000, 0.779051169578381164093627830879995599389076232910156250000000,-0.387483135720343818686473014167859219014644622802734375000000, 1.968696195263836212774322120822034776210784912109375000000000, 1.006697598542480642791474565456155687570571899414062500000000
 0.000461334146274976002969486765792339610925409942865371704102, 0.492885478291748779788861156703205779194831848144531250000000,-0.779051169578381164093627830879995599389076232910156250000000, 0.387483135720343818686473014167859219014644622802734375000000, 1.172896458325957125268246272753458470106124877929687500000000, 5.276487708637105811249057296663522720336914062500000000000000
 0.000461334146274976002969486765792339610925409942865371704102, 0.492885478291748779788861156703205779194831848144531250000000,-0.779051169578381164093627830879995599389076232910156250000000,-0.387483135720343818686473014167859219014644622802734375000000, 1.968696195263836212774322120822034776210784912109375000000000, 5.276487708637105811249057296663522720336914062500000000000000
 0.000461334146274976002969486765792339610925409942865371704102,-0.492885478291748779788861156703205779194831848144531250000000, 0.779051169578381164093627830879995599389076232910156250000000, 0.387483135720343818686473014167859219014644622802734375000000, 1.172896458325957125268246272753458470106124877929687500000000, 2.134895055047312695251093828119337558746337890625000000000000
 0.000461334146274976002969486765792339610925409942865371704102,-0.492885478291748779788861156703205779194831848144531250000000, 0.779051169578381164093627830879995599389076232910156250000000,-0.387483135720343818686473014167859219014644622802734375000000, 1.968696195263836212774322120822034776210784912109375000000000, 2.134895055047312695251093828119337558746337890625000000000000
 0.000461334146274976002969486765792339610925409942865371704102,-0.492885478291748779788861156703205779194831848144531250000000,-0.779051169578381164093627830879995599389076232910156250000000, 0.387483135720343818686473014167859219014644622802734375000000, 1.172896458325957125268246272753458470106124877929687500000000, 4.148290252132273536744833108969032764434814453125000000000000
 0.000461334146274976002969486765792339610925409942865371704102,-0.492885478291748779788861156703205779194831848144531250000000,-0.779051169578381164093627830879995599389076232910156250000000,-0.387483135720343818686473014167859219014644622802734375000000, 1.968696195263836212774322120822034776210784912109375000000000, 4.148290252132273536744833108969032764434814453125000000000000
 0.000461334146274976002969486765792339610925409942865371704102, 0.387483135720343707664170551652205176651477813720703125000000, 0.492885478291748890811163619218859821557998657226562500000000, 0.779051169578381164093627830879995599389076232910156250000000, 0.677645317655674928047915273054968565702438354492187500000000, 0.904556219843831610383233510219724848866462707519531250000000
 0.000461334146274976002969486765792339610925409942865371704102, 0.387483135720343707664170551652205176651477813720703125000000, 0.492885478291748779788861156703205779194831848144531250000000,-0.779051169578381164093627830879995599389076232910156250000000, 2.463947335934118409994653120520524680614471435546875000000000, 0.904556219843831499360931047704070806503295898437500000000000
 0.000461334146274976002969486765792339610925409942865371704102, 0.387483135720343707664170551652205176651477813720703125000000,-0.492885478291748890811163619218859821557998657226562500000000, 0.779051169578381164093627830879995599389076232910156250000000, 0.677645317655674928047915273054968565702438354492187500000000, 5.378629087335754732634995889384299516677856445312500000000000
 0.000461334146274976002969486765792339610925409942865371704102, 0.387483135720343707664170551652205176651477813720703125000000,-0.492885478291748779788861156703205779194831848144531250000000,-0.779051169578381164093627830879995599389076232910156250000000, 2.463947335934118409994653120520524680614471435546875000000000, 5.378629087335754732634995889384299516677856445312500000000000
 0.000461334146274976002969486765792339610925409942865371704102,-0.387483135720343707664170551652205176651477813720703125000000, 0.492885478291748890811163619218859821557998657226562500000000, 0.779051169578381164093627830879995599389076232910156250000000, 0.677645317655674928047915273054968565702438354492187500000000, 2.237036433745961616637032420840114355087280273437500000000000
 0.000461334146274976002969486765792339610925409942865371704102,-0.387483135720343707664170551652205176651477813720703125000000, 0.492885478291748779788861156703205779194831848144531250000000,-0.779051169578381164093627830879995599389076232910156250000000, 2.463947335934118409994653120520524680614471435546875000000000, 2.237036433745961616637032420840114355087280273437500000000000
 0.000461334146274976002969486765792339610925409942865371704102,-0.387483135720343707664170551652205176651477813720703125000000,-0.492885478291748890811163619218859821557998657226562500000000, 0.779051169578381164093627830879995599389076232910156250000000, 0.677645317655674928047915273054968565702438354492187500000000, 4.046148873433624615358894516248255968093872070312500000000000
 0.000461334146274976002969486765792339610925409942865371704102,-0.387483135720343707664170551652205176651477813720703125000000,-0.492885478291748779788861156703205779194831848144531250000000,-0.779051169578381164093627830879995599389076232910156250000000, 2.463947335934118409994653120520524680614471435546875000000000, 4.046148873433624615358894516248255968093872070312500000000000
 0.000461334146274976002969486765792339610925409942865371704102, 0.387483135720343485619565626620897091925144195556640625000000, 0.779051169578381275115930293395649641752243041992187500000000, 0.492885478291748890811163619218859821557998657226562500000000, 1.055393394265646600516106445866171270608901977539062500000000, 1.109248287403393540273555117892101407051086425781250000000000
 0.000461334146274976002969486765792339610925409942865371704102, 0.387483135720343374597263164105243049561977386474609375000000, 0.779051169578381164093627830879995599389076232910156250000000,-0.492885478291749112855768544250167906284332275390625000000000, 2.086199259324146737526461947709321975708007812500000000000000, 1.109248287403393540273555117892101407051086425781250000000000
 0.000461334146274976002969486765792339610925409942865371704102, 0.387483135720343485619565626620897091925144195556640625000000,-0.779051169578381275115930293395649641752243041992187500000000, 0.492885478291748890811163619218859821557998657226562500000000, 1.055393394265646600516106445866171270608901977539062500000000, 5.173937019776192691722371819196268916130065917968750000000000
 0.000461334146274976002969486765792339610925409942865371704102, 0.387483135720343374597263164105243049561977386474609375000000,-0.779051169578381164093627830879995599389076232910156250000000,-0.492885478291749112855768544250167906284332275390625000000000, 2.086199259324146737526461947709321975708007812500000000000000, 5.173937019776192691722371819196268916130065917968750000000000
 0.000461334146274976002969486765792339610925409942865371704102,-0.387483135720343818686473014167859219014644622802734375000000, 0.779051169578381053071325368364341557025909423828125000000000, 0.492885478291748890811163619218859821557998657226562500000000, 1.055393394265646600516106445866171270608901977539062500000000, 2.032344366186400019813618200714699923992156982421875000000000
 0.000461334146274976002969486765792339610925409942865371704102,-0.387483135720343818686473014167859219014644622802734375000000, 0.779051169578380942049022905848687514662742614746093750000000,-0.492885478291749112855768544250167906284332275390625000000000, 2.086199259324146737526461947709321975708007812500000000000000, 2.032344366186400019813618200714699923992156982421875000000000
 0.000461334146274976002969486765792339610925409942865371704102,-0.387483135720343818686473014167859219014644622802734375000000,-0.779051169578381053071325368364341557025909423828125000000000, 0.492885478291748890811163619218859821557998657226562500000000, 1.055393394265646600516106445866171270608901977539062500000000, 4.250840940993185768093098886311054229736328125000000000000000
 0.000461334146274976002969486765792339610925409942865371704102,-0.387483135720343818686473014167859219014644622802734375000000,-0.779051169578380942049022905848687514662742614746093750000000,-0.492885478291749112855768544250167906284332275390625000000000, 2.086199259324146737526461947709321975708007812500000000000000, 4.250840940993185768093098886311054229736328125000000000000000
 0.000461334146274976002969486765792339610925409942865371704102, 0.779051169578381164093627830879995599389076232910156250000000, 0.492885478291748724277709925445378758013248443603515625000000, 0.387483135720343818686473014167859219014644622802734375000000, 1.172896458325957125268246272753458470106124877929687500000000, 0.564098728252415915207507168815936893224716186523437500000000
 0.000461334146274976002969486765792339610925409942865371704102, 0.779051169578381164093627830879995599389076232910156250000000, 0.492885478291748724277709925445378758013248443603515625000000,-0.387483135720343818686473014167859219014644622802734375000000, 1.968696195263836212774322120822034776210784912109375000000000, 0.564098728252415915207507168815936893224716186523437500000000
 0.000461334146274976002969486765792339610925409942865371704102, 0.779051169578381164093627830879995599389076232910156250000000,-0.492885478291748724277709925445378758013248443603515625000000, 0.387483135720343818686473014167859219014644622802734375000000, 1.172896458325957125268246272753458470106124877929687500000000, 5.719086578927170094743814843241125345230102539062500000000000
 0.000461334146274976002969486765792339610925409942865371704102, 0.779051169578381164093627830879995599389076232910156250000000,-0.492885478291748724277709925445378758013248443603515625000000,-0.387483135720343818686473014167859219014644622802734375000000, 1.968696195263836212774322120822034776210784912109375000000000, 5.719086578927170094743814843241125345230102539062500000000000
 0.000461334146274976002969486765792339610925409942865371704102,-0.779051169578381164093627830879995599389076232910156250000000, 0.492885478291748779788861156703205779194831848144531250000000, 0.387483135720343818686473014167859219014644622802734375000000, 1.172896458325957125268246272753458470106124877929687500000000, 2.577493925337377422835061224759556353092193603515625000000000
 0.000461334146274976002969486765792339610925409942865371704102,-0.779051169578381164093627830879995599389076232910156250000000, 0.492885478291748779788861156703205779194831848144531250000000,-0.387483135720343818686473014167859219014644622802734375000000, 1.968696195263836212774322120822034776210784912109375000000000, 2.577493925337377422835061224759556353092193603515625000000000
 0.000461334146274976002969486765792339610925409942865371704102,-0.779051169578381164093627830879995599389076232910156250000000,-0.492885478291748779788861156703205779194831848144531250000000, 0.387483135720343818686473014167859219014644622802734375000000, 1.172896458325957125268246272753458470106124877929687500000000, 3.705691381842208809160865712328813970088958740234375000000000
 0.000461334146274976002969486765792339610925409942865371704102,-0.779051169578381164093627830879995599389076232910156250000000,-0.492885478291748779788861156703205779194831848144531250000000,-0.387483135720343818686473014167859219014644622802734375000000, 1.968696195263836212774322120822034776210784912109375000000000, 3.705691381842208809160865712328813970088958740234375000000000
 0.000461334146274976002969486765792339610925409942865371704102, 0.779051169578381164093627830879995599389076232910156250000000, 0.387483135720343596641868089136551134288311004638671875000000, 0.492885478291748890811163619218859821557998657226562500000000, 1.055393394265646600516106445866171270608901977539062500000000, 0.461548039391503239770031541411299258470535278320312500000000
 0.000461334146274976002969486765792339610925409942865371704102, 0.779051169578381053071325368364341557025909423828125000000000, 0.387483135720343485619565626620897091925144195556640625000000,-0.492885478291749112855768544250167906284332275390625000000000, 2.086199259324146737526461947709321975708007812500000000000000, 0.461548039391503184258880310153472237288951873779296875000000
 0.000461334146274976002969486765792339610925409942865371704102, 0.779051169578381164093627830879995599389076232910156250000000,-0.387483135720343596641868089136551134288311004638671875000000, 0.492885478291748890811163619218859821557998657226562500000000, 1.055393394265646600516106445866171270608901977539062500000000, 5.821637267788083214270500320708379149436950683593750000000000
 0.000461334146274976002969486765792339610925409942865371704102, 0.779051169578381053071325368364341557025909423828125000000000,-0.387483135720343485619565626620897091925144195556640625000000,-0.492885478291749112855768544250167906284332275390625000000000, 2.086199259324146737526461947709321975708007812500000000000000, 5.821637267788083214270500320708379149436950683593750000000000
 0.000461334146274976002969486765792339610925409942865371704102,-0.779051169578381275115930293395649641752243041992187500000000, 0.387483135720343374597263164105243049561977386474609375000000, 0.492885478291748890811163619218859821557998657226562500000000, 1.055393394265646600516106445866171270608901977539062500000000, 2.680044614198290098272536852164193987846374511718750000000000
 0.000461334146274976002969486765792339610925409942865371704102,-0.779051169578381164093627830879995599389076232910156250000000, 0.387483135720343374597263164105243049561977386474609375000000,-0.492885478291749112855768544250167906284332275390625000000000, 2.086199259324146737526461947709321975708007812500000000000000, 2.680044614198290098272536852164193987846374511718750000000000
 0.000461334146274976002969486765792339610925409942865371704102,-0.779051169578381275115930293395649641752243041992187500000000,-0.387483135720343374597263164105243049561977386474609375000000, 0.492885478291748890811163619218859821557998657226562500000000, 1.055393394265646600516106445866171270608901977539062500000000, 3.603140692981296133723390084924176335334777832031250000000000
 0.000461334146274976002969486765792339610925409942865371704102,-0.779051169578381164093627830879995599389076232910156250000000,-0.387483135720343374597263164105243049561977386474609375000000,-0.492885478291749112855768544250167906284332275390625000000000, 2.086199259324146737526461947709321975708007812500000000000000, 3.603140692981296133723390084924176335334777832031250000000000
 0.000465101961826975694898334001692319361609406769275665283203, 0.534364679195898917285489915229845792055130004882812500000000, 0.429781482174692586184505671553779393434524536132812500000000, 0.727833955794581322074066065397346392273902893066406250000000, 0.755638328147005933210778039210708811879158020019531250000000, 0.677348275467427263230035805463558062911033630371093750000000
 0.000465101961826975694898334001692319361609406769275665283203, 0.534364679195898695240884990198537707328796386718750000000000, 0.429781482174692475162203209038125351071357727050781250000000,-0.727833955794581433096368527913000434637069702148437500000000, 2.385954325442787293809487891849130392074584960937500000000000, 0.677348275467427374252338267979212105274200439453125000000000
 0.000465101961826975694898334001692319361609406769275665283203, 0.534364679195898917285489915229845792055130004882812500000000,-0.429781482174692586184505671553779393434524536132812500000000, 0.727833955794581322074066065397346392273902893066406250000000, 0.755638328147005933210778039210708811879158020019531250000000, 5.605837031712159301832798519171774387359619140625000000000000
 0.000465101961826975694898334001692319361609406769275665283203, 0.534364679195898695240884990198537707328796386718750000000000,-0.429781482174692475162203209038125351071357727050781250000000,-0.727833955794581433096368527913000434637069702148437500000000, 2.385954325442787293809487891849130392074584960937500000000000, 5.605837031712159301832798519171774387359619140625000000000000
 0.000465101961826975694898334001692319361609406769275665283203,-0.534364679195898917285489915229845792055130004882812500000000, 0.429781482174692586184505671553779393434524536132812500000000, 0.727833955794581322074066065397346392273902893066406250000000, 0.755638328147005933210778039210708811879158020019531250000000, 2.464244378122365741745625200564973056316375732421875000000000
 0.000465101961826975694898334001692319361609406769275665283203,-0.534364679195898695240884990198537707328796386718750000000000, 0.429781482174692475162203209038125351071357727050781250000000,-0.727833955794581433096368527913000434637069702148437500000000, 2.385954325442787293809487891849130392074584960937500000000000, 2.464244378122365741745625200564973056316375732421875000000000
 0.000465101961826975694898334001692319361609406769275665283203,-0.534364679195898917285489915229845792055130004882812500000000,-0.429781482174692586184505671553779393434524536132812500000000, 0.727833955794581322074066065397346392273902893066406250000000, 0.755638328147005933210778039210708811879158020019531250000000, 3.818940929057220490250301736523397266864776611328125000000000
 0.000465101961826975694898334001692319361609406769275665283203,-0.534364679195898695240884990198537707328796386718750000000000,-0.429781482174692475162203209038125351071357727050781250000000,-0.727833955794581433096368527913000434637069702148437500000000, 2.385954325442787293809487891849130392074584960937500000000000, 3.818940929057220490250301736523397266864776611328125000000000
 0.000465101961826975694898334001692319361609406769275665283203, 0.534364679195898917285489915229845792055130004882812500000000, 0.727833955794581211051763602881692349910736083984375000000000, 0.429781482174692586184505671553779393434524536132812500000000, 1.126545572723919974578166147693991661071777343750000000000000, 0.937493970806084320201989612542092800140380859375000000000000
 0.000465101961826975694898334001692319361609406769275665283203, 0.534364679195898917285489915229845792055130004882812500000000, 0.727833955794581211051763602881692349910736083984375000000000,-0.429781482174692586184505671553779393434524536132812500000000, 2.015047080865873141419797320850193500518798828125000000000000, 0.937493970806084320201989612542092800140380859375000000000000
 0.000465101961826975694898334001692319361609406769275665283203, 0.534364679195898917285489915229845792055130004882812500000000,-0.727833955794581211051763602881692349910736083984375000000000, 0.429781482174692586184505671553779393434524536132812500000000, 1.126545572723919974578166147693991661071777343750000000000000, 5.345691336373501911793937324546277523040771484375000000000000
 0.000465101961826975694898334001692319361609406769275665283203, 0.534364679195898917285489915229845792055130004882812500000000,-0.727833955794581211051763602881692349910736083984375000000000,-0.429781482174692586184505671553779393434524536132812500000000, 2.015047080865873141419797320850193500518798828125000000000000, 5.345691336373501911793937324546277523040771484375000000000000
 0.000465101961826975694898334001692319361609406769275665283203,-0.534364679195898917285489915229845792055130004882812500000000, 0.727833955794581211051763602881692349910736083984375000000000, 0.429781482174692586184505671553779393434524536132812500000000, 1.126545572723919974578166147693991661071777343750000000000000, 2.204098682783708795795973856002092361450195312500000000000000
 0.000465101961826975694898334001692319361609406769275665283203,-0.534364679195898917285489915229845792055130004882812500000000, 0.727833955794581211051763602881692349910736083984375000000000,-0.429781482174692586184505671553779393434524536132812500000000, 2.015047080865873141419797320850193500518798828125000000000000, 2.204098682783708795795973856002092361450195312500000000000000
 0.000465101961826975694898334001692319361609406769275665283203,-0.534364679195898917285489915229845792055130004882812500000000,-0.727833955794581211051763602881692349910736083984375000000000, 0.429781482174692586184505671553779393434524536132812500000000, 1.126545572723919974578166147693991661071777343750000000000000, 4.079086624395877436199953081086277961730957031250000000000000
 0.000465101961826975694898334001692319361609406769275665283203,-0.534364679195898917285489915229845792055130004882812500000000,-0.727833955794581211051763602881692349910736083984375000000000,-0.429781482174692586184505671553779393434524536132812500000000, 2.015047080865873141419797320850193500518798828125000000000000, 4.079086624395877436199953081086277961730957031250000000000000
 0.000465101961826975694898334001692319361609406769275665283203, 0.429781482174692586184505671553779393434524536132812500000000, 0.534364679195898917285489915229845792055130004882812500000000, 0.727833955794581322074066065397346392273902893066406250000000, 0.755638328147005933210778039210708811879158020019531250000000, 0.893448051327469294768945928808534517884254455566406250000000
 0.000465101961826975694898334001692319361609406769275665283203, 0.429781482174692475162203209038125351071357727050781250000000, 0.534364679195898695240884990198537707328796386718750000000000,-0.727833955794581433096368527913000434637069702148437500000000, 2.385954325442787293809487891849130392074584960937500000000000, 0.893448051327469294768945928808534517884254455566406250000000
 0.000465101961826975694898334001692319361609406769275665283203, 0.429781482174692586184505671553779393434524536132812500000000,-0.534364679195898917285489915229845792055130004882812500000000, 0.727833955794581322074066065397346392273902893066406250000000, 0.755638328147005933210778039210708811879158020019531250000000, 5.389737255852116604160073620732873678207397460937500000000000
 0.000465101961826975694898334001692319361609406769275665283203, 0.429781482174692475162203209038125351071357727050781250000000,-0.534364679195898695240884990198537707328796386718750000000000,-0.727833955794581433096368527913000434637069702148437500000000, 2.385954325442787293809487891849130392074584960937500000000000, 5.389737255852116604160073620732873678207397460937500000000000
 0.000465101961826975694898334001692319361609406769275665283203,-0.429781482174692586184505671553779393434524536132812500000000, 0.534364679195898917285489915229845792055130004882812500000000, 0.727833955794581322074066065397346392273902893066406250000000, 0.755638328147005933210778039210708811879158020019531250000000, 2.248144602262323932251320002251304686069488525390625000000000
 0.000465101961826975694898334001692319361609406769275665283203,-0.429781482174692475162203209038125351071357727050781250000000, 0.534364679195898695240884990198537707328796386718750000000000,-0.727833955794581433096368527913000434637069702148437500000000, 2.385954325442787293809487891849130392074584960937500000000000, 2.248144602262323932251320002251304686069488525390625000000000
 0.000465101961826975694898334001692319361609406769275665283203,-0.429781482174692586184505671553779393434524536132812500000000,-0.534364679195898917285489915229845792055130004882812500000000, 0.727833955794581322074066065397346392273902893066406250000000, 0.755638328147005933210778039210708811879158020019531250000000, 4.035040704917262743833816784899681806564331054687500000000000
 0.000465101961826975694898334001692319361609406769275665283203,-0.429781482174692475162203209038125351071357727050781250000000,-0.534364679195898695240884990198537707328796386718750000000000,-0.727833955794581433096368527913000434637069702148437500000000, 2.385954325442787293809487891849130392074584960937500000000000, 4.035040704917262743833816784899681806564331054687500000000000
 0.000465101961826975694898334001692319361609406769275665283203, 0.429781482174692475162203209038125351071357727050781250000000, 0.727833955794581433096368527913000434637069702148437500000000, 0.534364679195898695240884990198537707328796386718750000000000, 1.007040391366937681638660251337569206953048706054687500000000, 1.037395957806082735785935255989897996187210083007812500000000
 0.000465101961826975694898334001692319361609406769275665283203, 0.429781482174692419651051977780298329889774322509765625000000, 0.727833955794581322074066065397346392273902893066406250000000,-0.534364679195898917285489915229845792055130004882812500000000, 2.134552262222855656403908142237924039363861083984375000000000, 1.037395957806082735785935255989897996187210083007812500000000
 0.000465101961826975694898334001692319361609406769275665283203, 0.429781482174692475162203209038125351071357727050781250000000,-0.727833955794581433096368527913000434637069702148437500000000, 0.534364679195898695240884990198537707328796386718750000000000, 1.007040391366937681638660251337569206953048706054687500000000, 5.245789349373503718254596606129780411720275878906250000000000
 0.000465101961826975694898334001692319361609406769275665283203, 0.429781482174692419651051977780298329889774322509765625000000,-0.727833955794581322074066065397346392273902893066406250000000,-0.534364679195898917285489915229845792055130004882812500000000, 2.134552262222855656403908142237924039363861083984375000000000, 5.245789349373503718254596606129780411720275878906250000000000
 0.000465101961826975694898334001692319361609406769275665283203,-0.429781482174692586184505671553779393434524536132812500000000, 0.727833955794581322074066065397346392273902893066406250000000, 0.534364679195898695240884990198537707328796386718750000000000, 1.007040391366937681638660251337569206953048706054687500000000, 2.104196695783710602256633137585595250129699707031250000000000
 0.000465101961826975694898334001692319361609406769275665283203,-0.429781482174692586184505671553779393434524536132812500000000, 0.727833955794581211051763602881692349910736083984375000000000,-0.534364679195898917285489915229845792055130004882812500000000, 2.134552262222855656403908142237924039363861083984375000000000, 2.104196695783710602256633137585595250129699707031250000000000
 0.000465101961826975694898334001692319361609406769275665283203,-0.429781482174692586184505671553779393434524536132812500000000,-0.727833955794581322074066065397346392273902893066406250000000, 0.534364679195898695240884990198537707328796386718750000000000, 1.007040391366937681638660251337569206953048706054687500000000, 4.178988611395875629739293799502775073051452636718750000000000
 0.000465101961826975694898334001692319361609406769275665283203,-0.429781482174692586184505671553779393434524536132812500000000,-0.727833955794581211051763602881692349910736083984375000000000,-0.534364679195898917285489915229845792055130004882812500000000, 2.134552262222855656403908142237924039363861083984375000000000, 4.178988611395875629739293799502775073051452636718750000000000
 0.000465101961826975694898334001692319361609406769275665283203, 0.727833955794581211051763602881692349910736083984375000000000, 0.534364679195898917285489915229845792055130004882812500000000, 0.429781482174692586184505671553779393434524536132812500000000, 1.126545572723919974578166147693991661071777343750000000000000, 0.633302355988812237796992121729999780654907226562500000000000
 0.000465101961826975694898334001692319361609406769275665283203, 0.727833955794581211051763602881692349910736083984375000000000, 0.534364679195898917285489915229845792055130004882812500000000,-0.429781482174692586184505671553779393434524536132812500000000, 2.015047080865873141419797320850193500518798828125000000000000, 0.633302355988812237796992121729999780654907226562500000000000
 0.000465101961826975694898334001692319361609406769275665283203, 0.727833955794581211051763602881692349910736083984375000000000,-0.534364679195898917285489915229845792055130004882812500000000, 0.429781482174692586184505671553779393434524536132812500000000, 1.126545572723919974578166147693991661071777343750000000000000, 5.649882951190773994198934815358370542526245117187500000000000
 0.000465101961826975694898334001692319361609406769275665283203, 0.727833955794581211051763602881692349910736083984375000000000,-0.534364679195898917285489915229845792055130004882812500000000,-0.429781482174692586184505671553779393434524536132812500000000, 2.015047080865873141419797320850193500518798828125000000000000, 5.649882951190773994198934815358370542526245117187500000000000
 0.000465101961826975694898334001692319361609406769275665283203,-0.727833955794581433096368527913000434637069702148437500000000, 0.534364679195898806263187452714191749691963195800781250000000, 0.429781482174692586184505671553779393434524536132812500000000, 1.126545572723919974578166147693991661071777343750000000000000, 2.508290297600981322290181196876801550388336181640625000000000
 0.000465101961826975694898334001692319361609406769275665283203,-0.727833955794581433096368527913000434637069702148437500000000, 0.534364679195898806263187452714191749691963195800781250000000,-0.429781482174692586184505671553779393434524536132812500000000, 2.015047080865873141419797320850193500518798828125000000000000, 2.508290297600981322290181196876801550388336181640625000000000
 0.000465101961826975694898334001692319361609406769275665283203,-0.727833955794581433096368527913000434637069702148437500000000,-0.534364679195898806263187452714191749691963195800781250000000, 0.429781482174692586184505671553779393434524536132812500000000, 1.126545572723919974578166147693991661071777343750000000000000, 3.774895009578604909705745740211568772792816162109375000000000
 0.000465101961826975694898334001692319361609406769275665283203,-0.727833955794581433096368527913000434637069702148437500000000,-0.534364679195898806263187452714191749691963195800781250000000,-0.429781482174692586184505671553779393434524536132812500000000, 2.015047080865873141419797320850193500518798828125000000000000, 3.774895009578604909705745740211568772792816162109375000000000
 0.000465101961826975694898334001692319361609406769275665283203, 0.727833955794581322074066065397346392273902893066406250000000, 0.429781482174692475162203209038125351071357727050781250000000, 0.534364679195898695240884990198537707328796386718750000000000, 1.007040391366937681638660251337569206953048706054687500000000, 0.533400368988813822213046478282194584608078002929687500000000
 0.000465101961826975694898334001692319361609406769275665283203, 0.727833955794581322074066065397346392273902893066406250000000, 0.429781482174692475162203209038125351071357727050781250000000,-0.534364679195898917285489915229845792055130004882812500000000, 2.134552262222855656403908142237924039363861083984375000000000, 0.533400368988813822213046478282194584608078002929687500000000
 0.000465101961826975694898334001692319361609406769275665283203, 0.727833955794581322074066065397346392273902893066406250000000,-0.429781482174692475162203209038125351071357727050781250000000, 0.534364679195898695240884990198537707328796386718750000000000, 1.007040391366937681638660251337569206953048706054687500000000, 5.749784938190772187738275533774867653846740722656250000000000
 0.000465101961826975694898334001692319361609406769275665283203, 0.727833955794581322074066065397346392273902893066406250000000,-0.429781482174692475162203209038125351071357727050781250000000,-0.534364679195898917285489915229845792055130004882812500000000, 2.134552262222855656403908142237924039363861083984375000000000, 5.749784938190772187738275533774867653846740722656250000000000
 0.000465101961826975694898334001692319361609406769275665283203,-0.727833955794581433096368527913000434637069702148437500000000, 0.429781482174692475162203209038125351071357727050781250000000, 0.534364679195898695240884990198537707328796386718750000000000, 1.007040391366937681638660251337569206953048706054687500000000, 2.608192284600979515829521915293298661708831787109375000000000
 0.000465101961826975694898334001692319361609406769275665283203,-0.727833955794581322074066065397346392273902893066406250000000, 0.429781482174692419651051977780298329889774322509765625000000,-0.534364679195898917285489915229845792055130004882812500000000, 2.134552262222855656403908142237924039363861083984375000000000, 2.608192284600979515829521915293298661708831787109375000000000
 0.000465101961826975694898334001692319361609406769275665283203,-0.727833955794581433096368527913000434637069702148437500000000,-0.429781482174692475162203209038125351071357727050781250000000, 0.534364679195898695240884990198537707328796386718750000000000, 1.007040391366937681638660251337569206953048706054687500000000, 3.674993022578606716166405021795071661472320556640625000000000
 0.000465101961826975694898334001692319361609406769275665283203,-0.727833955794581322074066065397346392273902893066406250000000,-0.429781482174692419651051977780298329889774322509765625000000,-0.534364679195898917285489915229845792055130004882812500000000, 2.134552262222855656403908142237924039363861083984375000000000, 3.674993022578606716166405021795071661472320556640625000000000
 0.000467024953609975618240568451255967374891042709350585937500, 0.573268321653099044432622122258180752396583557128906250000000, 0.469940226094353818986348869657376781105995178222656250000000, 0.671207579879299798264469245623331516981124877929687500000000, 0.834959668277298616700932143430691212415695190429687500000000, 0.686671817456741662155650374188553541898727416992187500000000
 0.000467024953609975618240568451255967374891042709350585937500, 0.573268321653098933410319659742526710033416748046875000000000, 0.469940226094353818986348869657376781105995178222656250000000,-0.671207579879300020309074170654639601707458496093750000000000, 2.306632985312494721341636250144802033901214599609375000000000, 0.686671817456741773177952836704207584261894226074218750000000
 0.000467024953609975618240568451255967374891042709350585937500, 0.573268321653099044432622122258180752396583557128906250000000,-0.469940226094353818986348869657376781105995178222656250000000, 0.671207579879299798264469245623331516981124877929687500000000, 0.834959668277298616700932143430691212415695190429687500000000, 5.596513489722844347795671637868508696556091308593750000000000
 0.000467024953609975618240568451255967374891042709350585937500, 0.573268321653098933410319659742526710033416748046875000000000,-0.469940226094353818986348869657376781105995178222656250000000,-0.671207579879300020309074170654639601707458496093750000000000, 2.306632985312494721341636250144802033901214599609375000000000, 5.596513489722844347795671637868508696556091308593750000000000
 0.000467024953609975618240568451255967374891042709350585937500,-0.573268321653099044432622122258180752396583557128906250000000, 0.469940226094353707964046407141722738742828369140625000000000, 0.671207579879299798264469245623331516981124877929687500000000, 0.834959668277298616700932143430691212415695190429687500000000, 2.454920836133051675886918019386939704418182373046875000000000
 0.000467024953609975618240568451255967374891042709350585937500,-0.573268321653099044432622122258180752396583557128906250000000, 0.469940226094353707964046407141722738742828369140625000000000,-0.671207579879300020309074170654639601707458496093750000000000, 2.306632985312494721341636250144802033901214599609375000000000, 2.454920836133051675886918019386939704418182373046875000000000
 0.000467024953609975618240568451255967374891042709350585937500,-0.573268321653099044432622122258180752396583557128906250000000,-0.469940226094353707964046407141722738742828369140625000000000, 0.671207579879299798264469245623331516981124877929687500000000, 0.834959668277298616700932143430691212415695190429687500000000, 3.828264471046534556109008917701430618762969970703125000000000
 0.000467024953609975618240568451255967374891042709350585937500,-0.573268321653099044432622122258180752396583557128906250000000,-0.469940226094353707964046407141722738742828369140625000000000,-0.671207579879300020309074170654639601707458496093750000000000, 2.306632985312494721341636250144802033901214599609375000000000, 3.828264471046534556109008917701430618762969970703125000000000
 0.000467024953609975618240568451255967374891042709350585937500, 0.573268321653098933410319659742526710033416748046875000000000, 0.671207579879299909286771708138985559344291687011718750000000, 0.469940226094353707964046407141722738742828369140625000000000, 1.081573267260856008320502041897270828485488891601562500000000, 0.863935488628232439722864910436328500509262084960937500000000
 0.000467024953609975618240568451255967374891042709350585937500, 0.573268321653098822388017197226872667670249938964843750000000, 0.671207579879299798264469245623331516981124877929687500000000,-0.469940226094353874497500100915203802287578582763671875000000, 2.060019386328937329722066351678222417831420898437500000000000, 0.863935488628232439722864910436328500509262084960937500000000
 0.000467024953609975618240568451255967374891042709350585937500, 0.573268321653098933410319659742526710033416748046875000000000,-0.671207579879299909286771708138985559344291687011718750000000, 0.469940226094353707964046407141722738742828369140625000000000, 1.081573267260856008320502041897270828485488891601562500000000, 5.419249818551353570228457101620733737945556640625000000000000
 0.000467024953609975618240568451255967374891042709350585937500, 0.573268321653098822388017197226872667670249938964843750000000,-0.671207579879299798264469245623331516981124877929687500000000,-0.469940226094353874497500100915203802287578582763671875000000, 2.060019386328937329722066351678222417831420898437500000000000, 5.419249818551353570228457101620733737945556640625000000000000
 0.000467024953609975618240568451255967374891042709350585937500,-0.573268321653099155454924584773834794759750366210937500000000, 0.671207579879299576219864320592023432254791259765625000000000, 0.469940226094353707964046407141722738742828369140625000000000, 1.081573267260856008320502041897270828485488891601562500000000, 2.277657164961561342408913333201780915260314941406250000000000
 0.000467024953609975618240568451255967374891042709350585937500,-0.573268321653099155454924584773834794759750366210937500000000, 0.671207579879299576219864320592023432254791259765625000000000,-0.469940226094353874497500100915203802287578582763671875000000, 2.060019386328937329722066351678222417831420898437500000000000, 2.277657164961561342408913333201780915260314941406250000000000
 0.000467024953609975618240568451255967374891042709350585937500,-0.573268321653099155454924584773834794759750366210937500000000,-0.671207579879299576219864320592023432254791259765625000000000, 0.469940226094353707964046407141722738742828369140625000000000, 1.081573267260856008320502041897270828485488891601562500000000, 4.005528142218024889587013603886589407920837402343750000000000
 0.000467024953609975618240568451255967374891042709350585937500,-0.573268321653099155454924584773834794759750366210937500000000,-0.671207579879299576219864320592023432254791259765625000000000,-0.469940226094353874497500100915203802287578582763671875000000, 2.060019386328937329722066351678222417831420898437500000000000, 4.005528142218024889587013603886589407920837402343750000000000
 0.000467024953609975618240568451255967374891042709350585937500, 0.469940226094353707964046407141722738742828369140625000000000, 0.573268321653099044432622122258180752396583557128906250000000, 0.671207579879299798264469245623331516981124877929687500000000, 0.834959668277298616700932143430691212415695190429687500000000, 0.884124509338155006865633822599193081259727478027343750000000
 0.000467024953609975618240568451255967374891042709350585937500, 0.469940226094353707964046407141722738742828369140625000000000, 0.573268321653099044432622122258180752396583557128906250000000,-0.671207579879300020309074170654639601707458496093750000000000, 2.306632985312494721341636250144802033901214599609375000000000, 0.884124509338155006865633822599193081259727478027343750000000
 0.000467024953609975618240568451255967374891042709350585937500, 0.469940226094353707964046407141722738742828369140625000000000,-0.573268321653099044432622122258180752396583557128906250000000, 0.671207579879299798264469245623331516981124877929687500000000, 0.834959668277298616700932143430691212415695190429687500000000, 5.399060797841431558197200502036139369010925292968750000000000
 0.000467024953609975618240568451255967374891042709350585937500, 0.469940226094353707964046407141722738742828369140625000000000,-0.573268321653099044432622122258180752396583557128906250000000,-0.671207579879300020309074170654639601707458496093750000000000, 2.306632985312494721341636250144802033901214599609375000000000, 5.399060797841431558197200502036139369010925292968750000000000
 0.000467024953609975618240568451255967374891042709350585937500,-0.469940226094353707964046407141722738742828369140625000000000, 0.573268321653099044432622122258180752396583557128906250000000, 0.671207579879299798264469245623331516981124877929687500000000, 0.834959668277298616700932143430691212415695190429687500000000, 2.257468144251637998110027183429338037967681884765625000000000
 0.000467024953609975618240568451255967374891042709350585937500,-0.469940226094353707964046407141722738742828369140625000000000, 0.573268321653099044432622122258180752396583557128906250000000,-0.671207579879300020309074170654639601707458496093750000000000, 2.306632985312494721341636250144802033901214599609375000000000, 2.257468144251637998110027183429338037967681884765625000000000
 0.000467024953609975618240568451255967374891042709350585937500,-0.469940226094353707964046407141722738742828369140625000000000,-0.573268321653099044432622122258180752396583557128906250000000, 0.671207579879299798264469245623331516981124877929687500000000, 0.834959668277298616700932143430691212415695190429687500000000, 4.025717162927948677975109603721648454666137695312500000000000
 0.000467024953609975618240568451255967374891042709350585937500,-0.469940226094353707964046407141722738742828369140625000000000,-0.573268321653099044432622122258180752396583557128906250000000,-0.671207579879300020309074170654639601707458496093750000000000, 2.306632985312494721341636250144802033901214599609375000000000, 4.025717162927948677975109603721648454666137695312500000000000
 0.000467024953609975618240568451255967374891042709350585937500, 0.469940226094353818986348869657376781105995178222656250000000, 0.671207579879299909286771708138985559344291687011718750000000, 0.573268321653098933410319659742526710033416748046875000000000, 0.960307177679698753536285948939621448516845703125000000000000, 0.959975457956416478033645489631453529000282287597656250000000
 0.000467024953609975618240568451255967374891042709350585937500, 0.469940226094353707964046407141722738742828369140625000000000, 0.671207579879299687242166783107677474617958068847656250000000,-0.573268321653099266477227047289488837122917175292968750000000, 2.181285475910094806550887369667179882526397705078125000000000, 0.959975457956416478033645489631453529000282287597656250000000
 0.000467024953609975618240568451255967374891042709350585937500, 0.469940226094353818986348869657376781105995178222656250000000,-0.671207579879299909286771708138985559344291687011718750000000, 0.573268321653098933410319659742526710033416748046875000000000, 0.960307177679698753536285948939621448516845703125000000000000, 5.323209849223169420895374059909954667091369628906250000000000
 0.000467024953609975618240568451255967374891042709350585937500, 0.469940226094353707964046407141722738742828369140625000000000,-0.671207579879299687242166783107677474617958068847656250000000,-0.573268321653099266477227047289488837122917175292968750000000, 2.181285475910094806550887369667179882526397705078125000000000, 5.323209849223169420895374059909954667091369628906250000000000
 0.000467024953609975618240568451255967374891042709350585937500,-0.469940226094353818986348869657376781105995178222656250000000, 0.671207579879299909286771708138985559344291687011718750000000, 0.573268321653098933410319659742526710033416748046875000000000, 0.960307177679698753536285948939621448516845703125000000000000, 2.181617195633376748986620441428385674953460693359375000000000
 0.000467024953609975618240568451255967374891042709350585937500,-0.469940226094353707964046407141722738742828369140625000000000, 0.671207579879299687242166783107677474617958068847656250000000,-0.573268321653099266477227047289488837122917175292968750000000, 2.181285475910094806550887369667179882526397705078125000000000, 2.181617195633376748986620441428385674953460693359375000000000
 0.000467024953609975618240568451255967374891042709350585937500,-0.469940226094353818986348869657376781105995178222656250000000,-0.671207579879299909286771708138985559344291687011718750000000, 0.573268321653098933410319659742526710033416748046875000000000, 0.960307177679698753536285948939621448516845703125000000000000, 4.101568111546209038920096645597368478775024414062500000000000
 0.000467024953609975618240568451255967374891042709350585937500,-0.469940226094353707964046407141722738742828369140625000000000,-0.671207579879299687242166783107677474617958068847656250000000,-0.573268321653099266477227047289488837122917175292968750000000, 2.181285475910094806550887369667179882526397705078125000000000, 4.101568111546209038920096645597368478775024414062500000000000
 0.000467024953609975618240568451255967374891042709350585937500, 0.671207579879299798264469245623331516981124877929687500000000, 0.573268321653099044432622122258180752396583557128906250000000, 0.469940226094353707964046407141722738742828369140625000000000, 1.081573267260856008320502041897270828485488891601562500000000, 0.706860838166664340320721748867072165012359619140625000000000
 0.000467024953609975618240568451255967374891042709350585937500, 0.671207579879299687242166783107677474617958068847656250000000, 0.573268321653099044432622122258180752396583557128906250000000,-0.469940226094353874497500100915203802287578582763671875000000, 2.060019386328937329722066351678222417831420898437500000000000, 0.706860838166664451343024211382726207375526428222656250000000
 0.000467024953609975618240568451255967374891042709350585937500, 0.671207579879299798264469245623331516981124877929687500000000,-0.573268321653099044432622122258180752396583557128906250000000, 0.469940226094353707964046407141722738742828369140625000000000, 1.081573267260856008320502041897270828485488891601562500000000, 5.576324469012922335764415038283914327621459960937500000000000
 0.000467024953609975618240568451255967374891042709350585937500, 0.671207579879299687242166783107677474617958068847656250000000,-0.573268321653099044432622122258180752396583557128906250000000,-0.469940226094353874497500100915203802287578582763671875000000, 2.060019386328937329722066351678222417831420898437500000000000, 5.576324469012921447585995338158681988716125488281250000000000
 0.000467024953609975618240568451255967374891042709350585937500,-0.671207579879299576219864320592023432254791259765625000000000, 0.573268321653099155454924584773834794759750366210937500000000, 0.469940226094353707964046407141722738742828369140625000000000, 1.081573267260856008320502041897270828485488891601562500000000, 2.434731815423128775677241719677112996578216552734375000000000
 0.000467024953609975618240568451255967374891042709350585937500,-0.671207579879299576219864320592023432254791259765625000000000, 0.573268321653099155454924584773834794759750366210937500000000,-0.469940226094353874497500100915203802287578582763671875000000, 2.060019386328937329722066351678222417831420898437500000000000, 2.434731815423128775677241719677112996578216552734375000000000
 0.000467024953609975618240568451255967374891042709350585937500,-0.671207579879299576219864320592023432254791259765625000000000,-0.573268321653099155454924584773834794759750366210937500000000, 0.469940226094353707964046407141722738742828369140625000000000, 1.081573267260856008320502041897270828485488891601562500000000, 3.848453491756457456318685217411257326602935791015625000000000
 0.000467024953609975618240568451255967374891042709350585937500,-0.671207579879299576219864320592023432254791259765625000000000,-0.573268321653099155454924584773834794759750366210937500000000,-0.469940226094353874497500100915203802287578582763671875000000, 2.060019386328937329722066351678222417831420898437500000000000, 3.848453491756457456318685217411257326602935791015625000000000
 0.000467024953609975618240568451255967374891042709350585937500, 0.671207579879299909286771708138985559344291687011718750000000, 0.469940226094353707964046407141722738742828369140625000000000, 0.573268321653098933410319659742526710033416748046875000000000, 0.960307177679698753536285948939621448516845703125000000000000, 0.610820868838479968943033782124985009431838989257812500000000
 0.000467024953609975618240568451255967374891042709350585937500, 0.671207579879299798264469245623331516981124877929687500000000, 0.469940226094353596941743944626068696379661560058593750000000,-0.573268321653099266477227047289488837122917175292968750000000, 2.181285475910094806550887369667179882526397705078125000000000, 0.610820868838479968943033782124985009431838989257812500000000
 0.000467024953609975618240568451255967374891042709350585937500, 0.671207579879299909286771708138985559344291687011718750000000,-0.469940226094353707964046407141722738742828369140625000000000, 0.573268321653098933410319659742526710033416748046875000000000, 0.960307177679698753536285948939621448516845703125000000000000, 5.672364438341106485097498079994693398475646972656250000000000
 0.000467024953609975618240568451255967374891042709350585937500, 0.671207579879299798264469245623331516981124877929687500000000,-0.469940226094353596941743944626068696379661560058593750000000,-0.573268321653099266477227047289488837122917175292968750000000, 2.181285475910094806550887369667179882526397705078125000000000, 5.672364438341106485097498079994693398475646972656250000000000
 0.000467024953609975618240568451255967374891042709350585937500,-0.671207579879299798264469245623331516981124877929687500000000, 0.469940226094353985519802563430857844650745391845703125000000, 0.573268321653098933410319659742526710033416748046875000000000, 0.960307177679698753536285948939621448516845703125000000000000, 2.530771784751312925010324761387892067432403564453125000000000
 0.000467024953609975618240568451255967374891042709350585937500,-0.671207579879299576219864320592023432254791259765625000000000, 0.469940226094353874497500100915203802287578582763671875000000,-0.573268321653099266477227047289488837122917175292968750000000, 2.181285475910094806550887369667179882526397705078125000000000, 2.530771784751312925010324761387892067432403564453125000000000
 0.000467024953609975618240568451255967374891042709350585937500,-0.671207579879299798264469245623331516981124877929687500000000,-0.469940226094353985519802563430857844650745391845703125000000, 0.573268321653098933410319659742526710033416748046875000000000, 0.960307177679698753536285948939621448516845703125000000000000, 3.752413522428273306985602175700478255748748779296875000000000
 0.000467024953609975618240568451255967374891042709350585937500,-0.671207579879299576219864320592023432254791259765625000000000,-0.469940226094353874497500100915203802287578582763671875000000,-0.573268321653099266477227047289488837122917175292968750000000, 2.181285475910094806550887369667179882526397705078125000000000, 3.752413522428273306985602175700478255748748779296875000000000
 0.000354955557643981452903281237354349286761134862899780273438, 0.221413158321898700942043092254607472568750381469726562500000, 0.038736020406439100605133774024579906836152076721191406250000, 0.974410454605754816626017600356135517358779907226562500000000, 0.226713183513017307868508964929787907749414443969726562500000, 0.173196224308170276806606580066727474331855773925781250000000
 0.000354955557643981452903281237354349286761134862899780273438, 0.221413158321898700942043092254607472568750381469726562500000, 0.038736020406439100605133774024579906836152076721191406250000,-0.974410454605754816626017600356135517358779907226562500000000, 2.914879470076775724862727656727656722068786621093750000000000, 0.173196224308170276806606580066727474331855773925781250000000
 0.000354955557643981452903281237354349286761134862899780273438, 0.221413158321898700942043092254607472568750381469726562500000,-0.038736020406439100605133774024579906836152076721191406250000, 0.974410454605754816626017600356135517358779907226562500000000, 0.226713183513017307868508964929787907749414443969726562500000, 6.109989082871416066211622819537296891212463378906250000000000
 0.000354955557643981452903281237354349286761134862899780273438, 0.221413158321898700942043092254607472568750381469726562500000,-0.038736020406439100605133774024579906836152076721191406250000,-0.974410454605754816626017600356135517358779907226562500000000, 2.914879470076775724862727656727656722068786621093750000000000, 6.109989082871416066211622819537296891212463378906250000000000
 0.000354955557643981452903281237354349286761134862899780273438,-0.221413158321898700942043092254607472568750381469726562500000, 0.038736020406439100605133774024579906836152076721191406250000, 0.974410454605754816626017600356135517358779907226562500000000, 0.226713183513017307868508964929787907749414443969726562500000, 2.968396429281622950213659350993111729621887207031250000000000
 0.000354955557643981452903281237354349286761134862899780273438,-0.221413158321898700942043092254607472568750381469726562500000, 0.038736020406439100605133774024579906836152076721191406250000,-0.974410454605754816626017600356135517358779907226562500000000, 2.914879470076775724862727656727656722068786621093750000000000, 2.968396429281622950213659350993111729621887207031250000000000
 0.000354955557643981452903281237354349286761134862899780273438,-0.221413158321898700942043092254607472568750381469726562500000,-0.038736020406439100605133774024579906836152076721191406250000, 0.974410454605754816626017600356135517358779907226562500000000, 0.226713183513017307868508964929787907749414443969726562500000, 3.314788877897963281782267586095258593559265136718750000000000
 0.000354955557643981452903281237354349286761134862899780273438,-0.221413158321898700942043092254607472568750381469726562500000,-0.038736020406439100605133774024579906836152076721191406250000,-0.974410454605754816626017600356135517358779907226562500000000, 2.914879470076775724862727656727656722068786621093750000000000, 3.314788877897963281782267586095258593559265136718750000000000
 0.000354955557643981452903281237354349286761134862899780273438, 0.221413158321898589919740629738953430205583572387695312500000, 0.974410454605754816626017600356135517358779907226562500000000, 0.038736020406438899377210560714956955052912235260009765625000, 1.532050612742413386868634006532374769449234008789062500000000, 1.347362432620879735267749310878571122884750366210937500000000
 0.000354955557643981452903281237354349286761134862899780273438, 0.221413158321898589919740629738953430205583572387695312500000, 0.974410454605754816626017600356135517358779907226562500000000,-0.038736020406439100605133774024579906836152076721191406250000, 1.609542040847379951173934387043118476867675781250000000000000, 1.347362432620879735267749310878571122884750366210937500000000
 0.000354955557643981452903281237354349286761134862899780273438, 0.221413158321898589919740629738953430205583572387695312500000,-0.974410454605754816626017600356135517358779907226562500000000, 0.038736020406438899377210560714956955052912235260009765625000, 1.532050612742413386868634006532374769449234008789062500000000, 4.935822874558706274683572701178491115570068359375000000000000
 0.000354955557643981452903281237354349286761134862899780273438, 0.221413158321898589919740629738953430205583572387695312500000,-0.974410454605754816626017600356135517358779907226562500000000,-0.038736020406439100605133774024579906836152076721191406250000, 1.609542040847379951173934387043118476867675781250000000000000, 4.935822874558706274683572701178491115570068359375000000000000
 0.000354955557643981452903281237354349286761134862899780273438,-0.221413158321898589919740629738953430205583572387695312500000, 0.974410454605754816626017600356135517358779907226562500000000, 0.038736020406438899377210560714956955052912235260009765625000, 1.532050612742413386868634006532374769449234008789062500000000, 1.794230220968913602774819082696922123432159423828125000000000
 0.000354955557643981452903281237354349286761134862899780273438,-0.221413158321898589919740629738953430205583572387695312500000, 0.974410454605754816626017600356135517358779907226562500000000,-0.038736020406439100605133774024579906836152076721191406250000, 1.609542040847379951173934387043118476867675781250000000000000, 1.794230220968913602774819082696922123432159423828125000000000
 0.000354955557643981452903281237354349286761134862899780273438,-0.221413158321898589919740629738953430205583572387695312500000,-0.974410454605754816626017600356135517358779907226562500000000, 0.038736020406438899377210560714956955052912235260009765625000, 1.532050612742413386868634006532374769449234008789062500000000, 4.488955086210673073310317704454064369201660156250000000000000
 0.000354955557643981452903281237354349286761134862899780273438,-0.221413158321898589919740629738953430205583572387695312500000,-0.974410454605754816626017600356135517358779907226562500000000,-0.038736020406439100605133774024579906836152076721191406250000, 1.609542040847379951173934387043118476867675781250000000000000, 4.488955086210673073310317704454064369201660156250000000000000
 0.000354955557643981452903281237354349286761134862899780273438, 0.038736020406439003460619119323382619768381118774414062500000, 0.221413158321898700942043092254607472568750381469726562500000, 0.974410454605754816626017600356135517358779907226562500000000, 0.226713183513017307868508964929787907749414443969726562500000, 1.397600102486726836303887466783635318279266357421875000000000
 0.000354955557643981452903281237354349286761134862899780273438, 0.038736020406439003460619119323382619768381118774414062500000, 0.221413158321898700942043092254607472568750381469726562500000,-0.974410454605754816626017600356135517358779907226562500000000, 2.914879470076775724862727656727656722068786621093750000000000, 1.397600102486726836303887466783635318279266357421875000000000
 0.000354955557643981452903281237354349286761134862899780273438, 0.038736020406439003460619119323382619768381118774414062500000,-0.221413158321898700942043092254607472568750381469726562500000, 0.974410454605754816626017600356135517358779907226562500000000, 0.226713183513017307868508964929787907749414443969726562500000, 4.885585204692858951602829620242118835449218750000000000000000
 0.000354955557643981452903281237354349286761134862899780273438, 0.038736020406439003460619119323382619768381118774414062500000,-0.221413158321898700942043092254607472568750381469726562500000,-0.974410454605754816626017600356135517358779907226562500000000, 2.914879470076775724862727656727656722068786621093750000000000, 4.885585204692858951602829620242118835449218750000000000000000
 0.000354955557643981452903281237354349286761134862899780273438,-0.038736020406439003460619119323382619768381118774414062500000, 0.221413158321898700942043092254607472568750381469726562500000, 0.974410454605754816626017600356135517358779907226562500000000, 0.226713183513017307868508964929787907749414443969726562500000, 1.743992551103066501738680926791857928037643432617187500000000
 0.000354955557643981452903281237354349286761134862899780273438,-0.038736020406439003460619119323382619768381118774414062500000, 0.221413158321898700942043092254607472568750381469726562500000,-0.974410454605754816626017600356135517358779907226562500000000, 2.914879470076775724862727656727656722068786621093750000000000, 1.743992551103066501738680926791857928037643432617187500000000
 0.000354955557643981452903281237354349286761134862899780273438,-0.038736020406439003460619119323382619768381118774414062500000,-0.221413158321898700942043092254607472568750381469726562500000, 0.974410454605754816626017600356135517358779907226562500000000, 0.226713183513017307868508964929787907749414443969726562500000, 4.539192756076519508212641085265204310417175292968750000000000
 0.000354955557643981452903281237354349286761134862899780273438,-0.038736020406439003460619119323382619768381118774414062500000,-0.221413158321898700942043092254607472568750381469726562500000,-0.974410454605754816626017600356135517358779907226562500000000, 2.914879470076775724862727656727656722068786621093750000000000, 4.539192756076519508212641085265204310417175292968750000000000
 0.000354955557643981452903281237354349286761134862899780273438, 0.038736020406438802232695906013759667985141277313232421875000, 0.974410454605754927648320062871789559721946716308593750000000, 0.221413158321898506653013782852212898433208465576171875000000, 1.347532968627844551789962679322343319654464721679687500000000, 1.531063958986628836811405562912113964557647705078125000000000
 0.000354955557643981452903281237354349286761134862899780273438, 0.038736020406438802232695906013759667985141277313232421875000, 0.974410454605754816626017600356135517358779907226562500000000,-0.221413158321898700942043092254607472568750381469726562500000, 1.794059684961948786252605714253149926662445068359375000000000, 1.531063958986628836811405562912113964557647705078125000000000
 0.000354955557643981452903281237354349286761134862899780273438, 0.038736020406438802232695906013759667985141277313232421875000,-0.974410454605754927648320062871789559721946716308593750000000, 0.221413158321898506653013782852212898433208465576171875000000, 1.347532968627844551789962679322343319654464721679687500000000, 4.752121348192957839273731224238872528076171875000000000000000
 0.000354955557643981452903281237354349286761134862899780273438, 0.038736020406438802232695906013759667985141277313232421875000,-0.974410454605754816626017600356135517358779907226562500000000,-0.221413158321898700942043092254607472568750381469726562500000, 1.794059684961948786252605714253149926662445068359375000000000, 4.752121348192957839273731224238872528076171875000000000000000
 0.000354955557643981452903281237354349286761134862899780273438,-0.038736020406438802232695906013759667985141277313232421875000, 0.974410454605754927648320062871789559721946716308593750000000, 0.221413158321898506653013782852212898433208465576171875000000, 1.347532968627844551789962679322343319654464721679687500000000, 1.610528694603164501231162830663379281759262084960937500000000
 0.000354955557643981452903281237354349286761134862899780273438,-0.038736020406438802232695906013759667985141277313232421875000, 0.974410454605754816626017600356135517358779907226562500000000,-0.221413158321898700942043092254607472568750381469726562500000, 1.794059684961948786252605714253149926662445068359375000000000, 1.610528694603164501231162830663379281759262084960937500000000
 0.000354955557643981452903281237354349286761134862899780273438,-0.038736020406438802232695906013759667985141277313232421875000,-0.974410454605754927648320062871789559721946716308593750000000, 0.221413158321898506653013782852212898433208465576171875000000, 1.347532968627844551789962679322343319654464721679687500000000, 4.672656612576421508720159181393682956695556640625000000000000
 0.000354955557643981452903281237354349286761134862899780273438,-0.038736020406438802232695906013759667985141277313232421875000,-0.974410454605754816626017600356135517358779907226562500000000,-0.221413158321898700942043092254607472568750381469726562500000, 1.794059684961948786252605714253149926662445068359375000000000, 4.672656612576421508720159181393682956695556640625000000000000
 0.000354955557643981452903281237354349286761134862899780273438, 0.974410454605754816626017600356135517358779907226562500000000, 0.221413158321898811964345554770261514931917190551757812500000, 0.038736020406438899377210560714956955052912235260009765625000, 1.532050612742413386868634006532374769449234008789062500000000, 0.223433894174017100286988579682656563818454742431640625000000
 0.000354955557643981452903281237354349286761134862899780273438, 0.974410454605754816626017600356135517358779907226562500000000, 0.221413158321898811964345554770261514931917190551757812500000,-0.038736020406439100605133774024579906836152076721191406250000, 1.609542040847379951173934387043118476867675781250000000000000, 0.223433894174017100286988579682656563818454742431640625000000
 0.000354955557643981452903281237354349286761134862899780273438, 0.974410454605754816626017600356135517358779907226562500000000,-0.221413158321898811964345554770261514931917190551757812500000, 0.038736020406438899377210560714956955052912235260009765625000, 1.532050612742413386868634006532374769449234008789062500000000, 6.059751413005568743130879738600924611091613769531250000000000
 0.000354955557643981452903281237354349286761134862899780273438, 0.974410454605754816626017600356135517358779907226562500000000,-0.221413158321898811964345554770261514931917190551757812500000,-0.038736020406439100605133774024579906836152076721191406250000, 1.609542040847379951173934387043118476867675781250000000000000, 6.059751413005568743130879738600924611091613769531250000000000
 0.000354955557643981452903281237354349286761134862899780273438,-0.974410454605754816626017600356135517358779907226562500000000, 0.221413158321898811964345554770261514931917190551757812500000, 0.038736020406438899377210560714956955052912235260009765625000, 1.532050612742413386868634006532374769449234008789062500000000, 2.918158759415776071222126120119355618953704833984375000000000
 0.000354955557643981452903281237354349286761134862899780273438,-0.974410454605754816626017600356135517358779907226562500000000, 0.221413158321898811964345554770261514931917190551757812500000,-0.038736020406439100605133774024579906836152076721191406250000, 1.609542040847379951173934387043118476867675781250000000000000, 2.918158759415776071222126120119355618953704833984375000000000
 0.000354955557643981452903281237354349286761134862899780273438,-0.974410454605754816626017600356135517358779907226562500000000,-0.221413158321898811964345554770261514931917190551757812500000, 0.038736020406438899377210560714956955052912235260009765625000, 1.532050612742413386868634006532374769449234008789062500000000, 3.365026547763810160773800816969014704227447509765625000000000
 0.000354955557643981452903281237354349286761134862899780273438,-0.974410454605754816626017600356135517358779907226562500000000,-0.221413158321898811964345554770261514931917190551757812500000,-0.038736020406439100605133774024579906836152076721191406250000, 1.609542040847379951173934387043118476867675781250000000000000, 3.365026547763810160773800816969014704227447509765625000000000
 0.000354955557643981452903281237354349286761134862899780273438, 0.974410454605754816626017600356135517358779907226562500000000, 0.038736020406441001862063444605155382305383682250976562500000, 0.221413158321898506653013782852212898433208465576171875000000, 1.347532968627844551789962679322343319654464721679687500000000, 0.039732367808270094289291307632083771750330924987792968750000
 0.000354955557643981452903281237354349286761134862899780273438, 0.974410454605754705603715137840481474995613098144531250000000, 0.038736020406441001862063444605155382305383682250976562500000,-0.221413158321898700942043092254607472568750381469726562500000, 1.794059684961949008297210639284458011388778686523437500000000, 0.039732367808270101228185211539312149398028850555419921875000
 0.000354955557643981452903281237354349286761134862899780273438, 0.974410454605754816626017600356135517358779907226562500000000,-0.038736020406441001862063444605155382305383682250976562500000, 0.221413158321898506653013782852212898433208465576171875000000, 1.347532968627844551789962679322343319654464721679687500000000, 6.243452939371316290362301515415310859680175781250000000000000
 0.000354955557643981452903281237354349286761134862899780273438, 0.974410454605754705603715137840481474995613098144531250000000,-0.038736020406441001862063444605155382305383682250976562500000,-0.221413158321898700942043092254607472568750381469726562500000, 1.794059684961949008297210639284458011388778686523437500000000, 6.243452939371316290362301515415310859680175781250000000000000
 0.000354955557643981452903281237354349286761134862899780273438,-0.974410454605754816626017600356135517358779907226562500000000, 0.038736020406440800634140231295532430522143840789794921875000, 0.221413158321898506653013782852212898433208465576171875000000, 1.347532968627844551789962679322343319654464721679687500000000, 3.101860285781523174364338046871125698089599609375000000000000
 0.000354955557643981452903281237354349286761134862899780273438,-0.974410454605754705603715137840481474995613098144531250000000, 0.038736020406440800634140231295532430522143840789794921875000,-0.221413158321898700942043092254607472568750381469726562500000, 1.794059684961949008297210639284458011388778686523437500000000, 3.101860285781523174364338046871125698089599609375000000000000
 0.000354955557643981452903281237354349286761134862899780273438,-0.974410454605754816626017600356135517358779907226562500000000,-0.038736020406440800634140231295532430522143840789794921875000, 0.221413158321898506653013782852212898433208465576171875000000, 1.347532968627844551789962679322343319654464721679687500000000, 3.181325021398063057631588890217244625091552734375000000000000
 0.000354955557643981452903281237354349286761134862899780273438,-0.974410454605754705603715137840481474995613098144531250000000,-0.038736020406440800634140231295532430522143840789794921875000,-0.221413158321898700942043092254607472568750381469726562500000, 1.794059684961949008297210639284458011388778686523437500000000, 3.181325021398063057631588890217244625091552734375000000000000
 0.000385610824524979911142458233186403049330692738294601440430, 0.274179650475007197218957344375667162239551544189453125000000, 0.080894962569020206766268188403046224266290664672851562500000, 0.958270068559150867137930163153214380145072937011718750000000, 0.289908386557362451885211385160801000893115997314453125000000, 0.286903496924937106982156365120317786931991577148437500000000
 0.000385610824524979911142458233186403049330692738294601440430, 0.274179650475007197218957344375667162239551544189453125000000, 0.080894962569020206766268188403046224266290664672851562500000,-0.958270068559150867137930163153214380145072937011718750000000, 2.851684267032430941668508239672519266605377197265625000000000, 0.286903496924937106982156365120317786931991577148437500000000
 0.000385610824524979911142458233186403049330692738294601440430, 0.274179650475007197218957344375667162239551544189453125000000,-0.080894962569020206766268188403046224266290664672851562500000, 0.958270068559150867137930163153214380145072937011718750000000, 0.289908386557362451885211385160801000893115997314453125000000, 5.996281810254648902969165646936744451522827148437500000000000
 0.000385610824524979911142458233186403049330692738294601440430, 0.274179650475007197218957344375667162239551544189453125000000,-0.080894962569020206766268188403046224266290664672851562500000,-0.958270068559150867137930163153214380145072937011718750000000, 2.851684267032430941668508239672519266605377197265625000000000, 5.996281810254648902969165646936744451522827148437500000000000
 0.000385610824524979911142458233186403049330692738294601440430,-0.274179650475007197218957344375667162239551544189453125000000, 0.080894962569020206766268188403046224266290664672851562500000, 0.958270068559150867137930163153214380145072937011718750000000, 0.289908386557362451885211385160801000893115997314453125000000, 2.854689156664856231060412028455175459384918212890625000000000
 0.000385610824524979911142458233186403049330692738294601440430,-0.274179650475007197218957344375667162239551544189453125000000, 0.080894962569020206766268188403046224266290664672851562500000,-0.958270068559150867137930163153214380145072937011718750000000, 2.851684267032430941668508239672519266605377197265625000000000, 2.854689156664856231060412028455175459384918212890625000000000
 0.000385610824524979911142458233186403049330692738294601440430,-0.274179650475007197218957344375667162239551544189453125000000,-0.080894962569020206766268188403046224266290664672851562500000, 0.958270068559150867137930163153214380145072937011718750000000, 0.289908386557362451885211385160801000893115997314453125000000, 3.428496150514730000935514908633194863796234130859375000000000
 0.000385610824524979911142458233186403049330692738294601440430,-0.274179650475007197218957344375667162239551544189453125000000,-0.080894962569020206766268188403046224266290664672851562500000,-0.958270068559150867137930163153214380145072937011718750000000, 2.851684267032430941668508239672519266605377197265625000000000, 3.428496150514730000935514908633194863796234130859375000000000
 0.000385610824524979911142458233186403049330692738294601440430, 0.274179650475007197218957344375667162239551544189453125000000, 0.958270068559150978160232625668868422508239746093750000000000, 0.080894962569020095743965725887392181903123855590820312500000, 1.489812874020298272270679262874182313680648803710937500000000, 1.292122174606422202458588799345307052135467529296875000000000
 0.000385610824524979911142458233186403049330692738294601440430, 0.274179650475007197218957344375667162239551544189453125000000, 0.958270068559150978160232625668868422508239746093750000000000,-0.080894962569020095743965725887392181903123855590820312500000, 1.651779779569495065771889130701310932636260986328125000000000, 1.292122174606422202458588799345307052135467529296875000000000
 0.000385610824524979911142458233186403049330692738294601440430, 0.274179650475007197218957344375667162239551544189453125000000,-0.958270068559150978160232625668868422508239746093750000000000, 0.080894962569020095743965725887392181903123855590820312500000, 1.489812874020298272270679262874182313680648803710937500000000, 4.991063132573163585448128287680447101593017578125000000000000
 0.000385610824524979911142458233186403049330692738294601440430, 0.274179650475007197218957344375667162239551544189453125000000,-0.958270068559150978160232625668868422508239746093750000000000,-0.080894962569020095743965725887392181903123855590820312500000, 1.651779779569495065771889130701310932636260986328125000000000, 4.991063132573163585448128287680447101593017578125000000000000
 0.000385610824524979911142458233186403049330692738294601440430,-0.274179650475007197218957344375667162239551544189453125000000, 0.958270068559150978160232625668868422508239746093750000000000, 0.080894962569020095743965725887392181903123855590820312500000, 1.489812874020298272270679262874182313680648803710937500000000, 1.849470478983371135583979594230186194181442260742187500000000
 0.000385610824524979911142458233186403049330692738294601440430,-0.274179650475007197218957344375667162239551544189453125000000, 0.958270068559150978160232625668868422508239746093750000000000,-0.080894962569020095743965725887392181903123855590820312500000, 1.651779779569495065771889130701310932636260986328125000000000, 1.849470478983371135583979594230186194181442260742187500000000
 0.000385610824524979911142458233186403049330692738294601440430,-0.274179650475007197218957344375667162239551544189453125000000,-0.958270068559150978160232625668868422508239746093750000000000, 0.080894962569020095743965725887392181903123855590820312500000, 1.489812874020298272270679262874182313680648803710937500000000, 4.433714828196214874367342417826876044273376464843750000000000
 0.000385610824524979911142458233186403049330692738294601440430,-0.274179650475007197218957344375667162239551544189453125000000,-0.958270068559150978160232625668868422508239746093750000000000,-0.080894962569020095743965725887392181903123855590820312500000, 1.651779779569495065771889130701310932636260986328125000000000, 4.433714828196214874367342417826876044273376464843750000000000
 0.000385610824524979911142458233186403049330692738294601440430, 0.080894962569020095743965725887392181903123855590820312500000, 0.274179650475007197218957344375667162239551544189453125000000, 0.958270068559150867137930163153214380145072937011718750000000, 0.289908386557362451885211385160801000893115997314453125000000, 1.283892829869959895106035219214390963315963745117187500000000
 0.000385610824524979911142458233186403049330692738294601440430, 0.080894962569020095743965725887392181903123855590820312500000, 0.274179650475007197218957344375667162239551544189453125000000,-0.958270068559150867137930163153214380145072937011718750000000, 2.851684267032430941668508239672519266605377197265625000000000, 1.283892829869959895106035219214390963315963745117187500000000
 0.000385610824524979911142458233186403049330692738294601440430, 0.080894962569020095743965725887392181903123855590820312500000,-0.274179650475007197218957344375667162239551544189453125000000, 0.958270068559150867137930163153214380145072937011718750000000, 0.289908386557362451885211385160801000893115997314453125000000, 4.999292477309626114845286792842671275138854980468750000000000
 0.000385610824524979911142458233186403049330692738294601440430, 0.080894962569020095743965725887392181903123855590820312500000,-0.274179650475007197218957344375667162239551544189453125000000,-0.958270068559150867137930163153214380145072937011718750000000, 2.851684267032430941668508239672519266605377197265625000000000, 4.999292477309626114845286792842671275138854980468750000000000
 0.000385610824524979911142458233186403049330692738294601440430,-0.080894962569020095743965725887392181903123855590820312500000, 0.274179650475007197218957344375667162239551544189453125000000, 0.958270068559150867137930163153214380145072937011718750000000, 0.289908386557362451885211385160801000893115997314453125000000, 1.857699823719833442936533174361102283000946044921875000000000
 0.000385610824524979911142458233186403049330692738294601440430,-0.080894962569020095743965725887392181903123855590820312500000, 0.274179650475007197218957344375667162239551544189453125000000,-0.958270068559150867137930163153214380145072937011718750000000, 2.851684267032430941668508239672519266605377197265625000000000, 1.857699823719833442936533174361102283000946044921875000000000
 0.000385610824524979911142458233186403049330692738294601440430,-0.080894962569020095743965725887392181903123855590820312500000,-0.274179650475007197218957344375667162239551544189453125000000, 0.958270068559150867137930163153214380145072937011718750000000, 0.289908386557362451885211385160801000893115997314453125000000, 4.425485483459752344970183912664651870727539062500000000000000
 0.000385610824524979911142458233186403049330692738294601440430,-0.080894962569020095743965725887392181903123855590820312500000,-0.274179650475007197218957344375667162239551544189453125000000,-0.958270068559150867137930163153214380145072937011718750000000, 2.851684267032430941668508239672519266605377197265625000000000, 4.425485483459752344970183912664651870727539062500000000000000
 0.000385610824524979911142458233186403049330692738294601440430, 0.080894962569020095743965725887392181903123855590820312500000, 0.958270068559150867137930163153214380145072937011718750000000, 0.274179650475006975174352419344359077513217926025390625000000, 1.293059767541843818605684646172448992729187011718750000000000, 1.486578296008682187334670743439346551895141601562500000000000
 0.000385610824524979911142458233186403049330692738294601440430, 0.080894962569020095743965725887392181903123855590820312500000, 0.958270068559150867137930163153214380145072937011718750000000,-0.274179650475006975174352419344359077513217926025390625000000, 1.848532886047949519436883747403044253587722778320312500000000, 1.486578296008682187334670743439346551895141601562500000000000
 0.000385610824524979911142458233186403049330692738294601440430, 0.080894962569020095743965725887392181903123855590820312500000,-0.958270068559150867137930163153214380145072937011718750000000, 0.274179650475006975174352419344359077513217926025390625000000, 1.293059767541843818605684646172448992729187011718750000000000, 4.796607011170904044661256193649023771286010742187500000000000
 0.000385610824524979911142458233186403049330692738294601440430, 0.080894962569020095743965725887392181903123855590820312500000,-0.958270068559150867137930163153214380145072937011718750000000,-0.274179650475006975174352419344359077513217926025390625000000, 1.848532886047949519436883747403044253587722778320312500000000, 4.796607011170904044661256193649023771286010742187500000000000
 0.000385610824524979911142458233186403049330692738294601440430,-0.080894962569020095743965725887392181903123855590820312500000, 0.958270068559150867137930163153214380145072937011718750000000, 0.274179650475006975174352419344359077513217926025390625000000, 1.293059767541843818605684646172448992729187011718750000000000, 1.655014357581111150707897650136146694421768188476562500000000
 0.000385610824524979911142458233186403049330692738294601440430,-0.080894962569020095743965725887392181903123855590820312500000, 0.958270068559150867137930163153214380145072937011718750000000,-0.274179650475006975174352419344359077513217926025390625000000, 1.848532886047949519436883747403044253587722778320312500000000, 1.655014357581111150707897650136146694421768188476562500000000
 0.000385610824524979911142458233186403049330692738294601440430,-0.080894962569020095743965725887392181903123855590820312500000,-0.958270068559150867137930163153214380145072937011718750000000, 0.274179650475006975174352419344359077513217926025390625000000, 1.293059767541843818605684646172448992729187011718750000000000, 4.628170949598475303332634211983531713485717773437500000000000
 0.000385610824524979911142458233186403049330692738294601440430,-0.080894962569020095743965725887392181903123855590820312500000,-0.958270068559150867137930163153214380145072937011718750000000,-0.274179650475006975174352419344359077513217926025390625000000, 1.848532886047949519436883747403044253587722778320312500000000, 4.628170949598475303332634211983531713485717773437500000000000
 0.000385610824524979911142458233186403049330692738294601440430, 0.958270068559150978160232625668868422508239746093750000000000, 0.274179650475006975174352419344359077513217926025390625000000, 0.080894962569020095743965725887392181903123855590820312500000, 1.489812874020298272270679262874182313680648803710937500000000, 0.278674152188474244518090472411131486296653747558593750000000
 0.000385610824524979911142458233186403049330692738294601440430, 0.958270068559150978160232625668868422508239746093750000000000, 0.274179650475006975174352419344359077513217926025390625000000,-0.080894962569020095743965725887392181903123855590820312500000, 1.651779779569495065771889130701310932636260986328125000000000, 0.278674152188474244518090472411131486296653747558593750000000
 0.000385610824524979911142458233186403049330692738294601440430, 0.958270068559150978160232625668868422508239746093750000000000,-0.274179650475006975174352419344359077513217926025390625000000, 0.080894962569020095743965725887392181903123855590820312500000, 1.489812874020298272270679262874182313680648803710937500000000, 6.004511154991112320544743852224200963973999023437500000000000
 0.000385610824524979911142458233186403049330692738294601440430, 0.958270068559150978160232625668868422508239746093750000000000,-0.274179650475006975174352419344359077513217926025390625000000,-0.080894962569020095743965725887392181903123855590820312500000, 1.651779779569495065771889130701310932636260986328125000000000, 6.004511154991112320544743852224200963973999023437500000000000
 0.000385610824524979911142458233186403049330692738294601440430,-0.958270068559150978160232625668868422508239746093750000000000, 0.274179650475006975174352419344359077513217926025390625000000, 0.080894962569020095743965725887392181903123855590820312500000, 1.489812874020298272270679262874182313680648803710937500000000, 2.862918501401319204546780383680015802383422851562500000000000
 0.000385610824524979911142458233186403049330692738294601440430,-0.958270068559150978160232625668868422508239746093750000000000, 0.274179650475006975174352419344359077513217926025390625000000,-0.080894962569020095743965725887392181903123855590820312500000, 1.651779779569495065771889130701310932636260986328125000000000, 2.862918501401319204546780383680015802383422851562500000000000
 0.000385610824524979911142458233186403049330692738294601440430,-0.958270068559150978160232625668868422508239746093750000000000,-0.274179650475006975174352419344359077513217926025390625000000, 0.080894962569020095743965725887392181903123855590820312500000, 1.489812874020298272270679262874182313680648803710937500000000, 3.420266805778267027449146553408354520797729492187500000000000
 0.000385610824524979911142458233186403049330692738294601440430,-0.958270068559150978160232625668868422508239746093750000000000,-0.274179650475006975174352419344359077513217926025390625000000,-0.080894962569020095743965725887392181903123855590820312500000, 1.651779779569495065771889130701310932636260986328125000000000, 3.420266805778267027449146553408354520797729492187500000000000
 0.000385610824524979911142458233186403049330692738294601440430, 0.958270068559150978160232625668868422508239746093750000000000, 0.080894962569019401854575335164554417133331298828125000000000, 0.274179650475006975174352419344359077513217926025390625000000, 1.293059767541843818605684646172448992729187011718750000000000, 0.084218030786213704530496215738821774721145629882812500000000
 0.000385610824524979911142458233186403049330692738294601440430, 0.958270068559150978160232625668868422508239746093750000000000, 0.080894962569019401854575335164554417133331298828125000000000,-0.274179650475006975174352419344359077513217926025390625000000, 1.848532886047949519436883747403044253587722778320312500000000, 0.084218030786213704530496215738821774721145629882812500000000
 0.000385610824524979911142458233186403049330692738294601440430, 0.958270068559150978160232625668868422508239746093750000000000,-0.080894962569019401854575335164554417133331298828125000000000, 0.274179650475006975174352419344359077513217926025390625000000, 1.293059767541843818605684646172448992729187011718750000000000, 6.198967276393372749510035646380856633186340332031250000000000
 0.000385610824524979911142458233186403049330692738294601440430, 0.958270068559150978160232625668868422508239746093750000000000,-0.080894962569019401854575335164554417133331298828125000000000,-0.274179650475006975174352419344359077513217926025390625000000, 1.848532886047949519436883747403044253587722778320312500000000, 6.198967276393372749510035646380856633186340332031250000000000
 0.000385610824524979911142458233186403049330692738294601440430,-0.958270068559150978160232625668868422508239746093750000000000, 0.080894962569019193687758217947703087702393531799316406250000, 0.274179650475006975174352419344359077513217926025390625000000, 1.293059767541843818605684646172448992729187011718750000000000, 3.057374622803579633512072177836671471595764160156250000000000
 0.000385610824524979911142458233186403049330692738294601440430,-0.958270068559150978160232625668868422508239746093750000000000, 0.080894962569019193687758217947703087702393531799316406250000,-0.274179650475006975174352419344359077513217926025390625000000, 1.848532886047949519436883747403044253587722778320312500000000, 3.057374622803579633512072177836671471595764160156250000000000
 0.000385610824524979911142458233186403049330692738294601440430,-0.958270068559150978160232625668868422508239746093750000000000,-0.080894962569019193687758217947703087702393531799316406250000, 0.274179650475006975174352419344359077513217926025390625000000, 1.293059767541843818605684646172448992729187011718750000000000, 3.225810684376006598483854759251698851585388183593750000000000
 0.000385610824524979911142458233186403049330692738294601440430,-0.958270068559150978160232625668868422508239746093750000000000,-0.080894962569019193687758217947703087702393531799316406250000,-0.274179650475006975174352419344359077513217926025390625000000, 1.848532886047949519436883747403044253587722778320312500000000, 3.225810684376006598483854759251698851585388183593750000000000
 0.000409862284575978599778650623974840527807828038930892944336, 0.325979743914948494332151085473014973104000091552734375000000, 0.125173217762087202187260004393465351313352584838867187500000, 0.937053292034252249820269753399770706892013549804687500000000, 0.356702687829203890501617024710867553949356079101562500000000, 0.366629610011904194522003308520652353763580322265625000000000
 0.000409862284575978599778650623974840527807828038930892944336, 0.325979743914948494332151085473014973104000091552734375000000, 0.125173217762087202187260004393465351313352584838867187500000,-0.937053292034252249820269753399770706892013549804687500000000, 2.784889965760589447540951368864625692367553710937500000000000, 0.366629610011904194522003308520652353763580322265625000000000
 0.000409862284575978599778650623974840527807828038930892944336, 0.325979743914948494332151085473014973104000091552734375000000,-0.125173217762087202187260004393465351313352584838867187500000, 0.937053292034252249820269753399770706892013549804687500000000, 0.356702687829203890501617024710867553949356079101562500000000, 5.916555697167682481563133478630334138870239257812500000000000
 0.000409862284575978599778650623974840527807828038930892944336, 0.325979743914948494332151085473014973104000091552734375000000,-0.125173217762087202187260004393465351313352584838867187500000,-0.937053292034252249820269753399770706892013549804687500000000, 2.784889965760589447540951368864625692367553710937500000000000, 5.916555697167682481563133478630334138870239257812500000000000
 0.000409862284575978599778650623974840527807828038930892944336,-0.325979743914948494332151085473014973104000091552734375000000, 0.125173217762087313209562466909119393676519393920898437500000, 0.937053292034252249820269753399770706892013549804687500000000, 0.356702687829204168057373181000002659857273101806640625000000, 2.774963043577888921475960160023532807826995849609375000000000
 0.000409862284575978599778650623974840527807828038930892944336,-0.325979743914948494332151085473014973104000091552734375000000, 0.125173217762087313209562466909119393676519393920898437500000,-0.937053292034252249820269753399770706892013549804687500000000, 2.784889965760589003451741518802009522914886474609375000000000, 2.774963043577888921475960160023532807826995849609375000000000
 0.000409862284575978599778650623974840527807828038930892944336,-0.325979743914948494332151085473014973104000091552734375000000,-0.125173217762087313209562466909119393676519393920898437500000, 0.937053292034252249820269753399770706892013549804687500000000, 0.356702687829204168057373181000002659857273101806640625000000, 3.508222263601697310519966777064837515354156494140625000000000
 0.000409862284575978599778650623974840527807828038930892944336,-0.325979743914948494332151085473014973104000091552734375000000,-0.125173217762087313209562466909119393676519393920898437500000,-0.937053292034252249820269753399770706892013549804687500000000, 2.784889965760589003451741518802009522914886474609375000000000, 3.508222263601697310519966777064837515354156494140625000000000
 0.000409862284575978599778650623974840527807828038930892944336, 0.325979743914948383309848622957360930740833282470703125000000, 0.937053292034252360842572215915424749255180358886718750000000, 0.125173217762087091164957541877811308950185775756835937500000, 1.445293906612033163483488351630512624979019165039062500000000, 1.236013638035625694655550432798918336629867553710937500000000
 0.000409862284575978599778650623974840527807828038930892944336, 0.325979743914948383309848622957360930740833282470703125000000, 0.937053292034252360842572215915424749255180358886718750000000,-0.125173217762087091164957541877811308950185775756835937500000, 1.696298746977760174559080041944980621337890625000000000000000, 1.236013638035625694655550432798918336629867553710937500000000
 0.000409862284575978599778650623974840527807828038930892944336, 0.325979743914948383309848622957360930740833282470703125000000,-0.937053292034252360842572215915424749255180358886718750000000, 0.125173217762087091164957541877811308950185775756835937500000, 1.445293906612033163483488351630512624979019165039062500000000, 5.047171669143960315295771579258143901824951171875000000000000
 0.000409862284575978599778650623974840527807828038930892944336, 0.325979743914948383309848622957360930740833282470703125000000,-0.937053292034252360842572215915424749255180358886718750000000,-0.125173217762087091164957541877811308950185775756835937500000, 1.696298746977760174559080041944980621337890625000000000000000, 5.047171669143960315295771579258143901824951171875000000000000
 0.000409862284575978599778650623974840527807828038930892944336,-0.325979743914948383309848622957360930740833282470703125000000, 0.937053292034252360842572215915424749255180358886718750000000, 0.125173217762087091164957541877811308950185775756835937500000, 1.445293906612033163483488351630512624979019165039062500000000, 1.905579015554167643387017960776574909687042236328125000000000
 0.000409862284575978599778650623974840527807828038930892944336,-0.325979743914948383309848622957360930740833282470703125000000, 0.937053292034252360842572215915424749255180358886718750000000,-0.125173217762087091164957541877811308950185775756835937500000, 1.696298746977760174559080041944980621337890625000000000000000, 1.905579015554167643387017960776574909687042236328125000000000
 0.000409862284575978599778650623974840527807828038930892944336,-0.325979743914948383309848622957360930740833282470703125000000,-0.937053292034252360842572215915424749255180358886718750000000, 0.125173217762087091164957541877811308950185775756835937500000, 1.445293906612033163483488351630512624979019165039062500000000, 4.377606291625419032698118826374411582946777343750000000000000
 0.000409862284575978599778650623974840527807828038930892944336,-0.325979743914948383309848622957360930740833282470703125000000,-0.937053292034252360842572215915424749255180358886718750000000,-0.125173217762087091164957541877811308950185775756835937500000, 1.696298746977760174559080041944980621337890625000000000000000, 4.377606291625419032698118826374411582946777343750000000000000
 0.000409862284575978599778650623974840527807828038930892944336, 0.125173217762087202187260004393465351313352584838867187500000, 0.325979743914948494332151085473014973104000091552734375000000, 0.937053292034252249820269753399770706892013549804687500000000, 0.356702687829203890501617024710867553949356079101562500000000, 1.204166716782992363476978425751440227031707763671875000000000
 0.000409862284575978599778650623974840527807828038930892944336, 0.125173217762087202187260004393465351313352584838867187500000, 0.325979743914948494332151085473014973104000091552734375000000,-0.937053292034252249820269753399770706892013549804687500000000, 2.784889965760589447540951368864625692367553710937500000000000, 1.204166716782992363476978425751440227031707763671875000000000
 0.000409862284575978599778650623974840527807828038930892944336, 0.125173217762087202187260004393465351313352584838867187500000,-0.325979743914948494332151085473014973104000091552734375000000, 0.937053292034252249820269753399770706892013549804687500000000, 0.356702687829203890501617024710867553949356079101562500000000, 5.079018590396593424429738661274313926696777343750000000000000
 0.000409862284575978599778650623974840527807828038930892944336, 0.125173217762087202187260004393465351313352584838867187500000,-0.325979743914948494332151085473014973104000091552734375000000,-0.937053292034252249820269753399770706892013549804687500000000, 2.784889965760589447540951368864625692367553710937500000000000, 5.079018590396593424429738661274313926696777343750000000000000
 0.000409862284575978599778650623974840527807828038930892944336,-0.125173217762087202187260004393465351313352584838867187500000, 0.325979743914948494332151085473014973104000091552734375000000, 0.937053292034252249820269753399770706892013549804687500000000, 0.356702687829203890501617024710867553949356079101562500000000, 1.937425936806800752520985042792744934558868408203125000000000
 0.000409862284575978599778650623974840527807828038930892944336,-0.125173217762087202187260004393465351313352584838867187500000, 0.325979743914948494332151085473014973104000091552734375000000,-0.937053292034252249820269753399770706892013549804687500000000, 2.784889965760589447540951368864625692367553710937500000000000, 1.937425936806800752520985042792744934558868408203125000000000
 0.000409862284575978599778650623974840527807828038930892944336,-0.125173217762087202187260004393465351313352584838867187500000,-0.325979743914948494332151085473014973104000091552734375000000, 0.937053292034252249820269753399770706892013549804687500000000, 0.356702687829203890501617024710867553949356079101562500000000, 4.345759370372785923564151744358241558074951171875000000000000
 0.000409862284575978599778650623974840527807828038930892944336,-0.125173217762087202187260004393465351313352584838867187500000,-0.325979743914948494332151085473014973104000091552734375000000,-0.937053292034252249820269753399770706892013549804687500000000, 2.784889965760589447540951368864625692367553710937500000000000, 4.345759370372785923564151744358241558074951171875000000000000
 0.000409862284575978599778650623974840527807828038930892944336, 0.125173217762087007898230694991070777177810668945312500000000, 0.937053292034252249820269753399770706892013549804687500000000, 0.325979743914948605354453547988669015467166900634765625000000, 1.238748430751137385996685225109104067087173461914062500000000, 1.438000725806461321809592845966108143329620361328125000000000
 0.000409862284575978599778650623974840527807828038930892944336, 0.125173217762087007898230694991070777177810668945312500000000, 0.937053292034252360842572215915424749255180358886718750000000,-0.325979743914948383309848622957360930740833282470703125000000, 1.902844222838655730001278243435081094503402709960937500000000, 1.438000725806461321809592845966108143329620361328125000000000
 0.000409862284575978599778650623974840527807828038930892944336, 0.125173217762087007898230694991070777177810668945312500000000,-0.937053292034252249820269753399770706892013549804687500000000, 0.325979743914948605354453547988669015467166900634765625000000, 1.238748430751137385996685225109104067087173461914062500000000, 4.845184581373125354275543941184878349304199218750000000000000
 0.000409862284575978599778650623974840527807828038930892944336, 0.125173217762087007898230694991070777177810668945312500000000,-0.937053292034252360842572215915424749255180358886718750000000,-0.325979743914948383309848622957360930740833282470703125000000, 1.902844222838655730001278243435081094503402709960937500000000, 4.845184581373125354275543941184878349304199218750000000000000
 0.000409862284575978599778650623974840527807828038930892944336,-0.125173217762087313209562466909119393676519393920898437500000, 0.937053292034252249820269753399770706892013549804687500000000, 0.325979743914948605354453547988669015467166900634765625000000, 1.238748430751137385996685225109104067087173461914062500000000, 1.703591927783332238277580472640693187713623046875000000000000
 0.000409862284575978599778650623974840527807828038930892944336,-0.125173217762087313209562466909119393676519393920898437500000, 0.937053292034252360842572215915424749255180358886718750000000,-0.325979743914948383309848622957360930740833282470703125000000, 1.902844222838655730001278243435081094503402709960937500000000, 1.703591927783332238277580472640693187713623046875000000000000
 0.000409862284575978599778650623974840527807828038930892944336,-0.125173217762087313209562466909119393676519393920898437500000,-0.937053292034252249820269753399770706892013549804687500000000, 0.325979743914948605354453547988669015467166900634765625000000, 1.238748430751137385996685225109104067087173461914062500000000, 4.579593379396253993718346464447677135467529296875000000000000
 0.000409862284575978599778650623974840527807828038930892944336,-0.125173217762087313209562466909119393676519393920898437500000,-0.937053292034252360842572215915424749255180358886718750000000,-0.325979743914948383309848622957360930740833282470703125000000, 1.902844222838655730001278243435081094503402709960937500000000, 4.579593379396253993718346464447677135467529296875000000000000
 0.000409862284575978599778650623974840527807828038930892944336, 0.937053292034252249820269753399770706892013549804687500000000, 0.325979743914948605354453547988669015467166900634765625000000, 0.125173217762087091164957541877811308950185775756835937500000, 1.445293906612033163483488351630512624979019165039062500000000, 0.334782688759271196410338689020136371254920959472656250000000
 0.000409862284575978599778650623974840527807828038930892944336, 0.937053292034252249820269753399770706892013549804687500000000, 0.325979743914948605354453547988669015467166900634765625000000,-0.125173217762087091164957541877811308950185775756835937500000, 1.696298746977760174559080041944980621337890625000000000000000, 0.334782688759271196410338689020136371254920959472656250000000
 0.000409862284575978599778650623974840527807828038930892944336, 0.937053292034252249820269753399770706892013549804687500000000,-0.325979743914948605354453547988669015467166900634765625000000, 0.125173217762087091164957541877811308950185775756835937500000, 1.445293906612033163483488351630512624979019165039062500000000, 5.948402618420314702518680860521271824836730957031250000000000
 0.000409862284575978599778650623974840527807828038930892944336, 0.937053292034252249820269753399770706892013549804687500000000,-0.325979743914948605354453547988669015467166900634765625000000,-0.125173217762087091164957541877811308950185775756835937500000, 1.696298746977760174559080041944980621337890625000000000000000, 5.948402618420314702518680860521271824836730957031250000000000
 0.000409862284575978599778650623974840527807828038930892944336,-0.937053292034252360842572215915424749255180358886718750000000, 0.325979743914948383309848622957360930740833282470703125000000, 0.125173217762087091164957541877811308950185775756835937500000, 1.445293906612033163483488351630512624979019165039062500000000, 2.806809964830522474699137092102319002151489257812500000000000
 0.000409862284575978599778650623974840527807828038930892944336,-0.937053292034252360842572215915424749255180358886718750000000, 0.325979743914948383309848622957360930740833282470703125000000,-0.125173217762087091164957541877811308950185775756835937500000, 1.696298746977760174559080041944980621337890625000000000000000, 2.806809964830522474699137092102319002151489257812500000000000
 0.000409862284575978599778650623974840527807828038930892944336,-0.937053292034252360842572215915424749255180358886718750000000,-0.325979743914948383309848622957360930740833282470703125000000, 0.125173217762087091164957541877811308950185775756835937500000, 1.445293906612033163483488351630512624979019165039062500000000, 3.476375342349063757296789844986051321029663085937500000000000
 0.000409862284575978599778650623974840527807828038930892944336,-0.937053292034252360842572215915424749255180358886718750000000,-0.325979743914948383309848622957360930740833282470703125000000,-0.125173217762087091164957541877811308950185775756835937500000, 1.696298746977760174559080041944980621337890625000000000000000, 3.476375342349063757296789844986051321029663085937500000000000
 0.000409862284575978599778650623974840527807828038930892944336, 0.937053292034252249820269753399770706892013549804687500000000, 0.125173217762087007898230694991070777177810668945312500000000, 0.325979743914948605354453547988669015467166900634765625000000, 1.238748430751137385996685225109104067087173461914062500000000, 0.132795600988435402722842582079465501010417938232421875000000
 0.000409862284575978599778650623974840527807828038930892944336, 0.937053292034252360842572215915424749255180358886718750000000, 0.125173217762087007898230694991070777177810668945312500000000,-0.325979743914948383309848622957360930740833282470703125000000, 1.902844222838655730001278243435081094503402709960937500000000, 0.132795600988435402722842582079465501010417938232421875000000
 0.000409862284575978599778650623974840527807828038930892944336, 0.937053292034252249820269753399770706892013549804687500000000,-0.125173217762087007898230694991070777177810668945312500000000, 0.325979743914948605354453547988669015467166900634765625000000, 1.238748430751137385996685225109104067087173461914062500000000, 6.150389706191150551717328198719769716262817382812500000000000
 0.000409862284575978599778650623974840527807828038930892944336, 0.937053292034252360842572215915424749255180358886718750000000,-0.125173217762087007898230694991070777177810668945312500000000,-0.325979743914948383309848622957360930740833282470703125000000, 1.902844222838655730001278243435081094503402709960937500000000, 6.150389706191150551717328198719769716262817382812500000000000
 0.000409862284575978599778650623974840527807828038930892944336,-0.937053292034252249820269753399770706892013549804687500000000, 0.125173217762086813609201385588676203042268753051757812500000, 0.325979743914948605354453547988669015467166900634765625000000, 1.238748430751137385996685225109104067087173461914062500000000, 3.008797052601357879808574580238200724124908447265625000000000
 0.000409862284575978599778650623974840527807828038930892944336,-0.937053292034252360842572215915424749255180358886718750000000, 0.125173217762086813609201385588676203042268753051757812500000,-0.325979743914948383309848622957360930740833282470703125000000, 1.902844222838655730001278243435081094503402709960937500000000, 3.008797052601357879808574580238200724124908447265625000000000
 0.000409862284575978599778650623974840527807828038930892944336,-0.937053292034252249820269753399770706892013549804687500000000,-0.125173217762086813609201385588676203042268753051757812500000, 0.325979743914948605354453547988669015467166900634765625000000, 1.238748430751137385996685225109104067087173461914062500000000, 3.274388254578228352187352356850169599056243896484375000000000
 0.000409862284575978599778650623974840527807828038930892944336,-0.937053292034252360842572215915424749255180358886718750000000,-0.125173217762086813609201385588676203042268753051757812500000,-0.325979743914948383309848622957360930740833282470703125000000, 1.902844222838655730001278243435081094503402709960937500000000, 3.274388254578228352187352356850169599056243896484375000000000
 0.000428632860426977630851491651853280018258374184370040893555, 0.376544114882689018308781214727787300944328308105468750000000, 0.170626028640318394558050840714713558554649353027343750000000, 0.910549991981574602384341687866253778338432312011718750000000, 0.426183793682297362703792487081955187022686004638671875000000, 0.425459500749998054125455837493063881993293762207031250000000
 0.000428632860426977630851491651853280018258374184370040893555, 0.376544114882689018308781214727787300944328308105468750000000, 0.170626028640318394558050840714713558554649353027343750000000,-0.910549991981574602384341687866253778338432312011718750000000, 2.715408859907495919827624675235711038112640380859375000000000, 0.425459500749998054125455837493063881993293762207031250000000
 0.000428632860426977630851491651853280018258374184370040893555, 0.376544114882689018308781214727787300944328308105468750000000,-0.170626028640318394558050840714713558554649353027343750000000, 0.910549991981574602384341687866253778338432312011718750000000, 0.426183793682297362703792487081955187022686004638671875000000, 5.857725806429588288892773562110960483551025390625000000000000
 0.000428632860426977630851491651853280018258374184370040893555, 0.376544114882689018308781214727787300944328308105468750000000,-0.170626028640318394558050840714713558554649353027343750000000,-0.910549991981574602384341687866253778338432312011718750000000, 2.715408859907495919827624675235711038112640380859375000000000, 5.857725806429588288892773562110960483551025390625000000000000
 0.000428632860426977630851491651853280018258374184370040893555,-0.376544114882689018308781214727787300944328308105468750000000, 0.170626028640318311291323993827973026782274246215820312500000, 0.910549991981574602384341687866253778338432312011718750000000, 0.426183793682297362703792487081955187022686004638671875000000, 2.716133152839795172894810093566775321960449218750000000000000
 0.000428632860426977630851491651853280018258374184370040893555,-0.376544114882689018308781214727787300944328308105468750000000, 0.170626028640318311291323993827973026782274246215820312500000,-0.910549991981574602384341687866253778338432312011718750000000, 2.715408859907495919827624675235711038112640380859375000000000, 2.716133152839795172894810093566775321960449218750000000000000
 0.000428632860426977630851491651853280018258374184370040893555,-0.376544114882689018308781214727787300944328308105468750000000,-0.170626028640318311291323993827973026782274246215820312500000, 0.910549991981574602384341687866253778338432312011718750000000, 0.426183793682297362703792487081955187022686004638671875000000, 3.567052154339791059101116843521595001220703125000000000000000
 0.000428632860426977630851491651853280018258374184370040893555,-0.376544114882689018308781214727787300944328308105468750000000,-0.170626028640318311291323993827973026782274246215820312500000,-0.910549991981574602384341687866253778338432312011718750000000, 2.715408859907495919827624675235711038112640380859375000000000, 3.567052154339791059101116843521595001220703125000000000000000
 0.000428632860426977630851491651853280018258374184370040893555, 0.376544114882689018308781214727787300944328308105468750000000, 0.910549991981574602384341687866253778338432312011718750000000, 0.170626028640318394558050840714713558554649353027343750000000, 1.399331347135226666367202597029972821474075317382812500000000, 1.178676738341633223328130952722858637571334838867187500000000
 0.000428632860426977630851491651853280018258374184370040893555, 0.376544114882689018308781214727787300944328308105468750000000, 0.910549991981574491362039225350599735975265502929687500000000,-0.170626028640318588847080150117108132690191268920898437500000, 1.742261306454566893719970721576828509569168090820312500000000, 1.178676738341633223328130952722858637571334838867187500000000
 0.000428632860426977630851491651853280018258374184370040893555, 0.376544114882689018308781214727787300944328308105468750000000,-0.910549991981574602384341687866253778338432312011718750000000, 0.170626028640318394558050840714713558554649353027343750000000, 1.399331347135226666367202597029972821474075317382812500000000, 5.104508568837952786623191059334203600883483886718750000000000
 0.000428632860426977630851491651853280018258374184370040893555, 0.376544114882689018308781214727787300944328308105468750000000,-0.910549991981574491362039225350599735975265502929687500000000,-0.170626028640318588847080150117108132690191268920898437500000, 1.742261306454566893719970721576828509569168090820312500000000, 5.104508568837952786623191059334203600883483886718750000000000
 0.000428632860426977630851491651853280018258374184370040893555,-0.376544114882689406886839833532576449215412139892578125000000, 0.910549991981574491362039225350599735975265502929687500000000, 0.170626028640318394558050840714713558554649353027343750000000, 1.399331347135226666367202597029972821474075317382812500000000, 1.962915915248160336759042365883942693471908569335937500000000
 0.000428632860426977630851491651853280018258374184370040893555,-0.376544114882689295864537371016922406852245330810546875000000, 0.910549991981574380339736762834945693612098693847656250000000,-0.170626028640318588847080150117108132690191268920898437500000, 1.742261306454566893719970721576828509569168090820312500000000, 1.962915915248160336759042365883942693471908569335937500000000
 0.000428632860426977630851491651853280018258374184370040893555,-0.376544114882689406886839833532576449215412139892578125000000,-0.910549991981574491362039225350599735975265502929687500000000, 0.170626028640318394558050840714713558554649353027343750000000, 1.399331347135226666367202597029972821474075317382812500000000, 4.320269391931425673192279646173119544982910156250000000000000
 0.000428632860426977630851491651853280018258374184370040893555,-0.376544114882689295864537371016922406852245330810546875000000,-0.910549991981574380339736762834945693612098693847656250000000,-0.170626028640318588847080150117108132690191268920898437500000, 1.742261306454566893719970721576828509569168090820312500000000, 4.320269391931425673192279646173119544982910156250000000000000
 0.000428632860426977630851491651853280018258374184370040893555, 0.170626028640318505580353303230367600917816162109375000000000, 0.376544114882689018308781214727787300944328308105468750000000, 0.910549991981574602384341687866253778338432312011718750000000, 0.426183793682297362703792487081955187022686004638671875000000, 1.145336826044898392851223434263374656438827514648437500000000
 0.000428632860426977630851491651853280018258374184370040893555, 0.170626028640318505580353303230367600917816162109375000000000, 0.376544114882689018308781214727787300944328308105468750000000,-0.910549991981574602384341687866253778338432312011718750000000, 2.715408859907495919827624675235711038112640380859375000000000, 1.145336826044898392851223434263374656438827514648437500000000
 0.000428632860426977630851491651853280018258374184370040893555, 0.170626028640318505580353303230367600917816162109375000000000,-0.376544114882689018308781214727787300944328308105468750000000, 0.910549991981574602384341687866253778338432312011718750000000, 0.426183793682297362703792487081955187022686004638671875000000, 5.137848481134687617100098577793687582015991210937500000000000
 0.000428632860426977630851491651853280018258374184370040893555, 0.170626028640318505580353303230367600917816162109375000000000,-0.376544114882689018308781214727787300944328308105468750000000,-0.910549991981574602384341687866253778338432312011718750000000, 2.715408859907495919827624675235711038112640380859375000000000, 5.137848481134687617100098577793687582015991210937500000000000
 0.000428632860426977630851491651853280018258374184370040893555,-0.170626028640318505580353303230367600917816162109375000000000, 0.376544114882689018308781214727787300944328308105468750000000, 0.910549991981574602384341687866253778338432312011718750000000, 0.426183793682297362703792487081955187022686004638671875000000, 1.996255827544894945191344959312118589878082275390625000000000
 0.000428632860426977630851491651853280018258374184370040893555,-0.170626028640318505580353303230367600917816162109375000000000, 0.376544114882689018308781214727787300944328308105468750000000,-0.910549991981574602384341687866253778338432312011718750000000, 2.715408859907495919827624675235711038112640380859375000000000, 1.996255827544894945191344959312118589878082275390625000000000
 0.000428632860426977630851491651853280018258374184370040893555,-0.170626028640318505580353303230367600917816162109375000000000,-0.376544114882689018308781214727787300944328308105468750000000, 0.910549991981574602384341687866253778338432312011718750000000, 0.426183793682297362703792487081955187022686004638671875000000, 4.286929479634691730893791827838867902755737304687500000000000
 0.000428632860426977630851491651853280018258374184370040893555,-0.170626028640318505580353303230367600917816162109375000000000,-0.376544114882689018308781214727787300944328308105468750000000,-0.910549991981574602384341687866253778338432312011718750000000, 2.715408859907495919827624675235711038112640380859375000000000, 4.286929479634691730893791827838867902755737304687500000000000
 0.000428632860426977630851491651853280018258374184370040893555, 0.170626028640318588847080150117108132690191268920898437500000, 0.910549991981574491362039225350599735975265502929687500000000, 0.376544114882688907286478752212133258581161499023437500000000, 1.184733322723360515738022513687610626220703125000000000000000, 1.385556695383938441423765652871225029230117797851562500000000
 0.000428632860426977630851491651853280018258374184370040893555, 0.170626028640318588847080150117108132690191268920898437500000, 0.910549991981574380339736762834945693612098693847656250000000,-0.376544114882689073819932445985614322125911712646484375000000, 1.956859330866432822304545879887882620096206665039062500000000, 1.385556695383938441423765652871225029230117797851562500000000
 0.000428632860426977630851491651853280018258374184370040893555, 0.170626028640318588847080150117108132690191268920898437500000,-0.910549991981574491362039225350599735975265502929687500000000, 0.376544114882688907286478752212133258581161499023437500000000, 1.184733322723360515738022513687610626220703125000000000000000, 4.897628611795648012616766209248453378677368164062500000000000
 0.000428632860426977630851491651853280018258374184370040893555, 0.170626028640318588847080150117108132690191268920898437500000,-0.910549991981574380339736762834945693612098693847656250000000,-0.376544114882689073819932445985614322125911712646484375000000, 1.956859330866432822304545879887882620096206665039062500000000, 4.897628611795648012616766209248453378677368164062500000000000
 0.000428632860426977630851491651853280018258374184370040893555,-0.170626028640318394558050840714713558554649353027343750000000, 0.910549991981574602384341687866253778338432312011718750000000, 0.376544114882688907286478752212133258581161499023437500000000, 1.184733322723360515738022513687610626220703125000000000000000, 1.756035958205854674574197815672960132360458374023437500000000
 0.000428632860426977630851491651853280018258374184370040893555,-0.170626028640318394558050840714713558554649353027343750000000, 0.910549991981574491362039225350599735975265502929687500000000,-0.376544114882689073819932445985614322125911712646484375000000, 1.956859330866432822304545879887882620096206665039062500000000, 1.756035958205854674574197815672960132360458374023437500000000
 0.000428632860426977630851491651853280018258374184370040893555,-0.170626028640318394558050840714713558554649353027343750000000,-0.910549991981574602384341687866253778338432312011718750000000, 0.376544114882688907286478752212133258581161499023437500000000, 1.184733322723360515738022513687610626220703125000000000000000, 4.527149348973731335377124196384102106094360351562500000000000
 0.000428632860426977630851491651853280018258374184370040893555,-0.170626028640318394558050840714713558554649353027343750000000,-0.910549991981574491362039225350599735975265502929687500000000,-0.376544114882689073819932445985614322125911712646484375000000, 1.956859330866432822304545879887882620096206665039062500000000, 4.527149348973731335377124196384102106094360351562500000000000
 0.000428632860426977630851491651853280018258374184370040893555, 0.910549991981574602384341687866253778338432312011718750000000, 0.376544114882689018308781214727787300944328308105468750000000, 0.170626028640318394558050840714713558554649353027343750000000, 1.399331347135226666367202597029972821474075317382812500000000, 0.392119588453263334670850781549233943223953247070312500000000
 0.000428632860426977630851491651853280018258374184370040893555, 0.910549991981574491362039225350599735975265502929687500000000, 0.376544114882689018308781214727787300944328308105468750000000,-0.170626028640318588847080150117108132690191268920898437500000, 1.742261306454566893719970721576828509569168090820312500000000, 0.392119588453263390182002012807060964405536651611328125000000
 0.000428632860426977630851491651853280018258374184370040893555, 0.910549991981574602384341687866253778338432312011718750000000,-0.376544114882689018308781214727787300944328308105468750000000, 0.170626028640318394558050840714713558554649353027343750000000, 1.399331347135226666367202597029972821474075317382812500000000, 5.891065718726323119369681080570444464683532714843750000000000
 0.000428632860426977630851491651853280018258374184370040893555, 0.910549991981574491362039225350599735975265502929687500000000,-0.376544114882689018308781214727787300944328308105468750000000,-0.170626028640318588847080150117108132690191268920898437500000, 1.742261306454566893719970721576828509569168090820312500000000, 5.891065718726323119369681080570444464683532714843750000000000
 0.000428632860426977630851491651853280018258374184370040893555,-0.910549991981574602384341687866253778338432312011718750000000, 0.376544114882689018308781214727787300944328308105468750000000, 0.170626028640318394558050840714713558554649353027343750000000, 1.399331347135226666367202597029972821474075317382812500000000, 2.749473065136530003371717612026259303092956542968750000000000
 0.000428632860426977630851491651853280018258374184370040893555,-0.910549991981574491362039225350599735975265502929687500000000, 0.376544114882689018308781214727787300944328308105468750000000,-0.170626028640318588847080150117108132690191268920898437500000, 1.742261306454566893719970721576828509569168090820312500000000, 2.749473065136530003371717612026259303092956542968750000000000
 0.000428632860426977630851491651853280018258374184370040893555,-0.910549991981574602384341687866253778338432312011718750000000,-0.376544114882689018308781214727787300944328308105468750000000, 0.170626028640318394558050840714713558554649353027343750000000, 1.399331347135226666367202597029972821474075317382812500000000, 3.533712242043056228624209325062111020088195800781250000000000
 0.000428632860426977630851491651853280018258374184370040893555,-0.910549991981574491362039225350599735975265502929687500000000,-0.376544114882689018308781214727787300944328308105468750000000,-0.170626028640318588847080150117108132690191268920898437500000, 1.742261306454566893719970721576828509569168090820312500000000, 3.533712242043056228624209325062111020088195800781250000000000
 0.000428632860426977630851491651853280018258374184370040893555, 0.910549991981574602384341687866253778338432312011718750000000, 0.170626028640318311291323993827973026782274246215820312500000, 0.376544114882688907286478752212133258581161499023437500000000, 1.184733322723360515738022513687610626220703125000000000000000, 0.185239631410957922286186771998472977429628372192382812500000
 0.000428632860426977630851491651853280018258374184370040893555, 0.910549991981574491362039225350599735975265502929687500000000, 0.170626028640318200269021531312318984419107437133789062500000,-0.376544114882689073819932445985614322125911712646484375000000, 1.956859330866432822304545879887882620096206665039062500000000, 0.185239631410957811263884309482818935066461563110351562500000
 0.000428632860426977630851491651853280018258374184370040893555, 0.910549991981574602384341687866253778338432312011718750000000,-0.170626028640318311291323993827973026782274246215820312500000, 0.376544114882688907286478752212133258581161499023437500000000, 1.184733322723360515738022513687610626220703125000000000000000, 6.097945675768627893376105930656194686889648437500000000000000
 0.000428632860426977630851491651853280018258374184370040893555, 0.910549991981574491362039225350599735975265502929687500000000,-0.170626028640318200269021531312318984419107437133789062500000,-0.376544114882689073819932445985614322125911712646484375000000, 1.956859330866432822304545879887882620096206665039062500000000, 6.097945675768628781554525630781427025794982910156250000000000
 0.000428632860426977630851491651853280018258374184370040893555,-0.910549991981574602384341687866253778338432312011718750000000, 0.170626028640318394558050840714713558554649353027343750000000, 0.376544114882688907286478752212133258581161499023437500000000, 1.184733322723360515738022513687610626220703125000000000000000, 2.956353022178835221467352312174625694751739501953125000000000
 0.000428632860426977630851491651853280018258374184370040893555,-0.910549991981574491362039225350599735975265502929687500000000, 0.170626028640318394558050840714713558554649353027343750000000,-0.376544114882689073819932445985614322125911712646484375000000, 1.956859330866432822304545879887882620096206665039062500000000, 2.956353022178835221467352312174625694751739501953125000000000
 0.000428632860426977630851491651853280018258374184370040893555,-0.910549991981574602384341687866253778338432312011718750000000,-0.170626028640318394558050840714713558554649353027343750000000, 0.376544114882688907286478752212133258581161499023437500000000, 1.184733322723360515738022513687610626220703125000000000000000, 3.326832285000751010528574624913744628429412841796875000000000
 0.000428632860426977630851491651853280018258374184370040893555,-0.910549991981574491362039225350599735975265502929687500000000,-0.170626028640318394558050840714713558554649353027343750000000,-0.376544114882689073819932445985614322125911712646484375000000, 1.956859330866432822304545879887882620096206665039062500000000, 3.326832285000751010528574624913744628429412841796875000000000
 0.000442780219898976834438236727109483581443782895803451538086, 0.425577357453055693525811875588260591030120849609375000000000, 0.216511514730040710574598961102310568094253540039062500000000, 0.878639104987125718615459391003241762518882751464843750000000, 0.497791766296844684358546828661928884685039520263671875000000, 0.470621278393443864818124211524263955652713775634765625000000
 0.000442780219898976834438236727109483581443782895803451538086, 0.425577357453055804548114338103914633393287658691406250000000, 0.216511514730040793841325807989051099866628646850585937500000,-0.878639104987125718615459391003241762518882751464843750000000, 2.643800887292948154083660483593121170997619628906250000000000, 0.470621278393443920329275442782090976834297180175781250000000
 0.000442780219898976834438236727109483581443782895803451538086, 0.425577357453055693525811875588260591030120849609375000000000,-0.216511514730040710574598961102310568094253540039062500000000, 0.878639104987125718615459391003241762518882751464843750000000, 0.497791766296844684358546828661928884685039520263671875000000, 5.812564028786142422688953956821933388710021972656250000000000
 0.000442780219898976834438236727109483581443782895803451538086, 0.425577357453055804548114338103914633393287658691406250000000,-0.216511514730040793841325807989051099866628646850585937500000,-0.878639104987125718615459391003241762518882751464843750000000, 2.643800887292948154083660483593121170997619628906250000000000, 5.812564028786142422688953956821933388710021972656250000000000
 0.000442780219898976834438236727109483581443782895803451538086,-0.425577357453055693525811875588260591030120849609375000000000, 0.216511514730040710574598961102310568094253540039062500000000, 0.878639104987125718615459391003241762518882751464843750000000, 0.497791766296844684358546828661928884685039520263671875000000, 2.670971375196349306690990488277748227119445800781250000000000
 0.000442780219898976834438236727109483581443782895803451538086,-0.425577357453055804548114338103914633393287658691406250000000, 0.216511514730040710574598961102310568094253540039062500000000,-0.878639104987125718615459391003241762518882751464843750000000, 2.643800887292948154083660483593121170997619628906250000000000, 2.670971375196349306690990488277748227119445800781250000000000
 0.000442780219898976834438236727109483581443782895803451538086,-0.425577357453055693525811875588260591030120849609375000000000,-0.216511514730040710574598961102310568094253540039062500000000, 0.878639104987125718615459391003241762518882751464843750000000, 0.497791766296844684358546828661928884685039520263671875000000, 3.612213931983236925304936448810622096061706542968750000000000
 0.000442780219898976834438236727109483581443782895803451538086,-0.425577357453055804548114338103914633393287658691406250000000,-0.216511514730040710574598961102310568094253540039062500000000,-0.878639104987125718615459391003241762518882751464843750000000, 2.643800887292948154083660483593121170997619628906250000000000, 3.612213931983236925304936448810622096061706542968750000000000
 0.000442780219898976834438236727109483581443782895803451538086, 0.425577357453055582503509413072606548666954040527343750000000, 0.878639104987125829637761853518895804882049560546875000000000, 0.216511514730040793841325807989051099866628646850585937500000, 1.352556523186069448172474949387833476066589355468750000000000, 1.119739077974823082683997199637815356254577636718750000000000
 0.000442780219898976834438236727109483581443782895803451538086, 0.425577357453055582503509413072606548666954040527343750000000, 0.878639104987125829637761853518895804882049560546875000000000,-0.216511514730040793841325807989051099866628646850585937500000, 1.789036130403723889870093444187659770250320434570312500000000, 1.119739077974823082683997199637815356254577636718750000000000
 0.000442780219898976834438236727109483581443782895803451538086, 0.425577357453055582503509413072606548666954040527343750000000,-0.878639104987125829637761853518895804882049560546875000000000, 0.216511514730040793841325807989051099866628646850585937500000, 1.352556523186069448172474949387833476066589355468750000000000, 5.163446229204763149311929737450554966926574707031250000000000
 0.000442780219898976834438236727109483581443782895803451538086, 0.425577357453055582503509413072606548666954040527343750000000,-0.878639104987125829637761853518895804882049560546875000000000,-0.216511514730040793841325807989051099866628646850585937500000, 1.789036130403723889870093444187659770250320434570312500000000, 5.163446229204763149311929737450554966926574707031250000000000
 0.000442780219898976834438236727109483581443782895803451538086,-0.425577357453055804548114338103914633393287658691406250000000, 0.878639104987125718615459391003241762518882751464843750000000, 0.216511514730040793841325807989051099866628646850585937500000, 1.352556523186069448172474949387833476066589355468750000000000, 2.021853575614970477403176118968985974788665771484375000000000
 0.000442780219898976834438236727109483581443782895803451538086,-0.425577357453055804548114338103914633393287658691406250000000, 0.878639104987125718615459391003241762518882751464843750000000,-0.216511514730040793841325807989051099866628646850585937500000, 1.789036130403723889870093444187659770250320434570312500000000, 2.021853575614970477403176118968985974788665771484375000000000
 0.000442780219898976834438236727109483581443782895803451538086,-0.425577357453055804548114338103914633393287658691406250000000,-0.878639104987125718615459391003241762518882751464843750000000, 0.216511514730040793841325807989051099866628646850585937500000, 1.352556523186069448172474949387833476066589355468750000000000, 4.261331731564615310503540968056768178939819335937500000000000
 0.000442780219898976834438236727109483581443782895803451538086,-0.425577357453055804548114338103914633393287658691406250000000,-0.878639104987125718615459391003241762518882751464843750000000,-0.216511514730040793841325807989051099866628646850585937500000, 1.789036130403723889870093444187659770250320434570312500000000, 4.261331731564615310503540968056768178939819335937500000000000
 0.000442780219898976834438236727109483581443782895803451538086, 0.216511514730040710574598961102310568094253540039062500000000, 0.425577357453055693525811875588260591030120849609375000000000, 0.878639104987125718615459391003241762518882751464843750000000, 0.497791766296844684358546828661928884685039520263671875000000, 1.100175048401452748692008754005655646324157714843750000000000
 0.000442780219898976834438236727109483581443782895803451538086, 0.216511514730040793841325807989051099866628646850585937500000, 0.425577357453055804548114338103914633393287658691406250000000,-0.878639104987125718615459391003241762518882751464843750000000, 2.643800887292948154083660483593121170997619628906250000000000, 1.100175048401452748692008754005655646324157714843750000000000
 0.000442780219898976834438236727109483581443782895803451538086, 0.216511514730040710574598961102310568094253540039062500000000,-0.425577357453055693525811875588260591030120849609375000000000, 0.878639104987125718615459391003241762518882751464843750000000, 0.497791766296844684358546828661928884685039520263671875000000, 5.183010258778133483303918183082714676856994628906250000000000
 0.000442780219898976834438236727109483581443782895803451538086, 0.216511514730040793841325807989051099866628646850585937500000,-0.425577357453055804548114338103914633393287658691406250000000,-0.878639104987125718615459391003241762518882751464843750000000, 2.643800887292948154083660483593121170997619628906250000000000, 5.183010258778133483303918183082714676856994628906250000000000
 0.000442780219898976834438236727109483581443782895803451538086,-0.216511514730040710574598961102310568094253540039062500000000, 0.425577357453055693525811875588260591030120849609375000000000, 0.878639104987125718615459391003241762518882751464843750000000, 0.497791766296844684358546828661928884685039520263671875000000, 2.041417605188340367305954714538529515266418457031250000000000
 0.000442780219898976834438236727109483581443782895803451538086,-0.216511514730040710574598961102310568094253540039062500000000, 0.425577357453055804548114338103914633393287658691406250000000,-0.878639104987125718615459391003241762518882751464843750000000, 2.643800887292948154083660483593121170997619628906250000000000, 2.041417605188340367305954714538529515266418457031250000000000
 0.000442780219898976834438236727109483581443782895803451538086,-0.216511514730040710574598961102310568094253540039062500000000,-0.425577357453055693525811875588260591030120849609375000000000, 0.878639104987125718615459391003241762518882751464843750000000, 0.497791766296844684358546828661928884685039520263671875000000, 4.241767701991245864689972222549840807914733886718750000000000
 0.000442780219898976834438236727109483581443782895803451538086,-0.216511514730040710574598961102310568094253540039062500000000,-0.425577357453055804548114338103914633393287658691406250000000,-0.878639104987125718615459391003241762518882751464843750000000, 2.643800887292948154083660483593121170997619628906250000000000, 4.241767701991245864689972222549840807914733886718750000000000
 0.000442780219898976834438236727109483581443782895803451538086, 0.216511514730040710574598961102310568094253540039062500000000, 0.878639104987125718615459391003241762518882751464843750000000, 0.425577357453055693525811875588260591030120849609375000000000, 1.131196517841360771328140799596440047025680541992187500000000, 1.329192836264266430745806246704887598752975463867187500000000
 0.000442780219898976834438236727109483581443782895803451538086, 0.216511514730040710574598961102310568094253540039062500000000, 0.878639104987125607593156928487587720155715942382812500000000,-0.425577357453055915570416800619568675756454467773437500000000, 2.010396135748432566714427593979053199291229248046875000000000, 1.329192836264266430745806246704887598752975463867187500000000
 0.000442780219898976834438236727109483581443782895803451538086, 0.216511514730040710574598961102310568094253540039062500000000,-0.878639104987125718615459391003241762518882751464843750000000, 0.425577357453055693525811875588260591030120849609375000000000, 1.131196517841360771328140799596440047025680541992187500000000, 4.953992470915319579205515765352174639701843261718750000000000
 0.000442780219898976834438236727109483581443782895803451538086, 0.216511514730040710574598961102310568094253540039062500000000,-0.878639104987125607593156928487587720155715942382812500000000,-0.425577357453055915570416800619568675756454467773437500000000, 2.010396135748432566714427593979053199291229248046875000000000, 4.953992470915319579205515765352174639701843261718750000000000
 0.000442780219898976834438236727109483581443782895803451538086,-0.216511514730040904863628270504705142229795455932617187500000, 0.878639104987125718615459391003241762518882751464843750000000, 0.425577357453055693525811875588260591030120849609375000000000, 1.131196517841360771328140799596440047025680541992187500000000, 1.812399817325527129341367071901913732290267944335937500000000
 0.000442780219898976834438236727109483581443782895803451538086,-0.216511514730040904863628270504705142229795455932617187500000, 0.878639104987125607593156928487587720155715942382812500000000,-0.425577357453055915570416800619568675756454467773437500000000, 2.010396135748432566714427593979053199291229248046875000000000, 1.812399817325527129341367071901913732290267944335937500000000
 0.000442780219898976834438236727109483581443782895803451538086,-0.216511514730040904863628270504705142229795455932617187500000,-0.878639104987125718615459391003241762518882751464843750000000, 0.425577357453055693525811875588260591030120849609375000000000, 1.131196517841360771328140799596440047025680541992187500000000, 4.470785489854058880609954940155148506164550781250000000000000
 0.000442780219898976834438236727109483581443782895803451538086,-0.216511514730040904863628270504705142229795455932617187500000,-0.878639104987125607593156928487587720155715942382812500000000,-0.425577357453055915570416800619568675756454467773437500000000, 2.010396135748432566714427593979053199291229248046875000000000, 4.470785489854058880609954940155148506164550781250000000000000
 0.000442780219898976834438236727109483581443782895803451538086, 0.878639104987125718615459391003241762518882751464843750000000, 0.425577357453055693525811875588260591030120849609375000000000, 0.216511514730040793841325807989051099866628646850585937500000, 1.352556523186069448172474949387833476066589355468750000000000, 0.451057248820073697359589459665585309267044067382812500000000
 0.000442780219898976834438236727109483581443782895803451538086, 0.878639104987125718615459391003241762518882751464843750000000, 0.425577357453055693525811875588260591030120849609375000000000,-0.216511514730040793841325807989051099866628646850585937500000, 1.789036130403723889870093444187659770250320434570312500000000, 0.451057248820073697359589459665585309267044067382812500000000
 0.000442780219898976834438236727109483581443782895803451538086, 0.878639104987125718615459391003241762518882751464843750000000,-0.425577357453055693525811875588260591030120849609375000000000, 0.216511514730040793841325807989051099866628646850585937500000, 1.352556523186069448172474949387833476066589355468750000000000, 5.832128058359512756680942402454093098640441894531250000000000
 0.000442780219898976834438236727109483581443782895803451538086, 0.878639104987125718615459391003241762518882751464843750000000,-0.425577357453055693525811875588260591030120849609375000000000,-0.216511514730040793841325807989051099866628646850585937500000, 1.789036130403723889870093444187659770250320434570312500000000, 5.832128058359512756680942402454093098640441894531250000000000
 0.000442780219898976834438236727109483581443782895803451538086,-0.878639104987125940660064316034549847245216369628906250000000, 0.425577357453055415970055719299125485122203826904296875000000, 0.216511514730040793841325807989051099866628646850585937500000, 1.352556523186069448172474949387833476066589355468750000000000, 2.690535404769720084772188783972524106502532958984375000000000
 0.000442780219898976834438236727109483581443782895803451538086,-0.878639104987125940660064316034549847245216369628906250000000, 0.425577357453055415970055719299125485122203826904296875000000,-0.216511514730040793841325807989051099866628646850585937500000, 1.789036130403723889870093444187659770250320434570312500000000, 2.690535404769720084772188783972524106502532958984375000000000
 0.000442780219898976834438236727109483581443782895803451538086,-0.878639104987125940660064316034549847245216369628906250000000,-0.425577357453055415970055719299125485122203826904296875000000, 0.216511514730040793841325807989051099866628646850585937500000, 1.352556523186069448172474949387833476066589355468750000000000, 3.592649902409866147223738153115846216678619384765625000000000
 0.000442780219898976834438236727109483581443782895803451538086,-0.878639104987125940660064316034549847245216369628906250000000,-0.425577357453055415970055719299125485122203826904296875000000,-0.216511514730040793841325807989051099866628646850585937500000, 1.789036130403723889870093444187659770250320434570312500000000, 3.592649902409866147223738153115846216678619384765625000000000
 0.000442780219898976834438236727109483581443782895803451538086, 0.878639104987125829637761853518895804882049560546875000000000, 0.216511514730040488529994036071002483367919921875000000000000, 0.425577357453055693525811875588260591030120849609375000000000, 1.131196517841360771328140799596440047025680541992187500000000, 0.241603490530629932964146178164810407906770706176757812500000
 0.000442780219898976834438236727109483581443782895803451538086, 0.878639104987125718615459391003241762518882751464843750000000, 0.216511514730040488529994036071002483367919921875000000000000,-0.425577357453055915570416800619568675756454467773437500000000, 2.010396135748432566714427593979053199291229248046875000000000, 0.241603490530629960719721793793723918497562408447265625000000
 0.000442780219898976834438236727109483581443782895803451538086, 0.878639104987125829637761853518895804882049560546875000000000,-0.216511514730040488529994036071002483367919921875000000000000, 0.425577357453055693525811875588260591030120849609375000000000, 1.131196517841360771328140799596440047025680541992187500000000, 6.041581816648956326787356374552473425865173339843750000000000
 0.000442780219898976834438236727109483581443782895803451538086, 0.878639104987125718615459391003241762518882751464843750000000,-0.216511514730040488529994036071002483367919921875000000000000,-0.425577357453055915570416800619568675756454467773437500000000, 2.010396135748432566714427593979053199291229248046875000000000, 6.041581816648956326787356374552473425865173339843750000000000
 0.000442780219898976834438236727109483581443782895803451538086,-0.878639104987125829637761853518895804882049560546875000000000, 0.216511514730040488529994036071002483367919921875000000000000, 0.425577357453055693525811875588260591030120849609375000000000, 1.131196517841360771328140799596440047025680541992187500000000, 2.899989163059163210789392906008288264274597167968750000000000
 0.000442780219898976834438236727109483581443782895803451538086,-0.878639104987125718615459391003241762518882751464843750000000, 0.216511514730040488529994036071002483367919921875000000000000,-0.425577357453055915570416800619568675756454467773437500000000, 2.010396135748432566714427593979053199291229248046875000000000, 2.899989163059163210789392906008288264274597167968750000000000
 0.000442780219898976834438236727109483581443782895803451538086,-0.878639104987125829637761853518895804882049560546875000000000,-0.216511514730040488529994036071002483367919921875000000000000, 0.425577357453055693525811875588260591030120849609375000000000, 1.131196517841360771328140799596440047025680541992187500000000, 3.383196144120423021206534031080082058906555175781250000000000
 0.000442780219898976834438236727109483581443782895803451538086,-0.878639104987125718615459391003241762518882751464843750000000,-0.216511514730040488529994036071002483367919921875000000000000,-0.425577357453055915570416800619568675756454467773437500000000, 2.010396135748432566714427593979053199291229248046875000000000, 3.383196144120423021206534031080082058906555175781250000000000
 0.000453047351148976366018439332350453696562908589839935302734, 0.472779511705842980795466701238183304667472839355468750000000, 0.262208981222525783216781292139785364270210266113281250000000, 0.841264514571623767125174708780832588672637939453125000000000, 0.571178351516426707767948300897842273116111755371093750000000, 0.506376858118290695820462588017107918858528137207031250000000
 0.000453047351148976366018439332350453696562908589839935302734, 0.472779511705843091817769163753837347030639648437500000000000, 0.262208981222525894239083754655439406633377075195312500000000,-0.841264514571623767125174708780832588672637939453125000000000, 2.570414302073366297207712705130688846111297607421875000000000, 0.506376858118290806842765050532761961221694946289062500000000
 0.000453047351148976366018439332350453696562908589839935302734, 0.472779511705842980795466701238183304667472839355468750000000,-0.262208981222525783216781292139785364270210266113281250000000, 0.841264514571623767125174708780832588672637939453125000000000, 0.571178351516426707767948300897842273116111755371093750000000, 5.776808449061295647197766811586916446685791015625000000000000
 0.000453047351148976366018439332350453696562908589839935302734, 0.472779511705843091817769163753837347030639648437500000000000,-0.262208981222525894239083754655439406633377075195312500000000,-0.841264514571623767125174708780832588672637939453125000000000, 2.570414302073366297207712705130688846111297607421875000000000, 5.776808449061295647197766811586916446685791015625000000000000
 0.000453047351148976366018439332350453696562908589839935302734,-0.472779511705842980795466701238183304667472839355468750000000, 0.262208981222525783216781292139785364270210266113281250000000, 0.841264514571623767125174708780832588672637939453125000000000, 0.571178351516426707767948300897842273116111755371093750000000, 2.635215795471502531199803343042731285095214843750000000000000
 0.000453047351148976366018439332350453696562908589839935302734,-0.472779511705843091817769163753837347030639648437500000000000, 0.262208981222525894239083754655439406633377075195312500000000,-0.841264514571623767125174708780832588672637939453125000000000, 2.570414302073366297207712705130688846111297607421875000000000, 2.635215795471502531199803343042731285095214843750000000000000
 0.000453047351148976366018439332350453696562908589839935302734,-0.472779511705842980795466701238183304667472839355468750000000,-0.262208981222525783216781292139785364270210266113281250000000, 0.841264514571623767125174708780832588672637939453125000000000, 0.571178351516426707767948300897842273116111755371093750000000, 3.647969511708083700796123594045639038085937500000000000000000
 0.000453047351148976366018439332350453696562908589839935302734,-0.472779511705843091817769163753837347030639648437500000000000,-0.262208981222525894239083754655439406633377075195312500000000,-0.841264514571623767125174708780832588672637939453125000000000, 2.570414302073366297207712705130688846111297607421875000000000, 3.647969511708083700796123594045639038085937500000000000000000
 0.000453047351148976366018439332350453696562908589839935302734, 0.472779511705842980795466701238183304667472839355468750000000, 0.841264514571623767125174708780832588672637939453125000000000, 0.262208981222525783216781292139785364270210266113281250000000, 1.305485759975292037182725835009478032588958740234375000000000, 1.058796838081728530767122720135375857353210449218750000000000
 0.000453047351148976366018439332350453696562908589839935302734, 0.472779511705842980795466701238183304667472839355468750000000, 0.841264514571623767125174708780832588672637939453125000000000,-0.262208981222525783216781292139785364270210266113281250000000, 1.836106893614501300859842558566015213727951049804687500000000, 1.058796838081728530767122720135375857353210449218750000000000
 0.000453047351148976366018439332350453696562908589839935302734, 0.472779511705842980795466701238183304667472839355468750000000,-0.841264514571623767125174708780832588672637939453125000000000, 0.262208981222525783216781292139785364270210266113281250000000, 1.305485759975292037182725835009478032588958740234375000000000, 5.224388469097857701228804216952994465827941894531250000000000
 0.000453047351148976366018439332350453696562908589839935302734, 0.472779511705842980795466701238183304667472839355468750000000,-0.841264514571623767125174708780832588672637939453125000000000,-0.262208981222525783216781292139785364270210266113281250000000, 1.836106893614501300859842558566015213727951049804687500000000, 5.224388469097857701228804216952994465827941894531250000000000
 0.000453047351148976366018439332350453696562908589839935302734,-0.472779511705843313862374088785145431756973266601562500000000, 0.841264514571623545080569783749524503946304321289062500000000, 0.262208981222525783216781292139785364270210266113281250000000, 1.305485759975292037182725835009478032588958740234375000000000, 2.082795815508065029320050598471425473690032958984375000000000
 0.000453047351148976366018439332350453696562908589839935302734,-0.472779511705843313862374088785145431756973266601562500000000, 0.841264514571623545080569783749524503946304321289062500000000,-0.262208981222525783216781292139785364270210266113281250000000, 1.836106893614501300859842558566015213727951049804687500000000, 2.082795815508065029320050598471425473690032958984375000000000
 0.000453047351148976366018439332350453696562908589839935302734,-0.472779511705843313862374088785145431756973266601562500000000,-0.841264514571623545080569783749524503946304321289062500000000, 0.262208981222525783216781292139785364270210266113281250000000, 1.305485759975292037182725835009478032588958740234375000000000, 4.200389491671520758586666488554328680038452148437500000000000
 0.000453047351148976366018439332350453696562908589839935302734,-0.472779511705843313862374088785145431756973266601562500000000,-0.841264514571623545080569783749524503946304321289062500000000,-0.262208981222525783216781292139785364270210266113281250000000, 1.836106893614501300859842558566015213727951049804687500000000, 4.200389491671520758586666488554328680038452148437500000000000
 0.000453047351148976366018439332350453696562908589839935302734, 0.262208981222525894239083754655439406633377075195312500000000, 0.472779511705842925284315469980356283485889434814453125000000, 0.841264514571623767125174708780832588672637939453125000000000, 0.571178351516426707767948300897842273116111755371093750000000, 1.064419468676605751156216683739330619573593139648437500000000
 0.000453047351148976366018439332350453696562908589839935302734, 0.262208981222526005261386217171093448996543884277343750000000, 0.472779511705842980795466701238183304667472839355468750000000,-0.841264514571623767125174708780832588672637939453125000000000, 2.570414302073366297207712705130688846111297607421875000000000, 1.064419468676605529111611758708022534847259521484375000000000
 0.000453047351148976366018439332350453696562908589839935302734, 0.262208981222525894239083754655439406633377075195312500000000,-0.472779511705842925284315469980356283485889434814453125000000, 0.841264514571623767125174708780832588672637939453125000000000, 0.571178351516426707767948300897842273116111755371093750000000, 5.218765838502980258795105328317731618881225585937500000000000
 0.000453047351148976366018439332350453696562908589839935302734, 0.262208981222526005261386217171093448996543884277343750000000,-0.472779511705842980795466701238183304667472839355468750000000,-0.841264514571623767125174708780832588672637939453125000000000, 2.570414302073366297207712705130688846111297607421875000000000, 5.218765838502980258795105328317731618881225585937500000000000
 0.000453047351148976366018439332350453696562908589839935302734,-0.262208981222525894239083754655439406633377075195312500000000, 0.472779511705842925284315469980356283485889434814453125000000, 0.841264514571623767125174708780832588672637939453125000000000, 0.571178351516426707767948300897842273116111755371093750000000, 2.077173184913187586886351709836162626743316650390625000000000
 0.000453047351148976366018439332350453696562908589839935302734,-0.262208981222526005261386217171093448996543884277343750000000, 0.472779511705842980795466701238183304667472839355468750000000,-0.841264514571623767125174708780832588672637939453125000000000, 2.570414302073366297207712705130688846111297607421875000000000, 2.077173184913187586886351709836162626743316650390625000000000
 0.000453047351148976366018439332350453696562908589839935302734,-0.262208981222525894239083754655439406633377075195312500000000,-0.472779511705842925284315469980356283485889434814453125000000, 0.841264514571623767125174708780832588672637939453125000000000, 0.571178351516426707767948300897842273116111755371093750000000, 4.206012122266399089198785077314823865890502929687500000000000
 0.000453047351148976366018439332350453696562908589839935302734,-0.262208981222526005261386217171093448996543884277343750000000,-0.472779511705842980795466701238183304667472839355468750000000,-0.841264514571623767125174708780832588672637939453125000000000, 2.570414302073366297207712705130688846111297607421875000000000, 4.206012122266399089198785077314823865890502929687500000000000
 0.000453047351148976366018439332350453696562908589839935302734, 0.262208981222525727705630060881958343088626861572265625000000, 0.841264514571623767125174708780832588672637939453125000000000, 0.472779511705842980795466701238183304667472839355468750000000, 1.078353904530276796691623530932702124118804931640625000000000, 1.268654716512810809447842075314838439226150512695312500000000
 0.000453047351148976366018439332350453696562908589839935302734, 0.262208981222525727705630060881958343088626861572265625000000, 0.841264514571623656102872246265178546309471130371093750000000,-0.472779511705843091817769163753837347030639648437500000000000, 2.063238749059516319306339937611483037471771240234375000000000, 1.268654716512810809447842075314838439226150512695312500000000
 0.000453047351148976366018439332350453696562908589839935302734, 0.262208981222525727705630060881958343088626861572265625000000,-0.841264514571623767125174708780832588672637939453125000000000, 0.472779511705842980795466701238183304667472839355468750000000, 1.078353904530276796691623530932702124118804931640625000000000, 5.014530590666775644592689786804839968681335449218750000000000
 0.000453047351148976366018439332350453696562908589839935302734, 0.262208981222525727705630060881958343088626861572265625000000,-0.841264514571623656102872246265178546309471130371093750000000,-0.472779511705843091817769163753837347030639648437500000000000, 2.063238749059516319306339937611483037471771240234375000000000, 5.014530590666775644592689786804839968681335449218750000000000
 0.000453047351148976366018439332350453696562908589839935302734,-0.262208981222525894239083754655439406633377075195312500000000, 0.841264514571623767125174708780832588672637939453125000000000, 0.472779511705842980795466701238183304667472839355468750000000, 1.078353904530276796691623530932702124118804931640625000000000, 1.872937937076982528594726318260654807090759277343750000000000
 0.000453047351148976366018439332350453696562908589839935302734,-0.262208981222525894239083754655439406633377075195312500000000, 0.841264514571623656102872246265178546309471130371093750000000,-0.472779511705843091817769163753837347030639648437500000000000, 2.063238749059516319306339937611483037471771240234375000000000, 1.872937937076982528594726318260654807090759277343750000000000
 0.000453047351148976366018439332350453696562908589839935302734,-0.262208981222525894239083754655439406633377075195312500000000,-0.841264514571623767125174708780832588672637939453125000000000, 0.472779511705842980795466701238183304667472839355468750000000, 1.078353904530276796691623530932702124118804931640625000000000, 4.410247370102603703401200618827715516090393066406250000000000
 0.000453047351148976366018439332350453696562908589839935302734,-0.262208981222525894239083754655439406633377075195312500000000,-0.841264514571623656102872246265178546309471130371093750000000,-0.472779511705843091817769163753837347030639648437500000000000, 2.063238749059516319306339937611483037471771240234375000000000, 4.410247370102603703401200618827715516090393066406250000000000
 0.000453047351148976366018439332350453696562908589839935302734, 0.841264514571623767125174708780832588672637939453125000000000, 0.472779511705842980795466701238183304667472839355468750000000, 0.262208981222525783216781292139785364270210266113281250000000, 1.305485759975292037182725835009478032588958740234375000000000, 0.511999488713168249276463939168024808168411254882812500000000
 0.000453047351148976366018439332350453696562908589839935302734, 0.841264514571623767125174708780832588672637939453125000000000, 0.472779511705842980795466701238183304667472839355468750000000,-0.262208981222525783216781292139785364270210266113281250000000, 1.836106893614501300859842558566015213727951049804687500000000, 0.511999488713168249276463939168024808168411254882812500000000
 0.000453047351148976366018439332350453696562908589839935302734, 0.841264514571623767125174708780832588672637939453125000000000,-0.472779511705842980795466701238183304667472839355468750000000, 0.262208981222525783216781292139785364270210266113281250000000, 1.305485759975292037182725835009478032588958740234375000000000, 5.771185818466418204764067922951653599739074707031250000000000
 0.000453047351148976366018439332350453696562908589839935302734, 0.841264514571623767125174708780832588672637939453125000000000,-0.472779511705842980795466701238183304667472839355468750000000,-0.262208981222525783216781292139785364270210266113281250000000, 1.836106893614501300859842558566015213727951049804687500000000, 5.771185818466418204764067922951653599739074707031250000000000
 0.000453047351148976366018439332350453696562908589839935302734,-0.841264514571623989169779633812140673398971557617187500000000, 0.472779511705842592217408082433394156396389007568359375000000, 0.262208981222525783216781292139785364270210266113281250000000, 1.305485759975292037182725835009478032588958740234375000000000, 2.629593164876625532855314304470084607601165771484375000000000
 0.000453047351148976366018439332350453696562908589839935302734,-0.841264514571623989169779633812140673398971557617187500000000, 0.472779511705842592217408082433394156396389007568359375000000,-0.262208981222525783216781292139785364270210266113281250000000, 1.836106893614501300859842558566015213727951049804687500000000, 2.629593164876625532855314304470084607601165771484375000000000
 0.000453047351148976366018439332350453696562908589839935302734,-0.841264514571623989169779633812140673398971557617187500000000,-0.472779511705842592217408082433394156396389007568359375000000, 0.262208981222525783216781292139785364270210266113281250000000, 1.305485759975292037182725835009478032588958740234375000000000, 3.653592142302960699140612632618285715579986572265625000000000
 0.000453047351148976366018439332350453696562908589839935302734,-0.841264514571623989169779633812140673398971557617187500000000,-0.472779511705842592217408082433394156396389007568359375000000,-0.262208981222525783216781292139785364270210266113281250000000, 1.836106893614501300859842558566015213727951049804687500000000, 3.653592142302960699140612632618285715579986572265625000000000
 0.000453047351148976366018439332350453696562908589839935302734, 0.841264514571623767125174708780832588672637939453125000000000, 0.262208981222525727705630060881958343088626861572265625000000, 0.472779511705842980795466701238183304667472839355468750000000, 1.078353904530276796691623530932702124118804931640625000000000, 0.302141610282085693039988427699427120387554168701171875000000
 0.000453047351148976366018439332350453696562908589839935302734, 0.841264514571623656102872246265178546309471130371093750000000, 0.262208981222525727705630060881958343088626861572265625000000,-0.472779511705843091817769163753837347030639648437500000000000, 2.063238749059516319306339937611483037471771240234375000000000, 0.302141610282085748551139658957254141569137573242187500000000
 0.000453047351148976366018439332350453696562908589839935302734, 0.841264514571623767125174708780832588672637939453125000000000,-0.262208981222525727705630060881958343088626861572265625000000, 0.472779511705842980795466701238183304667472839355468750000000, 1.078353904530276796691623530932702124118804931640625000000000, 5.981043696897500261400182353099808096885681152343750000000000
 0.000453047351148976366018439332350453696562908589839935302734, 0.841264514571623656102872246265178546309471130371093750000000,-0.262208981222525727705630060881958343088626861572265625000000,-0.472779511705843091817769163753837347030639648437500000000000, 2.063238749059516319306339937611483037471771240234375000000000, 5.981043696897500261400182353099808096885681152343750000000000
 0.000453047351148976366018439332350453696562908589839935302734,-0.841264514571623767125174708780832588672637939453125000000000, 0.262208981222525727705630060881958343088626861572265625000000, 0.472779511705842980795466701238183304667472839355468750000000, 1.078353904530276796691623530932702124118804931640625000000000, 2.839451043307707589491428734618239104747772216796875000000000
 0.000453047351148976366018439332350453696562908589839935302734,-0.841264514571623656102872246265178546309471130371093750000000, 0.262208981222525727705630060881958343088626861572265625000000,-0.472779511705843091817769163753837347030639648437500000000000, 2.063238749059516319306339937611483037471771240234375000000000, 2.839451043307707589491428734618239104747772216796875000000000
 0.000453047351148976366018439332350453696562908589839935302734,-0.841264514571623767125174708780832588672637939453125000000000,-0.262208981222525727705630060881958343088626861572265625000000, 0.472779511705842980795466701238183304667472839355468750000000, 1.078353904530276796691623530932702124118804931640625000000000, 3.443734263871878642504498202470131218433380126953125000000000
 0.000453047351148976366018439332350453696562908589839935302734,-0.841264514571623656102872246265178546309471130371093750000000,-0.262208981222525727705630060881958343088626861572265625000000,-0.472779511705843091817769163753837347030639648437500000000000, 2.063238749059516319306339937611483037471771240234375000000000, 3.443734263871878642504498202470131218433380126953125000000000
 0.000460080547569976041916844922141649476543534547090530395508, 0.517854689581901173056621701107360422611236572265625000000000, 0.307172143129619990009615548842702992260456085205078125000000, 0.798418308259015940819836032460443675518035888671875000000000, 0.646132648068849513300904163770610466599464416503906250000000, 0.535376987426257722191280663537327200174331665039062500000000
 0.000460080547569976041916844922141649476543534547090530395508, 0.517854689581901062034319238591706380248069763183593750000000, 0.307172143129619878987313086327048949897289276123046875000000,-0.798418308259016051842138494976097717881202697753906250000000, 2.495460005520943713719361767289228737354278564453125000000000, 0.535376987426257611168978201021673157811164855957031250000000
 0.000460080547569976041916844922141649476543534547090530395508, 0.517854689581901173056621701107360422611236572265625000000000,-0.307172143129619990009615548842702992260456085205078125000000, 0.798418308259015940819836032460443675518035888671875000000000, 0.646132648068849513300904163770610466599464416503906250000000, 5.747808319753328731849251198582351207733154296875000000000000
 0.000460080547569976041916844922141649476543534547090530395508, 0.517854689581901062034319238591706380248069763183593750000000,-0.307172143129619878987313086327048949897289276123046875000000,-0.798418308259016051842138494976097717881202697753906250000000, 2.495460005520943713719361767289228737354278564453125000000000, 5.747808319753328731849251198582351207733154296875000000000000
 0.000460080547569976041916844922141649476543534547090530395508,-0.517854689581901284078924163623014464974403381347656250000000, 0.307172143129619878987313086327048949897289276123046875000000, 0.798418308259015940819836032460443675518035888671875000000000, 0.646132648068849513300904163770610466599464416503906250000000, 2.606215666163535615851287730038166046142578125000000000000000
 0.000460080547569976041916844922141649476543534547090530395508,-0.517854689581901062034319238591706380248069763183593750000000, 0.307172143129619823476161855069221928715705871582031250000000,-0.798418308259016051842138494976097717881202697753906250000000, 2.495460005520943713719361767289228737354278564453125000000000, 2.606215666163535615851287730038166046142578125000000000000000
 0.000460080547569976041916844922141649476543534547090530395508,-0.517854689581901284078924163623014464974403381347656250000000,-0.307172143129619878987313086327048949897289276123046875000000, 0.798418308259015940819836032460443675518035888671875000000000, 0.646132648068849513300904163770610466599464416503906250000000, 3.676969641016050616144639207050204277038574218750000000000000
 0.000460080547569976041916844922141649476543534547090530395508,-0.517854689581901062034319238591706380248069763183593750000000,-0.307172143129619823476161855069221928715705871582031250000000,-0.798418308259016051842138494976097717881202697753906250000000, 2.495460005520943713719361767289228737354278564453125000000000, 3.676969641016050616144639207050204277038574218750000000000000
 0.000460080547569976041916844922141649476543534547090530395508, 0.517854689581901062034319238591706380248069763183593750000000, 0.798418308259016051842138494976097717881202697753906250000000, 0.307172143129619990009615548842702992260456085205078125000000, 1.258576243127090377171839463699143379926681518554687500000000, 0.995405411880873725039009514148347079753875732421875000000000
 0.000460080547569976041916844922141649476543534547090530395508, 0.517854689581900951012016776076052337884902954101562500000000, 0.798418308259015940819836032460443675518035888671875000000000,-0.307172143129620212054220473874011076986789703369140625000000, 1.883016410462703182915333854907657951116561889648437500000000, 0.995405411880873725039009514148347079753875732421875000000000
 0.000460080547569976041916844922141649476543534547090530395508, 0.517854689581901062034319238591706380248069763183593750000000,-0.798418308259016051842138494976097717881202697753906250000000, 0.307172143129619990009615548842702992260456085205078125000000, 1.258576243127090377171839463699143379926681518554687500000000, 5.287779895298712062867707572877407073974609375000000000000000
 0.000460080547569976041916844922141649476543534547090530395508, 0.517854689581900951012016776076052337884902954101562500000000,-0.798418308259015940819836032460443675518035888671875000000000,-0.307172143129620212054220473874011076986789703369140625000000, 1.883016410462703182915333854907657951116561889648437500000000, 5.287779895298712062867707572877407073974609375000000000000000
 0.000460080547569976041916844922141649476543534547090530395508,-0.517854689581901284078924163623014464974403381347656250000000, 0.798418308259015940819836032460443675518035888671875000000000, 0.307172143129619990009615548842702992260456085205078125000000, 1.258576243127090377171839463699143379926681518554687500000000, 2.146187241708919835048163804458454251289367675781250000000000
 0.000460080547569976041916844922141649476543534547090530395508,-0.517854689581901173056621701107360422611236572265625000000000, 0.798418308259015829797533569944789633154869079589843750000000,-0.307172143129620212054220473874011076986789703369140625000000, 1.883016410462703182915333854907657951116561889648437500000000, 2.146187241708919835048163804458454251289367675781250000000000
 0.000460080547569976041916844922141649476543534547090530395508,-0.517854689581901284078924163623014464974403381347656250000000,-0.798418308259015940819836032460443675518035888671875000000000, 0.307172143129619990009615548842702992260456085205078125000000, 1.258576243127090377171839463699143379926681518554687500000000, 4.136998065470666396947763132629916071891784667968750000000000
 0.000460080547569976041916844922141649476543534547090530395508,-0.517854689581901173056621701107360422611236572265625000000000,-0.798418308259015829797533569944789633154869079589843750000000,-0.307172143129620212054220473874011076986789703369140625000000, 1.883016410462703182915333854907657951116561889648437500000000, 4.136998065470666396947763132629916071891784667968750000000000
 0.000460080547569976041916844922141649476543534547090530395508, 0.307172143129620101031918011358357034623622894287109375000000, 0.517854689581901173056621701107360422611236572265625000000000, 0.798418308259015940819836032460443675518035888671875000000000, 0.646132648068849513300904163770610466599464416503906250000000, 1.035419339368638835807701070734765380620956420898437500000000
 0.000460080547569976041916844922141649476543534547090530395508, 0.307172143129619990009615548842702992260456085205078125000000, 0.517854689581900951012016776076052337884902954101562500000000,-0.798418308259016051842138494976097717881202697753906250000000, 2.495460005520943713719361767289228737354278564453125000000000, 1.035419339368638835807701070734765380620956420898437500000000
 0.000460080547569976041916844922141649476543534547090530395508, 0.307172143129620101031918011358357034623622894287109375000000,-0.517854689581901173056621701107360422611236572265625000000000, 0.798418308259015940819836032460443675518035888671875000000000, 0.646132648068849513300904163770610466599464416503906250000000, 5.247765967810947174143620941322296857833862304687500000000000
 0.000460080547569976041916844922141649476543534547090530395508, 0.307172143129619990009615548842702992260456085205078125000000,-0.517854689581900951012016776076052337884902954101562500000000,-0.798418308259016051842138494976097717881202697753906250000000, 2.495460005520943713719361767289228737354278564453125000000000, 5.247765967810947174143620941322296857833862304687500000000000
 0.000460080547569976041916844922141649476543534547090530395508,-0.307172143129619990009615548842702992260456085205078125000000, 0.517854689581901173056621701107360422611236572265625000000000, 0.798418308259015940819836032460443675518035888671875000000000, 0.646132648068849513300904163770610466599464416503906250000000, 2.106173314221154502234867322840727865695953369140625000000000
 0.000460080547569976041916844922141649476543534547090530395508,-0.307172143129619878987313086327048949897289276123046875000000, 0.517854689581900951012016776076052337884902954101562500000000,-0.798418308259016051842138494976097717881202697753906250000000, 2.495460005520944157808571617351844906806945800781250000000000, 2.106173314221154502234867322840727865695953369140625000000000
 0.000460080547569976041916844922141649476543534547090530395508,-0.307172143129619990009615548842702992260456085205078125000000,-0.517854689581901173056621701107360422611236572265625000000000, 0.798418308259015940819836032460443675518035888671875000000000, 0.646132648068849513300904163770610466599464416503906250000000, 4.177011992958432173850269464310258626937866210937500000000000
 0.000460080547569976041916844922141649476543534547090530395508,-0.307172143129619878987313086327048949897289276123046875000000,-0.517854689581900951012016776076052337884902954101562500000000,-0.798418308259016051842138494976097717881202697753906250000000, 2.495460005520944157808571617351844906806945800781250000000000, 4.177011992958432173850269464310258626937866210937500000000000
 0.000460080547569976041916844922141649476543534547090530395508, 0.307172143129619990009615548842702992260456085205078125000000, 0.798418308259016051842138494976097717881202697753906250000000, 0.517854689581901062034319238591706380248069763183593750000000, 1.026455045673228649860675432137213647365570068359375000000000, 1.203526287299162333965796278789639472961425781250000000000000
 0.000460080547569976041916844922141649476543534547090530395508, 0.307172143129619878987313086327048949897289276123046875000000, 0.798418308259015940819836032460443675518035888671875000000000,-0.517854689581901284078924163623014464974403381347656250000000, 2.115137607916564910226497886469587683677673339843750000000000, 1.203526287299162333965796278789639472961425781250000000000000
 0.000460080547569976041916844922141649476543534547090530395508, 0.307172143129619990009615548842702992260456085205078125000000,-0.798418308259016051842138494976097717881202697753906250000000, 0.517854689581901062034319238591706380248069763183593750000000, 1.026455045673228649860675432137213647365570068359375000000000, 5.079659019880423898030130658298730850219726562500000000000000
 0.000460080547569976041916844922141649476543534547090530395508, 0.307172143129619878987313086327048949897289276123046875000000,-0.798418308259015940819836032460443675518035888671875000000000,-0.517854689581901284078924163623014464974403381347656250000000, 2.115137607916564910226497886469587683677673339843750000000000, 5.079659019880423898030130658298730850219726562500000000000000
 0.000460080547569976041916844922141649476543534547090530395508,-0.307172143129619990009615548842702992260456085205078125000000, 0.798418308259016051842138494976097717881202697753906250000000, 0.517854689581901062034319238591706380248069763183593750000000, 1.026455045673228649860675432137213647365570068359375000000000, 1.938066366290631004076772114785853773355484008789062500000000
 0.000460080547569976041916844922141649476543534547090530395508,-0.307172143129619878987313086327048949897289276123046875000000, 0.798418308259015940819836032460443675518035888671875000000000,-0.517854689581901284078924163623014464974403381347656250000000, 2.115137607916564910226497886469587683677673339843750000000000, 1.938066366290631004076772114785853773355484008789062500000000
 0.000460080547569976041916844922141649476543534547090530395508,-0.307172143129619990009615548842702992260456085205078125000000,-0.798418308259016051842138494976097717881202697753906250000000, 0.517854689581901062034319238591706380248069763183593750000000, 1.026455045673228649860675432137213647365570068359375000000000, 4.345118940888955449963759747333824634552001953125000000000000
 0.000460080547569976041916844922141649476543534547090530395508,-0.307172143129619878987313086327048949897289276123046875000000,-0.798418308259015940819836032460443675518035888671875000000000,-0.517854689581901284078924163623014464974403381347656250000000, 2.115137607916564910226497886469587683677673339843750000000000, 4.345118940888955449963759747333824634552001953125000000000000
 0.000460080547569976041916844922141649476543534547090530395508, 0.798418308259016051842138494976097717881202697753906250000000, 0.517854689581901062034319238591706380248069763183593750000000, 0.307172143129619990009615548842702992260456085205078125000000, 1.258576243127090377171839463699143379926681518554687500000000, 0.575390914914022943982274682639399543404579162597656250000000
 0.000460080547569976041916844922141649476543534547090530395508, 0.798418308259015940819836032460443675518035888671875000000000, 0.517854689581900951012016776076052337884902954101562500000000,-0.307172143129620212054220473874011076986789703369140625000000, 1.883016410462703182915333854907657951116561889648437500000000, 0.575390914914022943982274682639399543404579162597656250000000
 0.000460080547569976041916844922141649476543534547090530395508, 0.798418308259016051842138494976097717881202697753906250000000,-0.517854689581901062034319238591706380248069763183593750000000, 0.307172143129619990009615548842702992260456085205078125000000, 1.258576243127090377171839463699143379926681518554687500000000, 5.707794392265562954946744866902008652687072753906250000000000
 0.000460080547569976041916844922141649476543534547090530395508, 0.798418308259015940819836032460443675518035888671875000000000,-0.517854689581900951012016776076052337884902954101562500000000,-0.307172143129620212054220473874011076986789703369140625000000, 1.883016410462703182915333854907657951116561889648437500000000, 5.707794392265562954946744866902008652687072753906250000000000
 0.000460080547569976041916844922141649476543534547090530395508,-0.798418308259016162864440957491751760244369506835937500000000, 0.517854689581900951012016776076052337884902954101562500000000, 0.307172143129619990009615548842702992260456085205078125000000, 1.258576243127090377171839463699143379926681518554687500000000, 2.566201738675770283037991248420439660549163818359375000000000
 0.000460080547569976041916844922141649476543534547090530395508,-0.798418308259016051842138494976097717881202697753906250000000, 0.517854689581900839989714313560398295521736145019531250000000,-0.307172143129620212054220473874011076986789703369140625000000, 1.883016410462703182915333854907657951116561889648437500000000, 2.566201738675770283037991248420439660549163818359375000000000
 0.000460080547569976041916844922141649476543534547090530395508,-0.798418308259016162864440957491751760244369506835937500000000,-0.517854689581900951012016776076052337884902954101562500000000, 0.307172143129619990009615548842702992260456085205078125000000, 1.258576243127090377171839463699143379926681518554687500000000, 3.716983568503815948957935688667930662631988525390625000000000
 0.000460080547569976041916844922141649476543534547090530395508,-0.798418308259016051842138494976097717881202697753906250000000,-0.517854689581900839989714313560398295521736145019531250000000,-0.307172143129620212054220473874011076986789703369140625000000, 1.883016410462703182915333854907657951116561889648437500000000, 3.716983568503815948957935688667930662631988525390625000000000
 0.000460080547569976041916844922141649476543534547090530395508, 0.798418308259015940819836032460443675518035888671875000000000, 0.307172143129620378587674167647492140531539916992187500000000, 0.517854689581901062034319238591706380248069763183593750000000, 1.026455045673228649860675432137213647365570068359375000000000, 0.367270039495734834655848999318550340831279754638671875000000
 0.000460080547569976041916844922141649476543534547090530395508, 0.798418308259015829797533569944789633154869079589843750000000, 0.307172143129620323076522936389665119349956512451171875000000,-0.517854689581901284078924163623014464974403381347656250000000, 2.115137607916564910226497886469587683677673339843750000000000, 0.367270039495734834655848999318550340831279754638671875000000
 0.000460080547569976041916844922141649476543534547090530395508, 0.798418308259015940819836032460443675518035888671875000000000,-0.307172143129620378587674167647492140531539916992187500000000, 0.517854689581901062034319238591706380248069763183593750000000, 1.026455045673228649860675432137213647365570068359375000000000, 5.915915267683851119784321781480684876441955566406250000000000
 0.000460080547569976041916844922141649476543534547090530395508, 0.798418308259015829797533569944789633154869079589843750000000,-0.307172143129620323076522936389665119349956512451171875000000,-0.517854689581901284078924163623014464974403381347656250000000, 2.115137607916564910226497886469587683677673339843750000000000, 5.915915267683851119784321781480684876441955566406250000000000
 0.000460080547569976041916844922141649476543534547090530395508,-0.798418308259015940819836032460443675518035888671875000000000, 0.307172143129620212054220473874011076986789703369140625000000, 0.517854689581901062034319238591706380248069763183593750000000, 1.026455045673228649860675432137213647365570068359375000000000, 2.774322614094058447875568162999115884304046630859375000000000
 0.000460080547569976041916844922141649476543534547090530395508,-0.798418308259015940819836032460443675518035888671875000000000, 0.307172143129620101031918011358357034623622894287109375000000,-0.517854689581901284078924163623014464974403381347656250000000, 2.115137607916564910226497886469587683677673339843750000000000, 2.774322614094058891964778013061732053756713867187500000000000
 0.000460080547569976041916844922141649476543534547090530395508,-0.798418308259015940819836032460443675518035888671875000000000,-0.307172143129620212054220473874011076986789703369140625000000, 0.517854689581901062034319238591706380248069763183593750000000, 1.026455045673228649860675432137213647365570068359375000000000, 3.508862693085527784120358774089254438877105712890625000000000
 0.000460080547569976041916844922141649476543534547090530395508,-0.798418308259015940819836032460443675518035888671875000000000,-0.307172143129620101031918011358357034623622894287109375000000,-0.517854689581901284078924163623014464974403381347656250000000, 2.115137607916564910226497886469587683677673339843750000000000, 3.508862693085527340031148924026638269424438476562500000000000
 0.000464459905995975744306264454408506026084069162607192993164, 0.560514119209746031202712401864118874073028564453125000000000, 0.350899899880113774752743438511970452964305877685546875000000, 0.750128777231382271040160958364140242338180541992187500000000, 0.722539533443565917814055410417495295405387878417968750000000, 0.559341243485069750107641084468923509120941162109375000000000
 0.000464459905995975744306264454408506026084069162607192993164, 0.560514119209745809158107476832810789346694946289062500000000, 0.350899899880113719241592207254143431782722473144531250000000,-0.750128777231382382062463420879794284701347351074218750000000, 2.419053120146227531250815445673651993274688720703125000000000, 0.559341243485069861129943546984577551484107971191406250000000
 0.000464459905995975744306264454408506026084069162607192993164, 0.560514119209746031202712401864118874073028564453125000000000,-0.350899899880113774752743438511970452964305877685546875000000, 0.750128777231382271040160958364140242338180541992187500000000, 0.722539533443565917814055410417495295405387878417968750000000, 5.723844063694516037799076002556830644607543945312500000000000
 0.000464459905995975744306264454408506026084069162607192993164, 0.560514119209745809158107476832810789346694946289062500000000,-0.350899899880113719241592207254143431782722473144531250000000,-0.750128777231382382062463420879794284701347351074218750000000, 2.419053120146227531250815445673651993274688720703125000000000, 5.723844063694516037799076002556830644607543945312500000000000
 0.000464459905995975744306264454408506026084069162607192993164,-0.560514119209746142225014864379772916436195373535156250000000, 0.350899899880113719241592207254143431782722473144531250000000, 0.750128777231382271040160958364140242338180541992187500000000, 0.722539533443565917814055410417495295405387878417968750000000, 2.582251410104723809979532234137877821922302246093750000000000
 0.000464459905995975744306264454408506026084069162607192993164,-0.560514119209745920180409939348464831709861755371093750000000, 0.350899899880113608219289744738489389419555664062500000000000,-0.750128777231382382062463420879794284701347351074218750000000, 2.419053120146227531250815445673651993274688720703125000000000, 2.582251410104723365890322384075261652469635009765625000000000
 0.000464459905995975744306264454408506026084069162607192993164,-0.560514119209746142225014864379772916436195373535156250000000,-0.350899899880113719241592207254143431782722473144531250000000, 0.750128777231382271040160958364140242338180541992187500000000, 0.722539533443565917814055410417495295405387878417968750000000, 3.700933897074862422016394702950492501258850097656250000000000
 0.000464459905995975744306264454408506026084069162607192993164,-0.560514119209745920180409939348464831709861755371093750000000,-0.350899899880113608219289744738489389419555664062500000000000,-0.750128777231382382062463420879794284701347351074218750000000, 2.419053120146227531250815445673651993274688720703125000000000, 3.700933897074862866105604553013108670711517333984375000000000
 0.000464459905995975744306264454408506026084069162607192993164, 0.560514119209745920180409939348464831709861755371093750000000, 0.750128777231382382062463420879794284701347351074218750000000, 0.350899899880113608219289744738489389419555664062500000000000, 1.212264388489509014945610942959319800138473510742187500000000, 0.929074317494970824959921174013288691639900207519531250000000
 0.000464459905995975744306264454408506026084069162607192993164, 0.560514119209745920180409939348464831709861755371093750000000, 0.750128777231382271040160958364140242338180541992187500000000,-0.350899899880113774752743438511970452964305877685546875000000, 1.929328265100284323096957450616173446178436279296875000000000, 0.929074317494970713937618711497634649276733398437500000000000
 0.000464459905995975744306264454408506026084069162607192993164, 0.560514119209745920180409939348464831709861755371093750000000,-0.750128777231382382062463420879794284701347351074218750000000, 0.350899899880113608219289744738489389419555664062500000000000, 1.212264388489509014945610942959319800138473510742187500000000, 5.354110989684615518058308225590735673904418945312500000000000
 0.000464459905995975744306264454408506026084069162607192993164, 0.560514119209745920180409939348464831709861755371093750000000,-0.750128777231382271040160958364140242338180541992187500000000,-0.350899899880113774752743438511970452964305877685546875000000, 1.929328265100284323096957450616173446178436279296875000000000, 5.354110989684615518058308225590735673904418945312500000000000
 0.000464459905995975744306264454408506026084069162607192993164,-0.560514119209745920180409939348464831709861755371093750000000, 0.750128777231382382062463420879794284701347351074218750000000, 0.350899899880113608219289744738489389419555664062500000000000, 1.212264388489509014945610942959319800138473510742187500000000, 2.212518336094822402060344757046550512313842773437500000000000
 0.000464459905995975744306264454408506026084069162607192993164,-0.560514119209745920180409939348464831709861755371093750000000, 0.750128777231382271040160958364140242338180541992187500000000,-0.350899899880113774752743438511970452964305877685546875000000, 1.929328265100284323096957450616173446178436279296875000000000, 2.212518336094822402060344757046550512313842773437500000000000
 0.000464459905995975744306264454408506026084069162607192993164,-0.560514119209745920180409939348464831709861755371093750000000,-0.750128777231382382062463420879794284701347351074218750000000, 0.350899899880113608219289744738489389419555664062500000000000, 1.212264388489509014945610942959319800138473510742187500000000, 4.070666971084763829935582180041819810867309570312500000000000
 0.000464459905995975744306264454408506026084069162607192993164,-0.560514119209745920180409939348464831709861755371093750000000,-0.750128777231382271040160958364140242338180541992187500000000,-0.350899899880113774752743438511970452964305877685546875000000, 1.929328265100284323096957450616173446178436279296875000000000, 4.070666971084763829935582180041819810867309570312500000000000
 0.000464459905995975744306264454408506026084069162607192993164, 0.350899899880113774752743438511970452964305877685546875000000, 0.560514119209746031202712401864118874073028564453125000000000, 0.750128777231382271040160958364140242338180541992187500000000, 0.722539533443565917814055410417495295405387878417968750000000, 1.011455083309826807891340649803169071674346923828125000000000
 0.000464459905995975744306264454408506026084069162607192993164, 0.350899899880113719241592207254143431782722473144531250000000, 0.560514119209745809158107476832810789346694946289062500000000,-0.750128777231382382062463420879794284701347351074218750000000, 2.419053120146227531250815445673651993274688720703125000000000, 1.011455083309826807891340649803169071674346923828125000000000
 0.000464459905995975744306264454408506026084069162607192993164, 0.350899899880113774752743438511970452964305877685546875000000,-0.560514119209746031202712401864118874073028564453125000000000, 0.750128777231382271040160958364140242338180541992187500000000, 0.722539533443565917814055410417495295405387878417968750000000, 5.271730223869759868193796137347817420959472656250000000000000
 0.000464459905995975744306264454408506026084069162607192993164, 0.350899899880113719241592207254143431782722473144531250000000,-0.560514119209745809158107476832810789346694946289062500000000,-0.750128777231382382062463420879794284701347351074218750000000, 2.419053120146227531250815445673651993274688720703125000000000, 5.271730223869759868193796137347817420959472656250000000000000
 0.000464459905995975744306264454408506026084069162607192993164,-0.350899899880113774752743438511970452964305877685546875000000, 0.560514119209746031202712401864118874073028564453125000000000, 0.750128777231382271040160958364140242338180541992187500000000, 0.722539533443565917814055410417495295405387878417968750000000, 2.130137570279966308106622818741016089916229248046875000000000
 0.000464459905995975744306264454408506026084069162607192993164,-0.350899899880113719241592207254143431782722473144531250000000, 0.560514119209745809158107476832810789346694946289062500000000,-0.750128777231382382062463420879794284701347351074218750000000, 2.419053120146227531250815445673651993274688720703125000000000, 2.130137570279966308106622818741016089916229248046875000000000
 0.000464459905995975744306264454408506026084069162607192993164,-0.350899899880113774752743438511970452964305877685546875000000,-0.560514119209746031202712401864118874073028564453125000000000, 0.750128777231382271040160958364140242338180541992187500000000, 0.722539533443565917814055410417495295405387878417968750000000, 4.153047736899619479800094268284738063812255859375000000000000
 0.000464459905995975744306264454408506026084069162607192993164,-0.350899899880113719241592207254143431782722473144531250000000,-0.560514119209745809158107476832810789346694946289062500000000,-0.750128777231382382062463420879794284701347351074218750000000, 2.419053120146227531250815445673651993274688720703125000000000, 4.153047736899619479800094268284738063812255859375000000000000
 0.000464459905995975744306264454408506026084069162607192993164, 0.350899899880113719241592207254143431782722473144531250000000, 0.750128777231382382062463420879794284701347351074218750000000, 0.560514119209746031202712401864118874073028564453125000000000, 0.975789848822926630944607495621312409639358520507812500000000, 1.133250226085546596976882938179187476634979248046875000000000
 0.000464459905995975744306264454408506026084069162607192993164, 0.350899899880113719241592207254143431782722473144531250000000, 0.750128777231382271040160958364140242338180541992187500000000,-0.560514119209746031202712401864118874073028564453125000000000, 2.165802804766866707097960897954180836677551269531250000000000, 1.133250226085546596976882938179187476634979248046875000000000
 0.000464459905995975744306264454408506026084069162607192993164, 0.350899899880113719241592207254143431782722473144531250000000,-0.750128777231382382062463420879794284701347351074218750000000, 0.560514119209746031202712401864118874073028564453125000000000, 0.975789848822926630944607495621312409639358520507812500000000, 5.149935081094039190929834148846566677093505859375000000000000
 0.000464459905995975744306264454408506026084069162607192993164, 0.350899899880113719241592207254143431782722473144531250000000,-0.750128777231382271040160958364140242338180541992187500000000,-0.560514119209746031202712401864118874073028564453125000000000, 2.165802804766866707097960897954180836677551269531250000000000, 5.149935081094039190929834148846566677093505859375000000000000
 0.000464459905995975744306264454408506026084069162607192993164,-0.350899899880113719241592207254143431782722473144531250000000, 0.750128777231382382062463420879794284701347351074218750000000, 0.560514119209746031202712401864118874073028564453125000000000, 0.975789848822926630944607495621312409639358520507812500000000, 2.008342427504246519021080530364997684955596923828125000000000
 0.000464459905995975744306264454408506026084069162607192993164,-0.350899899880113719241592207254143431782722473144531250000000, 0.750128777231382271040160958364140242338180541992187500000000,-0.560514119209746031202712401864118874073028564453125000000000, 2.165802804766866707097960897954180836677551269531250000000000, 2.008342427504246519021080530364997684955596923828125000000000
 0.000464459905995975744306264454408506026084069162607192993164,-0.350899899880113719241592207254143431782722473144531250000000,-0.750128777231382382062463420879794284701347351074218750000000, 0.560514119209746031202712401864118874073028564453125000000000, 0.975789848822926630944607495621312409639358520507812500000000, 4.274842879675340157064056256785988807678222656250000000000000
 0.000464459905995975744306264454408506026084069162607192993164,-0.350899899880113719241592207254143431782722473144531250000000,-0.750128777231382271040160958364140242338180541992187500000000,-0.560514119209746031202712401864118874073028564453125000000000, 2.165802804766866707097960897954180836677551269531250000000000, 4.274842879675340157064056256785988807678222656250000000000000
 0.000464459905995975744306264454408506026084069162607192993164, 0.750128777231382382062463420879794284701347351074218750000000, 0.560514119209746031202712401864118874073028564453125000000000, 0.350899899880113608219289744738489389419555664062500000000000, 1.212264388489509014945610942959319800138473510742187500000000, 0.641722009299925955083665485290111973881721496582031250000000
 0.000464459905995975744306264454408506026084069162607192993164, 0.750128777231382271040160958364140242338180541992187500000000, 0.560514119209746031202712401864118874073028564453125000000000,-0.350899899880113774752743438511970452964305877685546875000000, 1.929328265100284323096957450616173446178436279296875000000000, 0.641722009299925955083665485290111973881721496582031250000000
 0.000464459905995975744306264454408506026084069162607192993164, 0.750128777231382382062463420879794284701347351074218750000000,-0.560514119209746031202712401864118874073028564453125000000000, 0.350899899880113608219289744738489389419555664062500000000000, 1.212264388489509014945610942959319800138473510742187500000000, 5.641463297879660387934563914313912391662597656250000000000000
 0.000464459905995975744306264454408506026084069162607192993164, 0.750128777231382271040160958364140242338180541992187500000000,-0.560514119209746031202712401864118874073028564453125000000000,-0.350899899880113774752743438511970452964305877685546875000000, 1.929328265100284323096957450616173446178436279296875000000000, 5.641463297879660387934563914313912391662597656250000000000000
 0.000464459905995975744306264454408506026084069162607192993164,-0.750128777231382271040160958364140242338180541992187500000000, 0.560514119209746142225014864379772916436195373535156250000000, 0.350899899880113608219289744738489389419555664062500000000000, 1.212264388489509014945610942959319800138473510742187500000000, 2.499870644289867271936600445769727230072021484375000000000000
 0.000464459905995975744306264454408506026084069162607192993164,-0.750128777231382160017858495848486199975013732910156250000000, 0.560514119209746142225014864379772916436195373535156250000000,-0.350899899880113774752743438511970452964305877685546875000000, 1.929328265100284323096957450616173446178436279296875000000000, 2.499870644289867271936600445769727230072021484375000000000000
 0.000464459905995975744306264454408506026084069162607192993164,-0.750128777231382271040160958364140242338180541992187500000000,-0.560514119209746142225014864379772916436195373535156250000000, 0.350899899880113608219289744738489389419555664062500000000000, 1.212264388489509014945610942959319800138473510742187500000000, 3.783314662889718960059326491318643093109130859375000000000000
 0.000464459905995975744306264454408506026084069162607192993164,-0.750128777231382160017858495848486199975013732910156250000000,-0.560514119209746142225014864379772916436195373535156250000000,-0.350899899880113774752743438511970452964305877685546875000000, 1.929328265100284323096957450616173446178436279296875000000000, 3.783314662889718960059326491318643093109130859375000000000000
 0.000464459905995975744306264454408506026084069162607192993164, 0.750128777231382382062463420879794284701347351074218750000000, 0.350899899880113719241592207254143431782722473144531250000000, 0.560514119209746031202712401864118874073028564453125000000000, 0.975789848822926630944607495621312409639358520507812500000000, 0.437546100709349961022098796092905104160308837890625000000000
 0.000464459905995975744306264454408506026084069162607192993164, 0.750128777231382271040160958364140242338180541992187500000000, 0.350899899880113608219289744738489389419555664062500000000000,-0.560514119209746031202712401864118874073028564453125000000000, 2.165802804766866707097960897954180836677551269531250000000000, 0.437546100709349849999796333577251061797142028808593750000000
 0.000464459905995975744306264454408506026084069162607192993164, 0.750128777231382382062463420879794284701347351074218750000000,-0.350899899880113719241592207254143431782722473144531250000000, 0.560514119209746031202712401864118874073028564453125000000000, 0.975789848822926630944607495621312409639358520507812500000000, 5.845639206470236715063037991058081388473510742187500000000000
 0.000464459905995975744306264454408506026084069162607192993164, 0.750128777231382271040160958364140242338180541992187500000000,-0.350899899880113608219289744738489389419555664062500000000000,-0.560514119209746031202712401864118874073028564453125000000000, 2.165802804766866707097960897954180836677551269531250000000000, 5.845639206470236715063037991058081388473510742187500000000000
 0.000464459905995975744306264454408506026084069162607192993164,-0.750128777231382382062463420879794284701347351074218750000000, 0.350899899880113719241592207254143431782722473144531250000000, 0.560514119209746031202712401864118874073028564453125000000000, 0.975789848822926630944607495621312409639358520507812500000000, 2.704046552880443154975864672451280057430267333984375000000000
 0.000464459905995975744306264454408506026084069162607192993164,-0.750128777231382271040160958364140242338180541992187500000000, 0.350899899880113719241592207254143431782722473144531250000000,-0.560514119209746031202712401864118874073028564453125000000000, 2.165802804766866707097960897954180836677551269531250000000000, 2.704046552880443154975864672451280057430267333984375000000000
 0.000464459905995975744306264454408506026084069162607192993164,-0.750128777231382382062463420879794284701347351074218750000000,-0.350899899880113719241592207254143431782722473144531250000000, 0.560514119209746031202712401864118874073028564453125000000000, 0.975789848822926630944607495621312409639358520507812500000000, 3.579138754299143077020062264637090265750885009765625000000000
 0.000464459905995975744306264454408506026084069162607192993164,-0.750128777231382271040160958364140242338180541992187500000000,-0.350899899880113719241592207254143431782722473144531250000000,-0.560514119209746031202712401864118874073028564453125000000000, 2.165802804766866707097960897954180836677551269531250000000000, 3.579138754299143077020062264637090265750885009765625000000000
 0.000466727445570975683301201408781366808398161083459854125977, 0.600476331935251184113155886734602972865104675292968750000000, 0.392916087616693110451393522453145124018192291259765625000000, 0.696451809443824343404116916644852608442306518554687500000000, 0.800355271173701643405706818157341331243515014648437500000000, 0.579420611074661917605510552675696089863777160644531250000000
 0.000466727445570975683301201408781366808398161083459854125977, 0.600476331935251184113155886734602972865104675292968750000000, 0.392916087616693110451393522453145124018192291259765625000000,-0.696451809443824343404116916644852608442306518554687500000000, 2.341237382416091694636861575418151915073394775390625000000000, 0.579420611074661917605510552675696089863777160644531250000000
 0.000466727445570975683301201408781366808398161083459854125977, 0.600476331935251184113155886734602972865104675292968750000000,-0.392916087616693110451393522453145124018192291259765625000000, 0.696451809443824343404116916644852608442306518554687500000000, 0.800355271173701643405706818157341331243515014648437500000000, 5.703764696104924425412718846928328275680541992187500000000000
 0.000466727445570975683301201408781366808398161083459854125977, 0.600476331935251184113155886734602972865104675292968750000000,-0.392916087616693110451393522453145124018192291259765625000000,-0.696451809443824343404116916644852608442306518554687500000000, 2.341237382416091694636861575418151915073394775390625000000000, 5.703764696104924425412718846928328275680541992187500000000000
 0.000466727445570975683301201408781366808398161083459854125977,-0.600476331935251295135458349250257015228271484375000000000000, 0.392916087616692999429091059937491081655025482177734375000000, 0.696451809443824343404116916644852608442306518554687500000000, 0.800355271173701643405706818157341331243515014648437500000000, 2.562172042515131753503965228446759283542633056640625000000000
 0.000466727445570975683301201408781366808398161083459854125977,-0.600476331935251295135458349250257015228271484375000000000000, 0.392916087616692999429091059937491081655025482177734375000000,-0.696451809443824343404116916644852608442306518554687500000000, 2.341237382416091694636861575418151915073394775390625000000000, 2.562172042515131753503965228446759283542633056640625000000000
 0.000466727445570975683301201408781366808398161083459854125977,-0.600476331935251295135458349250257015228271484375000000000000,-0.392916087616692999429091059937491081655025482177734375000000, 0.696451809443824343404116916644852608442306518554687500000000, 0.800355271173701643405706818157341331243515014648437500000000, 3.721013264664454478491961708641611039638519287109375000000000
 0.000466727445570975683301201408781366808398161083459854125977,-0.600476331935251295135458349250257015228271484375000000000000,-0.392916087616692999429091059937491081655025482177734375000000,-0.696451809443824343404116916644852608442306518554687500000000, 2.341237382416091694636861575418151915073394775390625000000000, 3.721013264664454478491961708641611039638519287109375000000000
 0.000466727445570975683301201408781366808398161083459854125977, 0.600476331935251184113155886734602972865104675292968750000000, 0.696451809443824565448721841676160693168640136718750000000000, 0.392916087616693110451393522453145124018192291259765625000000, 1.166995746579464254821800750505644828081130981445312500000000, 0.859265674194305661970361143175978213548660278320312500000000
 0.000466727445570975683301201408781366808398161083459854125977, 0.600476331935251073090853424218948930501937866210937500000000, 0.696451809443824565448721841676160693168640136718750000000000,-0.392916087616693276984847216226626187562942504882812500000000, 1.974596907010329305265372568101156502962112426757812500000000, 0.859265674194305772992663605691632255911827087402343750000000
 0.000466727445570975683301201408781366808398161083459854125977, 0.600476331935251184113155886734602972865104675292968750000000,-0.696451809443824565448721841676160693168640136718750000000000, 0.392916087616693110451393522453145124018192291259765625000000, 1.166995746579464254821800750505644828081130981445312500000000, 5.423919632985280792070170718943700194358825683593750000000000
 0.000466727445570975683301201408781366808398161083459854125977, 0.600476331935251073090853424218948930501937866210937500000000,-0.696451809443824565448721841676160693168640136718750000000000,-0.392916087616693276984847216226626187562942504882812500000000, 1.974596907010329305265372568101156502962112426757812500000000, 5.423919632985280792070170718943700194358825683593750000000000
 0.000466727445570975683301201408781366808398161083459854125977,-0.600476331935251406157760811765911057591438293457031250000000, 0.696451809443824454426419379160506650805473327636718750000000, 0.392916087616693110451393522453145124018192291259765625000000, 1.166995746579464254821800750505644828081130981445312500000000, 2.282326979395487676072207250399515032768249511718750000000000
 0.000466727445570975683301201408781366808398161083459854125977,-0.600476331935251295135458349250257015228271484375000000000000, 0.696451809443824343404116916644852608442306518554687500000000,-0.392916087616693276984847216226626187562942504882812500000000, 1.974596907010329305265372568101156502962112426757812500000000, 2.282326979395487676072207250399515032768249511718750000000000
 0.000466727445570975683301201408781366808398161083459854125977,-0.600476331935251406157760811765911057591438293457031250000000,-0.696451809443824454426419379160506650805473327636718750000000, 0.392916087616693110451393522453145124018192291259765625000000, 1.166995746579464254821800750505644828081130981445312500000000, 4.000858327784098555923719686688855290412902832031250000000000
 0.000466727445570975683301201408781366808398161083459854125977,-0.600476331935251295135458349250257015228271484375000000000000,-0.696451809443824343404116916644852608442306518554687500000000,-0.392916087616693276984847216226626187562942504882812500000000, 1.974596907010329305265372568101156502962112426757812500000000, 4.000858327784098555923719686688855290412902832031250000000000
 0.000466727445570975683301201408781366808398161083459854125977, 0.392916087616693110451393522453145124018192291259765625000000, 0.600476331935251295135458349250257015228271484375000000000000, 0.696451809443824343404116916644852608442306518554687500000000, 0.800355271173701754428009280672995373606681823730468750000000, 0.991375715720234751415773644112050533294677734375000000000000
 0.000466727445570975683301201408781366808398161083459854125977, 0.392916087616693110451393522453145124018192291259765625000000, 0.600476331935251295135458349250257015228271484375000000000000,-0.696451809443824343404116916644852608442306518554687500000000, 2.341237382416091250547651725355535745620727539062500000000000, 0.991375715720234751415773644112050533294677734375000000000000
 0.000466727445570975683301201408781366808398161083459854125977, 0.392916087616693110451393522453145124018192291259765625000000,-0.600476331935251295135458349250257015228271484375000000000000, 0.696451809443824343404116916644852608442306518554687500000000, 0.800355271173701754428009280672995373606681823730468750000000, 5.291809591459351480580153292976319789886474609375000000000000
 0.000466727445570975683301201408781366808398161083459854125977, 0.392916087616693110451393522453145124018192291259765625000000,-0.600476331935251295135458349250257015228271484375000000000000,-0.696451809443824343404116916644852608442306518554687500000000, 2.341237382416091250547651725355535745620727539062500000000000, 5.291809591459351480580153292976319789886474609375000000000000
 0.000466727445570975683301201408781366808398161083459854125977,-0.392916087616692999429091059937491081655025482177734375000000, 0.600476331935251295135458349250257015228271484375000000000000, 0.696451809443824343404116916644852608442306518554687500000000, 0.800355271173701643405706818157341331243515014648437500000000, 2.150216937869558364582189824432134628295898437500000000000000
 0.000466727445570975683301201408781366808398161083459854125977,-0.392916087616692999429091059937491081655025482177734375000000, 0.600476331935251295135458349250257015228271484375000000000000,-0.696451809443824343404116916644852608442306518554687500000000, 2.341237382416091694636861575418151915073394775390625000000000, 2.150216937869558364582189824432134628295898437500000000000000
 0.000466727445570975683301201408781366808398161083459854125977,-0.392916087616692999429091059937491081655025482177734375000000,-0.600476331935251295135458349250257015228271484375000000000000, 0.696451809443824343404116916644852608442306518554687500000000, 0.800355271173701643405706818157341331243515014648437500000000, 4.132968369310027867413737112656235694885253906250000000000000
 0.000466727445570975683301201408781366808398161083459854125977,-0.392916087616692999429091059937491081655025482177734375000000,-0.600476331935251295135458349250257015228271484375000000000000,-0.696451809443824343404116916644852608442306518554687500000000, 2.341237382416091694636861575418151915073394775390625000000000, 4.132968369310027867413737112656235694885253906250000000000000
 0.000466727445570975683301201408781366808398161083459854125977, 0.392916087616692999429091059937491081655025482177734375000000, 0.696451809443824454426419379160506650805473327636718750000000, 0.600476331935251184113155886734602972865104675292968750000000, 0.926699670043333534330542988755041733384132385253906250000000, 1.057140396904753032458756933920085430145263671875000000000000
 0.000466727445570975683301201408781366808398161083459854125977, 0.392916087616692888406788597421837039291858673095703125000000, 0.696451809443824343404116916644852608442306518554687500000000,-0.600476331935251406157760811765911057591438293457031250000000, 2.214892983546460136778932792367413640022277832031250000000000, 1.057140396904753032458756933920085430145263671875000000000000
 0.000466727445570975683301201408781366808398161083459854125977, 0.392916087616692999429091059937491081655025482177734375000000,-0.696451809443824454426419379160506650805473327636718750000000, 0.600476331935251184113155886734602972865104675292968750000000, 0.926699670043333534330542988755041733384132385253906250000000, 5.226044910274833199537170003168284893035888671875000000000000
 0.000466727445570975683301201408781366808398161083459854125977, 0.392916087616692888406788597421837039291858673095703125000000,-0.696451809443824343404116916644852608442306518554687500000000,-0.600476331935251406157760811765911057591438293457031250000000, 2.214892983546460136778932792367413640022277832031250000000000, 5.226044910274833199537170003168284893035888671875000000000000
 0.000466727445570975683301201408781366808398161083459854125977,-0.392916087616692999429091059937491081655025482177734375000000, 0.696451809443824454426419379160506650805473327636718750000000, 0.600476331935251184113155886734602972865104675292968750000000, 0.926699670043333534330542988755041733384132385253906250000000, 2.084452256685040083539206534624099731445312500000000000000000
 0.000466727445570975683301201408781366808398161083459854125977,-0.392916087616692888406788597421837039291858673095703125000000, 0.696451809443824343404116916644852608442306518554687500000000,-0.600476331935251406157760811765911057591438293457031250000000, 2.214892983546460136778932792367413640022277832031250000000000, 2.084452256685040083539206534624099731445312500000000000000000
 0.000466727445570975683301201408781366808398161083459854125977,-0.392916087616692999429091059937491081655025482177734375000000,-0.696451809443824454426419379160506650805473327636718750000000, 0.600476331935251184113155886734602972865104675292968750000000, 0.926699670043333534330542988755041733384132385253906250000000, 4.198733050494546148456720402464270591735839843750000000000000
 0.000466727445570975683301201408781366808398161083459854125977,-0.392916087616692888406788597421837039291858673095703125000000,-0.696451809443824343404116916644852608442306518554687500000000,-0.600476331935251406157760811765911057591438293457031250000000, 2.214892983546460136778932792367413640022277832031250000000000, 4.198733050494546148456720402464270591735839843750000000000000
 0.000466727445570975683301201408781366808398161083459854125977, 0.696451809443824454426419379160506650805473327636718750000000, 0.600476331935251406157760811765911057591438293457031250000000, 0.392916087616693110451393522453145124018192291259765625000000, 1.166995746579464254821800750505644828081130981445312500000000, 0.711530652600591229095527978643076494336128234863281250000000
 0.000466727445570975683301201408781366808398161083459854125977, 0.696451809443824343404116916644852608442306518554687500000000, 0.600476331935251295135458349250257015228271484375000000000000,-0.392916087616693276984847216226626187562942504882812500000000, 1.974596907010329305265372568101156502962112426757812500000000, 0.711530652600591229095527978643076494336128234863281250000000
 0.000466727445570975683301201408781366808398161083459854125977, 0.696451809443824454426419379160506650805473327636718750000000,-0.600476331935251406157760811765911057591438293457031250000000, 0.392916087616693110451393522453145124018192291259765625000000, 1.166995746579464254821800750505644828081130981445312500000000, 5.571654654578995113922701420960947871208190917968750000000000
 0.000466727445570975683301201408781366808398161083459854125977, 0.696451809443824343404116916644852608442306518554687500000000,-0.600476331935251295135458349250257015228271484375000000000000,-0.392916087616693276984847216226626187562942504882812500000000, 1.974596907010329305265372568101156502962112426757812500000000, 5.571654654578995113922701420960947871208190917968750000000000
 0.000466727445570975683301201408781366808398161083459854125977,-0.696451809443824454426419379160506650805473327636718750000000, 0.600476331935251406157760811765911057591438293457031250000000, 0.392916087616693110451393522453145124018192291259765625000000, 1.166995746579464254821800750505644828081130981445312500000000, 2.430062000989201997924737952416762709617614746093750000000000
 0.000466727445570975683301201408781366808398161083459854125977,-0.696451809443824343404116916644852608442306518554687500000000, 0.600476331935251295135458349250257015228271484375000000000000,-0.392916087616693276984847216226626187562942504882812500000000, 1.974596907010329305265372568101156502962112426757812500000000, 2.430062000989201997924737952416762709617614746093750000000000
 0.000466727445570975683301201408781366808398161083459854125977,-0.696451809443824454426419379160506650805473327636718750000000,-0.600476331935251406157760811765911057591438293457031250000000, 0.392916087616693110451393522453145124018192291259765625000000, 1.166995746579464254821800750505644828081130981445312500000000, 3.853123306190384234071188984671607613563537597656250000000000
 0.000466727445570975683301201408781366808398161083459854125977,-0.696451809443824343404116916644852608442306518554687500000000,-0.600476331935251295135458349250257015228271484375000000000000,-0.392916087616693276984847216226626187562942504882812500000000, 1.974596907010329305265372568101156502962112426757812500000000, 3.853123306190384234071188984671607613563537597656250000000000
 0.000466727445570975683301201408781366808398161083459854125977, 0.696451809443824454426419379160506650805473327636718750000000, 0.392916087616693110451393522453145124018192291259765625000000, 0.600476331935251184113155886734602972865104675292968750000000, 0.926699670043333645352845451270695775747299194335937500000000, 0.513655929890143747584829725383315235376358032226562500000000
 0.000466727445570975683301201408781366808398161083459854125977, 0.696451809443824343404116916644852608442306518554687500000000, 0.392916087616692999429091059937491081655025482177734375000000,-0.600476331935251406157760811765911057591438293457031250000000, 2.214892983546459692689722942304797470569610595703125000000000, 0.513655929890143636562527262867661193013191223144531250000000
 0.000466727445570975683301201408781366808398161083459854125977, 0.696451809443824454426419379160506650805473327636718750000000,-0.392916087616693110451393522453145124018192291259765625000000, 0.600476331935251184113155886734602972865104675292968750000000, 0.926699670043333645352845451270695775747299194335937500000000, 5.769529377289442706455702136736363172531127929687500000000000
 0.000466727445570975683301201408781366808398161083459854125977, 0.696451809443824343404116916644852608442306518554687500000000,-0.392916087616692999429091059937491081655025482177734375000000,-0.600476331935251406157760811765911057591438293457031250000000, 2.214892983546459692689722942304797470569610595703125000000000, 5.769529377289442706455702136736363172531127929687500000000000
 0.000466727445570975683301201408781366808398161083459854125977,-0.696451809443824343404116916644852608442306518554687500000000, 0.392916087616693110451393522453145124018192291259765625000000, 0.600476331935251184113155886734602972865104675292968750000000, 0.926699670043333534330542988755041733384132385253906250000000, 2.627936723699649590457738668192178010940551757812500000000000
 0.000466727445570975683301201408781366808398161083459854125977,-0.696451809443824343404116916644852608442306518554687500000000, 0.392916087616693110451393522453145124018192291259765625000000,-0.600476331935251406157760811765911057591438293457031250000000, 2.214892983546459692689722942304797470569610595703125000000000, 2.627936723699649590457738668192178010940551757812500000000000
 0.000466727445570975683301201408781366808398161083459854125977,-0.696451809443824343404116916644852608442306518554687500000000,-0.392916087616693110451393522453145124018192291259765625000000, 0.600476331935251184113155886734602972865104675292968750000000, 0.926699670043333534330542988755041733384132385253906250000000, 3.655248583479936641538188268896192312240600585937500000000000
 0.000466727445570975683301201408781366808398161083459854125977,-0.696451809443824343404116916644852608442306518554687500000000,-0.392916087616693110451393522453145124018192291259765625000000,-0.600476331935251406157760811765911057591438293457031250000000, 2.214892983546459692689722942304797470569610595703125000000000, 3.655248583479936641538188268896192312240600585937500000000000
 0.000406936051801978771174511662067629913508426398038864135742, 0.335284263494694811935659117807517759501934051513671875000000, 0.042025634572879999595329536532517522573471069335937500000000, 0.941179211782520619422598429082427173852920532226562500000000, 0.344693067635514049928957547308527864515781402587890625000000, 0.124692994451435695824059735059563536196947097778320312500000
 0.000406936051801978771174511662067629913508426398038864135742, 0.335284263494694978469112811580998823046684265136718750000000, 0.042025634572879999595329536532517522573471069335937500000000,-0.941179211782520619422598429082427173852920532226562500000000, 2.796899585954278677490947302430868148803710937500000000000000, 0.124692994451435640312908503801736515015363693237304687500000
 0.000406936051801978771174511662067629913508426398038864135742, 0.335284263494694811935659117807517759501934051513671875000000,-0.042025634572879999595329536532517522573471069335937500000000, 0.941179211782520619422598429082427173852920532226562500000000, 0.344693067635514049928957547308527864515781402587890625000000, 6.158492312728150785972047742689028382301330566406250000000000
 0.000406936051801978771174511662067629913508426398038864135742, 0.335284263494694978469112811580998823046684265136718750000000,-0.042025634572879999595329536532517522573471069335937500000000,-0.941179211782520619422598429082427173852920532226562500000000, 2.796899585954278677490947302430868148803710937500000000000000, 6.158492312728150785972047742689028382301330566406250000000000
 0.000406936051801978771174511662067629913508426398038864135742,-0.335284263494694811935659117807517759501934051513671875000000, 0.042025634572879999595329536532517522573471069335937500000000, 0.941179211782520619422598429082427173852920532226562500000000, 0.344693067635514049928957547308527864515781402587890625000000, 3.016899659138357669974084274144843220710754394531250000000000
 0.000406936051801978771174511662067629913508426398038864135742,-0.335284263494694978469112811580998823046684265136718750000000, 0.042025634572879999595329536532517522573471069335937500000000,-0.941179211782520619422598429082427173852920532226562500000000, 2.796899585954278677490947302430868148803710937500000000000000, 3.016899659138357669974084274144843220710754394531250000000000
 0.000406936051801978771174511662067629913508426398038864135742,-0.335284263494694811935659117807517759501934051513671875000000,-0.042025634572879999595329536532517522573471069335937500000000, 0.941179211782520619422598429082427173852920532226562500000000, 0.344693067635514049928957547308527864515781402587890625000000, 3.266285648041228562021842662943527102470397949218750000000000
 0.000406936051801978771174511662067629913508426398038864135742,-0.335284263494694978469112811580998823046684265136718750000000,-0.042025634572879999595329536532517522573471069335937500000000,-0.941179211782520619422598429082427173852920532226562500000000, 2.796899585954278677490947302430868148803710937500000000000000, 3.266285648041228562021842662943527102470397949218750000000000
 0.000406936051801978771174511662067629913508426398038864135742, 0.335284263494694811935659117807517759501934051513671875000000, 0.941179211782520619422598429082427173852920532226562500000000, 0.042025634572880297967767404543337761424481868743896484375000, 1.528758311756380550150424824096262454986572265625000000000000, 1.228574677047046925792983529390767216682434082031250000000000
 0.000406936051801978771174511662067629913508426398038864135742, 0.335284263494694811935659117807517759501934051513671875000000, 0.941179211782520619422598429082427173852920532226562500000000,-0.042025634572880297967767404543337761424481868743896484375000, 1.612834341833412787892143569479230791330337524414062500000000, 1.228574677047046925792983529390767216682434082031250000000000
 0.000406936051801978771174511662067629913508426398038864135742, 0.335284263494694811935659117807517759501934051513671875000000,-0.941179211782520619422598429082427173852920532226562500000000, 0.042025634572880297967767404543337761424481868743896484375000, 1.528758311756380550150424824096262454986572265625000000000000, 5.054610630132539306202943407697603106498718261718750000000000
 0.000406936051801978771174511662067629913508426398038864135742, 0.335284263494694811935659117807517759501934051513671875000000,-0.941179211782520619422598429082427173852920532226562500000000,-0.042025634572880297967767404543337761424481868743896484375000, 1.612834341833412787892143569479230791330337524414062500000000, 5.054610630132539306202943407697603106498718261718750000000000
 0.000406936051801978771174511662067629913508426398038864135742,-0.335284263494694978469112811580998823046684265136718750000000, 0.941179211782520508400295966566773131489753723144531250000000, 0.042025634572880297967767404543337761424481868743896484375000, 1.528758311756380550150424824096262454986572265625000000000000, 1.913017976542746634294189789216034114360809326171875000000000
 0.000406936051801978771174511662067629913508426398038864135742,-0.335284263494694978469112811580998823046684265136718750000000, 0.941179211782520508400295966566773131489753723144531250000000,-0.042025634572880297967767404543337761424481868743896484375000, 1.612834341833412787892143569479230791330337524414062500000000, 1.913017976542746634294189789216034114360809326171875000000000
 0.000406936051801978771174511662067629913508426398038864135742,-0.335284263494694978469112811580998823046684265136718750000000,-0.941179211782520508400295966566773131489753723144531250000000, 0.042025634572880297967767404543337761424481868743896484375000, 1.528758311756380550150424824096262454986572265625000000000000, 4.370167330636839153612527297809720039367675781250000000000000
 0.000406936051801978771174511662067629913508426398038864135742,-0.335284263494694978469112811580998823046684265136718750000000,-0.941179211782520508400295966566773131489753723144531250000000,-0.042025634572880297967767404543337761424481868743896484375000, 1.612834341833412787892143569479230791330337524414062500000000, 4.370167330636839153612527297809720039367675781250000000000000
 0.000406936051801978771174511662067629913508426398038864135742, 0.042025634572880096739844191233714809641242027282714843750000, 0.335284263494694811935659117807517759501934051513671875000000, 0.941179211782520619422598429082427173852920532226562500000000, 0.344693067635514049928957547308527864515781402587890625000000, 1.446103332343460667885892689810134470462799072265625000000000
 0.000406936051801978771174511662067629913508426398038864135742, 0.042025634572880200823252749842140474356710910797119140625000, 0.335284263494694978469112811580998823046684265136718750000000,-0.941179211782520619422598429082427173852920532226562500000000, 2.796899585954278677490947302430868148803710937500000000000000, 1.446103332343460445841287764778826385736465454101562500000000
 0.000406936051801978771174511662067629913508426398038864135742, 0.042025634572880096739844191233714809641242027282714843750000,-0.335284263494694811935659117807517759501934051513671875000000, 0.941179211782520619422598429082427173852920532226562500000000, 0.344693067635514049928957547308527864515781402587890625000000, 4.837081974836126008199244097340852022171020507812500000000000
 0.000406936051801978771174511662067629913508426398038864135742, 0.042025634572880200823252749842140474356710910797119140625000,-0.335284263494694978469112811580998823046684265136718750000000,-0.941179211782520619422598429082427173852920532226562500000000, 2.796899585954278677490947302430868148803710937500000000000000, 4.837081974836126008199244097340852022171020507812500000000000
 0.000406936051801978771174511662067629913508426398038864135742,-0.042025634572880200823252749842140474356710910797119140625000, 0.335284263494694811935659117807517759501934051513671875000000, 0.941179211782520619422598429082427173852920532226562500000000, 0.344693067635514382995864934855489991605281829833984375000000, 1.695489321246332892201280628796666860580444335937500000000000
 0.000406936051801978771174511662067629913508426398038864135742,-0.042025634572880200823252749842140474356710910797119140625000, 0.335284263494694922957961580323171801865100860595703125000000,-0.941179211782520619422598429082427173852920532226562500000000, 2.796899585954278677490947302430868148803710937500000000000000, 1.695489321246332892201280628796666860580444335937500000000000
 0.000406936051801978771174511662067629913508426398038864135742,-0.042025634572880200823252749842140474356710910797119140625000,-0.335284263494694811935659117807517759501934051513671875000000, 0.941179211782520619422598429082427173852920532226562500000000, 0.344693067635514382995864934855489991605281829833984375000000, 4.587695985933253339794646308291703462600708007812500000000000
 0.000406936051801978771174511662067629913508426398038864135742,-0.042025634572880200823252749842140474356710910797119140625000,-0.335284263494694922957961580323171801865100860595703125000000,-0.941179211782520619422598429082427173852920532226562500000000, 2.796899585954278677490947302430868148803710937500000000000000, 4.587695985933253339794646308291703462600708007812500000000000
 0.000406936051801978771174511662067629913508426398038864135742, 0.042025634572880096739844191233714809641242027282714843750000, 0.941179211782520619422598429082427173852920532226562500000000, 0.335284263494694922957961580323171801865100860595703125000000, 1.228889384448069721500473860942292958498001098632812500000000, 1.526173860609203236649022983328904956579208374023437500000000
 0.000406936051801978771174511662067629913508426398038864135742, 0.042025634572880096739844191233714809641242027282714843750000, 0.941179211782520508400295966566773131489753723144531250000000,-0.335284263494695089491415274096652865409851074218750000000000, 1.912703269141723616542094532633200287818908691406250000000000, 1.526173860609203236649022983328904956579208374023437500000000
 0.000406936051801978771174511662067629913508426398038864135742, 0.042025634572880096739844191233714809641242027282714843750000,-0.941179211782520619422598429082427173852920532226562500000000, 0.335284263494694922957961580323171801865100860595703125000000, 1.228889384448069721500473860942292958498001098632812500000000, 4.757011446570382773302299028728157281875610351562500000000000
 0.000406936051801978771174511662067629913508426398038864135742, 0.042025634572880096739844191233714809641242027282714843750000,-0.941179211782520508400295966566773131489753723144531250000000,-0.335284263494695089491415274096652865409851074218750000000000, 1.912703269141723616542094532633200287818908691406250000000000, 4.757011446570382773302299028728157281875610351562500000000000
 0.000406936051801978771174511662067629913508426398038864135742,-0.042025634572880297967767404543337761424481868743896484375000, 0.941179211782520619422598429082427173852920532226562500000000, 0.335284263494694922957961580323171801865100860595703125000000, 1.228889384448069721500473860942292958498001098632812500000000, 1.615418792980590101393545410246588289737701416015625000000000
 0.000406936051801978771174511662067629913508426398038864135742,-0.042025634572880297967767404543337761424481868743896484375000, 0.941179211782520508400295966566773131489753723144531250000000,-0.335284263494695089491415274096652865409851074218750000000000, 1.912703269141723616542094532633200287818908691406250000000000, 1.615418792980590101393545410246588289737701416015625000000000
 0.000406936051801978771174511662067629913508426398038864135742,-0.042025634572880297967767404543337761424481868743896484375000,-0.941179211782520619422598429082427173852920532226562500000000, 0.335284263494694922957961580323171801865100860595703125000000, 1.228889384448069721500473860942292958498001098632812500000000, 4.667766514198996574691591376904398202896118164062500000000000
 0.000406936051801978771174511662067629913508426398038864135742,-0.042025634572880297967767404543337761424481868743896484375000,-0.941179211782520508400295966566773131489753723144531250000000,-0.335284263494695089491415274096652865409851074218750000000000, 1.912703269141723616542094532633200287818908691406250000000000, 4.667766514198996574691591376904398202896118164062500000000000
 0.000406936051801978771174511662067629913508426398038864135742, 0.941179211782520619422598429082427173852920532226562500000000, 0.335284263494694922957961580323171801865100860595703125000000, 0.042025634572880297967767404543337761424481868743896484375000, 1.528758311756380550150424824096262454986572265625000000000000, 0.342221649747849854250603129912633448839187622070312500000000
 0.000406936051801978771174511662067629913508426398038864135742, 0.941179211782520619422598429082427173852920532226562500000000, 0.335284263494694922957961580323171801865100860595703125000000,-0.042025634572880297967767404543337761424481868743896484375000, 1.612834341833412787892143569479230791330337524414062500000000, 0.342221649747849854250603129912633448839187622070312500000000
 0.000406936051801978771174511662067629913508426398038864135742, 0.941179211782520619422598429082427173852920532226562500000000,-0.335284263494694922957961580323171801865100860595703125000000, 0.042025634572880297967767404543337761424481868743896484375000, 1.528758311756380550150424824096262454986572265625000000000000, 5.940963657431736599789928732207044959068298339843750000000000
 0.000406936051801978771174511662067629913508426398038864135742, 0.941179211782520619422598429082427173852920532226562500000000,-0.335284263494694922957961580323171801865100860595703125000000,-0.042025634572880297967767404543337761424481868743896484375000, 1.612834341833412787892143569479230791330337524414062500000000, 5.940963657431736599789928732207044959068298339843750000000000
 0.000406936051801978771174511662067629913508426398038864135742,-0.941179211782520730444900891598081216216087341308593750000000, 0.335284263494694478868751730260555632412433624267578125000000, 0.042025634572880297967767404543337761424481868743896484375000, 1.528758311756380550150424824096262454986572265625000000000000, 2.799371003841943927881175113725475966930389404296875000000000
 0.000406936051801978771174511662067629913508426398038864135742,-0.941179211782520730444900891598081216216087341308593750000000, 0.335284263494694478868751730260555632412433624267578125000000,-0.042025634572880297967767404543337761424481868743896484375000, 1.612834341833412787892143569479230791330337524414062500000000, 2.799371003841943927881175113725475966930389404296875000000000
 0.000406936051801978771174511662067629913508426398038864135742,-0.941179211782520730444900891598081216216087341308593750000000,-0.335284263494694478868751730260555632412433624267578125000000, 0.042025634572880297967767404543337761424481868743896484375000, 1.528758311756380550150424824096262454986572265625000000000000, 3.483814303337642304114751823362894356250762939453125000000000
 0.000406936051801978771174511662067629913508426398038864135742,-0.941179211782520730444900891598081216216087341308593750000000,-0.335284263494694478868751730260555632412433624267578125000000,-0.042025634572880297967767404543337761424481868743896484375000, 1.612834341833412787892143569479230791330337524414062500000000, 3.483814303337642304114751823362894356250762939453125000000000
 0.000406936051801978771174511662067629913508426398038864135742, 0.941179211782520619422598429082427173852920532226562500000000, 0.042025634572880901651537044472206616774201393127441406250000, 0.335284263494694922957961580323171801865100860595703125000000, 1.228889384448069721500473860942292958498001098632812500000000, 0.044622466185694154017227219810592941939830780029296875000000
 0.000406936051801978771174511662067629913508426398038864135742, 0.941179211782520508400295966566773131489753723144531250000000, 0.042025634572880901651537044472206616774201393127441406250000,-0.335284263494695089491415274096652865409851074218750000000000, 1.912703269141723616542094532633200287818908691406250000000000, 0.044622466185694160956121123717821319587528705596923828125000
 0.000406936051801978771174511662067629913508426398038864135742, 0.941179211782520619422598429082427173852920532226562500000000,-0.042025634572880901651537044472206616774201393127441406250000, 0.335284263494694922957961580323171801865100860595703125000000, 1.228889384448069721500473860942292958498001098632812500000000, 6.238562840993892244512153411051258444786071777343750000000000
 0.000406936051801978771174511662067629913508426398038864135742, 0.941179211782520508400295966566773131489753723144531250000000,-0.042025634572880901651537044472206616774201393127441406250000,-0.335284263494695089491415274096652865409851074218750000000000, 1.912703269141723616542094532633200287818908691406250000000000, 6.238562840993892244512153411051258444786071777343750000000000
 0.000406936051801978771174511662067629913508426398038864135742,-0.941179211782520619422598429082427173852920532226562500000000, 0.042025634572880797568128485863780952058732509613037109375000, 0.335284263494694922957961580323171801865100860595703125000000, 1.228889384448069721500473860942292958498001098632812500000000, 3.096970187404099128514189942507073283195495605468750000000000
 0.000406936051801978771174511662067629913508426398038864135742,-0.941179211782520508400295966566773131489753723144531250000000, 0.042025634572880797568128485863780952058732509613037109375000,-0.335284263494695089491415274096652865409851074218750000000000, 1.912703269141723616542094532633200287818908691406250000000000, 3.096970187404099128514189942507073283195495605468750000000000
 0.000406936051801978771174511662067629913508426398038864135742,-0.941179211782520619422598429082427173852920532226562500000000,-0.042025634572880797568128485863780952058732509613037109375000, 0.335284263494694922957961580323171801865100860595703125000000, 1.228889384448069721500473860942292958498001098632812500000000, 3.186215119775487103481736994581297039985656738281250000000000
 0.000406936051801978771174511662067629913508426398038864135742,-0.941179211782520508400295966566773131489753723144531250000000,-0.042025634572880797568128485863780952058732509613037109375000,-0.335284263494695089491415274096652865409851074218750000000000, 1.912703269141723616542094532633200287818908691406250000000000, 3.186215119775487103481736994581297039985656738281250000000000
 0.000426044281991977771568286259551427974656689912080764770508, 0.389197162981467115194789130327990278601646423339843750000000, 0.086143097588708597567297431396582396700978279113769531250000, 0.917117732390449247326102977240225300192832946777343750000000, 0.410007752951011605890840883148484863340854644775390625000000, 0.217823668146468807371718412468908354640007019042968750000000
 0.000426044281991977771568286259551427974656689912080764770508, 0.389197162981466782127881742781028151512145996093750000000000, 0.086143097588708500422782776695385109633207321166992187500000,-0.917117732390449358348405439755879342555999755859375000000000, 2.731584900638782009707483666716143488883972167968750000000000, 0.217823668146468751860567181211081333458423614501953125000000
 0.000426044281991977771568286259551427974656689912080764770508, 0.389197162981467115194789130327990278601646423339843750000000,-0.086143097588708597567297431396582396700978279113769531250000, 0.917117732390449247326102977240225300192832946777343750000000, 0.410007752951011605890840883148484863340854644775390625000000, 6.065361639033117313601906062103807926177978515625000000000000
 0.000426044281991977771568286259551427974656689912080764770508, 0.389197162981466782127881742781028151512145996093750000000000,-0.086143097588708500422782776695385109633207321166992187500000,-0.917117732390449358348405439755879342555999755859375000000000, 2.731584900638782009707483666716143488883972167968750000000000, 6.065361639033117313601906062103807926177978515625000000000000
 0.000426044281991977771568286259551427974656689912080764770508,-0.389197162981467115194789130327990278601646423339843750000000, 0.086143097588708500422782776695385109633207321166992187500000, 0.917117732390449247326102977240225300192832946777343750000000, 0.410007752951011605890840883148484863340854644775390625000000, 2.923768985443324641693152443622238934040069580078125000000000
 0.000426044281991977771568286259551427974656689912080764770508,-0.389197162981466782127881742781028151512145996093750000000000, 0.086143097588708403278268121994187822565436363220214843750000,-0.917117732390449358348405439755879342555999755859375000000000, 2.731584900638782009707483666716143488883972167968750000000000, 2.923768985443324641693152443622238934040069580078125000000000
 0.000426044281991977771568286259551427974656689912080764770508,-0.389197162981467115194789130327990278601646423339843750000000,-0.086143097588708500422782776695385109633207321166992187500000, 0.917117732390449247326102977240225300192832946777343750000000, 0.410007752951011605890840883148484863340854644775390625000000, 3.359416321736261590302774493466131389141082763671875000000000
 0.000426044281991977771568286259551427974656689912080764770508,-0.389197162981466782127881742781028151512145996093750000000000,-0.086143097588708403278268121994187822565436363220214843750000,-0.917117732390449358348405439755879342555999755859375000000000, 2.731584900638782009707483666716143488883972167968750000000000, 3.359416321736261590302774493466131389141082763671875000000000
 0.000426044281991977771568286259551427974656689912080764770508, 0.389197162981466893150184205296682193875312805175781250000000, 0.917117732390449358348405439755879342555999755859375000000000, 0.086143097588708403278268121994187822565436363220214843750000, 1.484546332472184149153804355592001229524612426757812500000000, 1.169459498355963855686923125176690518856048583984375000000000
 0.000426044281991977771568286259551427974656689912080764770508, 0.389197162981466893150184205296682193875312805175781250000000, 0.917117732390449247326102977240225300192832946777343750000000,-0.086143097588708694711812086097779683768749237060546875000000, 1.657046321117609188888764037983492016792297363281250000000000, 1.169459498355963855686923125176690518856048583984375000000000
 0.000426044281991977771568286259551427974656689912080764770508, 0.389197162981466893150184205296682193875312805175781250000000,-0.917117732390449358348405439755879342555999755859375000000000, 0.086143097588708403278268121994187822565436363220214843750000, 1.484546332472184149153804355592001229524612426757812500000000, 5.113725808823621932219793961849063634872436523437500000000000
 0.000426044281991977771568286259551427974656689912080764770508, 0.389197162981466893150184205296682193875312805175781250000000,-0.917117732390449247326102977240225300192832946777343750000000,-0.086143097588708694711812086097779683768749237060546875000000, 1.657046321117609188888764037983492016792297363281250000000000, 5.113725808823621932219793961849063634872436523437500000000000
 0.000426044281991977771568286259551427974656689912080764770508,-0.389197162981466893150184205296682193875312805175781250000000, 0.917117732390449358348405439755879342555999755859375000000000, 0.086143097588708403278268121994187822565436363220214843750000, 1.484546332472184149153804355592001229524612426757812500000000, 1.972133155233829482355645268398802727460861206054687500000000
 0.000426044281991977771568286259551427974656689912080764770508,-0.389197162981466893150184205296682193875312805175781250000000, 0.917117732390449247326102977240225300192832946777343750000000,-0.086143097588708694711812086097779683768749237060546875000000, 1.657046321117609188888764037983492016792297363281250000000000, 1.972133155233829482355645268398802727460861206054687500000000
 0.000426044281991977771568286259551427974656689912080764770508,-0.389197162981466893150184205296682193875312805175781250000000,-0.917117732390449358348405439755879342555999755859375000000000, 0.086143097588708403278268121994187822565436363220214843750000, 1.484546332472184149153804355592001229524612426757812500000000, 4.311052151945756527595676743658259510993957519531250000000000
 0.000426044281991977771568286259551427974656689912080764770508,-0.389197162981466893150184205296682193875312805175781250000000,-0.917117732390449247326102977240225300192832946777343750000000,-0.086143097588708694711812086097779683768749237060546875000000, 1.657046321117609188888764037983492016792297363281250000000000, 4.311052151945756527595676743658259510993957519531250000000000
 0.000426044281991977771568286259551427974656689912080764770508, 0.086143097588708500422782776695385109633207321166992187500000, 0.389197162981467115194789130327990278601646423339843750000000, 0.917117732390449247326102977240225300192832946777343750000000, 0.410007752951011605890840883148484863340854644775390625000000, 1.352972658648428083694170709350146353244781494140625000000000
 0.000426044281991977771568286259551427974656689912080764770508, 0.086143097588708403278268121994187822565436363220214843750000, 0.389197162981466782127881742781028151512145996093750000000000,-0.917117732390449358348405439755879342555999755859375000000000, 2.731584900638782009707483666716143488883972167968750000000000, 1.352972658648428083694170709350146353244781494140625000000000
 0.000426044281991977771568286259551427974656689912080764770508, 0.086143097588708500422782776695385109633207321166992187500000,-0.389197162981467115194789130327990278601646423339843750000000, 0.917117732390449247326102977240225300192832946777343750000000, 0.410007752951011605890840883148484863340854644775390625000000, 4.930212648531158592390966077800840139389038085937500000000000
 0.000426044281991977771568286259551427974656689912080764770508, 0.086143097588708403278268121994187822565436363220214843750000,-0.389197162981466782127881742781028151512145996093750000000000,-0.917117732390449358348405439755879342555999755859375000000000, 2.731584900638782009707483666716143488883972167968750000000000, 4.930212648531158592390966077800840139389038085937500000000000
 0.000426044281991977771568286259551427974656689912080764770508,-0.086143097588708597567297431396582396700978279113769531250000, 0.389197162981467115194789130327990278601646423339843750000000, 0.917117732390449247326102977240225300192832946777343750000000, 0.410007752951011605890840883148484863340854644775390625000000, 1.788619994941365476393002609256654977798461914062500000000000
 0.000426044281991977771568286259551427974656689912080764770508,-0.086143097588708500422782776695385109633207321166992187500000, 0.389197162981466782127881742781028151512145996093750000000000,-0.917117732390449358348405439755879342555999755859375000000000, 2.731584900638782009707483666716143488883972167968750000000000, 1.788619994941365476393002609256654977798461914062500000000000
 0.000426044281991977771568286259551427974656689912080764770508,-0.086143097588708597567297431396582396700978279113769531250000,-0.389197162981467115194789130327990278601646423339843750000000, 0.917117732390449247326102977240225300192832946777343750000000, 0.410007752951011605890840883148484863340854644775390625000000, 4.494565312238220755602924327831715345382690429687500000000000
 0.000426044281991977771568286259551427974656689912080764770508,-0.086143097588708500422782776695385109633207321166992187500000,-0.389197162981466782127881742781028151512145996093750000000000,-0.917117732390449358348405439755879342555999755859375000000000, 2.731584900638782009707483666716143488883972167968750000000000, 4.494565312238220755602924327831715345382690429687500000000000
 0.000426044281991977771568286259551427974656689912080764770508, 0.086143097588708500422782776695385109633207321166992187500000, 0.917117732390449136303800514724571257829666137695312500000000, 0.389197162981467115194789130327990278601646423339843750000000, 1.171036449983246185979623987805098295211791992187500000000000, 1.477143031048471444321990020398516207933425903320312500000000
 0.000426044281991977771568286259551427974656689912080764770508, 0.086143097588708500422782776695385109633207321166992187500000, 0.917117732390449136303800514724571257829666137695312500000000,-0.389197162981467115194789130327990278601646423339843750000000, 1.970556203606547152062944405770394951105117797851562500000000, 1.477143031048471444321990020398516207933425903320312500000000
 0.000426044281991977771568286259551427974656689912080764770508, 0.086143097588708500422782776695385109633207321166992187500000,-0.917117732390449136303800514724571257829666137695312500000000, 0.389197162981467115194789130327990278601646423339843750000000, 1.171036449983246185979623987805098295211791992187500000000000, 4.806042276131115009718541841721162199974060058593750000000000
 0.000426044281991977771568286259551427974656689912080764770508, 0.086143097588708500422782776695385109633207321166992187500000,-0.917117732390449136303800514724571257829666137695312500000000,-0.389197162981467115194789130327990278601646423339843750000000, 1.970556203606547152062944405770394951105117797851562500000000, 4.806042276131115009718541841721162199974060058593750000000000
 0.000426044281991977771568286259551427974656689912080764770508,-0.086143097588708694711812086097779683768749237060546875000000, 0.917117732390449136303800514724571257829666137695312500000000, 0.389197162981467115194789130327990278601646423339843750000000, 1.171036449983246185979623987805098295211791992187500000000000, 1.664449622541322115765183298208285123109817504882812500000000
 0.000426044281991977771568286259551427974656689912080764770508,-0.086143097588708694711812086097779683768749237060546875000000, 0.917117732390449136303800514724571257829666137695312500000000,-0.389197162981467115194789130327990278601646423339843750000000, 1.970556203606547152062944405770394951105117797851562500000000, 1.664449622541322115765183298208285123109817504882812500000000
 0.000426044281991977771568286259551427974656689912080764770508,-0.086143097588708694711812086097779683768749237060546875000000,-0.917117732390449136303800514724571257829666137695312500000000, 0.389197162981467115194789130327990278601646423339843750000000, 1.171036449983246185979623987805098295211791992187500000000000, 4.618735684638264338275348563911393284797668457031250000000000
 0.000426044281991977771568286259551427974656689912080764770508,-0.086143097588708694711812086097779683768749237060546875000000,-0.917117732390449136303800514724571257829666137695312500000000,-0.389197162981467115194789130327990278601646423339843750000000, 1.970556203606547152062944405770394951105117797851562500000000, 4.618735684638264338275348563911393284797668457031250000000000
 0.000426044281991977771568286259551427974656689912080764770508, 0.917117732390449247326102977240225300192832946777343750000000, 0.389197162981467115194789130327990278601646423339843750000000, 0.086143097588708403278268121994187822565436363220214843750000, 1.484546332472184149153804355592001229524612426757812500000000, 0.401336828438933035378965996642364189028739929199218750000000
 0.000426044281991977771568286259551427974656689912080764770508, 0.917117732390449136303800514724571257829666137695312500000000, 0.389197162981467115194789130327990278601646423339843750000000,-0.086143097588708694711812086097779683768749237060546875000000, 1.657046321117609188888764037983492016792297363281250000000000, 0.401336828438933090890117227900191210210323333740234375000000
 0.000426044281991977771568286259551427974656689912080764770508, 0.917117732390449247326102977240225300192832946777343750000000,-0.389197162981467115194789130327990278601646423339843750000000, 0.086143097588708403278268121994187822565436363220214843750000, 1.484546332472184149153804355592001229524612426757812500000000, 5.881848478740653085594658477930352091789245605468750000000000
 0.000426044281991977771568286259551427974656689912080764770508, 0.917117732390449136303800514724571257829666137695312500000000,-0.389197162981467115194789130327990278601646423339843750000000,-0.086143097588708694711812086097779683768749237060546875000000, 1.657046321117609188888764037983492016792297363281250000000000, 5.881848478740653085594658477930352091789245605468750000000000
 0.000426044281991977771568286259551427974656689912080764770508,-0.917117732390449136303800514724571257829666137695312500000000, 0.389197162981467392750545286617125384509563446044921875000000, 0.086143097588708403278268121994187822565436363220214843750000, 1.484546332472184149153804355592001229524612426757812500000000, 2.740255825150859969596695009386166930198669433593750000000000
 0.000426044281991977771568286259551427974656689912080764770508,-0.917117732390449025281498052208917215466499328613281250000000, 0.389197162981467392750545286617125384509563446044921875000000,-0.086143097588708694711812086097779683768749237060546875000000, 1.657046321117609188888764037983492016792297363281250000000000, 2.740255825150859969596695009386166930198669433593750000000000
 0.000426044281991977771568286259551427974656689912080764770508,-0.917117732390449136303800514724571257829666137695312500000000,-0.389197162981467392750545286617125384509563446044921875000000, 0.086143097588708403278268121994187822565436363220214843750000, 1.484546332472184149153804355592001229524612426757812500000000, 3.542929482028726262399231927702203392982482910156250000000000
 0.000426044281991977771568286259551427974656689912080764770508,-0.917117732390449025281498052208917215466499328613281250000000,-0.389197162981467392750545286617125384509563446044921875000000,-0.086143097588708694711812086097779683768749237060546875000000, 1.657046321117609188888764037983492016792297363281250000000000, 3.542929482028726262399231927702203392982482910156250000000000
 0.000426044281991977771568286259551427974656689912080764770508, 0.917117732390449247326102977240225300192832946777343750000000, 0.086143097588707598366575268755696015432476997375488281250000, 0.389197162981467115194789130327990278601646423339843750000000, 1.171036449983246185979623987805098295211791992187500000000000, 0.093653295746424211620784205933887278661131858825683593750000
 0.000426044281991977771568286259551427974656689912080764770508, 0.917117732390449247326102977240225300192832946777343750000000, 0.086143097588707598366575268755696015432476997375488281250000,-0.389197162981467115194789130327990278601646423339843750000000, 1.970556203606547152062944405770394951105117797851562500000000, 0.093653295746424211620784205933887278661131858825683593750000
 0.000426044281991977771568286259551427974656689912080764770508, 0.917117732390449247326102977240225300192832946777343750000000,-0.086143097588707598366575268755696015432476997375488281250000, 0.389197162981467115194789130327990278601646423339843750000000, 1.171036449983246185979623987805098295211791992187500000000000, 6.189532011433161784452749998308718204498291015625000000000000
 0.000426044281991977771568286259551427974656689912080764770508, 0.917117732390449247326102977240225300192832946777343750000000,-0.086143097588707598366575268755696015432476997375488281250000,-0.389197162981467115194789130327990278601646423339843750000000, 1.970556203606547152062944405770394951105117797851562500000000, 6.189532011433161784452749998308718204498291015625000000000000
 0.000426044281991977771568286259551427974656689912080764770508,-0.917117732390449247326102977240225300192832946777343750000000, 0.086143097588707306933031304652104154229164123535156250000000, 0.389197162981467115194789130327990278601646423339843750000000, 1.171036449983246185979623987805098295211791992187500000000000, 3.047939357843369556633206229889765381813049316406250000000000
 0.000426044281991977771568286259551427974656689912080764770508,-0.917117732390449247326102977240225300192832946777343750000000, 0.086143097588707306933031304652104154229164123535156250000000,-0.389197162981467115194789130327990278601646423339843750000000, 1.970556203606547152062944405770394951105117797851562500000000, 3.047939357843369556633206229889765381813049316406250000000000
 0.000426044281991977771568286259551427974656689912080764770508,-0.917117732390449247326102977240225300192832946777343750000000,-0.086143097588707306933031304652104154229164123535156250000000, 0.389197162981467115194789130327990278601646423339843750000000, 1.171036449983246185979623987805098295211791992187500000000000, 3.235245949336216675362720707198604941368103027343750000000000
 0.000426044281991977771568286259551427974656689912080764770508,-0.917117732390449247326102977240225300192832946777343750000000,-0.086143097588707306933031304652104154229164123535156250000000,-0.389197162981467115194789130327990278601646423339843750000000, 1.970556203606547152062944405770394951105117797851562500000000, 3.235245949336216675362720707198604941368103027343750000000000
 0.000440867850802977067140031586234272253932431340217590332031, 0.440987556554228110616833191670593805611133575439453125000000, 0.131450087938000004239569307173951528966426849365234375000000, 0.887834922350671851276615598180796951055526733398437500000000, 0.478177759541136060406074648199137300252914428710937500000000, 0.289695473958589966301246931834612041711807250976562500000000
 0.000440867850802977067140031586234272253932431340217590332031, 0.440987556554227777549925804123631678521633148193359375000000, 0.131450087937999893217266844658297486603260040283203125000000,-0.887834922350672073321220523212105035781860351562500000000000, 2.663414894048657721725703595438972115516662597656250000000000, 0.289695473958589966301246931834612041711807250976562500000000
 0.000440867850802977067140031586234272253932431340217590332031, 0.440987556554228110616833191670593805611133575439453125000000,-0.131450087938000004239569307173951528966426849365234375000000, 0.887834922350671851276615598180796951055526733398437500000000, 0.478177759541136060406074648199137300252914428710937500000000, 5.993489833220996487739284930285066366195678710937500000000000
 0.000440867850802977067140031586234272253932431340217590332031, 0.440987556554227777549925804123631678521633148193359375000000,-0.131450087937999893217266844658297486603260040283203125000000,-0.887834922350672073321220523212105035781860351562500000000000, 2.663414894048657721725703595438972115516662597656250000000000, 5.993489833220996487739284930285066366195678710937500000000000
 0.000440867850802977067140031586234272253932431340217590332031,-0.440987556554228110616833191670593805611133575439453125000000, 0.131450087938000004239569307173951528966426849365234375000000, 0.887834922350671851276615598180796951055526733398437500000000, 0.478177759541136060406074648199137300252914428710937500000000, 2.851897179631203371741321461740881204605102539062500000000000
 0.000440867850802977067140031586234272253932431340217590332031,-0.440987556554227777549925804123631678521633148193359375000000, 0.131450087937999893217266844658297486603260040283203125000000,-0.887834922350672073321220523212105035781860351562500000000000, 2.663414894048657721725703595438972115516662597656250000000000, 2.851897179631203371741321461740881204605102539062500000000000
 0.000440867850802977067140031586234272253932431340217590332031,-0.440987556554228110616833191670593805611133575439453125000000,-0.131450087938000004239569307173951528966426849365234375000000, 0.887834922350671851276615598180796951055526733398437500000000, 0.478177759541136060406074648199137300252914428710937500000000, 3.431288127548382860254605475347489118576049804687500000000000
 0.000440867850802977067140031586234272253932431340217590332031,-0.440987556554227777549925804123631678521633148193359375000000,-0.131450087937999893217266844658297486603260040283203125000000,-0.887834922350672073321220523212105035781860351562500000000000, 2.663414894048657721725703595438972115516662597656250000000000, 3.431288127548382860254605475347489118576049804687500000000000
 0.000440867850802977067140031586234272253932431340217590332031, 0.440987556554228110616833191670593805611133575439453125000000, 0.887834922350671851276615598180796951055526733398437500000000, 0.131450087938000087506296154060692060738801956176757812500000, 1.438964707613661353491352201672270894050598144531250000000000, 1.109792245652285069823506091779563575983047485351562500000000
 0.000440867850802977067140031586234272253932431340217590332031, 0.440987556554228110616833191670593805611133575439453125000000, 0.887834922350671851276615598180796951055526733398437500000000,-0.131450087938000087506296154060692060738801956176757812500000, 1.702627945976131762506611266871914267539978027343750000000000, 1.109792245652285069823506091779563575983047485351562500000000
 0.000440867850802977067140031586234272253932431340217590332031, 0.440987556554228110616833191670593805611133575439453125000000,-0.887834922350671851276615598180796951055526733398437500000000, 0.131450087938000087506296154060692060738801956176757812500000, 1.438964707613661353491352201672270894050598144531250000000000, 5.173393061527301384217025770340114831924438476562500000000000
 0.000440867850802977067140031586234272253932431340217590332031, 0.440987556554228110616833191670593805611133575439453125000000,-0.887834922350671851276615598180796951055526733398437500000000,-0.131450087938000087506296154060692060738801956176757812500000, 1.702627945976131762506611266871914267539978027343750000000000, 5.173393061527301384217025770340114831924438476562500000000000
 0.000440867850802977067140031586234272253932431340217590332031,-0.440987556554228277150286885444074869155883789062500000000000, 0.887834922350671740254313135665142908692359924316406250000000, 0.131450087938000087506296154060692060738801956176757812500000, 1.438964707613661353491352201672270894050598144531250000000000, 2.031800407937508268219062301795929670333862304687500000000000
 0.000440867850802977067140031586234272253932431340217590332031,-0.440987556554228277150286885444074869155883789062500000000000, 0.887834922350671740254313135665142908692359924316406250000000,-0.131450087938000087506296154060692060738801956176757812500000, 1.702627945976131762506611266871914267539978027343750000000000, 2.031800407937508268219062301795929670333862304687500000000000
 0.000440867850802977067140031586234272253932431340217590332031,-0.440987556554228277150286885444074869155883789062500000000000,-0.887834922350671740254313135665142908692359924316406250000000, 0.131450087938000087506296154060692060738801956176757812500000, 1.438964707613661353491352201672270894050598144531250000000000, 4.251384899242077963776864635292440652847290039062500000000000
 0.000440867850802977067140031586234272253932431340217590332031,-0.440987556554228277150286885444074869155883789062500000000000,-0.887834922350671740254313135665142908692359924316406250000000,-0.131450087938000087506296154060692060738801956176757812500000, 1.702627945976131762506611266871914267539978027343750000000000, 4.251384899242077963776864635292440652847290039062500000000000
 0.000440867850802977067140031586234272253932431340217590332031, 0.131450087938000087506296154060692060738801956176757812500000, 0.440987556554228110616833191670593805611133575439453125000000, 0.887834922350671851276615598180796951055526733398437500000000, 0.478177759541136060406074648199137300252914428710937500000000, 1.281100852836306369653129877406172454357147216796875000000000
 0.000440867850802977067140031586234272253932431340217590332031, 0.131450087937999893217266844658297486603260040283203125000000, 0.440987556554227777549925804123631678521633148193359375000000,-0.887834922350672073321220523212105035781860351562500000000000, 2.663414894048657721725703595438972115516662597656250000000000, 1.281100852836306591697734802437480539083480834960937500000000
 0.000440867850802977067140031586234272253932431340217590332031, 0.131450087938000087506296154060692060738801956176757812500000,-0.440987556554228110616833191670593805611133575439453125000000, 0.887834922350671851276615598180796951055526733398437500000000, 0.478177759541136060406074648199137300252914428710937500000000, 5.002084454343279418253587209619581699371337890625000000000000
 0.000440867850802977067140031586234272253932431340217590332031, 0.131450087937999893217266844658297486603260040283203125000000,-0.440987556554227777549925804123631678521633148193359375000000,-0.887834922350672073321220523212105035781860351562500000000000, 2.663414894048657721725703595438972115516662597656250000000000, 5.002084454343279418253587209619581699371337890625000000000000
 0.000440867850802977067140031586234272253932431340217590332031,-0.131450087938000087506296154060692060738801956176757812500000, 0.440987556554228110616833191670593805611133575439453125000000, 0.887834922350671851276615598180796951055526733398437500000000, 0.478177759541136060406074648199137300252914428710937500000000, 1.860491800753486746344833591138012707233428955078125000000000
 0.000440867850802977067140031586234272253932431340217590332031,-0.131450087937999893217266844658297486603260040283203125000000, 0.440987556554227777549925804123631678521633148193359375000000,-0.887834922350672073321220523212105035781860351562500000000000, 2.663414894048657721725703595438972115516662597656250000000000, 1.860491800753486524300228666106704622507095336914062500000000
 0.000440867850802977067140031586234272253932431340217590332031,-0.131450087938000087506296154060692060738801956176757812500000,-0.440987556554228110616833191670593805611133575439453125000000, 0.887834922350671851276615598180796951055526733398437500000000, 0.478177759541136060406074648199137300252914428710937500000000, 4.422693506426099929740303196012973785400390625000000000000000
 0.000440867850802977067140031586234272253932431340217590332031,-0.131450087937999893217266844658297486603260040283203125000000,-0.440987556554227777549925804123631678521633148193359375000000,-0.887834922350672073321220523212105035781860351562500000000000, 2.663414894048657721725703595438972115516662597656250000000000, 4.422693506426099929740303196012973785400390625000000000000000
 0.000440867850802977067140031586234272253932431340217590332031, 0.131450087938000198528598616576346103101968765258789062500000, 0.887834922350671740254313135665142908692359924316406250000000, 0.440987556554228221639135654186247847974300384521484375000000, 1.114097625094979004956030621542595326900482177734375000000000, 1.423807259254898038847159114084206521511077880859375000000000
 0.000440867850802977067140031586234272253932431340217590332031, 0.131450087938000198528598616576346103101968765258789062500000, 0.887834922350671740254313135665142908692359924316406250000000,-0.440987556554228221639135654186247847974300384521484375000000, 2.027495028494814111041932847001589834690093994140625000000000, 1.423807259254898038847159114084206521511077880859375000000000
 0.000440867850802977067140031586234272253932431340217590332031, 0.131450087938000198528598616576346103101968765258789062500000,-0.887834922350671740254313135665142908692359924316406250000000, 0.440987556554228221639135654186247847974300384521484375000000, 1.114097625094979004956030621542595326900482177734375000000000, 4.859378047924687749059557972941547632217407226562500000000000
 0.000440867850802977067140031586234272253932431340217590332031, 0.131450087938000198528598616576346103101968765258789062500000,-0.887834922350671740254313135665142908692359924316406250000000,-0.440987556554228221639135654186247847974300384521484375000000, 2.027495028494814111041932847001589834690093994140625000000000, 4.859378047924687749059557972941547632217407226562500000000000
 0.000440867850802977067140031586234272253932431340217590332031,-0.131450087938000198528598616576346103101968765258789062500000, 0.887834922350671740254313135665142908692359924316406250000000, 0.440987556554228221639135654186247847974300384521484375000000, 1.114097625094979004956030621542595326900482177734375000000000, 1.717785394334895299195409279491286724805831909179687500000000
 0.000440867850802977067140031586234272253932431340217590332031,-0.131450087938000198528598616576346103101968765258789062500000, 0.887834922350671740254313135665142908692359924316406250000000,-0.440987556554228221639135654186247847974300384521484375000000, 2.027495028494814111041932847001589834690093994140625000000000, 1.717785394334895299195409279491286724805831909179687500000000
 0.000440867850802977067140031586234272253932431340217590332031,-0.131450087938000198528598616576346103101968765258789062500000,-0.887834922350671740254313135665142908692359924316406250000000, 0.440987556554228221639135654186247847974300384521484375000000, 1.114097625094979004956030621542595326900482177734375000000000, 4.565399912844690710755912732565775513648986816406250000000000
 0.000440867850802977067140031586234272253932431340217590332031,-0.131450087938000198528598616576346103101968765258789062500000,-0.887834922350671740254313135665142908692359924316406250000000,-0.440987556554228221639135654186247847974300384521484375000000, 2.027495028494814111041932847001589834690093994140625000000000, 4.565399912844690710755912732565775513648986816406250000000000
 0.000440867850802977067140031586234272253932431340217590332031, 0.887834922350671851276615598180796951055526733398437500000000, 0.440987556554227999594530729154939763247966766357421875000000, 0.131450087938000087506296154060692060738801956176757812500000, 1.438964707613661353491352201672270894050598144531250000000000, 0.461004081142611377153173179976874962449073791503906250000000
 0.000440867850802977067140031586234272253932431340217590332031, 0.887834922350671851276615598180796951055526733398437500000000, 0.440987556554227999594530729154939763247966766357421875000000,-0.131450087938000087506296154060692060738801956176757812500000, 1.702627945976131762506611266871914267539978027343750000000000, 0.461004081142611377153173179976874962449073791503906250000000
 0.000440867850802977067140031586234272253932431340217590332031, 0.887834922350671851276615598180796951055526733398437500000000,-0.440987556554227999594530729154939763247966766357421875000000, 0.131450087938000087506296154060692060738801956176757812500000, 1.438964707613661353491352201672270894050598144531250000000000, 5.822181226036974521775846369564533233642578125000000000000000
 0.000440867850802977067140031586234272253932431340217590332031, 0.887834922350671851276615598180796951055526733398437500000000,-0.440987556554227999594530729154939763247966766357421875000000,-0.131450087938000087506296154060692060738801956176757812500000, 1.702627945976131762506611266871914267539978027343750000000000, 5.822181226036974521775846369564533233642578125000000000000000
 0.000440867850802977067140031586234272253932431340217590332031,-0.887834922350671851276615598180796951055526733398437500000000, 0.440987556554227999594530729154939763247966766357421875000000, 0.131450087938000087506296154060692060738801956176757812500000, 1.438964707613661353491352201672270894050598144531250000000000, 2.680588572447181849867092751082964241504669189453125000000000
 0.000440867850802977067140031586234272253932431340217590332031,-0.887834922350671851276615598180796951055526733398437500000000, 0.440987556554227999594530729154939763247966766357421875000000,-0.131450087938000087506296154060692060738801956176757812500000, 1.702627945976131762506611266871914267539978027343750000000000, 2.680588572447181849867092751082964241504669189453125000000000
 0.000440867850802977067140031586234272253932431340217590332031,-0.887834922350671851276615598180796951055526733398437500000000,-0.440987556554227999594530729154939763247966766357421875000000, 0.131450087938000087506296154060692060738801956176757812500000, 1.438964707613661353491352201672270894050598144531250000000000, 3.602596734732404382128834186005406081676483154296875000000000
 0.000440867850802977067140031586234272253932431340217590332031,-0.887834922350671851276615598180796951055526733398437500000000,-0.440987556554227999594530729154939763247966766357421875000000,-0.131450087938000087506296154060692060738801956176757812500000, 1.702627945976131762506611266871914267539978027343750000000000, 3.602596734732404382128834186005406081676483154296875000000000
 0.000440867850802977067140031586234272253932431340217590332031, 0.887834922350671851276615598180796951055526733398437500000000, 0.131450087937999587905935072740248870104551315307617187500000, 0.440987556554228221639135654186247847974300384521484375000000, 1.114097625094979004956030621542595326900482177734375000000000, 0.146989067539997964040310307609615847468376159667968750000000
 0.000440867850802977067140031586234272253932431340217590332031, 0.887834922350671851276615598180796951055526733398437500000000, 0.131450087937999587905935072740248870104551315307617187500000,-0.440987556554228221639135654186247847974300384521484375000000, 2.027495028494814111041932847001589834690093994140625000000000, 0.146989067539997964040310307609615847468376159667968750000000
 0.000440867850802977067140031586234272253932431340217590332031, 0.887834922350671851276615598180796951055526733398437500000000,-0.131450087937999587905935072740248870104551315307617187500000, 0.440987556554228221639135654186247847974300384521484375000000, 1.114097625094979004956030621542595326900482177734375000000000, 6.136196239639588156933314166963100433349609375000000000000000
 0.000440867850802977067140031586234272253932431340217590332031, 0.887834922350671851276615598180796951055526733398437500000000,-0.131450087937999587905935072740248870104551315307617187500000,-0.440987556554228221639135654186247847974300384521484375000000, 2.027495028494814111041932847001589834690093994140625000000000, 6.136196239639588156933314166963100433349609375000000000000000
 0.000440867850802977067140031586234272253932431340217590332031,-0.887834922350671851276615598180796951055526733398437500000000, 0.131450087937999310350178916451113764196634292602539062500000, 0.440987556554228221639135654186247847974300384521484375000000, 1.114097625094979004956030621542595326900482177734375000000000, 2.994603586049795485024560548481531441211700439453125000000000
 0.000440867850802977067140031586234272253932431340217590332031,-0.887834922350671851276615598180796951055526733398437500000000, 0.131450087937999310350178916451113764196634292602539062500000,-0.440987556554228221639135654186247847974300384521484375000000, 2.027495028494814111041932847001589834690093994140625000000000, 2.994603586049795485024560548481531441211700439453125000000000
 0.000440867850802977067140031586234272253932431340217590332031,-0.887834922350671851276615598180796951055526733398437500000000,-0.131450087937999310350178916451113764196634292602539062500000, 0.440987556554228221639135654186247847974300384521484375000000, 1.114097625094979004956030621542595326900482177734375000000000, 3.288581721129790746971366388606838881969451904296875000000000
 0.000440867850802977067140031586234272253932431340217590332031,-0.887834922350671851276615598180796951055526733398437500000000,-0.131450087937999310350178916451113764196634292602539062500000,-0.440987556554228221639135654186247847974300384521484375000000, 2.027495028494814111041932847001589834690093994140625000000000, 3.288581721129790746971366388606838881969451904296875000000000
 0.000451874811554976490903662300624432646145578473806381225586, 0.490489305859248381214143819306627847254276275634765625000000, 0.177218965738385803021515130240004509687423706054687500000000, 0.853237176299960320413617864687694236636161804199218750000000, 0.548635037166331884783687655726680532097816467285156250000000, 0.346715293918504197101526642654789611697196960449218750000000
 0.000451874811554976490903662300624432646145578473806381225586, 0.490489305859248381214143819306627847254276275634765625000000, 0.177218965738385803021515130240004509687423706054687500000000,-0.853237176299960320413617864687694236636161804199218750000000, 2.592957616423461342236578275333158671855926513671875000000000, 0.346715293918504197101526642654789611697196960449218750000000
 0.000451874811554976490903662300624432646145578473806381225586, 0.490489305859248381214143819306627847254276275634765625000000,-0.177218965738385803021515130240004509687423706054687500000000, 0.853237176299960320413617864687694236636161804199218750000000, 0.548635037166331884783687655726680532097816467285156250000000, 5.936470013261081923872097831917926669120788574218750000000000
 0.000451874811554976490903662300624432646145578473806381225586, 0.490489305859248381214143819306627847254276275634765625000000,-0.177218965738385803021515130240004509687423706054687500000000,-0.853237176299960320413617864687694236636161804199218750000000, 2.592957616423461342236578275333158671855926513671875000000000, 5.936470013261081923872097831917926669120788574218750000000000
 0.000451874811554976490903662300624432646145578473806381225586,-0.490489305859248381214143819306627847254276275634765625000000, 0.177218965738385691999212667724350467324256896972656250000000, 0.853237176299960320413617864687694236636161804199218750000000, 0.548635037166331884783687655726680532097816467285156250000000, 2.794877359671289251963344213436357676982879638671875000000000
 0.000451874811554976490903662300624432646145578473806381225586,-0.490489305859248381214143819306627847254276275634765625000000, 0.177218965738385691999212667724350467324256896972656250000000,-0.853237176299960320413617864687694236636161804199218750000000, 2.592957616423461342236578275333158671855926513671875000000000, 2.794877359671289251963344213436357676982879638671875000000000
 0.000451874811554976490903662300624432646145578473806381225586,-0.490489305859248381214143819306627847254276275634765625000000,-0.177218965738385691999212667724350467324256896972656250000000, 0.853237176299960320413617864687694236636161804199218750000000, 0.548635037166331884783687655726680532097816467285156250000000, 3.488307947508296980032582723652012646198272705078125000000000
 0.000451874811554976490903662300624432646145578473806381225586,-0.490489305859248381214143819306627847254276275634765625000000,-0.177218965738385691999212667724350467324256896972656250000000,-0.853237176299960320413617864687694236636161804199218750000000, 2.592957616423461342236578275333158671855926513671875000000000, 3.488307947508296980032582723652012646198272705078125000000000
 0.000451874811554976490903662300624432646145578473806381225586, 0.490489305859248325702992588048800826072692871093750000000000, 0.853237176299960320413617864687694236636161804199218750000000, 0.177218965738385803021515130240004509687423706054687500000000, 1.392636360582717003353536711074411869049072265625000000000000, 1.049069572653784643279095689649693667888641357421875000000000
 0.000451874811554976490903662300624432646145578473806381225586, 0.490489305859248325702992588048800826072692871093750000000000, 0.853237176299960320413617864687694236636161804199218750000000,-0.177218965738385997310544439642399083822965621948242187500000, 1.748956293007076334689031682501081377267837524414062500000000, 1.049069572653784643279095689649693667888641357421875000000000
 0.000451874811554976490903662300624432646145578473806381225586, 0.490489305859248325702992588048800826072692871093750000000000,-0.853237176299960320413617864687694236636161804199218750000000, 0.177218965738385803021515130240004509687423706054687500000000, 1.392636360582717003353536711074411869049072265625000000000000, 5.234115734525801144627621397376060485839843750000000000000000
 0.000451874811554976490903662300624432646145578473806381225586, 0.490489305859248325702992588048800826072692871093750000000000,-0.853237176299960320413617864687694236636161804199218750000000,-0.177218965738385997310544439642399083822965621948242187500000, 1.748956293007076334689031682501081377267837524414062500000000, 5.234115734525801144627621397376060485839843750000000000000000
 0.000451874811554976490903662300624432646145578473806381225586,-0.490489305859248325702992588048800826072692871093750000000000, 0.853237176299960320413617864687694236636161804199218750000000, 0.177218965738385803021515130240004509687423706054687500000000, 1.392636360582717003353536711074411869049072265625000000000000, 2.092523080936008472718867778894491493701934814453125000000000
 0.000451874811554976490903662300624432646145578473806381225586,-0.490489305859248325702992588048800826072692871093750000000000, 0.853237176299960320413617864687694236636161804199218750000000,-0.177218965738385997310544439642399083822965621948242187500000, 1.748956293007076334689031682501081377267837524414062500000000, 2.092523080936008472718867778894491493701934814453125000000000
 0.000451874811554976490903662300624432646145578473806381225586,-0.490489305859248325702992588048800826072692871093750000000000,-0.853237176299960320413617864687694236636161804199218750000000, 0.177218965738385803021515130240004509687423706054687500000000, 1.392636360582717003353536711074411869049072265625000000000000, 4.190662226243578203366269008256494998931884765625000000000000
 0.000451874811554976490903662300624432646145578473806381225586,-0.490489305859248325702992588048800826072692871093750000000000,-0.853237176299960320413617864687694236636161804199218750000000,-0.177218965738385997310544439642399083822965621948242187500000, 1.748956293007076334689031682501081377267837524414062500000000, 4.190662226243578203366269008256494998931884765625000000000000
 0.000451874811554976490903662300624432646145578473806381225586, 0.177218965738385803021515130240004509687423706054687500000000, 0.490489305859248381214143819306627847254276275634765625000000, 0.853237176299960320413617864687694236636161804199218750000000, 0.548635037166331884783687655726680532097816467285156250000000, 1.224081032876392471919757554132957011461257934570312500000000
 0.000451874811554976490903662300624432646145578473806381225586, 0.177218965738385803021515130240004509687423706054687500000000, 0.490489305859248381214143819306627847254276275634765625000000,-0.853237176299960320413617864687694236636161804199218750000000, 2.592957616423461342236578275333158671855926513671875000000000, 1.224081032876392471919757554132957011461257934570312500000000
 0.000451874811554976490903662300624432646145578473806381225586, 0.177218965738385803021515130240004509687423706054687500000000,-0.490489305859248381214143819306627847254276275634765625000000, 0.853237176299960320413617864687694236636161804199218750000000, 0.548635037166331884783687655726680532097816467285156250000000, 5.059104274303193982120774307986721396446228027343750000000000
 0.000451874811554976490903662300624432646145578473806381225586, 0.177218965738385803021515130240004509687423706054687500000000,-0.490489305859248381214143819306627847254276275634765625000000,-0.853237176299960320413617864687694236636161804199218750000000, 2.592957616423461342236578275333158671855926513671875000000000, 5.059104274303193982120774307986721396446228027343750000000000
 0.000451874811554976490903662300624432646145578473806381225586,-0.177218965738385997310544439642399083822965621948242187500000, 0.490489305859248325702992588048800826072692871093750000000000, 0.853237176299960320413617864687694236636161804199218750000000, 0.548635037166331884783687655726680532097816467285156250000000, 1.917511620713401310212020689505152404308319091796875000000000
 0.000451874811554976490903662300624432646145578473806381225586,-0.177218965738385997310544439642399083822965621948242187500000, 0.490489305859248325702992588048800826072692871093750000000000,-0.853237176299960320413617864687694236636161804199218750000000, 2.592957616423461342236578275333158671855926513671875000000000, 1.917511620713401310212020689505152404308319091796875000000000
 0.000451874811554976490903662300624432646145578473806381225586,-0.177218965738385997310544439642399083822965621948242187500000,-0.490489305859248325702992588048800826072692871093750000000000, 0.853237176299960320413617864687694236636161804199218750000000, 0.548635037166331884783687655726680532097816467285156250000000, 4.365673686466184477694696397520601749420166015625000000000000
 0.000451874811554976490903662300624432646145578473806381225586,-0.177218965738385997310544439642399083822965621948242187500000,-0.490489305859248325702992588048800826072692871093750000000000,-0.853237176299960320413617864687694236636161804199218750000000, 2.592957616423461342236578275333158671855926513671875000000000, 4.365673686466184477694696397520601749420166015625000000000000
 0.000451874811554976490903662300624432646145578473806381225586, 0.177218965738385886288241977126745041459798812866210937500000, 0.853237176299960320413617864687694236636161804199218750000000, 0.490489305859248325702992588048800826072692871093750000000000, 1.058145176009163801467138910084031522274017333984375000000000, 1.366006200247153579141468071611598134040832519531250000000000
 0.000451874811554976490903662300624432646145578473806381225586, 0.177218965738385886288241977126745041459798812866210937500000, 0.853237176299960320413617864687694236636161804199218750000000,-0.490489305859248325702992588048800826072692871093750000000000, 2.083447477580629314530824558460153639316558837890625000000000, 1.366006200247153579141468071611598134040832519531250000000000
 0.000451874811554976490903662300624432646145578473806381225586, 0.177218965738385886288241977126745041459798812866210937500000,-0.853237176299960320413617864687694236636161804199218750000000, 0.490489305859248325702992588048800826072692871093750000000000, 1.058145176009163801467138910084031522274017333984375000000000, 4.917179106932432652854458865476772189140319824218750000000000
 0.000451874811554976490903662300624432646145578473806381225586, 0.177218965738385886288241977126745041459798812866210937500000,-0.853237176299960320413617864687694236636161804199218750000000,-0.490489305859248325702992588048800826072692871093750000000000, 2.083447477580629314530824558460153639316558837890625000000000, 4.917179106932432652854458865476772189140319824218750000000000
 0.000451874811554976490903662300624432646145578473806381225586,-0.177218965738385886288241977126745041459798812866210937500000, 0.853237176299960320413617864687694236636161804199218750000000, 0.490489305859248325702992588048800826072692871093750000000000, 1.058145176009163801467138910084031522274017333984375000000000, 1.775586453342639536856495396932587027549743652343750000000000
 0.000451874811554976490903662300624432646145578473806381225586,-0.177218965738385886288241977126745041459798812866210937500000, 0.853237176299960320413617864687694236636161804199218750000000,-0.490489305859248325702992588048800826072692871093750000000000, 2.083447477580629314530824558460153639316558837890625000000000, 1.775586453342639536856495396932587027549743652343750000000000
 0.000451874811554976490903662300624432646145578473806381225586,-0.177218965738385886288241977126745041459798812866210937500000,-0.853237176299960320413617864687694236636161804199218750000000, 0.490489305859248325702992588048800826072692871093750000000000, 1.058145176009163801467138910084031522274017333984375000000000, 4.507598853836946695139431540155783295631408691406250000000000
 0.000451874811554976490903662300624432646145578473806381225586,-0.177218965738385886288241977126745041459798812866210937500000,-0.853237176299960320413617864687694236636161804199218750000000,-0.490489305859248325702992588048800826072692871093750000000000, 2.083447477580629314530824558460153639316558837890625000000000, 4.507598853836946695139431540155783295631408691406250000000000
 0.000451874811554976490903662300624432646145578473806381225586, 0.853237176299960320413617864687694236636161804199218750000000, 0.490489305859248325702992588048800826072692871093750000000000, 0.177218965738385803021515130240004509687423706054687500000000, 1.392636360582717003353536711074411869049072265625000000000000, 0.521726754141111914719886044622398912906646728515625000000000
 0.000451874811554976490903662300624432646145578473806381225586, 0.853237176299960320413617864687694236636161804199218750000000, 0.490489305859248325702992588048800826072692871093750000000000,-0.177218965738385997310544439642399083822965621948242187500000, 1.748956293007076334689031682501081377267837524414062500000000, 0.521726754141111914719886044622398912906646728515625000000000
 0.000451874811554976490903662300624432646145578473806381225586, 0.853237176299960320413617864687694236636161804199218750000000,-0.490489305859248325702992588048800826072692871093750000000000, 0.177218965738385803021515130240004509687423706054687500000000, 1.392636360582717003353536711074411869049072265625000000000000, 5.761458553038474761365250742528587579727172851562500000000000
 0.000451874811554976490903662300624432646145578473806381225586, 0.853237176299960320413617864687694236636161804199218750000000,-0.490489305859248325702992588048800826072692871093750000000000,-0.177218965738385997310544439642399083822965621948242187500000, 1.748956293007076334689031682501081377267837524414062500000000, 5.761458553038474761365250742528587579727172851562500000000000
 0.000451874811554976490903662300624432646145578473806381225586,-0.853237176299960320413617864687694236636161804199218750000000, 0.490489305859248325702992588048800826072692871093750000000000, 0.177218965738385803021515130240004509687423706054687500000000, 1.392636360582717003353536711074411869049072265625000000000000, 2.619865899448681201278077423921786248683929443359375000000000
 0.000451874811554976490903662300624432646145578473806381225586,-0.853237176299960320413617864687694236636161804199218750000000, 0.490489305859248325702992588048800826072692871093750000000000,-0.177218965738385997310544439642399083822965621948242187500000, 1.748956293007076334689031682501081377267837524414062500000000, 2.619865899448681201278077423921786248683929443359375000000000
 0.000451874811554976490903662300624432646145578473806381225586,-0.853237176299960320413617864687694236636161804199218750000000,-0.490489305859248325702992588048800826072692871093750000000000, 0.177218965738385803021515130240004509687423706054687500000000, 1.392636360582717003353536711074411869049072265625000000000000, 3.663319407730905030717849513166584074497222900390625000000000
 0.000451874811554976490903662300624432646145578473806381225586,-0.853237176299960320413617864687694236636161804199218750000000,-0.490489305859248325702992588048800826072692871093750000000000,-0.177218965738385997310544439642399083822965621948242187500000, 1.748956293007076334689031682501081377267837524414062500000000, 3.663319407730905030717849513166584074497222900390625000000000
 0.000451874811554976490903662300624432646145578473806381225586, 0.853237176299960320413617864687694236636161804199218750000000, 0.177218965738386191599573749044793657958507537841796875000000, 0.490489305859248325702992588048800826072692871093750000000000, 1.058145176009163801467138910084031522274017333984375000000000, 0.204790126547743311924421050207456573843955993652343750000000
 0.000451874811554976490903662300624432646145578473806381225586, 0.853237176299960320413617864687694236636161804199218750000000, 0.177218965738386191599573749044793657958507537841796875000000,-0.490489305859248325702992588048800826072692871093750000000000, 2.083447477580629314530824558460153639316558837890625000000000, 0.204790126547743311924421050207456573843955993652343750000000
 0.000451874811554976490903662300624432646145578473806381225586, 0.853237176299960320413617864687694236636161804199218750000000,-0.177218965738386191599573749044793657958507537841796875000000, 0.490489305859248325702992588048800826072692871093750000000000, 1.058145176009163801467138910084031522274017333984375000000000, 6.078395180631843253138413274427875876426696777343750000000000
 0.000451874811554976490903662300624432646145578473806381225586, 0.853237176299960320413617864687694236636161804199218750000000,-0.177218965738386191599573749044793657958507537841796875000000,-0.490489305859248325702992588048800826072692871093750000000000, 2.083447477580629314530824558460153639316558837890625000000000, 6.078395180631843253138413274427875876426696777343750000000000
 0.000451874811554976490903662300624432646145578473806381225586,-0.853237176299960320413617864687694236636161804199218750000000, 0.177218965738386191599573749044793657958507537841796875000000, 0.490489305859248325702992588048800826072692871093750000000000, 1.058145176009163801467138910084031522274017333984375000000000, 2.936802527042050137140449805883690714836120605468750000000000
 0.000451874811554976490903662300624432646145578473806381225586,-0.853237176299960320413617864687694236636161804199218750000000, 0.177218965738386191599573749044793657958507537841796875000000,-0.490489305859248325702992588048800826072692871093750000000000, 2.083447477580629314530824558460153639316558837890625000000000, 2.936802527042050137140449805883690714836120605468750000000000
 0.000451874811554976490903662300624432646145578473806381225586,-0.853237176299960320413617864687694236636161804199218750000000,-0.177218965738386191599573749044793657958507537841796875000000, 0.490489305859248325702992588048800826072692871093750000000000, 1.058145176009163801467138910084031522274017333984375000000000, 3.346382780137536094855477131204679608345031738281250000000000
 0.000451874811554976490903662300624432646145578473806381225586,-0.853237176299960320413617864687694236636161804199218750000000,-0.177218965738386191599573749044793657958507537841796875000000,-0.490489305859248325702992588048800826072692871093750000000000, 2.083447477580629314530824558460153639316558837890625000000000, 3.346382780137536094855477131204679608345031738281250000000000
 0.000459556487537976043975668227759001638332847505807876586914, 0.537505613876954946306341298623010516166687011718750000000000, 0.222827711005029488466888665243459399789571762084960937500000, 0.813286865908344092090942467621061950922012329101562500000000, 0.621017442037323674774995652114739641547203063964843750000000, 0.392993770073713499790812875289702787995338439941406250000000
 0.000459556487537976043975668227759001638332847505807876586914, 0.537505613876954835284038836107356473803520202636718750000000, 0.222827711005029488466888665243459399789571762084960937500000,-0.813286865908344203113244930136715993285179138183593750000000, 2.520575211552469774289875203976407647132873535156250000000000, 0.392993770073713610813115337805356830358505249023437500000000
 0.000459556487537976043975668227759001638332847505807876586914, 0.537505613876954946306341298623010516166687011718750000000000,-0.222827711005029488466888665243459399789571762084960937500000, 0.813286865908344092090942467621061950922012329101562500000000, 0.621017442037323674774995652114739641547203063964843750000000, 5.890191537105872399138206674251705408096313476562500000000000
 0.000459556487537976043975668227759001638332847505807876586914, 0.537505613876954835284038836107356473803520202636718750000000,-0.222827711005029488466888665243459399789571762084960937500000,-0.813286865908344203113244930136715993285179138183593750000000, 2.520575211552469774289875203976407647132873535156250000000000, 5.890191537105872399138206674251705408096313476562500000000000
 0.000459556487537976043975668227759001638332847505807876586914,-0.537505613876954946306341298623010516166687011718750000000000, 0.222827711005029488466888665243459399789571762084960937500000, 0.813286865908344092090942467621061950922012329101562500000000, 0.621017442037323674774995652114739641547203063964843750000000, 2.748598883516079727229453055770136415958404541015625000000000
 0.000459556487537976043975668227759001638332847505807876586914,-0.537505613876954835284038836107356473803520202636718750000000, 0.222827711005029488466888665243459399789571762084960937500000,-0.813286865908344203113244930136715993285179138183593750000000, 2.520575211552469774289875203976407647132873535156250000000000, 2.748598883516079727229453055770136415958404541015625000000000
 0.000459556487537976043975668227759001638332847505807876586914,-0.537505613876954946306341298623010516166687011718750000000000,-0.222827711005029488466888665243459399789571762084960937500000, 0.813286865908344092090942467621061950922012329101562500000000, 0.621017442037323674774995652114739641547203063964843750000000, 3.534586423663506504766473881318233907222747802734375000000000
 0.000459556487537976043975668227759001638332847505807876586914,-0.537505613876954835284038836107356473803520202636718750000000,-0.222827711005029488466888665243459399789571762084960937500000,-0.813286865908344203113244930136715993285179138183593750000000, 2.520575211552469774289875203976407647132873535156250000000000, 3.534586423663506504766473881318233907222747802734375000000000
 0.000459556487537976043975668227759001638332847505807876586914, 0.537505613876954835284038836107356473803520202636718750000000, 0.813286865908344203113244930136715993285179138183593750000000, 0.222827711005029294177859355841064825654029846191406250000000, 1.346082173840588813717999983055051416158676147460937500000000, 0.986792963032478764873189902573358267545700073242187500000000
 0.000459556487537976043975668227759001638332847505807876586914, 0.537505613876954835284038836107356473803520202636718750000000, 0.813286865908344203113244930136715993285179138183593750000000,-0.222827711005029294177859355841064825654029846191406250000000, 1.795510479749204302279963485489133745431900024414062500000000, 0.986792963032478764873189902573358267545700073242187500000000
 0.000459556487537976043975668227759001638332847505807876586914, 0.537505613876954835284038836107356473803520202636718750000000,-0.813286865908344203113244930136715993285179138183593750000000, 0.222827711005029294177859355841064825654029846191406250000000, 1.346082173840588813717999983055051416158676147460937500000000, 5.296392344147107245078132109483703970909118652343750000000000
 0.000459556487537976043975668227759001638332847505807876586914, 0.537505613876954835284038836107356473803520202636718750000000,-0.813286865908344203113244930136715993285179138183593750000000,-0.222827711005029294177859355841064825654029846191406250000000, 1.795510479749204302279963485489133745431900024414062500000000, 5.296392344147107245078132109483703970909118652343750000000000
 0.000459556487537976043975668227759001638332847505807876586914,-0.537505613876954835284038836107356473803520202636718750000000, 0.813286865908344203113244930136715993285179138183593750000000, 0.222827711005029294177859355841064825654029846191406250000000, 1.346082173840588813717999983055051416158676147460937500000000, 2.154799690557314573169378491002134978771209716796875000000000
 0.000459556487537976043975668227759001638332847505807876586914,-0.537505613876954835284038836107356473803520202636718750000000, 0.813286865908344203113244930136715993285179138183593750000000,-0.222827711005029294177859355841064825654029846191406250000000, 1.795510479749204302279963485489133745431900024414062500000000, 2.154799690557314573169378491002134978771209716796875000000000
 0.000459556487537976043975668227759001638332847505807876586914,-0.537505613876954835284038836107356473803520202636718750000000,-0.813286865908344203113244930136715993285179138183593750000000, 0.222827711005029294177859355841064825654029846191406250000000, 1.346082173840588813717999983055051416158676147460937500000000, 4.128385616622271214737338596023619174957275390625000000000000
 0.000459556487537976043975668227759001638332847505807876586914,-0.537505613876954835284038836107356473803520202636718750000000,-0.813286865908344203113244930136715993285179138183593750000000,-0.222827711005029294177859355841064825654029846191406250000000, 1.795510479749204302279963485489133745431900024414062500000000, 4.128385616622271214737338596023619174957275390625000000000000
 0.000459556487537976043975668227759001638332847505807876586914, 0.222827711005029294177859355841064825654029846191406250000000, 0.537505613876955057328643761138664558529853820800781250000000, 0.813286865908344092090942467621061950922012329101562500000000, 0.621017442037323674774995652114739641547203063964843750000000, 1.177802556721183391275076246529351919889450073242187500000000
 0.000459556487537976043975668227759001638332847505807876586914, 0.222827711005029294177859355841064825654029846191406250000000, 0.537505613876954946306341298623010516166687011718750000000000,-0.813286865908344203113244930136715993285179138183593750000000, 2.520575211552469774289875203976407647132873535156250000000000, 1.177802556721183391275076246529351919889450073242187500000000
 0.000459556487537976043975668227759001638332847505807876586914, 0.222827711005029294177859355841064825654029846191406250000000,-0.537505613876955057328643761138664558529853820800781250000000, 0.813286865908344092090942467621061950922012329101562500000000, 0.621017442037323674774995652114739641547203063964843750000000, 5.105382750458402618676245765527710318565368652343750000000000
 0.000459556487537976043975668227759001638332847505807876586914, 0.222827711005029294177859355841064825654029846191406250000000,-0.537505613876954946306341298623010516166687011718750000000000,-0.813286865908344203113244930136715993285179138183593750000000, 2.520575211552469774289875203976407647132873535156250000000000, 5.105382750458402618676245765527710318565368652343750000000000
 0.000459556487537976043975668227759001638332847505807876586914,-0.222827711005029294177859355841064825654029846191406250000000, 0.537505613876955057328643761138664558529853820800781250000000, 0.813286865908344092090942467621061950922012329101562500000000, 0.621017442037323674774995652114739641547203063964843750000000, 1.963790096868609724722887222014833241701126098632812500000000
 0.000459556487537976043975668227759001638332847505807876586914,-0.222827711005029294177859355841064825654029846191406250000000, 0.537505613876954946306341298623010516166687011718750000000000,-0.813286865908344203113244930136715993285179138183593750000000, 2.520575211552469774289875203976407647132873535156250000000000, 1.963790096868609724722887222014833241701126098632812500000000
 0.000459556487537976043975668227759001638332847505807876586914,-0.222827711005029294177859355841064825654029846191406250000000,-0.537505613876955057328643761138664558529853820800781250000000, 0.813286865908344092090942467621061950922012329101562500000000, 0.621017442037323674774995652114739641547203063964843750000000, 4.319395210310976729317644640104845166206359863281250000000000
 0.000459556487537976043975668227759001638332847505807876586914,-0.222827711005029294177859355841064825654029846191406250000000,-0.537505613876954946306341298623010516166687011718750000000000,-0.813286865908344203113244930136715993285179138183593750000000, 2.520575211552469774289875203976407647132873535156250000000000, 4.319395210310976729317644640104845166206359863281250000000000
 0.000459556487537976043975668227759001638332847505807876586914, 0.222827711005029294177859355841064825654029846191406250000000, 0.813286865908344092090942467621061950922012329101562500000000, 0.537505613876954946306341298623010516166687011718750000000000, 1.003320042386053101424181477341335266828536987304687500000000, 1.303374788222269042847756281844340264797210693359375000000000
 0.000459556487537976043975668227759001638332847505807876586914, 0.222827711005029294177859355841064825654029846191406250000000, 0.813286865908343981068640005105407908558845520019531250000000,-0.537505613876955168350946223654318600893020629882812500000000, 2.138272611203740236618386916234157979488372802734375000000000, 1.303374788222269042847756281844340264797210693359375000000000
 0.000459556487537976043975668227759001638332847505807876586914, 0.222827711005029294177859355841064825654029846191406250000000,-0.813286865908344092090942467621061950922012329101562500000000, 0.537505613876954946306341298623010516166687011718750000000000, 1.003320042386053101424181477341335266828536987304687500000000, 4.979810518957316745058960805181413888931274414062500000000000
 0.000459556487537976043975668227759001638332847505807876586914, 0.222827711005029294177859355841064825654029846191406250000000,-0.813286865908343981068640005105407908558845520019531250000000,-0.537505613876955168350946223654318600893020629882812500000000, 2.138272611203740236618386916234157979488372802734375000000000, 4.979810518957316745058960805181413888931274414062500000000000
 0.000459556487537976043975668227759001638332847505807876586914,-0.222827711005029488466888665243459399789571762084960937500000, 0.813286865908344092090942467621061950922012329101562500000000, 0.537505613876954946306341298623010516166687011718750000000000, 1.003320042386053101424181477341335266828536987304687500000000, 1.838217865367524295194812111731152981519699096679687500000000
 0.000459556487537976043975668227759001638332847505807876586914,-0.222827711005029488466888665243459399789571762084960937500000, 0.813286865908343981068640005105407908558845520019531250000000,-0.537505613876955168350946223654318600893020629882812500000000, 2.138272611203740236618386916234157979488372802734375000000000, 1.838217865367524295194812111731152981519699096679687500000000
 0.000459556487537976043975668227759001638332847505807876586914,-0.222827711005029488466888665243459399789571762084960937500000,-0.813286865908344092090942467621061950922012329101562500000000, 0.537505613876954946306341298623010516166687011718750000000000, 1.003320042386053101424181477341335266828536987304687500000000, 4.444967441812061714756509900325909256935119628906250000000000
 0.000459556487537976043975668227759001638332847505807876586914,-0.222827711005029488466888665243459399789571762084960937500000,-0.813286865908343981068640005105407908558845520019531250000000,-0.537505613876955168350946223654318600893020629882812500000000, 2.138272611203740236618386916234157979488372802734375000000000, 4.444967441812061714756509900325909256935119628906250000000000
 0.000459556487537976043975668227759001638332847505807876586914, 0.813286865908344203113244930136715993285179138183593750000000, 0.537505613876954835284038836107356473803520202636718750000000, 0.222827711005029294177859355841064825654029846191406250000000, 1.346082173840588813717999983055051416158676147460937500000000, 0.584003363762417904148094294214388355612754821777343750000000
 0.000459556487537976043975668227759001638332847505807876586914, 0.813286865908344203113244930136715993285179138183593750000000, 0.537505613876954835284038836107356473803520202636718750000000,-0.222827711005029294177859355841064825654029846191406250000000, 1.795510479749204302279963485489133745431900024414062500000000, 0.584003363762417904148094294214388355612754821777343750000000
 0.000459556487537976043975668227759001638332847505807876586914, 0.813286865908344203113244930136715993285179138183593750000000,-0.537505613876954835284038836107356473803520202636718750000000, 0.222827711005029294177859355841064825654029846191406250000000, 1.346082173840588813717999983055051416158676147460937500000000, 5.699181943417168660914740030420944094657897949218750000000000
 0.000459556487537976043975668227759001638332847505807876586914, 0.813286865908344203113244930136715993285179138183593750000000,-0.537505613876954835284038836107356473803520202636718750000000,-0.222827711005029294177859355841064825654029846191406250000000, 1.795510479749204302279963485489133745431900024414062500000000, 5.699181943417168660914740030420944094657897949218750000000000
 0.000459556487537976043975668227759001638332847505807876586914,-0.813286865908343981068640005105407908558845520019531250000000, 0.537505613876955168350946223654318600893020629882812500000000, 0.222827711005029294177859355841064825654029846191406250000000, 1.346082173840588813717999983055051416158676147460937500000000, 2.557589289827375100827566711814142763614654541015625000000000
 0.000459556487537976043975668227759001638332847505807876586914,-0.813286865908343981068640005105407908558845520019531250000000, 0.537505613876955168350946223654318600893020629882812500000000,-0.222827711005029294177859355841064825654029846191406250000000, 1.795510479749204302279963485489133745431900024414062500000000, 2.557589289827375100827566711814142763614654541015625000000000
 0.000459556487537976043975668227759001638332847505807876586914,-0.813286865908343981068640005105407908558845520019531250000000,-0.537505613876955168350946223654318600893020629882812500000000, 0.222827711005029294177859355841064825654029846191406250000000, 1.346082173840588813717999983055051416158676147460937500000000, 3.725596017352211131168360225274227559566497802734375000000000
 0.000459556487537976043975668227759001638332847505807876586914,-0.813286865908343981068640005105407908558845520019531250000000,-0.537505613876955168350946223654318600893020629882812500000000,-0.222827711005029294177859355841064825654029846191406250000000, 1.795510479749204302279963485489133745431900024414062500000000, 3.725596017352211131168360225274227559566497802734375000000000
 0.000459556487537976043975668227759001638332847505807876586914, 0.813286865908344092090942467621061950922012329101562500000000, 0.222827711005029210911132508954324293881654739379882812500000, 0.537505613876954946306341298623010516166687011718750000000000, 1.003320042386053101424181477341335266828536987304687500000000, 0.267421538572627404128922989912098273634910583496093750000000
 0.000459556487537976043975668227759001638332847505807876586914, 0.813286865908343981068640005105407908558845520019531250000000, 0.222827711005029210911132508954324293881654739379882812500000,-0.537505613876955168350946223654318600893020629882812500000000, 2.138272611203740236618386916234157979488372802734375000000000, 0.267421538572627404128922989912098273634910583496093750000000
 0.000459556487537976043975668227759001638332847505807876586914, 0.813286865908344092090942467621061950922012329101562500000000,-0.222827711005029210911132508954324293881654739379882812500000, 0.537505613876954946306341298623010516166687011718750000000000, 1.003320042386053101424181477341335266828536987304687500000000, 6.015763768606959160933911334723234176635742187500000000000000
 0.000459556487537976043975668227759001638332847505807876586914, 0.813286865908343981068640005105407908558845520019531250000000,-0.222827711005029210911132508954324293881654739379882812500000,-0.537505613876955168350946223654318600893020629882812500000000, 2.138272611203740236618386916234157979488372802734375000000000, 6.015763768606959160933911334723234176635742187500000000000000
 0.000459556487537976043975668227759001638332847505807876586914,-0.813286865908344092090942467621061950922012329101562500000000, 0.222827711005029488466888665243459399789571762084960937500000, 0.537505613876954946306341298623010516166687011718750000000000, 1.003320042386053101424181477341335266828536987304687500000000, 2.874171115017165600846738016116432845592498779296875000000000
 0.000459556487537976043975668227759001638332847505807876586914,-0.813286865908343981068640005105407908558845520019531250000000, 0.222827711005029488466888665243459399789571762084960937500000,-0.537505613876955168350946223654318600893020629882812500000000, 2.138272611203740236618386916234157979488372802734375000000000, 2.874171115017165600846738016116432845592498779296875000000000
 0.000459556487537976043975668227759001638332847505807876586914,-0.813286865908344092090942467621061950922012329101562500000000,-0.222827711005029488466888665243459399789571762084960937500000, 0.537505613876954946306341298623010516166687011718750000000000, 1.003320042386053101424181477341335266828536987304687500000000, 3.409014192162420631149188920971937477588653564453125000000000
 0.000459556487537976043975668227759001638332847505807876586914,-0.813286865908343981068640005105407908558845520019531250000000,-0.222827711005029488466888665243459399789571762084960937500000,-0.537505613876955168350946223654318600893020629882812500000000, 2.138272611203740236618386916234157979488372802734375000000000, 3.409014192162420631149188920971937477588653564453125000000000
 0.000464398877431975744527886673651551063812803477048873901367, 0.581825570866997043850687987287528812885284423828125000000000, 0.267717993501438489278854149233666248619556427001953125000000, 0.767988333922369426076670606562402099370956420898437500000000, 0.695102069573900305243796537979505956172943115234375000000000, 0.431249710339279446191795841514249332249164581298828125000000
 0.000464398877431975744527886673651551063812803477048873901367, 0.581825570866997154872990449803182855248451232910156250000000, 0.267717993501438489278854149233666248619556427001953125000000,-0.767988333922369315054368144046748057007789611816406250000000, 2.446490584015892810754166930564679205417633056640625000000000, 0.431249710339279390680644610256422311067581176757812500000000
 0.000464398877431975744527886673651551063812803477048873901367, 0.581825570866997043850687987287528812885284423828125000000000,-0.267717993501438489278854149233666248619556427001953125000000, 0.767988333922369426076670606562402099370956420898437500000000, 0.695102069573900305243796537979505956172943115234375000000000, 5.851935596840307063359887251863256096839904785156250000000000
 0.000464398877431975744527886673651551063812803477048873901367, 0.581825570866997154872990449803182855248451232910156250000000,-0.267717993501438489278854149233666248619556427001953125000000,-0.767988333922369315054368144046748057007789611816406250000000, 2.446490584015892810754166930564679205417633056640625000000000, 5.851935596840307063359887251863256096839904785156250000000000
 0.000464398877431975744527886673651551063812803477048873901367,-0.581825570866997154872990449803182855248451232910156250000000, 0.267717993501438322745400455460185185074806213378906250000000, 0.767988333922369426076670606562402099370956420898437500000000, 0.695102069573900305243796537979505956172943115234375000000000, 2.710342943250513947361923783319070935249328613281250000000000
 0.000464398877431975744527886673651551063812803477048873901367,-0.581825570866997265895292912318836897611618041992187500000000, 0.267717993501438322745400455460185185074806213378906250000000,-0.767988333922369315054368144046748057007789611816406250000000, 2.446490584015892810754166930564679205417633056640625000000000, 2.710342943250513947361923783319070935249328613281250000000000
 0.000464398877431975744527886673651551063812803477048873901367,-0.581825570866997154872990449803182855248451232910156250000000,-0.267717993501438322745400455460185185074806213378906250000000, 0.767988333922369426076670606562402099370956420898437500000000, 0.695102069573900305243796537979505956172943115234375000000000, 3.572842363929072284634003153769299387931823730468750000000000
 0.000464398877431975744527886673651551063812803477048873901367,-0.581825570866997265895292912318836897611618041992187500000000,-0.267717993501438322745400455460185185074806213378906250000000,-0.767988333922369315054368144046748057007789611816406250000000, 2.446490584015892810754166930564679205417633056640625000000000, 3.572842363929072284634003153769299387931823730468750000000000
 0.000464398877431975744527886673651551063812803477048873901367, 0.581825570866996932828385524771874770522117614746093750000000, 0.767988333922369648121275531593710184097290039062500000000000, 0.267717993501438378256551686718012206256389617919921875000000, 1.299772539113832614532384468475356698036193847656250000000000, 0.922450913276391393225139836431480944156646728515625000000000
 0.000464398877431975744527886673651551063812803477048873901367, 0.581825570866996821806083062256220728158950805664062500000000, 0.767988333922369537098973069078056141734123229980468750000000,-0.267717993501438711323459074264974333345890045166015625000000, 1.841820114475960945554788850131444633007049560546875000000000, 0.922450913276391504247442298947134986519813537597656250000000
 0.000464398877431975744527886673651551063812803477048873901367, 0.581825570866996932828385524771874770522117614746093750000000,-0.767988333922369648121275531593710184097290039062500000000000, 0.267717993501438378256551686718012206256389617919921875000000, 1.299772539113832614532384468475356698036193847656250000000000, 5.360734393903195282859996950719505548477172851562500000000000
 0.000464398877431975744527886673651551063812803477048873901367, 0.581825570866996821806083062256220728158950805664062500000000,-0.767988333922369537098973069078056141734123229980468750000000,-0.267717993501438711323459074264974333345890045166015625000000, 1.841820114475960945554788850131444633007049560546875000000000, 5.360734393903194394681577250594273209571838378906250000000000
 0.000464398877431975744527886673651551063812803477048873901367,-0.581825570866997265895292912318836897611618041992187500000000, 0.767988333922369315054368144046748057007789611816406250000000, 0.267717993501438378256551686718012206256389617919921875000000, 1.299772539113832614532384468475356698036193847656250000000000, 2.219141740313402166862033482175320386886596679687500000000000
 0.000464398877431975744527886673651551063812803477048873901367,-0.581825570866997154872990449803182855248451232910156250000000, 0.767988333922369204032065681531094014644622802734375000000000,-0.267717993501438711323459074264974333345890045166015625000000, 1.841820114475961167599393775162752717733383178710937500000000, 2.219141740313402166862033482175320386886596679687500000000000
 0.000464398877431975744527886673651551063812803477048873901367,-0.581825570866997265895292912318836897611618041992187500000000,-0.767988333922369315054368144046748057007789611816406250000000, 0.267717993501438378256551686718012206256389617919921875000000, 1.299772539113832614532384468475356698036193847656250000000000, 4.064043566866184065133893454913049936294555664062500000000000
 0.000464398877431975744527886673651551063812803477048873901367,-0.581825570866997154872990449803182855248451232910156250000000,-0.767988333922369204032065681531094014644622802734375000000000,-0.267717993501438711323459074264974333345890045166015625000000, 1.841820114475961167599393775162752717733383178710937500000000, 4.064043566866184065133893454913049936294555664062500000000000
 0.000464398877431975744527886673651551063812803477048873901367, 0.267717993501438489278854149233666248619556427001953125000000, 0.581825570866997043850687987287528812885284423828125000000000, 0.767988333922369426076670606562402099370956420898437500000000, 0.695102069573900305243796537979505956172943115234375000000000, 1.139546616455617167318337124015670269727706909179687500000000
 0.000464398877431975744527886673651551063812803477048873901367, 0.267717993501438489278854149233666248619556427001953125000000, 0.581825570866997154872990449803182855248451232910156250000000,-0.767988333922369315054368144046748057007789611816406250000000, 2.446490584015892810754166930564679205417633056640625000000000, 1.139546616455617167318337124015670269727706909179687500000000
 0.000464398877431975744527886673651551063812803477048873901367, 0.267717993501438489278854149233666248619556427001953125000000,-0.581825570866997043850687987287528812885284423828125000000000, 0.767988333922369426076670606562402099370956420898437500000000, 0.695102069573900305243796537979505956172943115234375000000000, 5.143638690723968842632984888041391968727111816406250000000000
 0.000464398877431975744527886673651551063812803477048873901367, 0.267717993501438489278854149233666248619556427001953125000000,-0.581825570866997154872990449803182855248451232910156250000000,-0.767988333922369315054368144046748057007789611816406250000000, 2.446490584015892810754166930564679205417633056640625000000000, 5.143638690723968842632984888041391968727111816406250000000000
 0.000464398877431975744527886673651551063812803477048873901367,-0.267717993501438489278854149233666248619556427001953125000000, 0.581825570866997043850687987287528812885284423828125000000000, 0.767988333922369426076670606562402099370956420898437500000000, 0.695102069573900305243796537979505956172943115234375000000000, 2.002046037134176170724231269559822976589202880859375000000000
 0.000464398877431975744527886673651551063812803477048873901367,-0.267717993501438489278854149233666248619556427001953125000000, 0.581825570866997154872990449803182855248451232910156250000000,-0.767988333922369315054368144046748057007789611816406250000000, 2.446490584015892810754166930564679205417633056640625000000000, 2.002046037134176170724231269559822976589202880859375000000000
 0.000464398877431975744527886673651551063812803477048873901367,-0.267717993501438489278854149233666248619556427001953125000000,-0.581825570866997043850687987287528812885284423828125000000000, 0.767988333922369426076670606562402099370956420898437500000000, 0.695102069573900305243796537979505956172943115234375000000000, 4.281139270045409617182485817465931177139282226562500000000000
 0.000464398877431975744527886673651551063812803477048873901367,-0.267717993501438489278854149233666248619556427001953125000000,-0.581825570866997154872990449803182855248451232910156250000000,-0.767988333922369315054368144046748057007789611816406250000000, 2.446490584015892810754166930564679205417633056640625000000000, 4.281139270045409617182485817465931177139282226562500000000000
 0.000464398877431975744527886673651551063812803477048873901367, 0.267717993501438600301156611749320290982723236083984375000000, 0.767988333922369537098973069078056141734123229980468750000000, 0.581825570866996821806083062256220728158950805664062500000000, 0.949824824670931544545737779117189347743988037109375000000000, 1.235372448314891791198988357791677117347717285156250000000000
 0.000464398877431975744527886673651551063812803477048873901367, 0.267717993501438489278854149233666248619556427001953125000000, 0.767988333922369204032065681531094014644622802734375000000000,-0.581825570866997265895292912318836897611618041992187500000000, 2.191767828918862015541435539489611983299255371093750000000000, 1.235372448314891791198988357791677117347717285156250000000000
 0.000464398877431975744527886673651551063812803477048873901367, 0.267717993501438600301156611749320290982723236083984375000000,-0.767988333922369537098973069078056141734123229980468750000000, 0.581825570866996821806083062256220728158950805664062500000000, 0.949824824670931544545737779117189347743988037109375000000000, 5.047812858864694440796938579296693205833435058593750000000000
 0.000464398877431975744527886673651551063812803477048873901367, 0.267717993501438489278854149233666248619556427001953125000000,-0.767988333922369204032065681531094014644622802734375000000000,-0.581825570866997265895292912318836897611618041992187500000000, 2.191767828918862015541435539489611983299255371093750000000000, 5.047812858864694440796938579296693205833435058593750000000000
 0.000464398877431975744527886673651551063812803477048873901367,-0.267717993501438600301156611749320290982723236083984375000000, 0.767988333922369537098973069078056141734123229980468750000000, 0.581825570866996821806083062256220728158950805664062500000000, 0.949824824670931544545737779117189347743988037109375000000000, 1.906220205274901546843580035783816128969192504882812500000000
 0.000464398877431975744527886673651551063812803477048873901367,-0.267717993501438489278854149233666248619556427001953125000000, 0.767988333922369204032065681531094014644622802734375000000000,-0.581825570866997265895292912318836897611618041992187500000000, 2.191767828918862015541435539489611983299255371093750000000000, 1.906220205274901546843580035783816128969192504882812500000000
 0.000464398877431975744527886673651551063812803477048873901367,-0.267717993501438600301156611749320290982723236083984375000000,-0.767988333922369537098973069078056141734123229980468750000000, 0.581825570866996821806083062256220728158950805664062500000000, 0.949824824670931544545737779117189347743988037109375000000000, 4.376965101904684907196951826335862278938293457031250000000000
 0.000464398877431975744527886673651551063812803477048873901367,-0.267717993501438489278854149233666248619556427001953125000000,-0.767988333922369204032065681531094014644622802734375000000000,-0.581825570866997265895292912318836897611618041992187500000000, 2.191767828918862015541435539489611983299255371093750000000000, 4.376965101904684907196951826335862278938293457031250000000000
 0.000464398877431975744527886673651551063812803477048873901367, 0.767988333922369537098973069078056141734123229980468750000000, 0.581825570866997043850687987287528812885284423828125000000000, 0.267717993501438378256551686718012206256389617919921875000000, 1.299772539113832614532384468475356698036193847656250000000000, 0.648345413518505386818446822871919721364974975585937500000000
 0.000464398877431975744527886673651551063812803477048873901367, 0.767988333922369426076670606562402099370956420898437500000000, 0.581825570866996932828385524771874770522117614746093750000000,-0.267717993501438711323459074264974333345890045166015625000000, 1.841820114475960945554788850131444633007049560546875000000000, 0.648345413518505275796144360356265679001808166503906250000000
 0.000464398877431975744527886673651551063812803477048873901367, 0.767988333922369537098973069078056141734123229980468750000000,-0.581825570866997043850687987287528812885284423828125000000000, 0.267717993501438378256551686718012206256389617919921875000000, 1.299772539113832614532384468475356698036193847656250000000000, 5.634839893661080623132875189185142517089843750000000000000000
 0.000464398877431975744527886673651551063812803477048873901367, 0.767988333922369426076670606562402099370956420898437500000000,-0.581825570866996932828385524771874770522117614746093750000000,-0.267717993501438711323459074264974333345890045166015625000000, 1.841820114475960945554788850131444633007049560546875000000000, 5.634839893661080623132875189185142517089843750000000000000000
 0.000464398877431975744527886673651551063812803477048873901367,-0.767988333922369537098973069078056141734123229980468750000000, 0.581825570866997043850687987287528812885284423828125000000000, 0.267717993501438378256551686718012206256389617919921875000000, 1.299772539113832614532384468475356698036193847656250000000000, 2.493247240071287951224121570703573524951934814453125000000000
 0.000464398877431975744527886673651551063812803477048873901367,-0.767988333922369426076670606562402099370956420898437500000000, 0.581825570866996932828385524771874770522117614746093750000000,-0.267717993501438711323459074264974333345890045166015625000000, 1.841820114475960945554788850131444633007049560546875000000000, 2.493247240071287951224121570703573524951934814453125000000000
 0.000464398877431975744527886673651551063812803477048873901367,-0.767988333922369537098973069078056141734123229980468750000000,-0.581825570866997043850687987287528812885284423828125000000000, 0.267717993501438378256551686718012206256389617919921875000000, 1.299772539113832614532384468475356698036193847656250000000000, 3.789938067108298280771805366384796798229217529296875000000000
 0.000464398877431975744527886673651551063812803477048873901367,-0.767988333922369426076670606562402099370956420898437500000000,-0.581825570866996932828385524771874770522117614746093750000000,-0.267717993501438711323459074264974333345890045166015625000000, 1.841820114475960945554788850131444633007049560546875000000000, 3.789938067108298280771805366384796798229217529296875000000000
 0.000464398877431975744527886673651551063812803477048873901367, 0.767988333922369537098973069078056141734123229980468750000000, 0.267717993501438600301156611749320290982723236083984375000000, 0.581825570866996821806083062256220728158950805664062500000000, 0.949824824670931544545737779117189347743988037109375000000000, 0.335423878480004933333447070253896526992321014404296875000000
 0.000464398877431975744527886673651551063812803477048873901367, 0.767988333922369204032065681531094014644622802734375000000000, 0.267717993501438489278854149233666248619556427001953125000000,-0.581825570866997265895292912318836897611618041992187500000000, 2.191767828918862015541435539489611983299255371093750000000000, 0.335423878480004933333447070253896526992321014404296875000000
 0.000464398877431975744527886673651551063812803477048873901367, 0.767988333922369537098973069078056141734123229980468750000000,-0.267717993501438600301156611749320290982723236083984375000000, 0.581825570866996821806083062256220728158950805664062500000000, 0.949824824670931544545737779117189347743988037109375000000000, 5.947761428699581465195933560607954859733581542968750000000000
 0.000464398877431975744527886673651551063812803477048873901367, 0.767988333922369204032065681531094014644622802734375000000000,-0.267717993501438489278854149233666248619556427001953125000000,-0.581825570866997265895292912318836897611618041992187500000000, 2.191767828918862015541435539489611983299255371093750000000000, 5.947761428699581465195933560607954859733581542968750000000000
 0.000464398877431975744527886673651551063812803477048873901367,-0.767988333922369648121275531593710184097290039062500000000000, 0.267717993501438378256551686718012206256389617919921875000000, 0.581825570866996821806083062256220728158950805664062500000000, 0.949824824670931544545737779117189347743988037109375000000000, 2.806168775109788793287179942126385867595672607421875000000000
 0.000464398877431975744527886673651551063812803477048873901367,-0.767988333922369315054368144046748057007789611816406250000000, 0.267717993501438322745400455460185185074806213378906250000000,-0.581825570866997265895292912318836897611618041992187500000000, 2.191767828918862015541435539489611983299255371093750000000000, 2.806168775109788349197970092063769698143005371093750000000000
 0.000464398877431975744527886673651551063812803477048873901367,-0.767988333922369648121275531593710184097290039062500000000000,-0.267717993501438378256551686718012206256389617919921875000000, 0.581825570866996821806083062256220728158950805664062500000000, 0.949824824670931544545737779117189347743988037109375000000000, 3.477016532069797438708746994961984455585479736328125000000000
 0.000464398877431975744527886673651551063812803477048873901367,-0.767988333922369315054368144046748057007789611816406250000000,-0.267717993501438322745400455460185185074806213378906250000000,-0.581825570866997265895292912318836897611618041992187500000000, 2.191767828918862015541435539489611983299255371093750000000000, 3.477016532069797882797956845024600625038146972656250000000000
 0.000466882749164975667348354004815291773411445319652557373047, 0.623233485814495780097388433205196633934974670410156250000000, 0.311367503554416724664832827329519204795360565185546875000000, 0.717377376204325956088325710879871621727943420410156250000000, 0.770765775001271857824747257836861535906791687011718750000000, 0.463327627194914437591677369709941558539867401123046875000000
 0.000466882749164975667348354004815291773411445319652557373047, 0.623233485814495669075085970689542591571807861328125000000000, 0.311367503554416613642530364813865162432193756103515625000000,-0.717377376204326067110628173395525664091110229492187500000000, 2.370826878588521591240123598254285752773284912109375000000000, 0.463327627194914326569374907194287516176700592041015625000000
 0.000466882749164975667348354004815291773411445319652557373047, 0.623233485814495780097388433205196633934974670410156250000000,-0.311367503554416724664832827329519204795360565185546875000000, 0.717377376204325956088325710879871621727943420410156250000000, 0.770765775001271857824747257836861535906791687011718750000000, 5.819857679984671960937703261151909828186035156250000000000000
 0.000466882749164975667348354004815291773411445319652557373047, 0.623233485814495669075085970689542591571807861328125000000000,-0.311367503554416613642530364813865162432193756103515625000000,-0.717377376204326067110628173395525664091110229492187500000000, 2.370826878588521591240123598254285752773284912109375000000000, 5.819857679984671960937703261151909828186035156250000000000000
 0.000466882749164975667348354004815291773411445319652557373047,-0.623233485814495780097388433205196633934974670410156250000000, 0.311367503554416613642530364813865162432193756103515625000000, 0.717377376204325956088325710879871621727943420410156250000000, 0.770765775001271857824747257836861535906791687011718750000000, 2.678265026394878844939739792607724666595458984375000000000000
 0.000466882749164975667348354004815291773411445319652557373047,-0.623233485814495669075085970689542591571807861328125000000000, 0.311367503554416502620227902298211120069026947021484375000000,-0.717377376204326067110628173395525664091110229492187500000000, 2.370826878588521591240123598254285752773284912109375000000000, 2.678265026394878844939739792607724666595458984375000000000000
 0.000466882749164975667348354004815291773411445319652557373047,-0.623233485814495780097388433205196633934974670410156250000000,-0.311367503554416613642530364813865162432193756103515625000000, 0.717377376204325956088325710879871621727943420410156250000000, 0.770765775001271857824747257836861535906791687011718750000000, 3.604920280784707387056187144480645656585693359375000000000000
 0.000466882749164975667348354004815291773411445319652557373047,-0.623233485814495669075085970689542591571807861328125000000000,-0.311367503554416502620227902298211120069026947021484375000000,-0.717377376204326067110628173395525664091110229492187500000000, 2.370826878588521591240123598254285752773284912109375000000000, 3.604920280784707387056187144480645656585693359375000000000000
 0.000466882749164975667348354004815291773411445319652557373047, 0.623233485814495891119690895720850676298141479492187500000000, 0.717377376204326067110628173395525664091110229492187500000000, 0.311367503554416391597925439782557077705860137939453125000000, 1.254164594175035452039423944370355457067489624023437500000000, 0.855507687771587477243429020745679736137390136718750000000000
 0.000466882749164975667348354004815291773411445319652557373047, 0.623233485814495780097388433205196633934974670410156250000000, 0.717377376204325956088325710879871621727943420410156250000000,-0.311367503554416724664832827329519204795360565185546875000000, 1.887428059414758108047749374236445873975753784179687500000000, 0.855507687771587588265731483261333778500556945800781250000000
 0.000466882749164975667348354004815291773411445319652557373047, 0.623233485814495891119690895720850676298141479492187500000000,-0.717377376204326067110628173395525664091110229492187500000000, 0.311367503554416391597925439782557077705860137939453125000000, 1.254164594175035452039423944370355457067489624023437500000000, 5.427677619407998754752497916342690587043762207031250000000000
 0.000466882749164975667348354004815291773411445319652557373047, 0.623233485814495780097388433205196633934974670410156250000000,-0.717377376204325956088325710879871621727943420410156250000000,-0.311367503554416724664832827329519204795360565185546875000000, 1.887428059414758108047749374236445873975753784179687500000000, 5.427677619407998754752497916342690587043762207031250000000000
 0.000466882749164975667348354004815291773411445319652557373047,-0.623233485814495669075085970689542591571807861328125000000000, 0.717377376204326178132930635911179706454277038574218750000000, 0.311367503554416391597925439782557077705860137939453125000000, 1.254164594175035452039423944370355457067489624023437500000000, 2.286084965818205638754534447798505425453186035156250000000000
 0.000466882749164975667348354004815291773411445319652557373047,-0.623233485814495558052783508173888549208641052246093750000000, 0.717377376204326178132930635911179706454277038574218750000000,-0.311367503554416724664832827329519204795360565185546875000000, 1.887428059414758108047749374236445873975753784179687500000000, 2.286084965818205194665324597735889256000518798828125000000000
 0.000466882749164975667348354004815291773411445319652557373047,-0.623233485814495669075085970689542591571807861328125000000000,-0.717377376204326178132930635911179706454277038574218750000000, 0.311367503554416391597925439782557077705860137939453125000000, 1.254164594175035452039423944370355457067489624023437500000000, 3.997100341361380593241392489289864897727966308593750000000000
 0.000466882749164975667348354004815291773411445319652557373047,-0.623233485814495558052783508173888549208641052246093750000000,-0.717377376204326178132930635911179706454277038574218750000000,-0.311367503554416724664832827329519204795360565185546875000000, 1.887428059414758108047749374236445873975753784179687500000000, 3.997100341361381037330602339352481067180633544921875000000000
 0.000466882749164975667348354004815291773411445319652557373047, 0.311367503554416391597925439782557077705860137939453125000000, 0.623233485814495780097388433205196633934974670410156250000000, 0.717377376204325956088325710879871621727943420410156250000000, 0.770765775001271746802444795321207493543624877929687500000000, 1.107468699599982731029967908398248255252838134765625000000000
 0.000466882749164975667348354004815291773411445319652557373047, 0.311367503554416391597925439782557077705860137939453125000000, 0.623233485814495780097388433205196633934974670410156250000000,-0.717377376204326067110628173395525664091110229492187500000000, 2.370826878588521591240123598254285752773284912109375000000000, 1.107468699599982731029967908398248255252838134765625000000000
 0.000466882749164975667348354004815291773411445319652557373047, 0.311367503554416391597925439782557077705860137939453125000000,-0.623233485814495780097388433205196633934974670410156250000000, 0.717377376204325956088325710879871621727943420410156250000000, 0.770765775001271746802444795321207493543624877929687500000000, 5.175716607579603945055168878752738237380981445312500000000000
 0.000466882749164975667348354004815291773411445319652557373047, 0.311367503554416391597925439782557077705860137939453125000000,-0.623233485814495780097388433205196633934974670410156250000000,-0.717377376204326067110628173395525664091110229492187500000000, 2.370826878588521591240123598254285752773284912109375000000000, 5.175716607579603945055168878752738237380981445312500000000000
 0.000466882749164975667348354004815291773411445319652557373047,-0.311367503554416613642530364813865162432193756103515625000000, 0.623233485814495780097388433205196633934974670410156250000000, 0.717377376204325956088325710879871621727943420410156250000000, 0.770765775001271857824747257836861535906791687011718750000000, 2.034123953989810829057205410208553075790405273437500000000000
 0.000466882749164975667348354004815291773411445319652557373047,-0.311367503554416502620227902298211120069026947021484375000000, 0.623233485814495669075085970689542591571807861328125000000000,-0.717377376204326067110628173395525664091110229492187500000000, 2.370826878588521591240123598254285752773284912109375000000000, 2.034123953989810829057205410208553075790405273437500000000000
 0.000466882749164975667348354004815291773411445319652557373047,-0.311367503554416613642530364813865162432193756103515625000000,-0.623233485814495780097388433205196633934974670410156250000000, 0.717377376204325956088325710879871621727943420410156250000000, 0.770765775001271857824747257836861535906791687011718750000000, 4.249061353189775402938721526879817247390747070312500000000000
 0.000466882749164975667348354004815291773411445319652557373047,-0.311367503554416502620227902298211120069026947021484375000000,-0.623233485814495669075085970689542591571807861328125000000000,-0.717377376204326067110628173395525664091110229492187500000000, 2.370826878588521591240123598254285752773284912109375000000000, 4.249061353189775402938721526879817247390747070312500000000000
 0.000466882749164975667348354004815291773411445319652557373047, 0.311367503554416391597925439782557077705860137939453125000000, 0.717377376204325956088325710879871621727943420410156250000000, 0.623233485814495891119690895720850676298141479492187500000000, 0.897925698712461528572248425916768610477447509765625000000000, 1.161297189784454841898764243524055927991867065429687500000000
 0.000466882749164975667348354004815291773411445319652557373047, 0.311367503554416391597925439782557077705860137939453125000000, 0.717377376204326067110628173395525664091110229492187500000000,-0.623233485814495780097388433205196633934974670410156250000000, 2.243666954877331587425715042627416551113128662109375000000000, 1.161297189784454841898764243524055927991867065429687500000000
 0.000466882749164975667348354004815291773411445319652557373047, 0.311367503554416391597925439782557077705860137939453125000000,-0.717377376204325956088325710879871621727943420410156250000000, 0.623233485814495891119690895720850676298141479492187500000000, 0.897925698712461528572248425916768610477447509765625000000000, 5.121888117395131168052557768533006310462951660156250000000000
 0.000466882749164975667348354004815291773411445319652557373047, 0.311367503554416391597925439782557077705860137939453125000000,-0.717377376204326067110628173395525664091110229492187500000000,-0.623233485814495780097388433205196633934974670410156250000000, 2.243666954877331587425715042627416551113128662109375000000000, 5.121888117395131168052557768533006310462951660156250000000000
 0.000466882749164975667348354004815291773411445319652557373047,-0.311367503554416613642530364813865162432193756103515625000000, 0.717377376204325845066023248364217579364776611328125000000000, 0.623233485814495891119690895720850676298141479492187500000000, 0.897925698712461417549945963401114568114280700683593750000000, 1.980295463805338718188409075082745403051376342773437500000000
 0.000466882749164975667348354004815291773411445319652557373047,-0.311367503554416613642530364813865162432193756103515625000000, 0.717377376204325956088325710879871621727943420410156250000000,-0.623233485814495780097388433205196633934974670410156250000000, 2.243666954877331587425715042627416551113128662109375000000000, 1.980295463805338718188409075082745403051376342773437500000000
 0.000466882749164975667348354004815291773411445319652557373047,-0.311367503554416613642530364813865162432193756103515625000000,-0.717377376204325845066023248364217579364776611328125000000000, 0.623233485814495891119690895720850676298141479492187500000000, 0.897925698712461417549945963401114568114280700683593750000000, 4.302889843374247291762912936974316835403442382812500000000000
 0.000466882749164975667348354004815291773411445319652557373047,-0.311367503554416613642530364813865162432193756103515625000000,-0.717377376204325956088325710879871621727943420410156250000000,-0.623233485814495780097388433205196633934974670410156250000000, 2.243666954877331587425715042627416551113128662109375000000000, 4.302889843374247291762912936974316835403442382812500000000000
 0.000466882749164975667348354004815291773411445319652557373047, 0.717377376204325845066023248364217579364776611328125000000000, 0.623233485814496113164295820752158761024475097656250000000000, 0.311367503554416391597925439782557077705860137939453125000000, 1.254164594175035452039423944370355457067489624023437500000000, 0.715288639023309413822460101073374971747398376464843750000000
 0.000466882749164975667348354004815291773411445319652557373047, 0.717377376204325734043720785848563537001609802246093750000000, 0.623233485814496002141993358236504718661308288574218750000000,-0.311367503554416724664832827329519204795360565185546875000000, 1.887428059414758108047749374236445873975753784179687500000000, 0.715288639023309413822460101073374971747398376464843750000000
 0.000466882749164975667348354004815291773411445319652557373047, 0.717377376204325845066023248364217579364776611328125000000000,-0.623233485814496113164295820752158761024475097656250000000000, 0.311367503554416391597925439782557077705860137939453125000000, 1.254164594175035452039423944370355457067489624023437500000000, 5.567896668156277151240374223561957478523254394531250000000000
 0.000466882749164975667348354004815291773411445319652557373047, 0.717377376204325734043720785848563537001609802246093750000000,-0.623233485814496002141993358236504718661308288574218750000000,-0.311367503554416724664832827329519204795360565185546875000000, 1.887428059414758108047749374236445873975753784179687500000000, 5.567896668156277151240374223561957478523254394531250000000000
 0.000466882749164975667348354004815291773411445319652557373047,-0.717377376204326178132930635911179706454277038574218750000000, 0.623233485814495669075085970689542591571807861328125000000000, 0.311367503554416391597925439782557077705860137939453125000000, 1.254164594175035452039423944370355457067489624023437500000000, 2.426304014566484479331620605080388486385345458984375000000000
 0.000466882749164975667348354004815291773411445319652557373047,-0.717377376204326178132930635911179706454277038574218750000000, 0.623233485814495558052783508173888549208641052246093750000000,-0.311367503554416724664832827329519204795360565185546875000000, 1.887428059414758108047749374236445873975753784179687500000000, 2.426304014566484479331620605080388486385345458984375000000000
 0.000466882749164975667348354004815291773411445319652557373047,-0.717377376204326178132930635911179706454277038574218750000000,-0.623233485814495669075085970689542591571807861328125000000000, 0.311367503554416391597925439782557077705860137939453125000000, 1.254164594175035452039423944370355457067489624023437500000000, 3.856881292613101752664306332007981836795806884765625000000000
 0.000466882749164975667348354004815291773411445319652557373047,-0.717377376204326178132930635911179706454277038574218750000000,-0.623233485814495558052783508173888549208641052246093750000000,-0.311367503554416724664832827329519204795360565185546875000000, 1.887428059414758108047749374236445873975753784179687500000000, 3.856881292613101752664306332007981836795806884765625000000000
 0.000466882749164975667348354004815291773411445319652557373047, 0.717377376204325956088325710879871621727943420410156250000000, 0.311367503554416391597925439782557077705860137939453125000000, 0.623233485814495891119690895720850676298141479492187500000000, 0.897925698712461528572248425916768610477447509765625000000000, 0.409499137010441882633671184521517716348171234130859375000000
 0.000466882749164975667348354004815291773411445319652557373047, 0.717377376204326067110628173395525664091110229492187500000000, 0.311367503554416391597925439782557077705860137939453125000000,-0.623233485814495780097388433205196633934974670410156250000000, 2.243666954877331587425715042627416551113128662109375000000000, 0.409499137010441827122519953263690695166587829589843750000000
 0.000466882749164975667348354004815291773411445319652557373047, 0.717377376204325956088325710879871621727943420410156250000000,-0.311367503554416391597925439782557077705860137939453125000000, 0.623233485814495891119690895720850676298141479492187500000000, 0.897925698712461528572248425916768610477447509765625000000000, 5.873686170169144737940314371371641755104064941406250000000000
 0.000466882749164975667348354004815291773411445319652557373047, 0.717377376204326067110628173395525664091110229492187500000000,-0.311367503554416391597925439782557077705860137939453125000000,-0.623233485814495780097388433205196633934974670410156250000000, 2.243666954877331587425715042627416551113128662109375000000000, 5.873686170169144737940314371371641755104064941406250000000000
 0.000466882749164975667348354004815291773411445319652557373047,-0.717377376204325956088325710879871621727943420410156250000000, 0.311367503554416391597925439782557077705860137939453125000000, 0.623233485814495891119690895720850676298141479492187500000000, 0.897925698712461528572248425916768610477447509765625000000000, 2.732093516579351177853141052764840424060821533203125000000000
 0.000466882749164975667348354004815291773411445319652557373047,-0.717377376204326067110628173395525664091110229492187500000000, 0.311367503554416391597925439782557077705860137939453125000000,-0.623233485814495780097388433205196633934974670410156250000000, 2.243666954877331587425715042627416551113128662109375000000000, 2.732093516579351621942350902827456593513488769531250000000000
 0.000466882749164975667348354004815291773411445319652557373047,-0.717377376204325956088325710879871621727943420410156250000000,-0.311367503554416391597925439782557077705860137939453125000000, 0.623233485814495891119690895720850676298141479492187500000000, 0.897925698712461528572248425916768610477447509765625000000000, 3.551091790600235054142785884323529899120330810546875000000000
 0.000466882749164975667348354004815291773411445319652557373047,-0.717377376204326067110628173395525664091110229492187500000000,-0.311367503554416391597925439782557077705860137939453125000000,-0.623233485814495780097388433205196633934974670410156250000000, 2.243666954877331587425715042627416551113128662109375000000000, 3.551091790600234610053576034260913729667663574218750000000000
 0.000440054182373977029792827542209465718769934028387069702148, 0.448948535449205710090581078475224785506725311279296875000000, 0.044091623783681803405709587195815402083098888397216796875000, 0.892469126205568841214699205011129379272460937500000000000000, 0.468006984666909708892035268945619463920593261718750000000000, 0.097896919211610172739668200847518164664506912231445312500000
 0.000440054182373977029792827542209465718769934028387069702148, 0.448948535449205599068278615959570743143558502197265625000000, 0.044091623783681803405709587195815402083098888397216796875000,-0.892469126205568952237001667526783421635627746582031250000000, 2.673585668922883851195138049661181867122650146484375000000000, 0.097896919211610200495243816476431675255298614501953125000000
 0.000440054182373977029792827542209465718769934028387069702148, 0.448948535449205710090581078475224785506725311279296875000000,-0.044091623783681803405709587195815402083098888397216796875000, 0.892469126205568841214699205011129379272460937500000000000000, 0.468006984666909708892035268945619463920593261718750000000000, 6.185288387967975864967229426838457584381103515625000000000000
 0.000440054182373977029792827542209465718769934028387069702148, 0.448948535449205599068278615959570743143558502197265625000000,-0.044091623783681803405709587195815402083098888397216796875000,-0.892469126205568952237001667526783421635627746582031250000000, 2.673585668922883851195138049661181867122650146484375000000000, 6.185288387967975864967229426838457584381103515625000000000000
 0.000440054182373977029792827542209465718769934028387069702148,-0.448948535449205710090581078475224785506725311279296875000000, 0.044091623783681699322301028587389737367630004882812500000000, 0.892469126205568841214699205011129379272460937500000000000000, 0.468006984666909708892035268945619463920593261718750000000000, 3.043695734378183193058475808356888592243194580078125000000000
 0.000440054182373977029792827542209465718769934028387069702148,-0.448948535449205599068278615959570743143558502197265625000000, 0.044091623783681699322301028587389737367630004882812500000000,-0.892469126205568952237001667526783421635627746582031250000000, 2.673585668922883851195138049661181867122650146484375000000000, 3.043695734378183193058475808356888592243194580078125000000000
 0.000440054182373977029792827542209465718769934028387069702148,-0.448948535449205710090581078475224785506725311279296875000000,-0.044091623783681699322301028587389737367630004882812500000000, 0.892469126205568841214699205011129379272460937500000000000000, 0.468006984666909708892035268945619463920593261718750000000000, 3.239489572801403038937451128731481730937957763671875000000000
 0.000440054182373977029792827542209465718769934028387069702148,-0.448948535449205599068278615959570743143558502197265625000000,-0.044091623783681699322301028587389737367630004882812500000000,-0.892469126205568952237001667526783421635627746582031250000000, 2.673585668922883851195138049661181867122650146484375000000000, 3.239489572801403038937451128731481730937957763671875000000000
 0.000440054182373977029792827542209465718769934028387069702148, 0.448948535449205710090581078475224785506725311279296875000000, 0.892469126205568841214699205011129379272460937500000000000000, 0.044091623783681699322301028587389737367630004882812500000000, 1.526690404288726155002109408087562769651412963867187500000000, 1.104718901726360780202185196685604751110076904296875000000000
 0.000440054182373977029792827542209465718769934028387069702148, 0.448948535449205710090581078475224785506725311279296875000000, 0.892469126205568841214699205011129379272460937500000000000000,-0.044091623783681900550224241897012689150869846343994140625000, 1.614902249301067405085063910519238561391830444335937500000000, 1.104718901726360780202185196685604751110076904296875000000000
 0.000440054182373977029792827542209465718769934028387069702148, 0.448948535449205710090581078475224785506725311279296875000000,-0.892469126205568841214699205011129379272460937500000000000000, 0.044091623783681699322301028587389737367630004882812500000000, 1.526690404288726155002109408087562769651412963867187500000000, 5.178466405453225007704531890340149402618408203125000000000000
 0.000440054182373977029792827542209465718769934028387069702148, 0.448948535449205710090581078475224785506725311279296875000000,-0.892469126205568841214699205011129379272460937500000000000000,-0.044091623783681900550224241897012689150869846343994140625000, 1.614902249301067405085063910519238561391830444335937500000000, 5.178466405453225007704531890340149402618408203125000000000000
 0.000440054182373977029792827542209465718769934028387069702148,-0.448948535449205710090581078475224785506725311279296875000000, 0.892469126205568841214699205011129379272460937500000000000000, 0.044091623783681699322301028587389737367630004882812500000000, 1.526690404288726155002109408087562769651412963867187500000000, 2.036873751863432335795778271858580410480499267578125000000000
 0.000440054182373977029792827542209465718769934028387069702148,-0.448948535449205710090581078475224785506725311279296875000000, 0.892469126205568841214699205011129379272460937500000000000000,-0.044091623783681900550224241897012689150869846343994140625000, 1.614902249301067405085063910519238561391830444335937500000000, 2.036873751863432335795778271858580410480499267578125000000000
 0.000440054182373977029792827542209465718769934028387069702148,-0.448948535449205710090581078475224785506725311279296875000000,-0.892469126205568841214699205011129379272460937500000000000000, 0.044091623783681699322301028587389737367630004882812500000000, 1.526690404288726155002109408087562769651412963867187500000000, 4.246311555316154340289358515292406082153320312500000000000000
 0.000440054182373977029792827542209465718769934028387069702148,-0.448948535449205710090581078475224785506725311279296875000000,-0.892469126205568841214699205011129379272460937500000000000000,-0.044091623783681900550224241897012689150869846343994140625000, 1.614902249301067405085063910519238561391830444335937500000000, 4.246311555316154340289358515292406082153320312500000000000000
 0.000440054182373977029792827542209465718769934028387069702148, 0.044091623783681699322301028587389737367630004882812500000000, 0.448948535449205710090581078475224785506725311279296875000000, 0.892469126205568841214699205011129379272460937500000000000000, 0.468006984666909708892035268945619463920593261718750000000000, 1.472899407583286635059494074084796011447906494140625000000000
 0.000440054182373977029792827542209465718769934028387069702148, 0.044091623783681699322301028587389737367630004882812500000000, 0.448948535449205599068278615959570743143558502197265625000000,-0.892469126205568952237001667526783421635627746582031250000000, 2.673585668922883851195138049661181867122650146484375000000000, 1.472899407583286635059494074084796011447906494140625000000000
 0.000440054182373977029792827542209465718769934028387069702148, 0.044091623783681699322301028587389737367630004882812500000000,-0.448948535449205710090581078475224785506725311279296875000000, 0.892469126205568841214699205011129379272460937500000000000000, 0.468006984666909708892035268945619463920593261718750000000000, 4.810285899596300041025642713066190481185913085937500000000000
 0.000440054182373977029792827542209465718769934028387069702148, 0.044091623783681699322301028587389737367630004882812500000000,-0.448948535449205599068278615959570743143558502197265625000000,-0.892469126205568952237001667526783421635627746582031250000000, 2.673585668922883851195138049661181867122650146484375000000000, 4.810285899596300041025642713066190481185913085937500000000000
 0.000440054182373977029792827542209465718769934028387069702148,-0.044091623783681803405709587195815402083098888397216796875000, 0.448948535449205710090581078475224785506725311279296875000000, 0.892469126205568841214699205011129379272460937500000000000000, 0.468006984666909708892035268945619463920593261718750000000000, 1.668693246006506702983074319490697234869003295898437500000000
 0.000440054182373977029792827542209465718769934028387069702148,-0.044091623783681803405709587195815402083098888397216796875000, 0.448948535449205599068278615959570743143558502197265625000000,-0.892469126205568952237001667526783421635627746582031250000000, 2.673585668922883851195138049661181867122650146484375000000000, 1.668693246006506925027679244522005319595336914062500000000000
 0.000440054182373977029792827542209465718769934028387069702148,-0.044091623783681803405709587195815402083098888397216796875000,-0.448948535449205710090581078475224785506725311279296875000000, 0.892469126205568841214699205011129379272460937500000000000000, 0.468006984666909708892035268945619463920593261718750000000000, 4.614492061173079306968247692566365003585815429687500000000000
 0.000440054182373977029792827542209465718769934028387069702148,-0.044091623783681803405709587195815402083098888397216796875000,-0.448948535449205599068278615959570743143558502197265625000000,-0.892469126205568952237001667526783421635627746582031250000000, 2.673585668922883851195138049661181867122650146484375000000000, 4.614492061173079306968247692566365003585815429687500000000000
 0.000440054182373977029792827542209465718769934028387069702148, 0.044091623783681602177786373886192450299859046936035156250000, 0.892469126205568841214699205011129379272460937500000000000000, 0.448948535449205710090581078475224785506725311279296875000000, 1.105208053199771889296698645921424031257629394531250000000000, 1.521432374007353205414005969942081719636917114257812500000000
 0.000440054182373977029792827542209465718769934028387069702148, 0.044091623783681602177786373886192450299859046936035156250000, 0.892469126205568730192396742495475336909294128417968750000000,-0.448948535449205987646337234764359891414642333984375000000000, 2.036384600390021670790474672685377299785614013671875000000000, 1.521432374007353205414005969942081719636917114257812500000000
 0.000440054182373977029792827542209465718769934028387069702148, 0.044091623783681602177786373886192450299859046936035156250000,-0.892469126205568841214699205011129379272460937500000000000000, 0.448948535449205710090581078475224785506725311279296875000000, 1.105208053199771889296698645921424031257629394531250000000000, 4.761752933172233248626525892177596688270568847656250000000000
 0.000440054182373977029792827542209465718769934028387069702148, 0.044091623783681602177786373886192450299859046936035156250000,-0.892469126205568730192396742495475336909294128417968750000000,-0.448948535449205987646337234764359891414642333984375000000000, 2.036384600390021670790474672685377299785614013671875000000000, 4.761752933172233248626525892177596688270568847656250000000000
 0.000440054182373977029792827542209465718769934028387069702148,-0.044091623783681602177786373886192450299859046936035156250000, 0.892469126205568841214699205011129379272460937500000000000000, 0.448948535449205710090581078475224785506725311279296875000000, 1.105208053199771889296698645921424031257629394531250000000000, 1.620160279582440132628562423633411526679992675781250000000000
 0.000440054182373977029792827542209465718769934028387069702148,-0.044091623783681602177786373886192450299859046936035156250000, 0.892469126205568730192396742495475336909294128417968750000000,-0.448948535449205987646337234764359891414642333984375000000000, 2.036384600390021670790474672685377299785614013671875000000000, 1.620160279582440132628562423633411526679992675781250000000000
 0.000440054182373977029792827542209465718769934028387069702148,-0.044091623783681602177786373886192450299859046936035156250000,-0.892469126205568841214699205011129379272460937500000000000000, 0.448948535449205710090581078475224785506725311279296875000000, 1.105208053199771889296698645921424031257629394531250000000000, 4.663025027597146099367364513454958796501159667968750000000000
 0.000440054182373977029792827542209465718769934028387069702148,-0.044091623783681602177786373886192450299859046936035156250000,-0.892469126205568730192396742495475336909294128417968750000000,-0.448948535449205987646337234764359891414642333984375000000000, 2.036384600390021670790474672685377299785614013671875000000000, 4.663025027597146099367364513454958796501159667968750000000000
 0.000440054182373977029792827542209465718769934028387069702148, 0.892469126205568841214699205011129379272460937500000000000000, 0.448948535449205710090581078475224785506725311279296875000000, 0.044091623783681699322301028587389737367630004882812500000000, 1.526690404288726155002109408087562769651412963867187500000000, 0.466077425068535833307947768844314850866794586181640625000000
 0.000440054182373977029792827542209465718769934028387069702148, 0.892469126205568841214699205011129379272460937500000000000000, 0.448948535449205710090581078475224785506725311279296875000000,-0.044091623783681900550224241897012689150869846343994140625000, 1.614902249301067405085063910519238561391830444335937500000000, 0.466077425068535833307947768844314850866794586181640625000000
 0.000440054182373977029792827542209465718769934028387069702148, 0.892469126205568841214699205011129379272460937500000000000000,-0.448948535449205710090581078475224785506725311279296875000000, 0.044091623783681699322301028587389737367630004882812500000000, 1.526690404288726155002109408087562769651412963867187500000000, 5.817107882111050010109920549439266324043273925781250000000000
 0.000440054182373977029792827542209465718769934028387069702148, 0.892469126205568841214699205011129379272460937500000000000000,-0.448948535449205710090581078475224785506725311279296875000000,-0.044091623783681900550224241897012689150869846343994140625000, 1.614902249301067405085063910519238561391830444335937500000000, 5.817107882111050010109920549439266324043273925781250000000000
 0.000440054182373977029792827542209465718769934028387069702148,-0.892469126205568730192396742495475336909294128417968750000000, 0.448948535449205876624034772248705849051475524902343750000000, 0.044091623783681699322301028587389737367630004882812500000000, 1.526690404288726155002109408087562769651412963867187500000000, 2.675515228521257338201166930957697331905364990234375000000000
 0.000440054182373977029792827542209465718769934028387069702148,-0.892469126205568730192396742495475336909294128417968750000000, 0.448948535449205876624034772248705849051475524902343750000000,-0.044091623783681900550224241897012689150869846343994140625000, 1.614902249301067405085063910519238561391830444335937500000000, 2.675515228521257338201166930957697331905364990234375000000000
 0.000440054182373977029792827542209465718769934028387069702148,-0.892469126205568730192396742495475336909294128417968750000000,-0.448948535449205876624034772248705849051475524902343750000000, 0.044091623783681699322301028587389737367630004882812500000000, 1.526690404288726155002109408087562769651412963867187500000000, 3.607670078658328893794760006130672991275787353515625000000000
 0.000440054182373977029792827542209465718769934028387069702148,-0.892469126205568730192396742495475336909294128417968750000000,-0.448948535449205876624034772248705849051475524902343750000000,-0.044091623783681900550224241897012689150869846343994140625000, 1.614902249301067405085063910519238561391830444335937500000000, 3.607670078658328893794760006130672991275787353515625000000000
 0.000440054182373977029792827542209465718769934028387069702148, 0.892469126205568841214699205011129379272460937500000000000000, 0.044091623783681900550224241897012689150869846343994140625000, 0.448948535449205710090581078475224785506725311279296875000000, 1.105208053199771889296698645921424031257629394531250000000000, 0.049363952787543803613079518299855408258736133575439453125000
 0.000440054182373977029792827542209465718769934028387069702148, 0.892469126205568730192396742495475336909294128417968750000000, 0.044091623783681900550224241897012689150869846343994140625000,-0.448948535449205987646337234764359891414642333984375000000000, 2.036384600390021670790474672685377299785614013671875000000000, 0.049363952787543810551973422207083785906434059143066406250000
 0.000440054182373977029792827542209465718769934028387069702148, 0.892469126205568841214699205011129379272460937500000000000000,-0.044091623783681900550224241897012689150869846343994140625000, 0.448948535449205710090581078475224785506725311279296875000000, 1.105208053199771889296698645921424031257629394531250000000000, 6.233821354392042657366346247727051377296447753906250000000000
 0.000440054182373977029792827542209465718769934028387069702148, 0.892469126205568730192396742495475336909294128417968750000000,-0.044091623783681900550224241897012689150869846343994140625000,-0.448948535449205987646337234764359891414642333984375000000000, 2.036384600390021670790474672685377299785614013671875000000000, 6.233821354392042657366346247727051377296447753906250000000000
 0.000440054182373977029792827542209465718769934028387069702148,-0.892469126205568841214699205011129379272460937500000000000000, 0.044091623783681803405709587195815402083098888397216796875000, 0.448948535449205710090581078475224785506725311279296875000000, 1.105208053199771889296698645921424031257629394531250000000000, 3.092228700802249541368382779182866215705871582031250000000000
 0.000440054182373977029792827542209465718769934028387069702148,-0.892469126205568730192396742495475336909294128417968750000000, 0.044091623783681803405709587195815402083098888397216796875000,-0.448948535449205987646337234764359891414642333984375000000000, 2.036384600390021670790474672685377299785614013671875000000000, 3.092228700802249541368382779182866215705871582031250000000000
 0.000440054182373977029792827542209465718769934028387069702148,-0.892469126205568841214699205011129379272460937500000000000000,-0.044091623783681803405709587195815402083098888397216796875000, 0.448948535449205710090581078475224785506725311279296875000000, 1.105208053199771889296698645921424031257629394531250000000000, 3.190956606377336690627544157905504107475280761718750000000000
 0.000440054182373977029792827542209465718769934028387069702148,-0.892469126205568730192396742495475336909294128417968750000000,-0.044091623783681803405709587195815402083098888397216796875000,-0.448948535449205987646337234764359891414642333984375000000000, 2.036384600390021670790474672685377299785614013671875000000000, 3.190956606377336690627544157905504107475280761718750000000000
 0.000451451289018976406348243601840408700809348374605178833008, 0.501513687593315160562212895456468686461448669433593750000000, 0.089390099177484805270665901844040490686893463134765625000000, 0.860519280042925105433937460475135594606399536132812500000000, 0.534508170573307572759347294777398928999900817871093750000000, 0.176388229813616154162403404370706994086503982543945312500000
 0.000451451289018976406348243601840408700809348374605178833008, 0.501513687593315049539910432940814644098281860351562500000000, 0.089390099177484805270665901844040490686893463134765625000000,-0.860519280042925216456239922990789636969566345214843750000000, 2.607084483016485876305523561313748359680175781250000000000000, 0.176388229813616209673554635628534015268087387084960937500000
 0.000451451289018976406348243601840408700809348374605178833008, 0.501513687593315160562212895456468686461448669433593750000000,-0.089390099177484805270665901844040490686893463134765625000000, 0.860519280042925105433937460475135594606399536132812500000000, 0.534508170573307572759347294777398928999900817871093750000000, 6.106797077365969883544494223315268754959106445312500000000000
 0.000451451289018976406348243601840408700809348374605178833008, 0.501513687593315049539910432940814644098281860351562500000000,-0.089390099177484805270665901844040490686893463134765625000000,-0.860519280042925216456239922990789636969566345214843750000000, 2.607084483016485876305523561313748359680175781250000000000000, 6.106797077365969883544494223315268754959106445312500000000000
 0.000451451289018976406348243601840408700809348374605178833008,-0.501513687593315160562212895456468686461448669433593750000000, 0.089390099177484597103848784627189161255955696105957031250000, 0.860519280042925105433937460475135594606399536132812500000000, 0.534508170573307572759347294777398928999900817871093750000000, 2.965204423776177655724950454896315932273864746093750000000000
 0.000451451289018976406348243601840408700809348374605178833008,-0.501513687593315049539910432940814644098281860351562500000000, 0.089390099177484597103848784627189161255955696105957031250000,-0.860519280042925216456239922990789636969566345214843750000000, 2.607084483016485876305523561313748359680175781250000000000000, 2.965204423776177655724950454896315932273864746093750000000000
 0.000451451289018976406348243601840408700809348374605178833008,-0.501513687593315160562212895456468686461448669433593750000000,-0.089390099177484597103848784627189161255955696105957031250000, 0.860519280042925105433937460475135594606399536132812500000000, 0.534508170573307572759347294777398928999900817871093750000000, 3.317980883403408576270976482192054390907287597656250000000000
 0.000451451289018976406348243601840408700809348374605178833008,-0.501513687593315049539910432940814644098281860351562500000000,-0.089390099177484597103848784627189161255955696105957031250000,-0.860519280042925216456239922990789636969566345214843750000000, 2.607084483016485876305523561313748359680175781250000000000000, 3.317980883403408576270976482192054390907287597656250000000000
 0.000451451289018976406348243601840408700809348374605178833008, 0.501513687593314938517607970425160601735115051269531250000000, 0.860519280042925105433937460475135594606399536132812500000000, 0.089390099177484694248363439328386448323726654052734375000000, 1.481286750903702653658911003731191158294677734375000000000000, 1.043117251442650772474962650449015200138092041015625000000000
 0.000451451289018976406348243601840408700809348374605178833008, 0.501513687593314938517607970425160601735115051269531250000000, 0.860519280042925105433937460475135594606399536132812500000000,-0.089390099177484902415180556545237777754664421081542968750000, 1.660305902686090906428262314875610172748565673828125000000000, 1.043117251442650772474962650449015200138092041015625000000000
 0.000451451289018976406348243601840408700809348374605178833008, 0.501513687593314938517607970425160601735115051269531250000000,-0.860519280042925105433937460475135594606399536132812500000000, 0.089390099177484694248363439328386448323726654052734375000000, 1.481286750903702653658911003731191158294677734375000000000000, 5.240068055736935903610174136701971292495727539062500000000000
 0.000451451289018976406348243601840408700809348374605178833008, 0.501513687593314938517607970425160601735115051269531250000000,-0.860519280042925105433937460475135594606399536132812500000000,-0.089390099177484902415180556545237777754664421081542968750000, 1.660305902686090906428262314875610172748565673828125000000000, 5.240068055736935903610174136701971292495727539062500000000000
 0.000451451289018976406348243601840408700809348374605178833008,-0.501513687593314938517607970425160601735115051269531250000000, 0.860519280042925105433937460475135594606399536132812500000000, 0.089390099177484694248363439328386448323726654052734375000000, 1.481286750903702653658911003731191158294677734375000000000000, 2.098475402147142343523000818095169961452484130859375000000000
 0.000451451289018976406348243601840408700809348374605178833008,-0.501513687593314938517607970425160601735115051269531250000000, 0.860519280042925105433937460475135594606399536132812500000000,-0.089390099177484902415180556545237777754664421081542968750000, 1.660305902686090906428262314875610172748565673828125000000000, 2.098475402147142343523000818095169961452484130859375000000000
 0.000451451289018976406348243601840408700809348374605178833008,-0.501513687593314938517607970425160601735115051269531250000000,-0.860519280042925105433937460475135594606399536132812500000000, 0.089390099177484694248363439328386448323726654052734375000000, 1.481286750903702653658911003731191158294677734375000000000000, 4.184709905032443444383716268930584192276000976562500000000000
 0.000451451289018976406348243601840408700809348374605178833008,-0.501513687593314938517607970425160601735115051269531250000000,-0.860519280042925105433937460475135594606399536132812500000000,-0.089390099177484902415180556545237777754664421081542968750000, 1.660305902686090906428262314875610172748565673828125000000000, 4.184709905032443444383716268930584192276000976562500000000000
 0.000451451289018976406348243601840408700809348374605178833008, 0.089390099177484805270665901844040490686893463134765625000000, 0.501513687593315160562212895456468686461448669433593750000000, 0.860519280042925105433937460475135594606399536132812500000000, 0.534508170573307572759347294777398928999900817871093750000000, 1.394408096981280431592153945530299097299575805664062500000000
 0.000451451289018976406348243601840408700809348374605178833008, 0.089390099177484805270665901844040490686893463134765625000000, 0.501513687593315049539910432940814644098281860351562500000000,-0.860519280042925216456239922990789636969566345214843750000000, 2.607084483016485876305523561313748359680175781250000000000000, 1.394408096981280431592153945530299097299575805664062500000000
 0.000451451289018976406348243601840408700809348374605178833008, 0.089390099177484805270665901844040490686893463134765625000000,-0.501513687593315160562212895456468686461448669433593750000000, 0.860519280042925105433937460475135594606399536132812500000000, 0.534508170573307572759347294777398928999900817871093750000000, 4.888777210198306022448377916589379310607910156250000000000000
 0.000451451289018976406348243601840408700809348374605178833008, 0.089390099177484805270665901844040490686893463134765625000000,-0.501513687593315049539910432940814644098281860351562500000000,-0.860519280042925216456239922990789636969566345214843750000000, 2.607084483016485876305523561313748359680175781250000000000000, 4.888777210198306022448377916589379310607910156250000000000000
 0.000451451289018976406348243601840408700809348374605178833008,-0.089390099177484805270665901844040490686893463134765625000000, 0.501513687593315160562212895456468686461448669433593750000000, 0.860519280042925105433937460475135594606399536132812500000000, 0.534508170573307572759347294777398928999900817871093750000000, 1.747184556608512684405809523013886064291000366210937500000000
 0.000451451289018976406348243601840408700809348374605178833008,-0.089390099177484805270665901844040490686893463134765625000000, 0.501513687593315049539910432940814644098281860351562500000000,-0.860519280042925216456239922990789636969566345214843750000000, 2.607084483016485876305523561313748359680175781250000000000000, 1.747184556608512906450414448045194149017333984375000000000000
 0.000451451289018976406348243601840408700809348374605178833008,-0.089390099177484805270665901844040490686893463134765625000000,-0.501513687593315160562212895456468686461448669433593750000000, 0.860519280042925105433937460475135594606399536132812500000000, 0.534508170573307572759347294777398928999900817871093750000000, 4.536000750571073325545512489043176174163818359375000000000000
 0.000451451289018976406348243601840408700809348374605178833008,-0.089390099177484805270665901844040490686893463134765625000000,-0.501513687593315049539910432940814644098281860351562500000000,-0.860519280042925216456239922990789636969566345214843750000000, 2.607084483016485876305523561313748359680175781250000000000000, 4.536000750571073325545512489043176174163818359375000000000000
 0.000451451289018976406348243601840408700809348374605178833008, 0.089390099177484999559695211246435064822435379028320312500000, 0.860519280042925105433937460475135594606399536132812500000000, 0.501513687593315049539910432940814644098281860351562500000000, 1.045448811632022412254627852234989404678344726562500000000000, 1.467288324205523686316610110225155949592590332031250000000000
 0.000451451289018976406348243601840408700809348374605178833008, 0.089390099177484999559695211246435064822435379028320312500000, 0.860519280042925216456239922990789636969566345214843750000000,-0.501513687593314938517607970425160601735115051269531250000000, 2.096143841957770703743335616309195756912231445312500000000000, 1.467288324205523686316610110225155949592590332031250000000000
 0.000451451289018976406348243601840408700809348374605178833008, 0.089390099177484999559695211246435064822435379028320312500000,-0.860519280042925105433937460475135594606399536132812500000000, 0.501513687593315049539910432940814644098281860351562500000000, 1.045448811632022412254627852234989404678344726562500000000000, 4.815896982974062545679316826863214373588562011718750000000000
 0.000451451289018976406348243601840408700809348374605178833008, 0.089390099177484999559695211246435064822435379028320312500000,-0.860519280042925216456239922990789636969566345214843750000000,-0.501513687593314938517607970425160601735115051269531250000000, 2.096143841957770703743335616309195756912231445312500000000000, 4.815896982974062545679316826863214373588562011718750000000000
 0.000451451289018976406348243601840408700809348374605178833008,-0.089390099177484999559695211246435064822435379028320312500000, 0.860519280042925105433937460475135594606399536132812500000000, 0.501513687593315049539910432940814644098281860351562500000000, 1.045448811632022412254627852234989404678344726562500000000000, 1.674304329384269651725958283350337296724319458007812500000000
 0.000451451289018976406348243601840408700809348374605178833008,-0.089390099177484999559695211246435064822435379028320312500000, 0.860519280042925216456239922990789636969566345214843750000000,-0.501513687593314938517607970425160601735115051269531250000000, 2.096143841957770703743335616309195756912231445312500000000000, 1.674304329384269651725958283350337296724319458007812500000000
 0.000451451289018976406348243601840408700809348374605178833008,-0.089390099177484999559695211246435064822435379028320312500000,-0.860519280042925105433937460475135594606399536132812500000000, 0.501513687593315049539910432940814644098281860351562500000000, 1.045448811632022412254627852234989404678344726562500000000000, 4.608880977795316802314573578769341111183166503906250000000000
 0.000451451289018976406348243601840408700809348374605178833008,-0.089390099177484999559695211246435064822435379028320312500000,-0.860519280042925216456239922990789636969566345214843750000000,-0.501513687593314938517607970425160601735115051269531250000000, 2.096143841957770703743335616309195756912231445312500000000000, 4.608880977795316802314573578769341111183166503906250000000000
 0.000451451289018976406348243601840408700809348374605178833008, 0.860519280042925105433937460475135594606399536132812500000000, 0.501513687593314938517607970425160601735115051269531250000000, 0.089390099177484694248363439328386448323726654052734375000000, 1.481286750903702653658911003731191158294677734375000000000000, 0.527679075352245785524019083823077380657196044921875000000000
 0.000451451289018976406348243601840408700809348374605178833008, 0.860519280042925105433937460475135594606399536132812500000000, 0.501513687593314938517607970425160601735115051269531250000000,-0.089390099177484902415180556545237777754664421081542968750000, 1.660305902686090906428262314875610172748565673828125000000000, 0.527679075352245785524019083823077380657196044921875000000000
 0.000451451289018976406348243601840408700809348374605178833008, 0.860519280042925105433937460475135594606399536132812500000000,-0.501513687593314938517607970425160601735115051269531250000000, 0.089390099177484694248363439328386448323726654052734375000000, 1.481286750903702653658911003731191158294677734375000000000000, 5.755506231827340002382698003202676773071289062500000000000000
 0.000451451289018976406348243601840408700809348374605178833008, 0.860519280042925105433937460475135594606399536132812500000000,-0.501513687593314938517607970425160601735115051269531250000000,-0.089390099177484902415180556545237777754664421081542968750000, 1.660305902686090906428262314875610172748565673828125000000000, 5.755506231827340002382698003202676773071289062500000000000000
 0.000451451289018976406348243601840408700809348374605178833008,-0.860519280042925105433937460475135594606399536132812500000000, 0.501513687593314938517607970425160601735115051269531250000000, 0.089390099177484694248363439328386448323726654052734375000000, 1.481286750903702653658911003731191158294677734375000000000000, 2.613913578237547330473944384721107780933380126953125000000000
 0.000451451289018976406348243601840408700809348374605178833008,-0.860519280042925105433937460475135594606399536132812500000000, 0.501513687593314938517607970425160601735115051269531250000000,-0.089390099177484902415180556545237777754664421081542968750000, 1.660305902686090906428262314875610172748565673828125000000000, 2.613913578237547330473944384721107780933380126953125000000000
 0.000451451289018976406348243601840408700809348374605178833008,-0.860519280042925105433937460475135594606399536132812500000000,-0.501513687593314938517607970425160601735115051269531250000000, 0.089390099177484694248363439328386448323726654052734375000000, 1.481286750903702653658911003731191158294677734375000000000000, 3.669271728942038901521982552367262542247772216796875000000000
 0.000451451289018976406348243601840408700809348374605178833008,-0.860519280042925105433937460475135594606399536132812500000000,-0.501513687593314938517607970425160601735115051269531250000000,-0.089390099177484902415180556545237777754664421081542968750000, 1.660305902686090906428262314875610172748565673828125000000000, 3.669271728942038901521982552367262542247772216796875000000000
 0.000451451289018976406348243601840408700809348374605178833008, 0.860519280042925105433937460475135594606399536132812500000000, 0.089390099177484805270665901844040490686893463134765625000000, 0.501513687593315049539910432940814644098281860351562500000000, 1.045448811632022412254627852234989404678344726562500000000000, 0.103508002589372746782281353716825833544135093688964843750000
 0.000451451289018976406348243601840408700809348374605178833008, 0.860519280042925216456239922990789636969566345214843750000000, 0.089390099177484805270665901844040490686893463134765625000000,-0.501513687593314938517607970425160601735115051269531250000000, 2.096143841957770703743335616309195756912231445312500000000000, 0.103508002589372732904493545902369078248739242553710937500000
 0.000451451289018976406348243601840408700809348374605178833008, 0.860519280042925105433937460475135594606399536132812500000000,-0.089390099177484805270665901844040490686893463134765625000000, 0.501513687593315049539910432940814644098281860351562500000000, 1.045448811632022412254627852234989404678344726562500000000000, 6.179677304590213360313555313041433691978454589843750000000000
 0.000451451289018976406348243601840408700809348374605178833008, 0.860519280042925216456239922990789636969566345214843750000000,-0.089390099177484805270665901844040490686893463134765625000000,-0.501513687593314938517607970425160601735115051269531250000000, 2.096143841957770703743335616309195756912231445312500000000000, 6.179677304590213360313555313041433691978454589843750000000000
 0.000451451289018976406348243601840408700809348374605178833008,-0.860519280042925105433937460475135594606399536132812500000000, 0.089390099177484597103848784627189161255955696105957031250000, 0.501513687593315049539910432940814644098281860351562500000000, 1.045448811632022412254627852234989404678344726562500000000000, 3.038084651000420688404801694559864699840545654296875000000000
 0.000451451289018976406348243601840408700809348374605178833008,-0.860519280042925216456239922990789636969566345214843750000000, 0.089390099177484597103848784627189161255955696105957031250000,-0.501513687593314938517607970425160601735115051269531250000000, 2.096143841957770703743335616309195756912231445312500000000000, 3.038084651000420688404801694559864699840545654296875000000000
 0.000451451289018976406348243601840408700809348374605178833008,-0.860519280042925105433937460475135594606399536132812500000000,-0.089390099177484597103848784627189161255955696105957031250000, 0.501513687593315049539910432940814644098281860351562500000000, 1.045448811632022412254627852234989404678344726562500000000000, 3.245100656179165543591125242528505623340606689453125000000000
 0.000451451289018976406348243601840408700809348374605178833008,-0.860519280042925216456239922990789636969566345214843750000000,-0.089390099177484597103848784627189161255955696105957031250000,-0.501513687593314938517607970425160601735115051269531250000000, 2.096143841957770703743335616309195756912231445312500000000000, 3.245100656179165543591125242528505623340606689453125000000000
 0.000459619862734976048022211836396877515653613954782485961914, 0.551130055051262224274921663891291245818138122558593750000000, 0.135180602938336613672021258025779388844966888427734375000000, 0.823396542990326385513810691918479278683662414550781250000000, 0.603425589255179861680744579643942415714263916015625000000000, 0.240530412927618564289389269106322899460792541503906250000000
 0.000459619862734976048022211836396877515653613954782485961914, 0.551130055051262446319526588922599330544471740722656250000000, 0.135180602938336696938748104912519920617341995239257812500000,-0.823396542990326274491508229402825236320495605468750000000000, 2.538167064334613254317218888900242745876312255859375000000000, 0.240530412927618592044964884735236410051584243774414062500000
 0.000459619862734976048022211836396877515653613954782485961914, 0.551130055051262224274921663891291245818138122558593750000000,-0.135180602938336613672021258025779388844966888427734375000000, 0.823396542990326385513810691918479278683662414550781250000000, 0.603425589255179861680744579643942415714263916015625000000000, 6.042654894251967334639630280435085296630859375000000000000000
 0.000459619862734976048022211836396877515653613954782485961914, 0.551130055051262446319526588922599330544471740722656250000000,-0.135180602938336696938748104912519920617341995239257812500000,-0.823396542990326274491508229402825236320495605468750000000000, 2.538167064334613254317218888900242745876312255859375000000000, 6.042654894251967334639630280435085296630859375000000000000000
 0.000459619862734976048022211836396877515653613954782485961914,-0.551130055051262224274921663891291245818138122558593750000000, 0.135180602938336696938748104912519920617341995239257812500000, 0.823396542990326385513810691918479278683662414550781250000000, 0.603425589255179861680744579643942415714263916015625000000000, 2.901062240662174662730876661953516304492950439453125000000000
 0.000459619862734976048022211836396877515653613954782485961914,-0.551130055051262446319526588922599330544471740722656250000000, 0.135180602938336807961050567428173962980508804321289062500000,-0.823396542990326274491508229402825236320495605468750000000000, 2.538167064334613254317218888900242745876312255859375000000000, 2.901062240662174662730876661953516304492950439453125000000000
 0.000459619862734976048022211836396877515653613954782485961914,-0.551130055051262224274921663891291245818138122558593750000000,-0.135180602938336696938748104912519920617341995239257812500000, 0.823396542990326385513810691918479278683662414550781250000000, 0.603425589255179861680744579643942415714263916015625000000000, 3.382123066517411569265050275134854018688201904296875000000000
 0.000459619862734976048022211836396877515653613954782485961914,-0.551130055051262446319526588922599330544471740722656250000000,-0.135180602938336807961050567428173962980508804321289062500000,-0.823396542990326274491508229402825236320495605468750000000000, 2.538167064334613254317218888900242745876312255859375000000000, 3.382123066517411569265050275134854018688201904296875000000000
 0.000459619862734976048022211836396877515653613954782485961914, 0.551130055051262335297224126406945288181304931640625000000000, 0.823396542990326385513810691918479278683662414550781250000000, 0.135180602938336308360689486107730772346258163452148437500000, 1.435200590538945553120697695703711360692977905273437500000000, 0.980947071186132779629929245857056230306625366210937500000000
 0.000459619862734976048022211836396877515653613954782485961914, 0.551130055051262224274921663891291245818138122558593750000000, 0.823396542990326274491508229402825236320495605468750000000000,-0.135180602938336613672021258025779388844966888427734375000000, 1.706392063050848229011080547934398055076599121093750000000000, 0.980947071186132779629929245857056230306625366210937500000000
 0.000459619862734976048022211836396877515653613954782485961914, 0.551130055051262335297224126406945288181304931640625000000000,-0.823396542990326385513810691918479278683662414550781250000000, 0.135180602938336308360689486107730772346258163452148437500000, 1.435200590538945553120697695703711360692977905273437500000000, 5.302238235993453230321392766200006008148193359375000000000000
 0.000459619862734976048022211836396877515653613954782485961914, 0.551130055051262224274921663891291245818138122558593750000000,-0.823396542990326274491508229402825236320495605468750000000000,-0.135180602938336613672021258025779388844966888427734375000000, 1.706392063050848229011080547934398055076599121093750000000000, 5.302238235993453230321392766200006008148193359375000000000000
 0.000459619862734976048022211836396877515653613954782485961914,-0.551130055051262557341829051438253372907638549804687500000000, 0.823396542990326274491508229402825236320495605468750000000000, 0.135180602938336308360689486107730772346258163452148437500000, 1.435200590538945553120697695703711360692977905273437500000000, 2.160645582403660558412639147718437016010284423828125000000000
 0.000459619862734976048022211836396877515653613954782485961914,-0.551130055051262446319526588922599330544471740722656250000000, 0.823396542990326163469205766887171193957328796386718750000000,-0.135180602938336613672021258025779388844966888427734375000000, 1.706392063050848229011080547934398055076599121093750000000000, 2.160645582403660558412639147718437016010284423828125000000000
 0.000459619862734976048022211836396877515653613954782485961914,-0.551130055051262557341829051438253372907638549804687500000000,-0.823396542990326274491508229402825236320495605468750000000000, 0.135180602938336308360689486107730772346258163452148437500000, 1.435200590538945553120697695703711360692977905273437500000000, 4.122539724775926117672497639432549476623535156250000000000000
 0.000459619862734976048022211836396877515653613954782485961914,-0.551130055051262446319526588922599330544471740722656250000000,-0.823396542990326163469205766887171193957328796386718750000000,-0.135180602938336613672021258025779388844966888427734375000000, 1.706392063050848229011080547934398055076599121093750000000000, 4.122539724775926117672497639432549476623535156250000000000000
 0.000459619862734976048022211836396877515653613954782485961914, 0.135180602938336391627416332994471304118633270263671875000000, 0.551130055051262224274921663891291245818138122558593750000000, 0.823396542990326385513810691918479278683662414550781250000000, 0.603425589255179861680744579643942415714263916015625000000000, 1.330265913867278548821104777744039893150329589843750000000000
 0.000459619862734976048022211836396877515653613954782485961914, 0.135180602938336502649718795510125346481800079345703125000000, 0.551130055051262446319526588922599330544471740722656250000000,-0.823396542990326274491508229402825236320495605468750000000000, 2.538167064334613254317218888900242745876312255859375000000000, 1.330265913867278326776499852712731808423995971679687500000000
 0.000459619862734976048022211836396877515653613954782485961914, 0.135180602938336391627416332994471304118633270263671875000000,-0.551130055051262224274921663891291245818138122558593750000000, 0.823396542990326385513810691918479278683662414550781250000000, 0.603425589255179861680744579643942415714263916015625000000000, 4.952919393312307683174822159344330430030822753906250000000000
 0.000459619862734976048022211836396877515653613954782485961914, 0.135180602938336502649718795510125346481800079345703125000000,-0.551130055051262446319526588922599330544471740722656250000000,-0.823396542990326274491508229402825236320495605468750000000000, 2.538167064334613254317218888900242745876312255859375000000000, 4.952919393312307683174822159344330430030822753906250000000000
 0.000459619862734976048022211836396877515653613954782485961914,-0.135180602938336613672021258025779388844966888427734375000000, 0.551130055051262224274921663891291245818138122558593750000000, 0.823396542990326385513810691918479278683662414550781250000000, 0.603425589255179861680744579643942415714263916015625000000000, 1.811326739722515233310673465894069522619247436523437500000000
 0.000459619862734976048022211836396877515653613954782485961914,-0.135180602938336613672021258025779388844966888427734375000000, 0.551130055051262446319526588922599330544471740722656250000000,-0.823396542990326274491508229402825236320495605468750000000000, 2.538167064334613254317218888900242745876312255859375000000000, 1.811326739722515011266068540862761437892913818359375000000000
 0.000459619862734976048022211836396877515653613954782485961914,-0.135180602938336613672021258025779388844966888427734375000000,-0.551130055051262224274921663891291245818138122558593750000000, 0.823396542990326385513810691918479278683662414550781250000000, 0.603425589255179861680744579643942415714263916015625000000000, 4.471858567457070776640648546162992715835571289062500000000000
 0.000459619862734976048022211836396877515653613954782485961914,-0.135180602938336613672021258025779388844966888427734375000000,-0.551130055051262446319526588922599330544471740722656250000000,-0.823396542990326274491508229402825236320495605468750000000000, 2.538167064334613254317218888900242745876312255859375000000000, 4.471858567457070776640648546162992715835571289062500000000000
 0.000459619862734976048022211836396877515653613954782485961914, 0.135180602938336613672021258025779388844966888427734375000000, 0.823396542990326274491508229402825236320495605468750000000000, 0.551130055051262335297224126406945288181304931640625000000000, 0.987078392590618691748716173606226220726966857910156250000000, 1.408073569188838414234510310052428394556045532226562500000000
 0.000459619862734976048022211836396877515653613954782485961914, 0.135180602938336613672021258025779388844966888427734375000000, 0.823396542990326163469205766887171193957328796386718750000000,-0.551130055051262446319526588922599330544471740722656250000000, 2.154514260999174535271549757453612983226776123046875000000000, 1.408073569188838414234510310052428394556045532226562500000000
 0.000459619862734976048022211836396877515653613954782485961914, 0.135180602938336613672021258025779388844966888427734375000000,-0.823396542990326274491508229402825236320495605468750000000000, 0.551130055051262335297224126406945288181304931640625000000000, 0.987078392590618691748716173606226220726966857910156250000000, 4.875111737990748039806021552067250013351440429687500000000000
 0.000459619862734976048022211836396877515653613954782485961914, 0.135180602938336613672021258025779388844966888427734375000000,-0.823396542990326163469205766887171193957328796386718750000000,-0.551130055051262446319526588922599330544471740722656250000000, 2.154514260999174535271549757453612983226776123046875000000000, 4.875111737990748039806021552067250013351440429687500000000000
 0.000459619862734976048022211836396877515653613954782485961914,-0.135180602938336613672021258025779388844966888427734375000000, 0.823396542990326274491508229402825236320495605468750000000000, 0.551130055051262335297224126406945288181304931640625000000000, 0.987078392590618691748716173606226220726966857910156250000000, 1.733519084400954923808058083523064851760864257812500000000000
 0.000459619862734976048022211836396877515653613954782485961914,-0.135180602938336613672021258025779388844966888427734375000000, 0.823396542990326163469205766887171193957328796386718750000000,-0.551130055051262446319526588922599330544471740722656250000000, 2.154514260999174535271549757453612983226776123046875000000000, 1.733519084400954923808058083523064851760864257812500000000000
 0.000459619862734976048022211836396877515653613954782485961914,-0.135180602938336613672021258025779388844966888427734375000000,-0.823396542990326274491508229402825236320495605468750000000000, 0.551130055051262335297224126406945288181304931640625000000000, 0.987078392590618691748716173606226220726966857910156250000000, 4.549666222778631308187868853565305471420288085937500000000000
 0.000459619862734976048022211836396877515653613954782485961914,-0.135180602938336613672021258025779388844966888427734375000000,-0.823396542990326163469205766887171193957328796386718750000000,-0.551130055051262446319526588922599330544471740722656250000000, 2.154514260999174535271549757453612983226776123046875000000000, 4.549666222778631308187868853565305471420288085937500000000000
 0.000459619862734976048022211836396877515653613954782485961914, 0.823396542990326385513810691918479278683662414550781250000000, 0.551130055051262335297224126406945288181304931640625000000000, 0.135180602938336308360689486107730772346258163452148437500000, 1.435200590538945553120697695703711360692977905273437500000000, 0.589849255608763889391354950930690392851829528808593750000000
 0.000459619862734976048022211836396877515653613954782485961914, 0.823396542990326274491508229402825236320495605468750000000000, 0.551130055051262224274921663891291245818138122558593750000000,-0.135180602938336613672021258025779388844966888427734375000000, 1.706392063050848229011080547934398055076599121093750000000000, 0.589849255608763778369052488415036350488662719726562500000000
 0.000459619862734976048022211836396877515653613954782485961914, 0.823396542990326385513810691918479278683662414550781250000000,-0.551130055051262335297224126406945288181304931640625000000000, 0.135180602938336308360689486107730772346258163452148437500000, 1.435200590538945553120697695703711360692977905273437500000000, 5.693336051570822675671479373704642057418823242187500000000000
 0.000459619862734976048022211836396877515653613954782485961914, 0.823396542990326274491508229402825236320495605468750000000000,-0.551130055051262224274921663891291245818138122558593750000000,-0.135180602938336613672021258025779388844966888427734375000000, 1.706392063050848229011080547934398055076599121093750000000000, 5.693336051570822675671479373704642057418823242187500000000000
 0.000459619862734976048022211836396877515653613954782485961914,-0.823396542990326496536113154434133321046829223632812500000000, 0.551130055051262113252619201375637203454971313476562500000000, 0.135180602938336308360689486107730772346258163452148437500000, 1.435200590538945331076092770672403275966644287109375000000000, 2.551743397981029559673515905160456895828247070312500000000000
 0.000459619862734976048022211836396877515653613954782485961914,-0.823396542990326385513810691918479278683662414550781250000000, 0.551130055051262002230316738859983161091804504394531250000000,-0.135180602938336613672021258025779388844966888427734375000000, 1.706392063050848229011080547934398055076599121093750000000000, 2.551743397981029559673515905160456895828247070312500000000000
 0.000459619862734976048022211836396877515653613954782485961914,-0.823396542990326496536113154434133321046829223632812500000000,-0.551130055051262113252619201375637203454971313476562500000000, 0.135180602938336308360689486107730772346258163452148437500000, 1.435200590538945331076092770672403275966644287109375000000000, 3.731441909198556672322411031927913427352905273437500000000000
 0.000459619862734976048022211836396877515653613954782485961914,-0.823396542990326385513810691918479278683662414550781250000000,-0.551130055051262002230316738859983161091804504394531250000000,-0.135180602938336613672021258025779388844966888427734375000000, 1.706392063050848229011080547934398055076599121093750000000000, 3.731441909198556672322411031927913427352905273437500000000000
 0.000459619862734976048022211836396877515653613954782485961914, 0.823396542990326385513810691918479278683662414550781250000000, 0.135180602938336308360689486107730772346258163452148437500000, 0.551130055051262335297224126406945288181304931640625000000000, 0.987078392590618802771018636121880263090133666992187500000000, 0.162722757606057866208715267930529080331325531005859375000000
 0.000459619862734976048022211836396877515653613954782485961914, 0.823396542990326274491508229402825236320495605468750000000000, 0.135180602938336308360689486107730772346258163452148437500000,-0.551130055051262446319526588922599330544471740722656250000000, 2.154514260999174535271549757453612983226776123046875000000000, 0.162722757606057893964290883559442590922117233276367187500000
 0.000459619862734976048022211836396877515653613954782485961914, 0.823396542990326385513810691918479278683662414550781250000000,-0.135180602938336308360689486107730772346258163452148437500000, 0.551130055051262335297224126406945288181304931640625000000000, 0.987078392590618802771018636121880263090133666992187500000000, 6.120462549573528754365270287962630391120910644531250000000000
 0.000459619862734976048022211836396877515653613954782485961914, 0.823396542990326274491508229402825236320495605468750000000000,-0.135180602938336308360689486107730772346258163452148437500000,-0.551130055051262446319526588922599330544471740722656250000000, 2.154514260999174535271549757453612983226776123046875000000000, 6.120462549573528754365270287962630391120910644531250000000000
 0.000459619862734976048022211836396877515653613954782485961914,-0.823396542990326385513810691918479278683662414550781250000000, 0.135180602938336197338387023592076729983091354370117187500000, 0.551130055051262335297224126406945288181304931640625000000000, 0.987078392590618802771018636121880263090133666992187500000000, 2.978869895983735638367306819418445229530334472656250000000000
 0.000459619862734976048022211836396877515653613954782485961914,-0.823396542990326274491508229402825236320495605468750000000000, 0.135180602938336197338387023592076729983091354370117187500000,-0.551130055051262446319526588922599330544471740722656250000000, 2.154514260999174535271549757453612983226776123046875000000000, 2.978869895983735638367306819418445229530334472656250000000000
 0.000459619862734976048022211836396877515653613954782485961914,-0.823396542990326385513810691918479278683662414550781250000000,-0.135180602938336197338387023592076729983091354370117187500000, 0.551130055051262335297224126406945288181304931640625000000000, 0.987078392590618802771018636121880263090133666992187500000000, 3.304315411195850593628620117669925093650817871093750000000000
 0.000459619862734976048022211836396877515653613954782485961914,-0.823396542990326274491508229402825236320495605468750000000000,-0.135180602938336197338387023592076729983091354370117187500000,-0.551130055051262446319526588922599330544471740722656250000000, 2.154514260999174535271549757453612983226776123046875000000000, 3.304315411195850593628620117669925093650817871093750000000000
 0.000464865901679975762963992202969620848307386040687561035156, 0.597672040985799846168902149656787514686584472656250000000000, 0.180837035505319598804874203779036179184913635253906250000000, 0.781080084250978745608051667659310624003410339355468750000000, 0.674402665986960747623868428490823134779930114746093750000000, 0.293812011295525699061670366063481196761131286621093750000000
 0.000464865901679975762963992202969620848307386040687561035156, 0.597672040985799846168902149656787514686584472656250000000000, 0.180837035505319598804874203779036179184913635253906250000000,-0.781080084250978856630354130174964666366577148437500000000000, 2.467189987602832701441002427600324153900146484375000000000000, 0.293812011295525699061670366063481196761131286621093750000000
 0.000464865901679975762963992202969620848307386040687561035156, 0.597672040985799846168902149656787514686584472656250000000000,-0.180837035505319598804874203779036179184913635253906250000000, 0.781080084250978745608051667659310624003410339355468750000000, 0.674402665986960747623868428490823134779930114746093750000000, 5.989373295884060866001163958571851253509521484375000000000000
 0.000464865901679975762963992202969620848307386040687561035156, 0.597672040985799846168902149656787514686584472656250000000000,-0.180837035505319598804874203779036179184913635253906250000000,-0.781080084250978856630354130174964666366577148437500000000000, 2.467189987602832701441002427600324153900146484375000000000000, 5.989373295884060866001163958571851253509521484375000000000000
 0.000464865901679975762963992202969620848307386040687561035156,-0.597672040985799957191204612172441557049751281738281250000000, 0.180837035505319404515844894376641605049371719360351562500000, 0.781080084250978745608051667659310624003410339355468750000000, 0.674402665986960747623868428490823134779930114746093750000000, 2.847780642294267750003200490027666091918945312500000000000000
 0.000464865901679975762963992202969620848307386040687561035156,-0.597672040985799957191204612172441557049751281738281250000000, 0.180837035505319404515844894376641605049371719360351562500000,-0.781080084250978856630354130174964666366577148437500000000000, 2.467189987602832701441002427600324153900146484375000000000000, 2.847780642294267750003200490027666091918945312500000000000000
 0.000464865901679975762963992202969620848307386040687561035156,-0.597672040985799957191204612172441557049751281738281250000000,-0.180837035505319404515844894376641605049371719360351562500000, 0.781080084250978745608051667659310624003410339355468750000000, 0.674402665986960747623868428490823134779930114746093750000000, 3.435404664885318481992726447060704231262207031250000000000000
 0.000464865901679975762963992202969620848307386040687561035156,-0.597672040985799957191204612172441557049751281738281250000000,-0.180837035505319404515844894376641605049371719360351562500000,-0.781080084250978856630354130174964666366577148437500000000000, 2.467189987602832701441002427600324153900146484375000000000000, 3.435404664885318481992726447060704231262207031250000000000000
 0.000464865901679975762963992202969620848307386040687561035156, 0.597672040985799957191204612172441557049751281738281250000000, 0.781080084250978745608051667659310624003410339355468750000000, 0.180837035505319487782571741263382136821746826171875000000000, 1.388958875040807949829968492849729955196380615234375000000000, 0.917646409320658107411361470440169796347618103027343750000000
 0.000464865901679975762963992202969620848307386040687561035156, 0.597672040985799957191204612172441557049751281738281250000000, 0.781080084250978745608051667659310624003410339355468750000000,-0.180837035505319793093903513181430753320455551147460937500000, 1.752633778548985610257204825757071375846862792968750000000000, 0.917646409320658107411361470440169796347618103027343750000000
 0.000464865901679975762963992202969620848307386040687561035156, 0.597672040985799957191204612172441557049751281738281250000000,-0.781080084250978745608051667659310624003410339355468750000000, 0.180837035505319487782571741263382136821746826171875000000000, 1.388958875040807949829968492849729955196380615234375000000000, 5.365538897858928457651472854195162653923034667968750000000000
 0.000464865901679975762963992202969620848307386040687561035156, 0.597672040985799957191204612172441557049751281738281250000000,-0.781080084250978745608051667659310624003410339355468750000000,-0.180837035505319793093903513181430753320455551147460937500000, 1.752633778548985610257204825757071375846862792968750000000000, 5.365538897858928457651472854195162653923034667968750000000000
 0.000464865901679975762963992202969620848307386040687561035156,-0.597672040985799846168902149656787514686584472656250000000000, 0.781080084250978856630354130174964666366577148437500000000000, 0.180837035505319487782571741263382136821746826171875000000000, 1.388958875040807949829968492849729955196380615234375000000000, 2.223946244269134897564299535588361322879791259765625000000000
 0.000464865901679975762963992202969620848307386040687561035156,-0.597672040985799846168902149656787514686584472656250000000000, 0.781080084250978856630354130174964666366577148437500000000000,-0.180837035505319793093903513181430753320455551147460937500000, 1.752633778548985610257204825757071375846862792968750000000000, 2.223946244269134897564299535588361322879791259765625000000000
 0.000464865901679975762963992202969620848307386040687561035156,-0.597672040985799846168902149656787514686584472656250000000000,-0.781080084250978856630354130174964666366577148437500000000000, 0.180837035505319487782571741263382136821746826171875000000000, 1.388958875040807949829968492849729955196380615234375000000000, 4.059239062910451778520837251562625169754028320312500000000000
 0.000464865901679975762963992202969620848307386040687561035156,-0.597672040985799846168902149656787514686584472656250000000000,-0.781080084250978856630354130174964666366577148437500000000000,-0.180837035505319793093903513181430753320455551147460937500000, 1.752633778548985610257204825757071375846862792968750000000000, 4.059239062910451778520837251562625169754028320312500000000000
 0.000464865901679975762963992202969620848307386040687561035156, 0.180837035505319487782571741263382136821746826171875000000000, 0.597672040985799846168902149656787514686584472656250000000000, 0.781080084250978745608051667659310624003410339355468750000000, 0.674402665986960636601565965975169092416763305664062500000000, 1.276984315499370969959613830724265426397323608398437500000000
 0.000464865901679975762963992202969620848307386040687561035156, 0.180837035505319487782571741263382136821746826171875000000000, 0.597672040985799846168902149656787514686584472656250000000000,-0.781080084250978856630354130174964666366577148437500000000000, 2.467189987602832701441002427600324153900146484375000000000000, 1.276984315499370969959613830724265426397323608398437500000000
 0.000464865901679975762963992202969620848307386040687561035156, 0.180837035505319487782571741263382136821746826171875000000000,-0.597672040985799846168902149656787514686584472656250000000000, 0.781080084250978745608051667659310624003410339355468750000000, 0.674402665986960636601565965975169092416763305664062500000000, 5.006200991680215039991708181332796812057495117187500000000000
 0.000464865901679975762963992202969620848307386040687561035156, 0.180837035505319487782571741263382136821746826171875000000000,-0.597672040985799846168902149656787514686584472656250000000000,-0.781080084250978856630354130174964666366577148437500000000000, 2.467189987602832701441002427600324153900146484375000000000000, 5.006200991680215039991708181332796812057495117187500000000000
 0.000464865901679975762963992202969620848307386040687561035156,-0.180837035505319487782571741263382136821746826171875000000000, 0.597672040985799846168902149656787514686584472656250000000000, 0.781080084250978745608051667659310624003410339355468750000000, 0.674402665986960636601565965975169092416763305664062500000000, 1.864608338090422146038349637819919735193252563476562500000000
 0.000464865901679975762963992202969620848307386040687561035156,-0.180837035505319487782571741263382136821746826171875000000000, 0.597672040985799846168902149656787514686584472656250000000000,-0.781080084250978856630354130174964666366577148437500000000000, 2.467189987602832701441002427600324153900146484375000000000000, 1.864608338090422146038349637819919735193252563476562500000000
 0.000464865901679975762963992202969620848307386040687561035156,-0.180837035505319487782571741263382136821746826171875000000000,-0.597672040985799846168902149656787514686584472656250000000000, 0.781080084250978745608051667659310624003410339355468750000000, 0.674402665986960636601565965975169092416763305664062500000000, 4.418576969089164308002182224299758672714233398437500000000000
 0.000464865901679975762963992202969620848307386040687561035156,-0.180837035505319487782571741263382136821746826171875000000000,-0.597672040985799846168902149656787514686584472656250000000000,-0.781080084250978856630354130174964666366577148437500000000000, 2.467189987602832701441002427600324153900146484375000000000000, 4.418576969089164308002182224299758672714233398437500000000000
 0.000464865901679975762963992202969620848307386040687561035156, 0.180837035505319487782571741263382136821746826171875000000000, 0.781080084250978745608051667659310624003410339355468750000000, 0.597672040985799957191204612172441557049751281738281250000000, 0.930202002341819711439541151776211336255073547363281250000000, 1.343283117012832095227281570259947329759597778320312500000000
 0.000464865901679975762963992202969620848307386040687561035156, 0.180837035505319487782571741263382136821746826171875000000000, 0.781080084250978634585749205143656581640243530273437500000000,-0.597672040985800068213507074688095599412918090820312500000000, 2.211390651247973959669934629346244037151336669921875000000000, 1.343283117012832095227281570259947329759597778320312500000000
 0.000464865901679975762963992202969620848307386040687561035156, 0.180837035505319487782571741263382136821746826171875000000000,-0.781080084250978745608051667659310624003410339355468750000000, 0.597672040985799957191204612172441557049751281738281250000000, 0.930202002341819711439541151776211336255073547363281250000000, 4.939902190166754358813250291859731078147888183593750000000000
 0.000464865901679975762963992202969620848307386040687561035156, 0.180837035505319487782571741263382136821746826171875000000000,-0.781080084250978634585749205143656581640243530273437500000000,-0.597672040985800068213507074688095599412918090820312500000000, 2.211390651247973959669934629346244037151336669921875000000000, 4.939902190166754358813250291859731078147888183593750000000000
 0.000464865901679975762963992202969620848307386040687561035156,-0.180837035505319709827176666294690221548080444335937500000000, 0.781080084250978745608051667659310624003410339355468750000000, 0.597672040985799957191204612172441557049751281738281250000000, 0.930202002341819711439541151776211336255073547363281250000000, 1.798309536576961464859891748346854001283645629882812500000000
 0.000464865901679975762963992202969620848307386040687561035156,-0.180837035505319709827176666294690221548080444335937500000000, 0.781080084250978634585749205143656581640243530273437500000000,-0.597672040985800068213507074688095599412918090820312500000000, 2.211390651247973515580724779283627867698669433593750000000000, 1.798309536576961464859891748346854001283645629882812500000000
 0.000464865901679975762963992202969620848307386040687561035156,-0.180837035505319709827176666294690221548080444335937500000000,-0.781080084250978745608051667659310624003410339355468750000000, 0.597672040985799957191204612172441557049751281738281250000000, 0.930202002341819711439541151776211336255073547363281250000000, 4.484875770602624989180640113772824406623840332031250000000000
 0.000464865901679975762963992202969620848307386040687561035156,-0.180837035505319709827176666294690221548080444335937500000000,-0.781080084250978634585749205143656581640243530273437500000000,-0.597672040985800068213507074688095599412918090820312500000000, 2.211390651247973515580724779283627867698669433593750000000000, 4.484875770602624989180640113772824406623840332031250000000000
 0.000464865901679975762963992202969620848307386040687561035156, 0.781080084250978745608051667659310624003410339355468750000000, 0.597672040985799957191204612172441557049751281738281250000000, 0.180837035505319487782571741263382136821746826171875000000000, 1.388958875040807949829968492849729955196380615234375000000000, 0.653149917474238450587620263831922784447669982910156250000000
 0.000464865901679975762963992202969620848307386040687561035156, 0.781080084250978745608051667659310624003410339355468750000000, 0.597672040985799957191204612172441557049751281738281250000000,-0.180837035505319793093903513181430753320455551147460937500000, 1.752633778548985610257204825757071375846862792968750000000000, 0.653149917474238450587620263831922784447669982910156250000000
 0.000464865901679975762963992202969620848307386040687561035156, 0.781080084250978745608051667659310624003410339355468750000000,-0.597672040985799957191204612172441557049751281738281250000000, 0.180837035505319487782571741263382136821746826171875000000000, 1.388958875040807949829968492849729955196380615234375000000000, 5.630035389705347448341399285709485411643981933593750000000000
 0.000464865901679975762963992202969620848307386040687561035156, 0.781080084250978745608051667659310624003410339355468750000000,-0.597672040985799957191204612172441557049751281738281250000000,-0.180837035505319793093903513181430753320455551147460937500000, 1.752633778548985610257204825757071375846862792968750000000000, 5.630035389705347448341399285709485411643981933593750000000000
 0.000464865901679975762963992202969620848307386040687561035156,-0.781080084250978745608051667659310624003410339355468750000000, 0.597672040985799957191204612172441557049751281738281250000000, 0.180837035505319487782571741263382136821746826171875000000000, 1.388958875040807949829968492849729955196380615234375000000000, 2.488442736115554776432645667227916419506072998046875000000000
 0.000464865901679975762963992202969620848307386040687561035156,-0.781080084250978745608051667659310624003410339355468750000000, 0.597672040985799957191204612172441557049751281738281250000000,-0.180837035505319793093903513181430753320455551147460937500000, 1.752633778548985610257204825757071375846862792968750000000000, 2.488442736115554776432645667227916419506072998046875000000000
 0.000464865901679975762963992202969620848307386040687561035156,-0.781080084250978745608051667659310624003410339355468750000000,-0.597672040985799957191204612172441557049751281738281250000000, 0.180837035505319487782571741263382136821746826171875000000000, 1.388958875040807949829968492849729955196380615234375000000000, 3.794742571064031455563281269860453903675079345703125000000000
 0.000464865901679975762963992202969620848307386040687561035156,-0.781080084250978745608051667659310624003410339355468750000000,-0.597672040985799957191204612172441557049751281738281250000000,-0.180837035505319793093903513181430753320455551147460937500000, 1.752633778548985610257204825757071375846862792968750000000000, 3.794742571064031455563281269860453903675079345703125000000000
 0.000464865901679975762963992202969620848307386040687561035156, 0.781080084250978745608051667659310624003410339355468750000000, 0.180837035505319709827176666294690221548080444335937500000000, 0.597672040985799957191204612172441557049751281738281250000000, 0.930202002341819711439541151776211336255073547363281250000000, 0.227513209782064740327456320301280356943607330322265625000000
 0.000464865901679975762963992202969620848307386040687561035156, 0.781080084250978634585749205143656581640243530273437500000000, 0.180837035505319709827176666294690221548080444335937500000000,-0.597672040985800068213507074688095599412918090820312500000000, 2.211390651247973515580724779283627867698669433593750000000000, 0.227513209782064768083031935930193867534399032592773437500000
 0.000464865901679975762963992202969620848307386040687561035156, 0.781080084250978745608051667659310624003410339355468750000000,-0.180837035505319709827176666294690221548080444335937500000000, 0.597672040985799957191204612172441557049751281738281250000000, 0.930202002341819711439541151776211336255073547363281250000000, 6.055672097397521547179621848044916987419128417968750000000000
 0.000464865901679975762963992202969620848307386040687561035156, 0.781080084250978634585749205143656581640243530273437500000000,-0.180837035505319709827176666294690221548080444335937500000000,-0.597672040985800068213507074688095599412918090820312500000000, 2.211390651247973515580724779283627867698669433593750000000000, 6.055672097397521547179621848044916987419128417968750000000000
 0.000464865901679975762963992202969620848307386040687561035156,-0.781080084250978745608051667659310624003410339355468750000000, 0.180837035505319709827176666294690221548080444335937500000000, 0.597672040985799957191204612172441557049751281738281250000000, 0.930202002341819711439541151776211336255073547363281250000000, 2.914079443807728431181658379500731825828552246093750000000000
 0.000464865901679975762963992202969620848307386040687561035156,-0.781080084250978634585749205143656581640243530273437500000000, 0.180837035505319709827176666294690221548080444335937500000000,-0.597672040985800068213507074688095599412918090820312500000000, 2.211390651247973515580724779283627867698669433593750000000000, 2.914079443807728431181658379500731825828552246093750000000000
 0.000464865901679975762963992202969620848307386040687561035156,-0.781080084250978745608051667659310624003410339355468750000000,-0.180837035505319709827176666294690221548080444335937500000000, 0.597672040985799957191204612172441557049751281738281250000000, 0.930202002341819711439541151776211336255073547363281250000000, 3.369105863371857800814268557587638497352600097656250000000000
 0.000464865901679975762963992202969620848307386040687561035156,-0.781080084250978634585749205143656581640243530273437500000000,-0.180837035505319709827176666294690221548080444335937500000000,-0.597672040985800068213507074688095599412918090820312500000000, 2.211390651247973515580724779283627867698669433593750000000000, 3.369105863371857800814268557587638497352600097656250000000000
 0.000467550201715975636326122488739542859548237174749374389648, 0.640995637898935544107814621384022757411003112792968750000000, 0.225785219230160205672319762015831656754016876220703125000000, 0.733584096727652124059204652439802885055541992187500000000000, 0.747215435652648141129361647472251206636428833007812500000000, 0.338670240529891197756029441734426654875278472900390625000000
 0.000467550201715975636326122488739542859548237174749374389648, 0.640995637898935211040907233837060630321502685546875000000000, 0.225785219230160094650017299500177614390850067138671875000000,-0.733584096727652457126112039986765012145042419433593750000000, 2.394377217937145641002416596165858209133148193359375000000000, 0.338670240529891197756029441734426654875278472900390625000000
 0.000467550201715975636326122488739542859548237174749374389648, 0.640995637898935544107814621384022757411003112792968750000000,-0.225785219230160205672319762015831656754016876220703125000000, 0.733584096727652124059204652439802885055541992187500000000000, 0.747215435652648141129361647472251206636428833007812500000000, 5.944515066649694645661838876549154520034790039062500000000000
 0.000467550201715975636326122488739542859548237174749374389648, 0.640995637898935211040907233837060630321502685546875000000000,-0.225785219230160094650017299500177614390850067138671875000000,-0.733584096727652457126112039986765012145042419433593750000000, 2.394377217937145641002416596165858209133148193359375000000000, 5.944515066649694645661838876549154520034790039062500000000000
 0.000467550201715975636326122488739542859548237174749374389648,-0.640995637898935544107814621384022757411003112792968750000000, 0.225785219230160205672319762015831656754016876220703125000000, 0.733584096727652124059204652439802885055541992187500000000000, 0.747215435652648141129361647472251206636428833007812500000000, 2.802922413059901973753085258067585527896881103515625000000000
 0.000467550201715975636326122488739542859548237174749374389648,-0.640995637898935211040907233837060630321502685546875000000000, 0.225785219230160094650017299500177614390850067138671875000000,-0.733584096727652457126112039986765012145042419433593750000000, 2.394377217937145641002416596165858209133148193359375000000000, 2.802922413059901973753085258067585527896881103515625000000000
 0.000467550201715975636326122488739542859548237174749374389648,-0.640995637898935544107814621384022757411003112792968750000000,-0.225785219230160205672319762015831656754016876220703125000000, 0.733584096727652124059204652439802885055541992187500000000000, 0.747215435652648141129361647472251206636428833007812500000000, 3.480262894119684258242841679020784795284271240234375000000000
 0.000467550201715975636326122488739542859548237174749374389648,-0.640995637898935211040907233837060630321502685546875000000000,-0.225785219230160094650017299500177614390850067138671875000000,-0.733584096727652457126112039986765012145042419433593750000000, 2.394377217937145641002416596165858209133148193359375000000000, 3.480262894119684258242841679020784795284271240234375000000000
 0.000467550201715975636326122488739542859548237174749374389648, 0.640995637898935544107814621384022757411003112792968750000000, 0.733584096727652013036902189924148842692375183105468750000000, 0.225785219230160205672319762015831656754016876220703125000000, 1.343047332461068776865431573241949081420898437500000000000000, 0.852654220073970847693090036045759916305541992187500000000000
 0.000467550201715975636326122488739542859548237174749374389648, 0.640995637898935544107814621384022757411003112792968750000000, 0.733584096727652013036902189924148842692375183105468750000000,-0.225785219230160399961349071418226230889558792114257812500000, 1.798545321128724783221741745364852249622344970703125000000000, 0.852654220073970847693090036045759916305541992187500000000000
 0.000467550201715975636326122488739542859548237174749374389648, 0.640995637898935544107814621384022757411003112792968750000000,-0.733584096727652013036902189924148842692375183105468750000000, 0.225785219230160205672319762015831656754016876220703125000000, 1.343047332461068776865431573241949081420898437500000000000000, 5.430531087105615384302836901042610406875610351562500000000000
 0.000467550201715975636326122488739542859548237174749374389648, 0.640995637898935544107814621384022757411003112792968750000000,-0.733584096727652013036902189924148842692375183105468750000000,-0.225785219230160399961349071418226230889558792114257812500000, 1.798545321128724783221741745364852249622344970703125000000000, 5.430531087105615384302836901042610406875610351562500000000000
 0.000467550201715975636326122488739542859548237174749374389648,-0.640995637898935544107814621384022757411003112792968750000000, 0.733584096727652013036902189924148842692375183105468750000000, 0.225785219230160205672319762015831656754016876220703125000000, 1.343047332461068776865431573241949081420898437500000000000000, 2.288938433515822268304873432498425245285034179687500000000000
 0.000467550201715975636326122488739542859548237174749374389648,-0.640995637898935544107814621384022757411003112792968750000000, 0.733584096727652013036902189924148842692375183105468750000000,-0.225785219230160399961349071418226230889558792114257812500000, 1.798545321128724783221741745364852249622344970703125000000000, 2.288938433515822268304873432498425245285034179687500000000000
 0.000467550201715975636326122488739542859548237174749374389648,-0.640995637898935544107814621384022757411003112792968750000000,-0.733584096727652013036902189924148842692375183105468750000000, 0.225785219230160205672319762015831656754016876220703125000000, 1.343047332461068776865431573241949081420898437500000000000000, 3.994246873663763963691053504589945077896118164062500000000000
 0.000467550201715975636326122488739542859548237174749374389648,-0.640995637898935544107814621384022757411003112792968750000000,-0.733584096727652013036902189924148842692375183105468750000000,-0.225785219230160399961349071418226230889558792114257812500000, 1.798545321128724783221741745364852249622344970703125000000000, 3.994246873663763963691053504589945077896118164062500000000000
 0.000467550201715975636326122488739542859548237174749374389648, 0.225785219230160205672319762015831656754016876220703125000000, 0.640995637898935544107814621384022757411003112792968750000000, 0.733584096727652124059204652439802885055541992187500000000000, 0.747215435652648141129361647472251206636428833007812500000000, 1.232126086265005415754103523795492947101593017578125000000000
 0.000467550201715975636326122488739542859548237174749374389648, 0.225785219230160094650017299500177614390850067138671875000000, 0.640995637898935211040907233837060630321502685546875000000000,-0.733584096727652457126112039986765012145042419433593750000000, 2.394377217937145641002416596165858209133148193359375000000000, 1.232126086265005415754103523795492947101593017578125000000000
 0.000467550201715975636326122488739542859548237174749374389648, 0.225785219230160205672319762015831656754016876220703125000000,-0.640995637898935544107814621384022757411003112792968750000000, 0.733584096727652124059204652439802885055541992187500000000000, 0.747215435652648141129361647472251206636428833007812500000000, 5.051059220914581260331033263355493545532226562500000000000000
 0.000467550201715975636326122488739542859548237174749374389648, 0.225785219230160094650017299500177614390850067138671875000000,-0.640995637898935211040907233837060630321502685546875000000000,-0.733584096727652457126112039986765012145042419433593750000000, 2.394377217937145641002416596165858209133148193359375000000000, 5.051059220914581260331033263355493545532226562500000000000000
 0.000467550201715975636326122488739542859548237174749374389648,-0.225785219230160288939046608902572188526391983032226562500000, 0.640995637898935433085512158868368715047836303710937500000000, 0.733584096727652124059204652439802885055541992187500000000000, 0.747215435652648141129361647472251206636428833007812500000000, 1.909466567324787922288464869780000299215316772460937500000000
 0.000467550201715975636326122488739542859548237174749374389648,-0.225785219230160205672319762015831656754016876220703125000000, 0.640995637898935100018604771321406587958335876464843750000000,-0.733584096727652457126112039986765012145042419433593750000000, 2.394377217937145641002416596165858209133148193359375000000000, 1.909466567324788144333069794811308383941650390625000000000000
 0.000467550201715975636326122488739542859548237174749374389648,-0.225785219230160288939046608902572188526391983032226562500000,-0.640995637898935433085512158868368715047836303710937500000000, 0.733584096727652124059204652439802885055541992187500000000000, 0.747215435652648141129361647472251206636428833007812500000000, 4.373718739854798087662857142277061939239501953125000000000000
 0.000467550201715975636326122488739542859548237174749374389648,-0.225785219230160205672319762015831656754016876220703125000000,-0.640995637898935100018604771321406587958335876464843750000000,-0.733584096727652457126112039986765012145042419433593750000000, 2.394377217937145641002416596165858209133148193359375000000000, 4.373718739854798087662857142277061939239501953125000000000000
 0.000467550201715975636326122488739542859548237174749374389648, 0.225785219230160288939046608902572188526391983032226562500000, 0.733584096727652235081507114955456927418708801269531250000000, 0.640995637898935433085512158868368715047836303710937500000000, 0.875001589829861203817529258230933919548988342285156250000000, 1.272213919607879883955092736869119107723236083984375000000000
 0.000467550201715975636326122488739542859548237174749374389648, 0.225785219230160288939046608902572188526391983032226562500000, 0.733584096727652124059204652439802885055541992187500000000000,-0.640995637898935433085512158868368715047836303710937500000000, 2.266591063759932023202736672828905284404754638671875000000000, 1.272213919607879883955092736869119107723236083984375000000000
 0.000467550201715975636326122488739542859548237174749374389648, 0.225785219230160288939046608902572188526391983032226562500000,-0.733584096727652235081507114955456927418708801269531250000000, 0.640995637898935433085512158868368715047836303710937500000000, 0.875001589829861203817529258230933919548988342285156250000000, 5.010971387571705903951624350156635046005249023437500000000000
 0.000467550201715975636326122488739542859548237174749374389648, 0.225785219230160288939046608902572188526391983032226562500000,-0.733584096727652124059204652439802885055541992187500000000000,-0.640995637898935433085512158868368715047836303710937500000000, 2.266591063759932023202736672828905284404754638671875000000000, 5.010971387571705903951624350156635046005249023437500000000000
 0.000467550201715975636326122488739542859548237174749374389648,-0.225785219230160288939046608902572188526391983032226562500000, 0.733584096727652235081507114955456927418708801269531250000000, 0.640995637898935433085512158868368715047836303710937500000000, 0.875001589829861203817529258230933919548988342285156250000000, 1.869378733981913454087475656706374138593673706054687500000000
 0.000467550201715975636326122488739542859548237174749374389648,-0.225785219230160288939046608902572188526391983032226562500000, 0.733584096727652124059204652439802885055541992187500000000000,-0.640995637898935433085512158868368715047836303710937500000000, 2.266591063759932023202736672828905284404754638671875000000000, 1.869378733981913454087475656706374138593673706054687500000000
 0.000467550201715975636326122488739542859548237174749374389648,-0.225785219230160288939046608902572188526391983032226562500000,-0.733584096727652235081507114955456927418708801269531250000000, 0.640995637898935433085512158868368715047836303710937500000000, 0.875001589829861203817529258230933919548988342285156250000000, 4.413806573197672555863846355350688099861145019531250000000000
 0.000467550201715975636326122488739542859548237174749374389648,-0.225785219230160288939046608902572188526391983032226562500000,-0.733584096727652124059204652439802885055541992187500000000000,-0.640995637898935433085512158868368715047836303710937500000000, 2.266591063759932023202736672828905284404754638671875000000000, 4.413806573197672555863846355350688099861145019531250000000000
 0.000467550201715975636326122488739542859548237174749374389648, 0.733584096727652013036902189924148842692375183105468750000000, 0.640995637898935544107814621384022757411003112792968750000000, 0.225785219230160205672319762015831656754016876220703125000000, 1.343047332461068776865431573241949081420898437500000000000000, 0.718142106720925710305891698226332664489746093750000000000000
 0.000467550201715975636326122488739542859548237174749374389648, 0.733584096727652013036902189924148842692375183105468750000000, 0.640995637898935544107814621384022757411003112792968750000000,-0.225785219230160399961349071418226230889558792114257812500000, 1.798545321128724783221741745364852249622344970703125000000000, 0.718142106720925710305891698226332664489746093750000000000000
 0.000467550201715975636326122488739542859548237174749374389648, 0.733584096727652013036902189924148842692375183105468750000000,-0.640995637898935544107814621384022757411003112792968750000000, 0.225785219230160205672319762015831656754016876220703125000000, 1.343047332461068776865431573241949081420898437500000000000000, 5.565043200458660521690035238862037658691406250000000000000000
 0.000467550201715975636326122488739542859548237174749374389648, 0.733584096727652013036902189924148842692375183105468750000000,-0.640995637898935544107814621384022757411003112792968750000000,-0.225785219230160399961349071418226230889558792114257812500000, 1.798545321128724783221741745364852249622344970703125000000000, 5.565043200458660521690035238862037658691406250000000000000000
 0.000467550201715975636326122488739542859548237174749374389648,-0.733584096727652013036902189924148842692375183105468750000000, 0.640995637898935544107814621384022757411003112792968750000000, 0.225785219230160205672319762015831656754016876220703125000000, 1.343047332461068776865431573241949081420898437500000000000000, 2.423450546868867405692071770317852497100830078125000000000000
 0.000467550201715975636326122488739542859548237174749374389648,-0.733584096727652013036902189924148842692375183105468750000000, 0.640995637898935544107814621384022757411003112792968750000000,-0.225785219230160399961349071418226230889558792114257812500000, 1.798545321128724783221741745364852249622344970703125000000000, 2.423450546868867405692071770317852497100830078125000000000000
 0.000467550201715975636326122488739542859548237174749374389648,-0.733584096727652013036902189924148842692375183105468750000000,-0.640995637898935544107814621384022757411003112792968750000000, 0.225785219230160205672319762015831656754016876220703125000000, 1.343047332461068776865431573241949081420898437500000000000000, 3.859734760310718826303855166770517826080322265625000000000000
 0.000467550201715975636326122488739542859548237174749374389648,-0.733584096727652013036902189924148842692375183105468750000000,-0.640995637898935544107814621384022757411003112792968750000000,-0.225785219230160399961349071418226230889558792114257812500000, 1.798545321128724783221741745364852249622344970703125000000000, 3.859734760310718826303855166770517826080322265625000000000000
 0.000467550201715975636326122488739542859548237174749374389648, 0.733584096727652235081507114955456927418708801269531250000000, 0.225785219230160399961349071418226230889558792114257812500000, 0.640995637898935433085512158868368715047836303710937500000000, 0.875001589829861203817529258230933919548988342285156250000000, 0.298582407187016896088493922434281557798385620117187500000000
 0.000467550201715975636326122488739542859548237174749374389648, 0.733584096727652124059204652439802885055541992187500000000000, 0.225785219230160399961349071418226230889558792114257812500000,-0.640995637898935433085512158868368715047836303710937500000000, 2.266591063759932023202736672828905284404754638671875000000000, 0.298582407187016896088493922434281557798385620117187500000000
 0.000467550201715975636326122488739542859548237174749374389648, 0.733584096727652235081507114955456927418708801269531250000000,-0.225785219230160399961349071418226230889558792114257812500000, 0.640995637898935433085512158868368715047836303710937500000000, 0.875001589829861203817529258230933919548988342285156250000000, 5.984602899992569113862828089622780680656433105468750000000000
 0.000467550201715975636326122488739542859548237174749374389648, 0.733584096727652124059204652439802885055541992187500000000000,-0.225785219230160399961349071418226230889558792114257812500000,-0.640995637898935433085512158868368715047836303710937500000000, 2.266591063759932023202736672828905284404754638671875000000000, 5.984602899992569113862828089622780680656433105468750000000000
 0.000467550201715975636326122488739542859548237174749374389648,-0.733584096727652235081507114955456927418708801269531250000000, 0.225785219230160288939046608902572188526391983032226562500000, 0.640995637898935433085512158868368715047836303710937500000000, 0.875001589829861203817529258230933919548988342285156250000000, 2.843010246402776441954074471141211688518524169921875000000000
 0.000467550201715975636326122488739542859548237174749374389648,-0.733584096727652124059204652439802885055541992187500000000000, 0.225785219230160288939046608902572188526391983032226562500000,-0.640995637898935433085512158868368715047836303710937500000000, 2.266591063759932023202736672828905284404754638671875000000000, 2.843010246402776441954074471141211688518524169921875000000000
 0.000467550201715975636326122488739542859548237174749374389648,-0.733584096727652235081507114955456927418708801269531250000000,-0.225785219230160288939046608902572188526391983032226562500000, 0.640995637898935433085512158868368715047836303710937500000000, 0.875001589829861203817529258230933919548988342285156250000000, 3.440175060776809790041852465947158634662628173828125000000000
 0.000467550201715975636326122488739542859548237174749374389648,-0.733584096727652124059204652439802885055541992187500000000000,-0.225785219230160288939046608902572188526391983032226562500000,-0.640995637898935433085512158868368715047836303710937500000000, 2.266591063759932023202736672828905284404754638671875000000000, 3.440175060776809790041852465947158634662628173828125000000000
 0.000459849447645975972949472510009627512772567570209503173828, 0.558122233082751550981015498109627515077590942382812500000000, 0.045321734216371298287207025623501976951956748962402343750000, 0.828520074196360978291409082885365933179855346679687500000000, 0.594336749814103892930461370269767940044403076171875000000000, 0.081026172050182018735675626430747797712683677673339843750000
 0.000459849447645975972949472510009627512772567570209503173828, 0.558122233082751550981015498109627515077590942382812500000000, 0.045321734216371298287207025623501976951956748962402343750000,-0.828520074196360978291409082885365933179855346679687500000000, 2.547255903775689223067502098274417221546173095703125000000000, 0.081026172050182018735675626430747797712683677673339843750000
 0.000459849447645975972949472510009627512772567570209503173828, 0.558122233082751550981015498109627515077590942382812500000000,-0.045321734216371298287207025623501976951956748962402343750000, 0.828520074196360978291409082885365933179855346679687500000000, 0.594336749814103892930461370269767940044403076171875000000000, 6.202159135129404532449370890390127897262573242187500000000000
 0.000459849447645975972949472510009627512772567570209503173828, 0.558122233082751550981015498109627515077590942382812500000000,-0.045321734216371298287207025623501976951956748962402343750000,-0.828520074196360978291409082885365933179855346679687500000000, 2.547255903775689223067502098274417221546173095703125000000000, 6.202159135129404532449370890390127897262573242187500000000000
 0.000459849447645975972949472510009627512772567570209503173828,-0.558122233082751550981015498109627515077590942382812500000000, 0.045321734216371402370615584231927641667425632476806640625000, 0.828520074196360978291409082885365933179855346679687500000000, 0.594336749814103892930461370269767940044403076171875000000000, 3.060566481539610972362197571783326566219329833984375000000000
 0.000459849447645975972949472510009627512772567570209503173828,-0.558122233082751550981015498109627515077590942382812500000000, 0.045321734216371402370615584231927641667425632476806640625000,-0.828520074196360978291409082885365933179855346679687500000000, 2.547255903775689223067502098274417221546173095703125000000000, 3.060566481539610972362197571783326566219329833984375000000000
 0.000459849447645975972949472510009627512772567570209503173828,-0.558122233082751550981015498109627515077590942382812500000000,-0.045321734216371402370615584231927641667425632476806640625000, 0.828520074196360978291409082885365933179855346679687500000000, 0.594336749814103892930461370269767940044403076171875000000000, 3.222618825639975259633729365305043756961822509765625000000000
 0.000459849447645975972949472510009627512772567570209503173828,-0.558122233082751550981015498109627515077590942382812500000000,-0.045321734216371402370615584231927641667425632476806640625000,-0.828520074196360978291409082885365933179855346679687500000000, 2.547255903775689223067502098274417221546173095703125000000000, 3.222618825639975259633729365305043756961822509765625000000000
 0.000459849447645975972949472510009627512772567570209503173828, 0.558122233082751328936410573078319430351257324218750000000000, 0.828520074196360978291409082885365933179855346679687500000000, 0.045321734216371499515130238933124928735196590423583984375000, 1.525459062629004547417821413546334952116012573242187500000000, 0.977983241085513488322078501369105651974678039550781250000000
 0.000459849447645975972949472510009627512772567570209503173828, 0.558122233082751328936410573078319430351257324218750000000000, 0.828520074196360978291409082885365933179855346679687500000000,-0.045321734216371499515130238933124928735196590423583984375000, 1.616133590960788790624746980029158294200897216796875000000000, 0.977983241085513488322078501369105651974678039550781250000000
 0.000459849447645975972949472510009627512772567570209503173828, 0.558122233082751328936410573078319430351257324218750000000000,-0.828520074196360978291409082885365933179855346679687500000000, 0.045321734216371499515130238933124928735196590423583984375000, 1.525459062629004547417821413546334952116012573242187500000000, 5.305202066094072854696150898234918713569641113281250000000000
 0.000459849447645975972949472510009627512772567570209503173828, 0.558122233082751328936410573078319430351257324218750000000000,-0.828520074196360978291409082885365933179855346679687500000000,-0.045321734216371499515130238933124928735196590423583984375000, 1.616133590960788790624746980029158294200897216796875000000000, 5.305202066094072854696150898234918713569641113281250000000000
 0.000459849447645975972949472510009627512772567570209503173828,-0.558122233082751328936410573078319430351257324218750000000000, 0.828520074196360978291409082885365933179855346679687500000000, 0.045321734216371499515130238933124928735196590423583984375000, 1.525459062629004547417821413546334952116012573242187500000000, 2.163609412504279738698187429690733551979064941406250000000000
 0.000459849447645975972949472510009627512772567570209503173828,-0.558122233082751328936410573078319430351257324218750000000000, 0.828520074196360978291409082885365933179855346679687500000000,-0.045321734216371499515130238933124928735196590423583984375000, 1.616133590960788790624746980029158294200897216796875000000000, 2.163609412504279738698187429690733551979064941406250000000000
 0.000459849447645975972949472510009627512772567570209503173828,-0.558122233082751328936410573078319430351257324218750000000000,-0.828520074196360978291409082885365933179855346679687500000000, 0.045321734216371499515130238933124928735196590423583984375000, 1.525459062629004547417821413546334952116012573242187500000000, 4.119575894675306493297739507397636771202087402343750000000000
 0.000459849447645975972949472510009627512772567570209503173828,-0.558122233082751328936410573078319430351257324218750000000000,-0.828520074196360978291409082885365933179855346679687500000000,-0.045321734216371499515130238933124928735196590423583984375000, 1.616133590960788790624746980029158294200897216796875000000000, 4.119575894675306493297739507397636771202087402343750000000000
 0.000459849447645975972949472510009627512772567570209503173828, 0.045321734216371596659644893634322215802967548370361328125000, 0.558122233082751550981015498109627515077590942382812500000000, 0.828520074196360978291409082885365933179855346679687500000000, 0.594336749814103892930461370269767940044403076171875000000000, 1.489770154744713970274005987448617815971374511718750000000000
 0.000459849447645975972949472510009627512772567570209503173828, 0.045321734216371596659644893634322215802967548370361328125000, 0.558122233082751550981015498109627515077590942382812500000000,-0.828520074196360978291409082885365933179855346679687500000000, 2.547255903775689223067502098274417221546173095703125000000000, 1.489770154744713970274005987448617815971374511718750000000000
 0.000459849447645975972949472510009627512772567570209503173828, 0.045321734216371596659644893634322215802967548370361328125000,-0.558122233082751550981015498109627515077590942382812500000000, 0.828520074196360978291409082885365933179855346679687500000000, 0.594336749814103892930461370269767940044403076171875000000000, 4.793415152434872261721920949639752507209777832031250000000000
 0.000459849447645975972949472510009627512772567570209503173828, 0.045321734216371596659644893634322215802967548370361328125000,-0.558122233082751550981015498109627515077590942382812500000000,-0.828520074196360978291409082885365933179855346679687500000000, 2.547255903775689223067502098274417221546173095703125000000000, 4.793415152434872261721920949639752507209777832031250000000000
 0.000459849447645975972949472510009627512772567570209503173828,-0.045321734216371596659644893634322215802967548370361328125000, 0.558122233082751550981015498109627515077590942382812500000000, 0.828520074196360978291409082885365933179855346679687500000000, 0.594336749814103892930461370269767940044403076171875000000000, 1.651822498845079145723957481095567345619201660156250000000000
 0.000459849447645975972949472510009627512772567570209503173828,-0.045321734216371596659644893634322215802967548370361328125000, 0.558122233082751550981015498109627515077590942382812500000000,-0.828520074196360978291409082885365933179855346679687500000000, 2.547255903775689223067502098274417221546173095703125000000000, 1.651822498845079145723957481095567345619201660156250000000000
 0.000459849447645975972949472510009627512772567570209503173828,-0.045321734216371596659644893634322215802967548370361328125000,-0.558122233082751550981015498109627515077590942382812500000000, 0.828520074196360978291409082885365933179855346679687500000000, 0.594336749814103892930461370269767940044403076171875000000000, 4.631362808334507086271969455992802977561950683593750000000000
 0.000459849447645975972949472510009627512772567570209503173828,-0.045321734216371596659644893634322215802967548370361328125000,-0.558122233082751550981015498109627515077590942382812500000000,-0.828520074196360978291409082885365933179855346679687500000000, 2.547255903775689223067502098274417221546173095703125000000000, 4.631362808334507086271969455992802977561950683593750000000000
 0.000459849447645975972949472510009627512772567570209503173828, 0.045321734216371596659644893634322215802967548370361328125000, 0.828520074196360978291409082885365933179855346679687500000000, 0.558122233082751328936410573078319430351257324218750000000000, 0.978675281306011668469579944940051063895225524902343750000000, 1.516148755763778943617126060416921973228454589843750000000000
 0.000459849447645975972949472510009627512772567570209503173828, 0.045321734216371596659644893634322215802967548370361328125000, 0.828520074196360867269106620369711890816688537597656250000000,-0.558122233082751550981015498109627515077590942382812500000000, 2.162917372283781780595290911151096224784851074218750000000000, 1.516148755763778943617126060416921973228454589843750000000000
 0.000459849447645975972949472510009627512772567570209503173828, 0.045321734216371596659644893634322215802967548370361328125000,-0.828520074196360978291409082885365933179855346679687500000000, 0.558122233082751328936410573078319430351257324218750000000000, 0.978675281306011668469579944940051063895225524902343750000000, 4.767036551415807288378800876671448349952697753906250000000000
 0.000459849447645975972949472510009627512772567570209503173828, 0.045321734216371596659644893634322215802967548370361328125000,-0.828520074196360867269106620369711890816688537597656250000000,-0.558122233082751550981015498109627515077590942382812500000000, 2.162917372283781780595290911151096224784851074218750000000000, 4.767036551415807288378800876671448349952697753906250000000000
 0.000459849447645975972949472510009627512772567570209503173828,-0.045321734216371797887568106943945167586207389831542968750000, 0.828520074196360978291409082885365933179855346679687500000000, 0.558122233082751328936410573078319430351257324218750000000000, 0.978675281306011668469579944940051063895225524902343750000000, 1.625443897826014616470047258189879357814788818359375000000000
 0.000459849447645975972949472510009627512772567570209503173828,-0.045321734216371797887568106943945167586207389831542968750000, 0.828520074196360867269106620369711890816688537597656250000000,-0.558122233082751550981015498109627515077590942382812500000000, 2.162917372283781780595290911151096224784851074218750000000000, 1.625443897826014616470047258189879357814788818359375000000000
 0.000459849447645975972949472510009627512772567570209503173828,-0.045321734216371797887568106943945167586207389831542968750000,-0.828520074196360978291409082885365933179855346679687500000000, 0.558122233082751328936410573078319430351257324218750000000000, 0.978675281306011668469579944940051063895225524902343750000000, 4.657741409353571171436669828835874795913696289062500000000000
 0.000459849447645975972949472510009627512772567570209503173828,-0.045321734216371797887568106943945167586207389831542968750000,-0.828520074196360867269106620369711890816688537597656250000000,-0.558122233082751550981015498109627515077590942382812500000000, 2.162917372283781780595290911151096224784851074218750000000000, 4.657741409353571171436669828835874795913696289062500000000000
 0.000459849447645975972949472510009627512772567570209503173828, 0.828520074196360867269106620369711890816688537597656250000000, 0.558122233082751550981015498109627515077590942382812500000000, 0.045321734216371499515130238933124928735196590423583984375000, 1.525459062629004547417821413546334952116012573242187500000000, 0.592813085709383402743810620449949055910110473632812500000000
 0.000459849447645975972949472510009627512772567570209503173828, 0.828520074196360867269106620369711890816688537597656250000000, 0.558122233082751550981015498109627515077590942382812500000000,-0.045321734216371499515130238933124928735196590423583984375000, 1.616133590960788790624746980029158294200897216796875000000000, 0.592813085709383402743810620449949055910110473632812500000000
 0.000459849447645975972949472510009627512772567570209503173828, 0.828520074196360867269106620369711890816688537597656250000000,-0.558122233082751550981015498109627515077590942382812500000000, 0.045321734216371499515130238933124928735196590423583984375000, 1.525459062629004547417821413546334952116012573242187500000000, 5.690372221470203051296721241669729351997375488281250000000000
 0.000459849447645975972949472510009627512772567570209503173828, 0.828520074196360867269106620369711890816688537597656250000000,-0.558122233082751550981015498109627515077590942382812500000000,-0.045321734216371499515130238933124928735196590423583984375000, 1.616133590960788790624746980029158294200897216796875000000000, 5.690372221470203051296721241669729351997375488281250000000000
 0.000459849447645975972949472510009627512772567570209503173828,-0.828520074196360978291409082885365933179855346679687500000000, 0.558122233082751328936410573078319430351257324218750000000000, 0.045321734216371499515130238933124928735196590423583984375000, 1.525459062629004547417821413546334952116012573242187500000000, 2.548779567880409935298757773125544190406799316406250000000000
 0.000459849447645975972949472510009627512772567570209503173828,-0.828520074196360978291409082885365933179855346679687500000000, 0.558122233082751328936410573078319430351257324218750000000000,-0.045321734216371499515130238933124928735196590423583984375000, 1.616133590960788790624746980029158294200897216796875000000000, 2.548779567880409935298757773125544190406799316406250000000000
 0.000459849447645975972949472510009627512772567570209503173828,-0.828520074196360978291409082885365933179855346679687500000000,-0.558122233082751328936410573078319430351257324218750000000000, 0.045321734216371499515130238933124928735196590423583984375000, 1.525459062629004547417821413546334952116012573242187500000000, 3.734405739299176296697169163962826132774353027343750000000000
 0.000459849447645975972949472510009627512772567570209503173828,-0.828520074196360978291409082885365933179855346679687500000000,-0.558122233082751328936410573078319430351257324218750000000000,-0.045321734216371499515130238933124928735196590423583984375000, 1.616133590960788790624746980029158294200897216796875000000000, 3.734405739299176296697169163962826132774353027343750000000000
 0.000459849447645975972949472510009627512772567570209503173828, 0.828520074196360978291409082885365933179855346679687500000000, 0.045321734216371999115491320253568119369447231292724609375000, 0.558122233082751328936410573078319430351257324218750000000000, 0.978675281306011668469579944940051063895225524902343750000000, 0.054647571031118141737792370804527308791875839233398437500000
 0.000459849447645975972949472510009627512772567570209503173828, 0.828520074196360867269106620369711890816688537597656250000000, 0.045321734216371999115491320253568119369447231292724609375000,-0.558122233082751550981015498109627515077590942382812500000000, 2.162917372283781780595290911151096224784851074218750000000000, 0.054647571031118148676686274711755686439573764801025390625000
 0.000459849447645975972949472510009627512772567570209503173828, 0.828520074196360978291409082885365933179855346679687500000000,-0.045321734216371999115491320253568119369447231292724609375000, 0.558122233082751328936410573078319430351257324218750000000000, 0.978675281306011668469579944940051063895225524902343750000000, 6.228537736148467729435651563107967376708984375000000000000000
 0.000459849447645975972949472510009627512772567570209503173828, 0.828520074196360867269106620369711890816688537597656250000000,-0.045321734216371999115491320253568119369447231292724609375000,-0.558122233082751550981015498109627515077590942382812500000000, 2.162917372283781780595290911151096224784851074218750000000000, 6.228537736148467729435651563107967376708984375000000000000000
 0.000459849447645975972949472510009627512772567570209503173828,-0.828520074196360978291409082885365933179855346679687500000000, 0.045321734216371999115491320253568119369447231292724609375000, 0.558122233082751328936410573078319430351257324218750000000000, 0.978675281306011668469579944940051063895225524902343750000000, 3.086945082558675057526897944626398384571075439453125000000000
 0.000459849447645975972949472510009627512772567570209503173828,-0.828520074196360867269106620369711890816688537597656250000000, 0.045321734216371999115491320253568119369447231292724609375000,-0.558122233082751550981015498109627515077590942382812500000000, 2.162917372283781780595290911151096224784851074218750000000000, 3.086945082558675057526897944626398384571075439453125000000000
 0.000459849447645975972949472510009627512772567570209503173828,-0.828520074196360978291409082885365933179855346679687500000000,-0.045321734216371999115491320253568119369447231292724609375000, 0.558122233082751328936410573078319430351257324218750000000000, 0.978675281306011668469579944940051063895225524902343750000000, 3.196240224620911174469028992461971938610076904296875000000000
 0.000459849447645975972949472510009627512772567570209503173828,-0.828520074196360867269106620369711890816688537597656250000000,-0.045321734216371999115491320253568119369447231292724609375000,-0.558122233082751550981015498109627515077590942382812500000000, 2.162917372283781780595290911151096224784851074218750000000000, 3.196240224620911174469028992461971938610076904296875000000000
 0.000465491695514975696666010174240568630921188741922378540039, 0.607470598416169349498261453845771029591560363769531250000000, 0.091174880318403303536278770025091944262385368347167968750000, 0.789092271701368197511783364461734890937805175781250000000000, 0.661466458923228417532413914159405976533889770507812500000000, 0.148977351349123682267006074653181713074445724487304687500000
 0.000465491695514975696666010174240568630921188741922378540039, 0.607470598416169016431354066298808902502059936523437500000000, 0.091174880318403206391764115323894657194614410400390625000000,-0.789092271701368419556388289493042975664138793945312500000000, 2.480126194666565364599364329478703439235687255859375000000000, 0.148977351349123599000279227766441181302070617675781250000000
 0.000465491695514975696666010174240568630921188741922378540039, 0.607470598416169349498261453845771029591560363769531250000000,-0.091174880318403303536278770025091944262385368347167968750000, 0.789092271701368197511783364461734890937805175781250000000000, 0.661466458923228417532413914159405976533889770507812500000000, 6.134207955830462744017950171837583184242248535156250000000000
 0.000465491695514975696666010174240568630921188741922378540039, 0.607470598416169016431354066298808902502059936523437500000000,-0.091174880318403206391764115323894657194614410400390625000000,-0.789092271701368419556388289493042975664138793945312500000000, 2.480126194666565364599364329478703439235687255859375000000000, 6.134207955830462744017950171837583184242248535156250000000000
 0.000465491695514975696666010174240568630921188741922378540039,-0.607470598416169349498261453845771029591560363769531250000000, 0.091174880318403206391764115323894657194614410400390625000000, 0.789092271701368197511783364461734890937805175781250000000000, 0.661466458923228195487808989128097891807556152343750000000000, 2.992615302240669628019986703293398022651672363281250000000000
 0.000465491695514975696666010174240568630921188741922378540039,-0.607470598416169016431354066298808902502059936523437500000000, 0.091174880318403206391764115323894657194614410400390625000000,-0.789092271701368419556388289493042975664138793945312500000000, 2.480126194666565364599364329478703439235687255859375000000000, 2.992615302240669628019986703293398022651672363281250000000000
 0.000465491695514975696666010174240568630921188741922378540039,-0.607470598416169349498261453845771029591560363769531250000000,-0.091174880318403206391764115323894657194614410400390625000000, 0.789092271701368197511783364461734890937805175781250000000000, 0.661466458923228195487808989128097891807556152343750000000000, 3.290570004938916603975940233794972300529479980468750000000000
 0.000465491695514975696666010174240568630921188741922378540039,-0.607470598416169016431354066298808902502059936523437500000000,-0.091174880318403206391764115323894657194614410400390625000000,-0.789092271701368419556388289493042975664138793945312500000000, 2.480126194666565364599364329478703439235687255859375000000000, 3.290570004938916603975940233794972300529479980468750000000000
 0.000465491695514975696666010174240568630921188741922378540039, 0.607470598416169460520563916361425071954727172851562500000000, 0.789092271701368308534085826977388933300971984863281250000000, 0.091174880318402998224946998107043327763676643371582031250000, 1.479494650935371913291760392894502729177474975585937500000000, 0.914721401102123521376086046075215563178062438964843750000000
 0.000465491695514975696666010174240568630921188741922378540039, 0.607470598416169349498261453845771029591560363769531250000000, 0.789092271701368197511783364461734890937805175781250000000000,-0.091174880318403206391764115323894657194614410400390625000000, 1.662098002654421424750808000680990517139434814453125000000000, 0.914721401102123521376086046075215563178062438964843750000000
 0.000465491695514975696666010174240568630921188741922378540039, 0.607470598416169460520563916361425071954727172851562500000000,-0.789092271701368308534085826977388933300971984863281250000000, 0.091174880318402998224946998107043327763676643371582031250000, 1.479494650935371913291760392894502729177474975585937500000000, 5.368463906077463043686748278560116887092590332031250000000000
 0.000465491695514975696666010174240568630921188741922378540039, 0.607470598416169349498261453845771029591560363769531250000000,-0.789092271701368197511783364461734890937805175781250000000000,-0.091174880318403206391764115323894657194614410400390625000000, 1.662098002654421424750808000680990517139434814453125000000000, 5.368463906077463043686748278560116887092590332031250000000000
 0.000465491695514975696666010174240568630921188741922378540039,-0.607470598416169793587471303908387199044227600097656250000000, 0.789092271701368086489480901946080848574638366699218750000000, 0.091174880318402998224946998107043327763676643371582031250000, 1.479494650935371913291760392894502729177474975585937500000000, 2.226871252487669927688784810015931725502014160156250000000000
 0.000465491695514975696666010174240568630921188741922378540039,-0.607470598416169682565168841392733156681060791015625000000000, 0.789092271701367975467178439430426806211471557617187500000000,-0.091174880318403206391764115323894657194614410400390625000000, 1.662098002654421424750808000680990517139434814453125000000000, 2.226871252487669927688784810015931725502014160156250000000000
 0.000465491695514975696666010174240568630921188741922378540039,-0.607470598416169793587471303908387199044227600097656250000000,-0.789092271701368086489480901946080848574638366699218750000000, 0.091174880318402998224946998107043327763676643371582031250000, 1.479494650935371913291760392894502729177474975585937500000000, 4.056314054691916304307142127072438597679138183593750000000000
 0.000465491695514975696666010174240568630921188741922378540039,-0.607470598416169682565168841392733156681060791015625000000000,-0.789092271701367975467178439430426806211471557617187500000000,-0.091174880318403206391764115323894657194614410400390625000000, 1.662098002654421424750808000680990517139434814453125000000000, 4.056314054691916304307142127072438597679138183593750000000000
 0.000465491695514975696666010174240568630921188741922378540039, 0.091174880318403095369461652808240614831447601318359375000000, 0.607470598416169349498261453845771029591560363769531250000000, 0.789092271701368197511783364461734890937805175781250000000000, 0.661466458923228195487808989128097891807556152343750000000000, 1.421818975445773292065609894052613526582717895507812500000000
 0.000465491695514975696666010174240568630921188741922378540039, 0.091174880318402998224946998107043327763676643371582031250000, 0.607470598416169016431354066298808902502059936523437500000000,-0.789092271701368419556388289493042975664138793945312500000000, 2.480126194666565364599364329478703439235687255859375000000000, 1.421818975445773292065609894052613526582717895507812500000000
 0.000465491695514975696666010174240568630921188741922378540039, 0.091174880318403095369461652808240614831447601318359375000000,-0.607470598416169349498261453845771029591560363769531250000000, 0.789092271701368197511783364461734890937805175781250000000000, 0.661466458923228195487808989128097891807556152343750000000000, 4.861366331733813161974921968067064881324768066406250000000000
 0.000465491695514975696666010174240568630921188741922378540039, 0.091174880318402998224946998107043327763676643371582031250000,-0.607470598416169016431354066298808902502059936523437500000000,-0.789092271701368419556388289493042975664138793945312500000000, 2.480126194666565364599364329478703439235687255859375000000000, 4.861366331733813161974921968067064881324768066406250000000000
 0.000465491695514975696666010174240568630921188741922378540039,-0.091174880318403206391764115323894657194614410400390625000000, 0.607470598416169349498261453845771029591560363769531250000000, 0.789092271701368197511783364461734890937805175781250000000000, 0.661466458923228195487808989128097891807556152343750000000000, 1.719773678144020045976958499522879719734191894531250000000000
 0.000465491695514975696666010174240568630921188741922378540039,-0.091174880318403206391764115323894657194614410400390625000000, 0.607470598416169016431354066298808902502059936523437500000000,-0.789092271701368419556388289493042975664138793945312500000000, 2.480126194666565364599364329478703439235687255859375000000000, 1.719773678144020268021563424554187804460525512695312500000000
 0.000465491695514975696666010174240568630921188741922378540039,-0.091174880318403206391764115323894657194614410400390625000000,-0.607470598416169349498261453845771029591560363769531250000000, 0.789092271701368197511783364461734890937805175781250000000000, 0.661466458923228195487808989128097891807556152343750000000000, 4.563411629035566186018968437565490603446960449218750000000000
 0.000465491695514975696666010174240568630921188741922378540039,-0.091174880318403206391764115323894657194614410400390625000000,-0.607470598416169016431354066298808902502059936523437500000000,-0.789092271701368419556388289493042975664138793945312500000000, 2.480126194666565364599364329478703439235687255859375000000000, 4.563411629035566186018968437565490603446960449218750000000000
 0.000465491695514975696666010174240568630921188741922378540039, 0.091174880318403095369461652808240614831447601318359375000000, 0.789092271701368197511783364461734890937805175781250000000000, 0.607470598416169349498261453845771029591560363769531250000000, 0.917923899954936839407082516117952764034271240234375000000000, 1.455762430125091544397264442523010075092315673828125000000000
 0.000465491695514975696666010174240568630921188741922378540039, 0.091174880318403095369461652808240614831447601318359375000000, 0.789092271701368197511783364461734890937805175781250000000000,-0.607470598416169349498261453845771029591560363769531250000000, 2.223668753634856276590880952426232397556304931640625000000000, 1.455762430125091544397264442523010075092315673828125000000000
 0.000465491695514975696666010174240568630921188741922378540039, 0.091174880318403095369461652808240614831447601318359375000000,-0.789092271701368197511783364461734890937805175781250000000000, 0.607470598416169349498261453845771029591560363769531250000000, 0.917923899954936839407082516117952764034271240234375000000000, 4.827422877054495131687872344627976417541503906250000000000000
 0.000465491695514975696666010174240568630921188741922378540039, 0.091174880318403095369461652808240614831447601318359375000000,-0.789092271701368197511783364461734890937805175781250000000000,-0.607470598416169349498261453845771029591560363769531250000000, 2.223668753634856276590880952426232397556304931640625000000000, 4.827422877054495131687872344627976417541503906250000000000000
 0.000465491695514975696666010174240568630921188741922378540039,-0.091174880318403303536278770025091944262385368347167968750000, 0.789092271701368197511783364461734890937805175781250000000000, 0.607470598416169349498261453845771029591560363769531250000000, 0.917923899954936839407082516117952764034271240234375000000000, 1.685830223464702015689908876083791255950927734375000000000000
 0.000465491695514975696666010174240568630921188741922378540039,-0.091174880318403303536278770025091944262385368347167968750000, 0.789092271701368197511783364461734890937805175781250000000000,-0.607470598416169349498261453845771029591560363769531250000000, 2.223668753634856276590880952426232397556304931640625000000000, 1.685830223464702015689908876083791255950927734375000000000000
 0.000465491695514975696666010174240568630921188741922378540039,-0.091174880318403303536278770025091944262385368347167968750000,-0.789092271701368197511783364461734890937805175781250000000000, 0.607470598416169349498261453845771029591560363769531250000000, 0.917923899954936839407082516117952764034271240234375000000000, 4.597355083714884216306018061004579067230224609375000000000000
 0.000465491695514975696666010174240568630921188741922378540039,-0.091174880318403303536278770025091944262385368347167968750000,-0.789092271701368197511783364461734890937805175781250000000000,-0.607470598416169349498261453845771029591560363769531250000000, 2.223668753634856276590880952426232397556304931640625000000000, 4.597355083714884216306018061004579067230224609375000000000000
 0.000465491695514975696666010174240568630921188741922378540039, 0.789092271701368308534085826977388933300971984863281250000000, 0.607470598416169460520563916361425071954727172851562500000000, 0.091174880318402998224946998107043327763676643371582031250000, 1.479494650935371913291760392894502729177474975585937500000000, 0.656074925692773147645198150712531059980392456054687500000000
 0.000465491695514975696666010174240568630921188741922378540039, 0.789092271701368197511783364461734890937805175781250000000000, 0.607470598416169349498261453845771029591560363769531250000000,-0.091174880318403206391764115323894657194614410400390625000000, 1.662098002654421424750808000680990517139434814453125000000000, 0.656074925692773147645198150712531059980392456054687500000000
 0.000465491695514975696666010174240568630921188741922378540039, 0.789092271701368308534085826977388933300971984863281250000000,-0.607470598416169460520563916361425071954727172851562500000000, 0.091174880318402998224946998107043327763676643371582031250000, 1.479494650935371913291760392894502729177474975585937500000000, 5.627110381486812862306123861344531178474426269531250000000000
 0.000465491695514975696666010174240568630921188741922378540039, 0.789092271701368197511783364461734890937805175781250000000000,-0.607470598416169349498261453845771029591560363769531250000000,-0.091174880318403206391764115323894657194614410400390625000000, 1.662098002654421424750808000680990517139434814453125000000000, 5.627110381486812862306123861344531178474426269531250000000000
 0.000465491695514975696666010174240568630921188741922378540039,-0.789092271701368308534085826977388933300971984863281250000000, 0.607470598416169460520563916361425071954727172851562500000000, 0.091174880318402998224946998107043327763676643371582031250000, 1.479494650935371913291760392894502729177474975585937500000000, 2.485517727897020190397370242862962186336517333984375000000000
 0.000465491695514975696666010174240568630921188741922378540039,-0.789092271701368197511783364461734890937805175781250000000000, 0.607470598416169349498261453845771029591560363769531250000000,-0.091174880318403206391764115323894657194614410400390625000000, 1.662098002654421424750808000680990517139434814453125000000000, 2.485517727897020190397370242862962186336517333984375000000000
 0.000465491695514975696666010174240568630921188741922378540039,-0.789092271701368308534085826977388933300971984863281250000000,-0.607470598416169460520563916361425071954727172851562500000000, 0.091174880318402998224946998107043327763676643371582031250000, 1.479494650935371913291760392894502729177474975585937500000000, 3.797667579282566041598556694225408136844635009765625000000000
 0.000465491695514975696666010174240568630921188741922378540039,-0.789092271701368197511783364461734890937805175781250000000000,-0.607470598416169349498261453845771029591560363769531250000000,-0.091174880318403206391764115323894657194614410400390625000000, 1.662098002654421424750808000680990517139434814453125000000000, 3.797667579282566041598556694225408136844635009765625000000000
 0.000465491695514975696666010174240568630921188741922378540039, 0.789092271701368308534085826977388933300971984863281250000000, 0.091174880318402595769100571487797424197196960449218750000000, 0.607470598416169349498261453845771029591560363769531250000000, 0.917923899954936950429384978633606806397438049316406250000000, 0.115033896669804416856841555727442028000950813293457031250000
 0.000465491695514975696666010174240568630921188741922378540039, 0.789092271701368308534085826977388933300971984863281250000000, 0.091174880318402595769100571487797424197196960449218750000000,-0.607470598416169349498261453845771029591560363769531250000000, 2.223668753634856276590880952426232397556304931640625000000000, 0.115033896669804416856841555727442028000950813293457031250000
 0.000465491695514975696666010174240568630921188741922378540039, 0.789092271701368308534085826977388933300971984863281250000000,-0.091174880318402595769100571487797424197196960449218750000000, 0.607470598416169349498261453845771029591560363769531250000000, 0.917923899954936950429384978633606806397438049316406250000000, 6.168151410509781662483419495401903986930847167968750000000000
 0.000465491695514975696666010174240568630921188741922378540039, 0.789092271701368308534085826977388933300971984863281250000000,-0.091174880318402595769100571487797424197196960449218750000000,-0.607470598416169349498261453845771029591560363769531250000000, 2.223668753634856276590880952426232397556304931640625000000000, 6.168151410509781662483419495401903986930847167968750000000000
 0.000465491695514975696666010174240568630921188741922378540039,-0.789092271701368308534085826977388933300971984863281250000000, 0.091174880318402498624585916786600137129426002502441406250000, 0.607470598416169349498261453845771029591560363769531250000000, 0.917923899954936950429384978633606806397438049316406250000000, 3.026558756919988990574665876920334994792938232421875000000000
 0.000465491695514975696666010174240568630921188741922378540039,-0.789092271701368308534085826977388933300971984863281250000000, 0.091174880318402498624585916786600137129426002502441406250000,-0.607470598416169349498261453845771029591560363769531250000000, 2.223668753634856276590880952426232397556304931640625000000000, 3.026558756919988990574665876920334994792938232421875000000000
 0.000465491695514975696666010174240568630921188741922378540039,-0.789092271701368308534085826977388933300971984863281250000000,-0.091174880318402498624585916786600137129426002502441406250000, 0.607470598416169349498261453845771029591560363769531250000000, 0.917923899954936950429384978633606806397438049316406250000000, 3.256626550259597241421261060168035328388214111328125000000000
 0.000465491695514975696666010174240568630921188741922378540039,-0.789092271701368308534085826977388933300971984863281250000000,-0.091174880318402498624585916786600137129426002502441406250000,-0.607470598416169349498261453845771029591560363769531250000000, 2.223668753634856276590880952426232397556304931640625000000000, 3.256626550259597241421261060168035328388214111328125000000000
 0.000468470977950975536394095932735126552870497107505798339844, 0.653227253737903135188958003709558397531509399414062500000000, 0.136929421314015697941357529998640529811382293701171875000000, 0.744677439266590024402603376074694097042083740234375000000000, 0.730744907781277097669203612895216792821884155273437500000000, 0.206628105720992327754004236339824274182319641113281250000000
 0.000468470977950975536394095932735126552870497107505798339844, 0.653227253737903357233562928740866482257843017578125000000000, 0.136929421314015808963659992514294572174549102783203125000000,-0.744677439266589802357998451043386012315750122070312500000000, 2.410847745808515796284154930617660284042358398437500000000000, 0.206628105720992411020731083226564805954694747924804687500000
 0.000468470977950975536394095932735126552870497107505798339844, 0.653227253737903135188958003709558397531509399414062500000000,-0.136929421314015697941357529998640529811382293701171875000000, 0.744677439266590024402603376074694097042083740234375000000000, 0.730744907781277097669203612895216792821884155273437500000000, 6.076557201458594015264225163264200091361999511718750000000000
 0.000468470977950975536394095932735126552870497107505798339844, 0.653227253737903357233562928740866482257843017578125000000000,-0.136929421314015808963659992514294572174549102783203125000000,-0.744677439266589802357998451043386012315750122070312500000000, 2.410847745808515796284154930617660284042358398437500000000000, 6.076557201458594015264225163264200091361999511718750000000000
 0.000468470977950975536394095932735126552870497107505798339844,-0.653227253737903246211260466225212439894676208496093750000000, 0.136929421314015503652328220596245955675840377807617187500000, 0.744677439266590024402603376074694097042083740234375000000000, 0.730744907781277208691506075410870835185050964355468750000000, 2.934964547868801343355471544782631099224090576171875000000000
 0.000468470977950975536394095932735126552870497107505798339844,-0.653227253737903468255865391256520524621009826660156250000000, 0.136929421314015503652328220596245955675840377807617187500000,-0.744677439266589802357998451043386012315750122070312500000000, 2.410847745808515796284154930617660284042358398437500000000000, 2.934964547868801343355471544782631099224090576171875000000000
 0.000468470977950975536394095932735126552870497107505798339844,-0.653227253737903246211260466225212439894676208496093750000000,-0.136929421314015503652328220596245955675840377807617187500000, 0.744677439266590024402603376074694097042083740234375000000000, 0.730744907781277208691506075410870835185050964355468750000000, 3.348220759310784888640455392305739223957061767578125000000000
 0.000468470977950975536394095932735126552870497107505798339844,-0.653227253737903468255865391256520524621009826660156250000000,-0.136929421314015503652328220596245955675840377807617187500000,-0.744677439266589802357998451043386012315750122070312500000000, 2.410847745808515796284154930617660284042358398437500000000000, 3.348220759310784888640455392305739223957061767578125000000000
 0.000468470977950975536394095932735126552870497107505798339844, 0.653227253737903357233562928740866482257843017578125000000000, 0.744677439266589913380300913559040054678916931152343750000000, 0.136929421314015309363298911193851381540298461914062500000000, 1.433435357522471420566034794319421052932739257812500000000000, 0.850724547919928464345673546631587669253349304199218750000000
 0.000468470977950975536394095932735126552870497107505798339844, 0.653227253737903357233562928740866482257843017578125000000000, 0.744677439266589913380300913559040054678916931152343750000000,-0.136929421314015503652328220596245955675840377807617187500000, 1.708157296067321917476533599256072193384170532226562500000000, 0.850724547919928464345673546631587669253349304199218750000000
 0.000468470977950975536394095932735126552870497107505798339844, 0.653227253737903357233562928740866482257843017578125000000000,-0.744677439266589913380300913559040054678916931152343750000000, 0.136929421314015309363298911193851381540298461914062500000000, 1.433435357522471420566034794319421052932739257812500000000000, 5.432460759259657656627950927941128611564636230468750000000000
 0.000468470977950975536394095932735126552870497107505798339844, 0.653227253737903357233562928740866482257843017578125000000000,-0.744677439266589913380300913559040054678916931152343750000000,-0.136929421314015503652328220596245955675840377807617187500000, 1.708157296067321917476533599256072193384170532226562500000000, 5.432460759259657656627950927941128611564636230468750000000000
 0.000468470977950975536394095932735126552870497107505798339844,-0.653227253737903024166655541193904355168342590332031250000000, 0.744677439266590135424905838590348139405250549316406250000000, 0.136929421314015309363298911193851381540298461914062500000000, 1.433435357522471420566034794319421052932739257812500000000000, 2.290868105669864540629987459396943449974060058593750000000000
 0.000468470977950975536394095932735126552870497107505798339844,-0.653227253737903024166655541193904355168342590332031250000000, 0.744677439266590135424905838590348139405250549316406250000000,-0.136929421314015503652328220596245955675840377807617187500000, 1.708157296067321917476533599256072193384170532226562500000000, 2.290868105669864540629987459396943449974060058593750000000000
 0.000468470977950975536394095932735126552870497107505798339844,-0.653227253737903024166655541193904355168342590332031250000000,-0.744677439266590135424905838590348139405250549316406250000000, 0.136929421314015309363298911193851381540298461914062500000000, 1.433435357522471420566034794319421052932739257812500000000000, 3.992317201509721691365939477691426873207092285156250000000000
 0.000468470977950975536394095932735126552870497107505798339844,-0.653227253737903024166655541193904355168342590332031250000000,-0.744677439266590135424905838590348139405250549316406250000000,-0.136929421314015503652328220596245955675840377807617187500000, 1.708157296067321917476533599256072193384170532226562500000000, 3.992317201509721691365939477691426873207092285156250000000000
 0.000468470977950975536394095932735126552870497107505798339844, 0.136929421314015503652328220596245955675840377807617187500000, 0.653227253737903246211260466225212439894676208496093750000000, 0.744677439266590024402603376074694097042083740234375000000000, 0.730744907781277208691506075410870835185050964355468750000000, 1.364168221073904563311884885479230433702468872070312500000000
 0.000468470977950975536394095932735126552870497107505798339844, 0.136929421314015503652328220596245955675840377807617187500000, 0.653227253737903468255865391256520524621009826660156250000000,-0.744677439266589802357998451043386012315750122070312500000000, 2.410847745808515796284154930617660284042358398437500000000000, 1.364168221073904785356489810510538518428802490234375000000000
 0.000468470977950975536394095932735126552870497107505798339844, 0.136929421314015503652328220596245955675840377807617187500000,-0.653227253737903246211260466225212439894676208496093750000000, 0.744677439266590024402603376074694097042083740234375000000000, 0.730744907781277208691506075410870835185050964355468750000000, 4.919017086105681890728646976640447974205017089843750000000000
 0.000468470977950975536394095932735126552870497107505798339844, 0.136929421314015503652328220596245955675840377807617187500000,-0.653227253737903468255865391256520524621009826660156250000000,-0.744677439266589802357998451043386012315750122070312500000000, 2.410847745808515796284154930617660284042358398437500000000000, 4.919017086105681002550227276515215635299682617187500000000000
 0.000468470977950975536394095932735126552870497107505798339844,-0.136929421314015503652328220596245955675840377807617187500000, 0.653227253737903246211260466225212439894676208496093750000000, 0.744677439266590024402603376074694097042083740234375000000000, 0.730744907781277208691506075410870835185050964355468750000000, 1.777424432515888552686078583064954727888107299804687500000000
 0.000468470977950975536394095932735126552870497107505798339844,-0.136929421314015503652328220596245955675840377807617187500000, 0.653227253737903468255865391256520524621009826660156250000000,-0.744677439266589802357998451043386012315750122070312500000000, 2.410847745808515796284154930617660284042358398437500000000000, 1.777424432515888552686078583064954727888107299804687500000000
 0.000468470977950975536394095932735126552870497107505798339844,-0.136929421314015503652328220596245955675840377807617187500000,-0.653227253737903246211260466225212439894676208496093750000000, 0.744677439266590024402603376074694097042083740234375000000000, 0.730744907781277208691506075410870835185050964355468750000000, 4.505760874663697457265243428992107510566711425781250000000000
 0.000468470977950975536394095932735126552870497107505798339844,-0.136929421314015503652328220596245955675840377807617187500000,-0.653227253737903468255865391256520524621009826660156250000000,-0.744677439266589802357998451043386012315750122070312500000000, 2.410847745808515796284154930617660284042358398437500000000000, 4.505760874663697457265243428992107510566711425781250000000000
 0.000468470977950975536394095932735126552870497107505798339844, 0.136929421314015392630025758080591913312673568725585937500000, 0.744677439266590135424905838590348139405250549316406250000000, 0.653227253737903246211260466225212439894676208496093750000000, 0.858957381951720111423753678536741062998771667480468750000000, 1.388950137750725399854445640812627971172332763671875000000000
 0.000468470977950975536394095932735126552870497107505798339844, 0.136929421314015309363298911193851381540298461914062500000000, 0.744677439266589913380300913559040054678916931152343750000000,-0.653227253737903468255865391256520524621009826660156250000000, 2.282635271638073337641117177554406225681304931640625000000000, 1.388950137750725399854445640812627971172332763671875000000000
 0.000468470977950975536394095932735126552870497107505798339844, 0.136929421314015392630025758080591913312673568725585937500000,-0.744677439266590135424905838590348139405250549316406250000000, 0.653227253737903246211260466225212439894676208496093750000000, 0.858957381951720111423753678536741062998771667480468750000000, 4.894235169428860388052271446213126182556152343750000000000000
 0.000468470977950975536394095932735126552870497107505798339844, 0.136929421314015309363298911193851381540298461914062500000000,-0.744677439266589913380300913559040054678916931152343750000000,-0.653227253737903468255865391256520524621009826660156250000000, 2.282635271638073337641117177554406225681304931640625000000000, 4.894235169428860388052271446213126182556152343750000000000000
 0.000468470977950975536394095932735126552870497107505798339844,-0.136929421314015586919055067482986487448215484619140625000000, 0.744677439266590024402603376074694097042083740234375000000000, 0.653227253737903246211260466225212439894676208496093750000000, 0.858957381951720111423753678536741062998771667480468750000000, 1.752642515839068160232727677794173359870910644531250000000000
 0.000468470977950975536394095932735126552870497107505798339844,-0.136929421314015503652328220596245955675840377807617187500000, 0.744677439266589802357998451043386012315750122070312500000000,-0.653227253737903468255865391256520524621009826660156250000000, 2.282635271638073337641117177554406225681304931640625000000000, 1.752642515839068160232727677794173359870910644531250000000000
 0.000468470977950975536394095932735126552870497107505798339844,-0.136929421314015586919055067482986487448215484619140625000000,-0.744677439266590024402603376074694097042083740234375000000000, 0.653227253737903246211260466225212439894676208496093750000000, 0.858957381951720111423753678536741062998771667480468750000000, 4.530542791340518071763199259294196963310241699218750000000000
 0.000468470977950975536394095932735126552870497107505798339844,-0.136929421314015503652328220596245955675840377807617187500000,-0.744677439266589802357998451043386012315750122070312500000000,-0.653227253737903468255865391256520524621009826660156250000000, 2.282635271638073337641117177554406225681304931640625000000000, 4.530542791340518071763199259294196963310241699218750000000000
 0.000468470977950975536394095932735126552870497107505798339844, 0.744677439266589802357998451043386012315750122070312500000000, 0.653227253737903357233562928740866482257843017578125000000000, 0.136929421314015309363298911193851381540298461914062500000000, 1.433435357522471420566034794319421052932739257812500000000000, 0.720071778874968204675610650156158953905105590820312500000000
 0.000468470977950975536394095932735126552870497107505798339844, 0.744677439266589802357998451043386012315750122070312500000000, 0.653227253737903357233562928740866482257843017578125000000000,-0.136929421314015503652328220596245955675840377807617187500000, 1.708157296067321917476533599256072193384170532226562500000000, 0.720071778874968204675610650156158953905105590820312500000000
 0.000468470977950975536394095932735126552870497107505798339844, 0.744677439266589802357998451043386012315750122070312500000000,-0.653227253737903357233562928740866482257843017578125000000000, 0.136929421314015309363298911193851381540298461914062500000000, 1.433435357522471420566034794319421052932739257812500000000000, 5.563113528304618249364921211963519454002380371093750000000000
 0.000468470977950975536394095932735126552870497107505798339844, 0.744677439266589802357998451043386012315750122070312500000000,-0.653227253737903357233562928740866482257843017578125000000000,-0.136929421314015503652328220596245955675840377807617187500000, 1.708157296067321917476533599256072193384170532226562500000000, 5.563113528304618249364921211963519454002380371093750000000000
 0.000468470977950975536394095932735126552870497107505798339844,-0.744677439266590135424905838590348139405250549316406250000000, 0.653227253737903024166655541193904355168342590332031250000000, 0.136929421314015309363298911193851381540298461914062500000000, 1.433435357522471420566034794319421052932739257812500000000000, 2.421520874714825577456167593481950461864471435546875000000000
 0.000468470977950975536394095932735126552870497107505798339844,-0.744677439266590135424905838590348139405250549316406250000000, 0.653227253737903024166655541193904355168342590332031250000000,-0.136929421314015503652328220596245955675840377807617187500000, 1.708157296067321917476533599256072193384170532226562500000000, 2.421520874714825577456167593481950461864471435546875000000000
 0.000468470977950975536394095932735126552870497107505798339844,-0.744677439266590135424905838590348139405250549316406250000000,-0.653227253737903024166655541193904355168342590332031250000000, 0.136929421314015309363298911193851381540298461914062500000000, 1.433435357522471420566034794319421052932739257812500000000000, 3.861664432464760654539759343606419861316680908203125000000000
 0.000468470977950975536394095932735126552870497107505798339844,-0.744677439266590135424905838590348139405250549316406250000000,-0.653227253737903024166655541193904355168342590332031250000000,-0.136929421314015503652328220596245955675840377807617187500000, 1.708157296067321917476533599256072193384170532226562500000000, 3.861664432464760654539759343606419861316680908203125000000000
 0.000468470977950975536394095932735126552870497107505798339844, 0.744677439266590135424905838590348139405250549316406250000000, 0.136929421314015198340996448678197339177131652832031250000000, 0.653227253737903246211260466225212439894676208496093750000000, 0.858957381951720111423753678536741062998771667480468750000000, 0.181846189044171047122233630943810567259788513183593750000000
 0.000468470977950975536394095932735126552870497107505798339844, 0.744677439266589913380300913559040054678916931152343750000000, 0.136929421314015198340996448678197339177131652832031250000000,-0.653227253737903468255865391256520524621009826660156250000000, 2.282635271638073337641117177554406225681304931640625000000000, 0.181846189044171102633384862201637588441371917724609375000000
 0.000468470977950975536394095932735126552870497107505798339844, 0.744677439266590135424905838590348139405250549316406250000000,-0.136929421314015198340996448678197339177131652832031250000000, 0.653227253737903246211260466225212439894676208496093750000000, 0.858957381951720111423753678536741062998771667480468750000000, 6.101339118135415517940600693691521883010864257812500000000000
 0.000468470977950975536394095932735126552870497107505798339844, 0.744677439266589913380300913559040054678916931152343750000000,-0.136929421314015198340996448678197339177131652832031250000000,-0.653227253737903468255865391256520524621009826660156250000000, 2.282635271638073337641117177554406225681304931640625000000000, 6.101339118135415517940600693691521883010864257812500000000000
 0.000468470977950975536394095932735126552870497107505798339844,-0.744677439266590135424905838590348139405250549316406250000000, 0.136929421314015392630025758080591913312673568725585937500000, 0.653227253737903246211260466225212439894676208496093750000000, 0.858957381951720111423753678536741062998771667480468750000000, 2.959746464545621957853427375084720551967620849609375000000000
 0.000468470977950975536394095932735126552870497107505798339844,-0.744677439266589913380300913559040054678916931152343750000000, 0.136929421314015309363298911193851381540298461914062500000000,-0.653227253737903468255865391256520524621009826660156250000000, 2.282635271638073337641117177554406225681304931640625000000000, 2.959746464545621957853427375084720551967620849609375000000000
 0.000468470977950975536394095932735126552870497107505798339844,-0.744677439266590135424905838590348139405250549316406250000000,-0.136929421314015392630025758080591913312673568725585937500000, 0.653227253737903246211260466225212439894676208496093750000000, 0.858957381951720111423753678536741062998771667480468750000000, 3.323438842633964274142499562003649771213531494140625000000000
 0.000468470977950975536394095932735126552870497107505798339844,-0.744677439266589913380300913559040054678916931152343750000000,-0.136929421314015309363298911193851381540298461914062500000000,-0.653227253737903468255865391256520524621009826660156250000000, 2.282635271638073337641117177554406225681304931640625000000000, 3.323438842633964274142499562003649771213531494140625000000000
 0.000469144553910975470149835597766241335193626582622528076172, 0.659476149450048731992524153611157089471817016601562500000000, 0.045899014872756098426531679024265031330287456512451171875000, 0.750322922974000272589023552427534013986587524414062500000000, 0.722245898939173125441470801888499408960342407226562500000000, 0.069487148563855044569592678271874319761991500854492187500000
 0.000469144553910975470149835597766241335193626582622528076172, 0.659476149450048731992524153611157089471817016601562500000000, 0.045899014872756098426531679024265031330287456512451171875000,-0.750322922974000272589023552427534013986587524414062500000000, 2.419346754650620212601097591686993837356567382812500000000000, 0.069487148563855044569592678271874319761991500854492187500000
 0.000469144553910975470149835597766241335193626582622528076172, 0.659476149450048731992524153611157089471817016601562500000000,-0.045899014872756098426531679024265031330287456512451171875000, 0.750322922974000272589023552427534013986587524414062500000000, 0.722245898939173125441470801888499408960342407226562500000000, 6.213698158615731159670758643187582492828369140625000000000000
 0.000469144553910975470149835597766241335193626582622528076172, 0.659476149450048731992524153611157089471817016601562500000000,-0.045899014872756098426531679024265031330287456512451171875000,-0.750322922974000272589023552427534013986587524414062500000000, 2.419346754650620212601097591686993837356567382812500000000000, 6.213698158615731159670758643187582492828369140625000000000000
 0.000469144553910975470149835597766241335193626582622528076172,-0.659476149450048731992524153611157089471817016601562500000000, 0.045899014872756001282017024323067744262516498565673828125000, 0.750322922974000272589023552427534013986587524414062500000000, 0.722245898939173125441470801888499408960342407226562500000000, 3.072105505025938487762005024706013500690460205078125000000000
 0.000469144553910975470149835597766241335193626582622528076172,-0.659476149450048731992524153611157089471817016601562500000000, 0.045899014872756001282017024323067744262516498565673828125000,-0.750322922974000272589023552427534013986587524414062500000000, 2.419346754650620212601097591686993837356567382812500000000000, 3.072105505025938487762005024706013500690460205078125000000000
 0.000469144553910975470149835597766241335193626582622528076172,-0.659476149450048731992524153611157089471817016601562500000000,-0.045899014872756001282017024323067744262516498565673828125000, 0.750322922974000272589023552427534013986587524414062500000000, 0.722245898939173125441470801888499408960342407226562500000000, 3.211079802153647744233921912382356822490692138671875000000000
 0.000469144553910975470149835597766241335193626582622528076172,-0.659476149450048731992524153611157089471817016601562500000000,-0.045899014872756001282017024323067744262516498565673828125000,-0.750322922974000272589023552427534013986587524414062500000000, 2.419346754650620212601097591686993837356567382812500000000000, 3.211079802153647744233921912382356822490692138671875000000000
 0.000469144553910975470149835597766241335193626582622528076172, 0.659476149450048731992524153611157089471817016601562500000000, 0.750322922974000161566721089911879971623420715332031250000000, 0.045899014872755800054093811013444792479276657104492187500000, 1.524881180565762495149328970001079142093658447265625000000000, 0.849748709553351799783627029682975262403488159179687500000000
 0.000469144553910975470149835597766241335193626582622528076172, 0.659476149450048731992524153611157089471817016601562500000000, 0.750322922974000161566721089911879971623420715332031250000000,-0.045899014872756001282017024323067744262516498565673828125000, 1.616711473024030842893239423574414104223251342773437500000000, 0.849748709553351799783627029682975262403488159179687500000000
 0.000469144553910975470149835597766241335193626582622528076172, 0.659476149450048731992524153611157089471817016601562500000000,-0.750322922974000161566721089911879971623420715332031250000000, 0.045899014872755800054093811013444792479276657104492187500000, 1.524881180565762495149328970001079142093658447265625000000000, 5.433436597626234210167694982374086976051330566406250000000000
 0.000469144553910975470149835597766241335193626582622528076172, 0.659476149450048731992524153611157089471817016601562500000000,-0.750322922974000161566721089911879971623420715332031250000000,-0.045899014872756001282017024323067744262516498565673828125000, 1.616711473024030842893239423574414104223251342773437500000000, 5.433436597626234210167694982374086976051330566406250000000000
 0.000469144553910975470149835597766241335193626582622528076172,-0.659476149450048731992524153611157089471817016601562500000000, 0.750322922974000161566721089911879971623420715332031250000000, 0.045899014872755800054093811013444792479276657104492187500000, 1.524881180565762495149328970001079142093658447265625000000000, 2.291843944036441538258941363892517983913421630859375000000000
 0.000469144553910975470149835597766241335193626582622528076172,-0.659476149450048731992524153611157089471817016601562500000000, 0.750322922974000161566721089911879971623420715332031250000000,-0.045899014872756001282017024323067744262516498565673828125000, 1.616711473024030842893239423574414104223251342773437500000000, 2.291843944036441538258941363892517983913421630859375000000000
 0.000469144553910975470149835597766241335193626582622528076172,-0.659476149450048731992524153611157089471817016601562500000000,-0.750322922974000161566721089911879971623420715332031250000000, 0.045899014872755800054093811013444792479276657104492187500000, 1.524881180565762495149328970001079142093658447265625000000000, 3.991341363143144693736985573195852339267730712890625000000000
 0.000469144553910975470149835597766241335193626582622528076172,-0.659476149450048731992524153611157089471817016601562500000000,-0.750322922974000161566721089911879971623420715332031250000000,-0.045899014872756001282017024323067744262516498565673828125000, 1.616711473024030842893239423574414104223251342773437500000000, 3.991341363143144693736985573195852339267730712890625000000000
 0.000469144553910975470149835597766241335193626582622528076172, 0.045899014872755897198608465714642079547047615051269531250000, 0.659476149450048731992524153611157089471817016601562500000000, 0.750322922974000272589023552427534013986587524414062500000000, 0.722245898939173125441470801888499408960342407226562500000000, 1.501309178231041929763023290433920919895172119140625000000000
 0.000469144553910975470149835597766241335193626582622528076172, 0.045899014872755897198608465714642079547047615051269531250000, 0.659476149450048731992524153611157089471817016601562500000000,-0.750322922974000272589023552427534013986587524414062500000000, 2.419346754650620212601097591686993837356567382812500000000000, 1.501309178231041929763023290433920919895172119140625000000000
 0.000469144553910975470149835597766241335193626582622528076172, 0.045899014872755897198608465714642079547047615051269531250000,-0.659476149450048731992524153611157089471817016601562500000000, 0.750322922974000272589023552427534013986587524414062500000000, 0.722245898939173125441470801888499408960342407226562500000000, 4.781876128948544746322113496717065572738647460937500000000000
 0.000469144553910975470149835597766241335193626582622528076172, 0.045899014872755897198608465714642079547047615051269531250000,-0.659476149450048731992524153611157089471817016601562500000000,-0.750322922974000272589023552427534013986587524414062500000000, 2.419346754650620212601097591686993837356567382812500000000000, 4.781876128948544746322113496717065572738647460937500000000000
 0.000469144553910975470149835597766241335193626582622528076172,-0.045899014872755897198608465714642079547047615051269531250000, 0.659476149450048731992524153611157089471817016601562500000000, 0.750322922974000272589023552427534013986587524414062500000000, 0.722245898939173125441470801888499408960342407226562500000000, 1.640283475358751408279545103141572326421737670898437500000000
 0.000469144553910975470149835597766241335193626582622528076172,-0.045899014872755897198608465714642079547047615051269531250000, 0.659476149450048731992524153611157089471817016601562500000000,-0.750322922974000272589023552427534013986587524414062500000000, 2.419346754650620212601097591686993837356567382812500000000000, 1.640283475358751408279545103141572326421737670898437500000000
 0.000469144553910975470149835597766241335193626582622528076172,-0.045899014872755897198608465714642079547047615051269531250000,-0.659476149450048731992524153611157089471817016601562500000000, 0.750322922974000272589023552427534013986587524414062500000000, 0.722245898939173125441470801888499408960342407226562500000000, 4.642901831820834601671776908915489912033081054687500000000000
 0.000469144553910975470149835597766241335193626582622528076172,-0.045899014872755897198608465714642079547047615051269531250000,-0.659476149450048731992524153611157089471817016601562500000000,-0.750322922974000272589023552427534013986587524414062500000000, 2.419346754650620212601097591686993837356567382812500000000000, 4.642901831820834601671776908915489912033081054687500000000000
 0.000469144553910975470149835597766241335193626582622528076172, 0.045899014872755800054093811013444792479276657104492187500000, 0.750322922974000272589023552427534013986587524414062500000000, 0.659476149450048620970221691095503047108650207519531250000000, 0.850674643284158205069900304806651547551155090332031250000000, 1.509700111497533692173078634368721395730972290039062500000000
 0.000469144553910975470149835597766241335193626582622528076172, 0.045899014872755800054093811013444792479276657104492187500000, 0.750322922974000272589023552427534013986587524414062500000000,-0.659476149450048620970221691095503047108650207519531250000000, 2.290918010305635021950365626253187656402587890625000000000000, 1.509700111497533692173078634368721395730972290039062500000000
 0.000469144553910975470149835597766241335193626582622528076172, 0.045899014872755800054093811013444792479276657104492187500000,-0.750322922974000272589023552427534013986587524414062500000000, 0.659476149450048620970221691095503047108650207519531250000000, 0.850674643284158205069900304806651547551155090332031250000000, 4.773485195682052761867453227750957012176513671875000000000000
 0.000469144553910975470149835597766241335193626582622528076172, 0.045899014872755800054093811013444792479276657104492187500000,-0.750322922974000272589023552427534013986587524414062500000000,-0.659476149450048620970221691095503047108650207519531250000000, 2.290918010305635021950365626253187656402587890625000000000000, 4.773485195682052761867453227750957012176513671875000000000000
 0.000469144553910975470149835597766241335193626582622528076172,-0.045899014872755800054093811013444792479276657104492187500000, 0.750322922974000272589023552427534013986587524414062500000000, 0.659476149450048620970221691095503047108650207519531250000000, 0.850674643284158205069900304806651547551155090332031250000000, 1.631892542092259645869489759206771850585937500000000000000000
 0.000469144553910975470149835597766241335193626582622528076172,-0.045899014872755800054093811013444792479276657104492187500000, 0.750322922974000272589023552427534013986587524414062500000000,-0.659476149450048620970221691095503047108650207519531250000000, 2.290918010305635021950365626253187656402587890625000000000000, 1.631892542092259645869489759206771850585937500000000000000000
 0.000469144553910975470149835597766241335193626582622528076172,-0.045899014872755800054093811013444792479276657104492187500000,-0.750322922974000272589023552427534013986587524414062500000000, 0.659476149450048620970221691095503047108650207519531250000000, 0.850674643284158205069900304806651547551155090332031250000000, 4.651292765087326586126437177881598472595214843750000000000000
 0.000469144553910975470149835597766241335193626582622528076172,-0.045899014872755800054093811013444792479276657104492187500000,-0.750322922974000272589023552427534013986587524414062500000000,-0.659476149450048620970221691095503047108650207519531250000000, 2.290918010305635021950365626253187656402587890625000000000000, 4.651292765087326586126437177881598472595214843750000000000000
 0.000469144553910975470149835597766241335193626582622528076172, 0.750322922974000272589023552427534013986587524414062500000000, 0.659476149450048620970221691095503047108650207519531250000000, 0.045899014872755800054093811013444792479276657104492187500000, 1.524881180565762495149328970001079142093658447265625000000000, 0.721047617241544647193052242073463276028633117675781250000000
 0.000469144553910975470149835597766241335193626582622528076172, 0.750322922974000272589023552427534013986587524414062500000000, 0.659476149450048620970221691095503047108650207519531250000000,-0.045899014872756001282017024323067744262516498565673828125000, 1.616711473024030842893239423574414104223251342773437500000000, 0.721047617241544647193052242073463276028633117675781250000000
 0.000469144553910975470149835597766241335193626582622528076172, 0.750322922974000272589023552427534013986587524414062500000000,-0.659476149450048620970221691095503047108650207519531250000000, 0.045899014872755800054093811013444792479276657104492187500000, 1.524881180565762495149328970001079142093658447265625000000000, 5.562137689938041695825177157530561089515686035156250000000000
 0.000469144553910975470149835597766241335193626582622528076172, 0.750322922974000272589023552427534013986587524414062500000000,-0.659476149450048620970221691095503047108650207519531250000000,-0.045899014872756001282017024323067744262516498565673828125000, 1.616711473024030842893239423574414104223251342773437500000000, 5.562137689938041695825177157530561089515686035156250000000000
 0.000469144553910975470149835597766241335193626582622528076172,-0.750322922974000161566721089911879971623420715332031250000000, 0.659476149450048731992524153611157089471817016601562500000000, 0.045899014872755800054093811013444792479276657104492187500000, 1.524881180565762495149328970001079142093658447265625000000000, 2.420545036348248579827213688986375927925109863281250000000000
 0.000469144553910975470149835597766241335193626582622528076172,-0.750322922974000161566721089911879971623420715332031250000000, 0.659476149450048731992524153611157089471817016601562500000000,-0.045899014872756001282017024323067744262516498565673828125000, 1.616711473024030842893239423574414104223251342773437500000000, 2.420545036348248579827213688986375927925109863281250000000000
 0.000469144553910975470149835597766241335193626582622528076172,-0.750322922974000161566721089911879971623420715332031250000000,-0.659476149450048731992524153611157089471817016601562500000000, 0.045899014872755800054093811013444792479276657104492187500000, 1.524881180565762495149328970001079142093658447265625000000000, 3.862640270831337652168713248101994395256042480468750000000000
 0.000469144553910975470149835597766241335193626582622528076172,-0.750322922974000161566721089911879971623420715332031250000000,-0.659476149450048731992524153611157089471817016601562500000000,-0.045899014872756001282017024323067744262516498565673828125000, 1.616711473024030842893239423574414104223251342773437500000000, 3.862640270831337652168713248101994395256042480468750000000000
 0.000469144553910975470149835597766241335193626582622528076172, 0.750322922974000272589023552427534013986587524414062500000000, 0.045899014872755203309218074991804314777255058288574218750000, 0.659476149450048620970221691095503047108650207519531250000000, 0.850674643284158205069900304806651547551155090332031250000000, 0.061096215297362213569876132623903686180710792541503906250000
 0.000469144553910975470149835597766241335193626582622528076172, 0.750322922974000272589023552427534013986587524414062500000000, 0.045899014872755203309218074991804314777255058288574218750000,-0.659476149450048620970221691095503047108650207519531250000000, 2.290918010305635021950365626253187656402587890625000000000000, 0.061096215297362213569876132623903686180710792541503906250000
 0.000469144553910975470149835597766241335193626582622528076172, 0.750322922974000272589023552427534013986587524414062500000000,-0.045899014872755203309218074991804314777255058288574218750000, 0.659476149450048620970221691095503047108650207519531250000000, 0.850674643284158205069900304806651547551155090332031250000000, 6.222089091882224032303838612278923392295837402343750000000000
 0.000469144553910975470149835597766241335193626582622528076172, 0.750322922974000272589023552427534013986587524414062500000000,-0.045899014872755203309218074991804314777255058288574218750000,-0.659476149450048620970221691095503047108650207519531250000000, 2.290918010305635021950365626253187656402587890625000000000000, 6.222089091882224032303838612278923392295837402343750000000000
 0.000469144553910975470149835597766241335193626582622528076172,-0.750322922974000272589023552427534013986587524414062500000000, 0.045899014872755099225809516383378650061786174774169921875000, 0.659476149450048620970221691095503047108650207519531250000000, 0.850674643284158205069900304806651547551155090332031250000000, 3.080496438292431360395084993797354400157928466796875000000000
 0.000469144553910975470149835597766241335193626582622528076172,-0.750322922974000272589023552427534013986587524414062500000000, 0.045899014872755099225809516383378650061786174774169921875000,-0.659476149450048620970221691095503047108650207519531250000000, 2.290918010305635021950365626253187656402587890625000000000000, 3.080496438292431360395084993797354400157928466796875000000000
 0.000469144553910975470149835597766241335193626582622528076172,-0.750322922974000272589023552427534013986587524414062500000000,-0.045899014872755099225809516383378650061786174774169921875000, 0.659476149450048620970221691095503047108650207519531250000000, 0.850674643284158205069900304806651547551155090332031250000000, 3.202688868887154871600841943291015923023223876953125000000000
 0.000469144553910975470149835597766241335193626582622528076172,-0.750322922974000272589023552427534013986587524414062500000000,-0.045899014872755099225809516383378650061786174774169921875000,-0.659476149450048620970221691095503047108650207519531250000000, 2.290918010305635021950365626253187656402587890625000000000000, 3.202688868887154871600841943291015923023223876953125000000000
