# count
1454
# w,cx,cy,cz,theta,phi
 0.000077771607433006263200570007398937377729453146457672119141, 1.000000000000000000000000000000000000000000000000000000000000, 0.000000000000000000000000000000000000000000000000000000000000, 0.000000000000000000000000000000000000000000000000000000000000, 1.570796326794896557998981734272092580795288085937500000000000, 0.000000000000000000000000000000000000000000000000000000000000
 0.000077771607433006263200570007398937377729453146457672119141,-1.000000000000000000000000000000000000000000000000000000000000, 0.000000000000000000000000000000000000000000000000000000000000, 0.000000000000000000000000000000000000000000000000000000000000, 1.570796326794896557998981734272092580795288085937500000000000, 3.141592653589793115997963468544185161590576171875000000000000
 0.000077771607433006263200570007398937377729453146457672119141, 0.000000000000000000000000000000000000000000000000000000000000, 1.000000000000000000000000000000000000000000000000000000000000, 0.000000000000000000000000000000000000000000000000000000000000, 1.570796326794896557998981734272092580795288085937500000000000, 1.570796326794896557998981734272092580795288085937500000000000
 0.000077771607433006263200570007398937377729453146457672119141, 0.000000000000000000000000000000000000000000000000000000000000,-1.000000000000000000000000000000000000000000000000000000000000, 0.000000000000000000000000000000000000000000000000000000000000, 1.570796326794896557998981734272092580795288085937500000000000, 4.712388980384689673996945202816277742385864257812500000000000
 0.000077771607433006263200570007398937377729453146457672119141, 0.000000000000000000000000000000000000000000000000000000000000, 0.000000000000000000000000000000000000000000000000000000000000, 1.000000000000000000000000000000000000000000000000000000000000, 0.000000000000000000000000000000000000000000000000000000000000, 0.000000000000000000000000000000000000000000000000000000000000
 0.000077771607433006263200570007398937377729453146457672119141, 0.000000000000000000000000000000000000000000000000000000000000, 0.000000000000000000000000000000000000000000000000000000000000,-1.000000000000000000000000000000000000000000000000000000000000, 3.141592653589793115997963468544185161590576171875000000000000, 0.000000000000000000000000000000000000000000000000000000000000
 0.000755764641300060930131921033137132326373830437660217285156, 0.577350269189625731058868041145615279674530029296875000000000, 0.577350269189625731058868041145615279674530029296875000000000, 0.577350269189625731058868041145615279674530029296875000000000, 0.955316618124509298048963046312564983963966369628906250000000, 0.785398163397448278999490867136046290397644042968750000000000
 0.000755764641300060930131921033137132326373830437660217285156, 0.577350269189625731058868041145615279674530029296875000000000, 0.577350269189625731058868041145615279674530029296875000000000,-0.577350269189625731058868041145615279674530029296875000000000, 2.186276035465283928971302884747274219989776611328125000000000, 0.785398163397448278999490867136046290397644042968750000000000
 0.000755764641300060930131921033137132326373830437660217285156, 0.577350269189625731058868041145615279674530029296875000000000,-0.577350269189625731058868041145615279674530029296875000000000, 0.577350269189625731058868041145615279674530029296875000000000, 0.955316618124509298048963046312564983963966369628906250000000, 5.497787143782137952996436069952324032783508300781250000000000
 0.000755764641300060930131921033137132326373830437660217285156, 0.577350269189625731058868041145615279674530029296875000000000,-0.577350269189625731058868041145615279674530029296875000000000,-0.577350269189625731058868041145615279674530029296875000000000, 2.186276035465283928971302884747274219989776611328125000000000, 5.497787143782137952996436069952324032783508300781250000000000
 0.000755764641300060930131921033137132326373830437660217285156,-0.577350269189625731058868041145615279674530029296875000000000, 0.577350269189625731058868041145615279674530029296875000000000, 0.577350269189625731058868041145615279674530029296875000000000, 0.955316618124509298048963046312564983963966369628906250000000, 2.356194490192344836998472601408138871192932128906250000000000
 0.000755764641300060930131921033137132326373830437660217285156,-0.577350269189625731058868041145615279674530029296875000000000, 0.577350269189625731058868041145615279674530029296875000000000,-0.577350269189625731058868041145615279674530029296875000000000, 2.186276035465283928971302884747274219989776611328125000000000, 2.356194490192344836998472601408138871192932128906250000000000
 0.000755764641300060930131921033137132326373830437660217285156,-0.577350269189625731058868041145615279674530029296875000000000,-0.577350269189625731058868041145615279674530029296875000000000, 0.577350269189625731058868041145615279674530029296875000000000, 0.955316618124509298048963046312564983963966369628906250000000, 3.926990816987241394997454335680231451988220214843750000000000
 0.000755764641300060930131921033137132326373830437660217285156,-0.577350269189625731058868041145615279674530029296875000000000,-0.577350269189625731058868041145615279674530029296875000000000,-0.577350269189625731058868041145615279674530029296875000000000, 2.186276035465283928971302884747274219989776611328125000000000, 3.926990816987241394997454335680231451988220214843750000000000
 0.000284163380609022851383538288416730210883542895317077636719, 0.032292906634138897337127360742670134641230106353759765625000, 0.032292906634139001420535919351095799356698989868164062500000, 0.998956623864238446586227837542537599802017211914062500000000, 0.045684956500384774069623006198526127263903617858886718750000, 0.785398163397449944334027804870856925845146179199218750000000
 0.000284163380609022851383538288416730210883542895317077636719, 0.032292906634139001420535919351095799356698989868164062500000, 0.032292906634139001420535919351095799356698989868164062500000,-0.998956623864238446586227837542537599802017211914062500000000, 3.095907697089408383561703885789029300212860107421875000000000, 0.785398163397448278999490867136046290397644042968750000000000
 0.000284163380609022851383538288416730210883542895317077636719, 0.032292906634138897337127360742670134641230106353759765625000,-0.032292906634139001420535919351095799356698989868164062500000, 0.998956623864238446586227837542537599802017211914062500000000, 0.045684956500384774069623006198526127263903617858886718750000, 5.497787143782136176639596669701859354972839355468750000000000
 0.000284163380609022851383538288416730210883542895317077636719, 0.032292906634139001420535919351095799356698989868164062500000,-0.032292906634139001420535919351095799356698989868164062500000,-0.998956623864238446586227837542537599802017211914062500000000, 3.095907697089408383561703885789029300212860107421875000000000, 5.497787143782137952996436069952324032783508300781250000000000
 0.000284163380609022851383538288416730210883542895317077636719,-0.032292906634138897337127360742670134641230106353759765625000, 0.032292906634138897337127360742670134641230106353759765625000, 0.998956623864238446586227837542537599802017211914062500000000, 0.045684956500384774069623006198526127263903617858886718750000, 2.356194490192344836998472601408138871192932128906250000000000
 0.000284163380609022851383538288416730210883542895317077636719,-0.032292906634139001420535919351095799356698989868164062500000, 0.032292906634139001420535919351095799356698989868164062500000,-0.998956623864238446586227837542537599802017211914062500000000, 3.095907697089408383561703885789029300212860107421875000000000, 2.356194490192344836998472601408138871192932128906250000000000
 0.000284163380609022851383538288416730210883542895317077636719,-0.032292906634138897337127360742670134641230106353759765625000,-0.032292906634138897337127360742670134641230106353759765625000, 0.998956623864238446586227837542537599802017211914062500000000, 0.045684956500384774069623006198526127263903617858886718750000, 3.926990816987241394997454335680231451988220214843750000000000
 0.000284163380609022851383538288416730210883542895317077636719,-0.032292906634139001420535919351095799356698989868164062500000,-0.032292906634139001420535919351095799356698989868164062500000,-0.998956623864238446586227837542537599802017211914062500000000, 3.095907697089408383561703885789029300212860107421875000000000, 3.926990816987241394997454335680231451988220214843750000000000
 0.000284163380609022851383538288416730210883542895317077636719, 0.032292906634138501820174838030652608722448348999023437500000, 0.998956623864238446586227837542537599802017211914062500000000, 0.032292906634138598964689492731849895790219306945800781250000, 1.538497804846808980627770324645098298788070678710937500000000, 1.538480944832680386014089890522882342338562011718750000000000
 0.000284163380609022851383538288416730210883542895317077636719, 0.032292906634138501820174838030652608722448348999023437500000,-0.998956623864238446586227837542537599802017211914062500000000, 0.032292906634138598964689492731849895790219306945800781250000, 1.538497804846808980627770324645098298788070678710937500000000, 4.744704362346905845981837046565487980842590332031250000000000
 0.000284163380609022851383538288416730210883542895317077636719, 0.032292906634138501820174838030652608722448348999023437500000, 0.998956623864238446586227837542537599802017211914062500000000,-0.032292906634138598964689492731849895790219306945800781250000, 1.603094848742984135370193143899086862802505493164062500000000, 1.538480944832680386014089890522882342338562011718750000000000
 0.000284163380609022851383538288416730210883542895317077636719, 0.032292906634138501820174838030652608722448348999023437500000,-0.998956623864238446586227837542537599802017211914062500000000,-0.032292906634138598964689492731849895790219306945800781250000, 1.603094848742984135370193143899086862802505493164062500000000, 4.744704362346905845981837046565487980842590332031250000000000
 0.000284163380609022851383538288416730210883542895317077636719,-0.032292906634138501820174838030652608722448348999023437500000, 0.998956623864238446586227837542537599802017211914062500000000, 0.032292906634138598964689492731849895790219306945800781250000, 1.538497804846808980627770324645098298788070678710937500000000, 1.603111708757112729983873578021302819252014160156250000000000
 0.000284163380609022851383538288416730210883542895317077636719,-0.032292906634138501820174838030652608722448348999023437500000,-0.998956623864238446586227837542537599802017211914062500000000, 0.032292906634138598964689492731849895790219306945800781250000, 1.538497804846808980627770324645098298788070678710937500000000, 4.680073598422473502012053359067067503929138183593750000000000
 0.000284163380609022851383538288416730210883542895317077636719,-0.032292906634138501820174838030652608722448348999023437500000, 0.998956623864238446586227837542537599802017211914062500000000,-0.032292906634138598964689492731849895790219306945800781250000, 1.603094848742984135370193143899086862802505493164062500000000, 1.603111708757112729983873578021302819252014160156250000000000
 0.000284163380609022851383538288416730210883542895317077636719,-0.032292906634138501820174838030652608722448348999023437500000,-0.998956623864238446586227837542537599802017211914062500000000,-0.032292906634138598964689492731849895790219306945800781250000, 1.603094848742984135370193143899086862802505493164062500000000, 4.680073598422473502012053359067067503929138183593750000000000
 0.000284163380609022851383538288416730210883542895317077636719, 0.998956623864238446586227837542537599802017211914062500000000, 0.032292906634137301391529462080143275670707225799560546875000, 0.032292906634138598964689492731849895790219306945800781250000, 1.538497804846808980627770324645098298788070678710937500000000, 0.032315381962214950739564756077015772461891174316406250000000
 0.000284163380609022851383538288416730210883542895317077636719,-0.998956623864238446586227837542537599802017211914062500000000, 0.032292906634137197308120903471717610955238342285156250000000, 0.032292906634138598964689492731849895790219306945800781250000, 1.538497804846808980627770324645098298788070678710937500000000, 3.109277271627578276280701174982823431491851806640625000000000
 0.000284163380609022851383538288416730210883542895317077636719, 0.998956623864238446586227837542537599802017211914062500000000, 0.032292906634137301391529462080143275670707225799560546875000,-0.032292906634138598964689492731849895790219306945800781250000, 1.603094848742984135370193143899086862802505493164062500000000, 0.032315381962214950739564756077015772461891174316406250000000
 0.000284163380609022851383538288416730210883542895317077636719,-0.998956623864238446586227837542537599802017211914062500000000, 0.032292906634137197308120903471717610955238342285156250000000,-0.032292906634138598964689492731849895790219306945800781250000, 1.603094848742984135370193143899086862802505493164062500000000, 3.109277271627578276280701174982823431491851806640625000000000
 0.000284163380609022851383538288416730210883542895317077636719, 0.998956623864238446586227837542537599802017211914062500000000,-0.032292906634137301391529462080143275670707225799560546875000, 0.032292906634138598964689492731849895790219306945800781250000, 1.538497804846808980627770324645098298788070678710937500000000, 6.250869925217370948189454793464392423629760742187500000000000
 0.000284163380609022851383538288416730210883542895317077636719,-0.998956623864238446586227837542537599802017211914062500000000,-0.032292906634137197308120903471717610955238342285156250000000, 0.032292906634138598964689492731849895790219306945800781250000, 1.538497804846808980627770324645098298788070678710937500000000, 3.173908035552007955715225762105546891689300537109375000000000
 0.000284163380609022851383538288416730210883542895317077636719, 0.998956623864238446586227837542537599802017211914062500000000,-0.032292906634137301391529462080143275670707225799560546875000,-0.032292906634138598964689492731849895790219306945800781250000, 1.603094848742984135370193143899086862802505493164062500000000, 6.250869925217370948189454793464392423629760742187500000000000
 0.000284163380609022851383538288416730210883542895317077636719,-0.998956623864238446586227837542537599802017211914062500000000,-0.032292906634137197308120903471717610955238342285156250000000,-0.032292906634138598964689492731849895790219306945800781250000, 1.603094848742984135370193143899086862802505493164062500000000, 3.173908035552007955715225762105546891689300537109375000000000
 0.000437441912705035249389617924009598937118425965309143066406, 0.080367332714622499723056137099774787202477455139160156250000, 0.080367332714622499723056137099774787202477455139160156250000, 0.993520097262594048537209800997516140341758728027343750000000, 0.113902704491650491602783290545630734413862228393554687500000, 0.785398163397448278999490867136046290397644042968750000000000
 0.000437441912705035249389617924009598937118425965309143066406, 0.080367332714622305434026827697380213066935539245605468750000, 0.080367332714622402578541482398577500134706497192382812500000,-0.993520097262594048537209800997516140341758728027343750000000, 3.027689949098142818684209487400949001312255859375000000000000, 0.785398163397448945133305642229970544576644897460937500000000
 0.000437441912705035249389617924009598937118425965309143066406, 0.080367332714622499723056137099774787202477455139160156250000,-0.080367332714622499723056137099774787202477455139160156250000, 0.993520097262594048537209800997516140341758728027343750000000, 0.113902704491650491602783290545630734413862228393554687500000, 5.497787143782137952996436069952324032783508300781250000000000
 0.000437441912705035249389617924009598937118425965309143066406, 0.080367332714622305434026827697380213066935539245605468750000,-0.080367332714622402578541482398577500134706497192382812500000,-0.993520097262594048537209800997516140341758728027343750000000, 3.027689949098142818684209487400949001312255859375000000000000, 5.497787143782137064818016369827091693878173828125000000000000
 0.000437441912705035249389617924009598937118425965309143066406,-0.080367332714622499723056137099774787202477455139160156250000, 0.080367332714622499723056137099774787202477455139160156250000, 0.993520097262594048537209800997516140341758728027343750000000, 0.113902704491650491602783290545630734413862228393554687500000, 2.356194490192344836998472601408138871192932128906250000000000
 0.000437441912705035249389617924009598937118425965309143066406,-0.080367332714622305434026827697380213066935539245605468750000, 0.080367332714622305434026827697380213066935539245605468750000,-0.993520097262594048537209800997516140341758728027343750000000, 3.027689949098142818684209487400949001312255859375000000000000, 2.356194490192344836998472601408138871192932128906250000000000
 0.000437441912705035249389617924009598937118425965309143066406,-0.080367332714622499723056137099774787202477455139160156250000,-0.080367332714622499723056137099774787202477455139160156250000, 0.993520097262594048537209800997516140341758728027343750000000, 0.113902704491650491602783290545630734413862228393554687500000, 3.926990816987241394997454335680231451988220214843750000000000
 0.000437441912705035249389617924009598937118425965309143066406,-0.080367332714622305434026827697380213066935539245605468750000,-0.080367332714622305434026827697380213066935539245605468750000,-0.993520097262594048537209800997516140341758728027343750000000, 3.027689949098142818684209487400949001312255859375000000000000, 3.926990816987241394997454335680231451988220214843750000000000
 0.000437441912705035249389617924009598937118425965309143066406, 0.080367332714622305434026827697380213066935539245605468750000, 0.993520097262594048537209800997516140341758728027343750000000, 0.080367332714622305434026827697380213066935539245605468750000, 1.490342227451369128132796504360157996416091918945312500000000, 1.490080571635051587264797490206547081470489501953125000000000
 0.000437441912705035249389617924009598937118425965309143066406, 0.080367332714622305434026827697380213066935539245605468750000,-0.993520097262594048537209800997516140341758728027343750000000, 0.080367332714622305434026827697380213066935539245605468750000, 1.490342227451369128132796504360157996416091918945312500000000, 4.793104735544535088820339296944439411163330078125000000000000
 0.000437441912705035249389617924009598937118425965309143066406, 0.080367332714622305434026827697380213066935539245605468750000, 0.993520097262594048537209800997516140341758728027343750000000,-0.080367332714622305434026827697380213066935539245605468750000, 1.651250426138424209909771889215335249900817871093750000000000, 1.490080571635051587264797490206547081470489501953125000000000
 0.000437441912705035249389617924009598937118425965309143066406, 0.080367332714622305434026827697380213066935539245605468750000,-0.993520097262594048537209800997516140341758728027343750000000,-0.080367332714622305434026827697380213066935539245605468750000, 1.651250426138424209909771889215335249900817871093750000000000, 4.793104735544535088820339296944439411163330078125000000000000
 0.000437441912705035249389617924009598937118425965309143066406,-0.080367332714622305434026827697380213066935539245605468750000, 0.993520097262594048537209800997516140341758728027343750000000, 0.080367332714622305434026827697380213066935539245605468750000, 1.490342227451369128132796504360157996416091918945312500000000, 1.651512081954741750777770903368946164846420288085937500000000
 0.000437441912705035249389617924009598937118425965309143066406,-0.080367332714622305434026827697380213066935539245605468750000,-0.993520097262594048537209800997516140341758728027343750000000, 0.080367332714622305434026827697380213066935539245605468750000, 1.490342227451369128132796504360157996416091918945312500000000, 4.631673225224844259173551108688116073608398437500000000000000
 0.000437441912705035249389617924009598937118425965309143066406,-0.080367332714622305434026827697380213066935539245605468750000, 0.993520097262594048537209800997516140341758728027343750000000,-0.080367332714622305434026827697380213066935539245605468750000, 1.651250426138424209909771889215335249900817871093750000000000, 1.651512081954741750777770903368946164846420288085937500000000
 0.000437441912705035249389617924009598937118425965309143066406,-0.080367332714622305434026827697380213066935539245605468750000,-0.993520097262594048537209800997516140341758728027343750000000,-0.080367332714622305434026827697380213066935539245605468750000, 1.651250426138424209909771889215335249900817871093750000000000, 4.631673225224844259173551108688116073608398437500000000000000
 0.000437441912705035249389617924009598937118425965309143066406, 0.993520097262594048537209800997516140341758728027343750000000, 0.080367332714622402578541482398577500134706497192382812500000, 0.080367332714622305434026827697380213066935539245605468750000, 1.490342227451369128132796504360157996416091918945312500000000, 0.080715755159845192778789169096853584051132202148437500000000
 0.000437441912705035249389617924009598937118425965309143066406,-0.993520097262594048537209800997516140341758728027343750000000, 0.080367332714622305434026827697380213066935539245605468750000, 0.080367332714622305434026827697380213066935539245605468750000, 1.490342227451369128132796504360157996416091918945312500000000, 3.060876898429948145263779224478639662265777587890625000000000
 0.000437441912705035249389617924009598937118425965309143066406, 0.993520097262594048537209800997516140341758728027343750000000, 0.080367332714622402578541482398577500134706497192382812500000,-0.080367332714622305434026827697380213066935539245605468750000, 1.651250426138424209909771889215335249900817871093750000000000, 0.080715755159845192778789169096853584051132202148437500000000
 0.000437441912705035249389617924009598937118425965309143066406,-0.993520097262594048537209800997516140341758728027343750000000, 0.080367332714622305434026827697380213066935539245605468750000,-0.080367332714622305434026827697380213066935539245605468750000, 1.651250426138424209909771889215335249900817871093750000000000, 3.060876898429948145263779224478639662265777587890625000000000
 0.000437441912705035249389617924009598937118425965309143066406, 0.993520097262594048537209800997516140341758728027343750000000,-0.080367332714622402578541482398577500134706497192382812500000, 0.080367332714622305434026827697380213066935539245605468750000, 1.490342227451369128132796504360157996416091918945312500000000, 6.202469552019740817172532842960208654403686523437500000000000
 0.000437441912705035249389617924009598937118425965309143066406,-0.993520097262594048537209800997516140341758728027343750000000,-0.080367332714622305434026827697380213066935539245605468750000, 0.080367332714622305434026827697380213066935539245605468750000, 1.490342227451369128132796504360157996416091918945312500000000, 3.222308408749638086732147712609730660915374755859375000000000
 0.000437441912705035249389617924009598937118425965309143066406, 0.993520097262594048537209800997516140341758728027343750000000,-0.080367332714622402578541482398577500134706497192382812500000,-0.080367332714622305434026827697380213066935539245605468750000, 1.651250426138424209909771889215335249900817871093750000000000, 6.202469552019740817172532842960208654403686523437500000000000
 0.000437441912705035249389617924009598937118425965309143066406,-0.993520097262594048537209800997516140341758728027343750000000,-0.080367332714622305434026827697380213066935539245605468750000,-0.080367332714622305434026827697380213066935539245605468750000, 1.651250426138424209909771889215335249900817871093750000000000, 3.222308408749638086732147712609730660915374755859375000000000
 0.000541717474087043539092423127812025995808653533458709716797, 0.135428996053165190405209727941837627440690994262695312500000, 0.135428996053165301427512190457491669803857803344726562500000, 0.981487633165117112632458429288817569613456726074218750000000, 0.192716208184051385199353489952045492827892303466796875000000, 0.785398163397448723088700717198662459850311279296875000000000
 0.000541717474087043539092423127812025995808653533458709716797, 0.135428996053165107138482881055097095668315887451171875000000, 0.135428996053165107138482881055097095668315887451171875000000,-0.981487633165117223654760891804471611976623535156250000000000, 2.948876445405742341421273522428236901760101318359375000000000, 0.785398163397448278999490867136046290397644042968750000000000
 0.000541717474087043539092423127812025995808653533458709716797, 0.135428996053165190405209727941837627440690994262695312500000,-0.135428996053165301427512190457491669803857803344726562500000, 0.981487633165117112632458429288817569613456726074218750000000, 0.192716208184051385199353489952045492827892303466796875000000, 5.497787143782137064818016369827091693878173828125000000000000
 0.000541717474087043539092423127812025995808653533458709716797, 0.135428996053165107138482881055097095668315887451171875000000,-0.135428996053165107138482881055097095668315887451171875000000,-0.981487633165117223654760891804471611976623535156250000000000, 2.948876445405742341421273522428236901760101318359375000000000, 5.497787143782137952996436069952324032783508300781250000000000
 0.000541717474087043539092423127812025995808653533458709716797,-0.135428996053165190405209727941837627440690994262695312500000, 0.135428996053165190405209727941837627440690994262695312500000, 0.981487633165117112632458429288817569613456726074218750000000, 0.192716208184050802332265561744861770421266555786132812500000, 2.356194490192344836998472601408138871192932128906250000000000
 0.000541717474087043539092423127812025995808653533458709716797,-0.135428996053165107138482881055097095668315887451171875000000, 0.135428996053165107138482881055097095668315887451171875000000,-0.981487633165117223654760891804471611976623535156250000000000, 2.948876445405742341421273522428236901760101318359375000000000, 2.356194490192344836998472601408138871192932128906250000000000
 0.000541717474087043539092423127812025995808653533458709716797,-0.135428996053165190405209727941837627440690994262695312500000,-0.135428996053165190405209727941837627440690994262695312500000, 0.981487633165117112632458429288817569613456726074218750000000, 0.192716208184050802332265561744861770421266555786132812500000, 3.926990816987241394997454335680231451988220214843750000000000
 0.000541717474087043539092423127812025995808653533458709716797,-0.135428996053165107138482881055097095668315887451171875000000,-0.135428996053165107138482881055097095668315887451171875000000,-0.981487633165117223654760891804471611976623535156250000000000, 2.948876445405742341421273522428236901760101318359375000000000, 3.926990816987241394997454335680231451988220214843750000000000
 0.000541717474087043539092423127812025995808653533458709716797, 0.135428996053165301427512190457491669803857803344726562500000, 0.981487633165117112632458429288817569613456726074218750000000, 0.135428996053165301427512190457491669803857803344726562500000, 1.434949892005384919357879880408290773630142211914062500000000, 1.433678769612446002312822201929520815610885620117187500000000
 0.000541717474087043539092423127812025995808653533458709716797, 0.135428996053165301427512190457491669803857803344726562500000,-0.981487633165117112632458429288817569613456726074218750000000, 0.135428996053165301427512190457491669803857803344726562500000, 1.434949892005384919357879880408290773630142211914062500000000, 4.849506537567140007638499810127541422843933105468750000000000
 0.000541717474087043539092423127812025995808653533458709716797, 0.135428996053165301427512190457491669803857803344726562500000, 0.981487633165117112632458429288817569613456726074218750000000,-0.135428996053165301427512190457491669803857803344726562500000, 1.706642761584408418684688513167202472686767578125000000000000, 1.433678769612446002312822201929520815610885620117187500000000
 0.000541717474087043539092423127812025995808653533458709716797, 0.135428996053165301427512190457491669803857803344726562500000,-0.981487633165117112632458429288817569613456726074218750000000,-0.135428996053165301427512190457491669803857803344726562500000, 1.706642761584408418684688513167202472686767578125000000000000, 4.849506537567140007638499810127541422843933105468750000000000
 0.000541717474087043539092423127812025995808653533458709716797,-0.135428996053165301427512190457491669803857803344726562500000, 0.981487633165117112632458429288817569613456726074218750000000, 0.135428996053165301427512190457491669803857803344726562500000, 1.434949892005384919357879880408290773630142211914062500000000, 1.707913883977347113685141266614664345979690551757812500000000
 0.000541717474087043539092423127812025995808653533458709716797,-0.135428996053165301427512190457491669803857803344726562500000,-0.981487633165117112632458429288817569613456726074218750000000, 0.135428996053165301427512190457491669803857803344726562500000, 1.434949892005384919357879880408290773630142211914062500000000, 4.575271423202239340355390595505014061927795410156250000000000
 0.000541717474087043539092423127812025995808653533458709716797,-0.135428996053165301427512190457491669803857803344726562500000, 0.981487633165117112632458429288817569613456726074218750000000,-0.135428996053165301427512190457491669803857803344726562500000, 1.706642761584408418684688513167202472686767578125000000000000, 1.707913883977347113685141266614664345979690551757812500000000
 0.000541717474087043539092423127812025995808653533458709716797,-0.135428996053165301427512190457491669803857803344726562500000,-0.981487633165117112632458429288817569613456726074218750000000,-0.135428996053165301427512190457491669803857803344726562500000, 1.706642761584408418684688513167202472686767578125000000000000, 4.575271423202239340355390595505014061927795410156250000000000
 0.000541717474087043539092423127812025995808653533458709716797, 0.981487633165117112632458429288817569613456726074218750000000, 0.135428996053164996116180418539443053305149078369140625000000, 0.135428996053165301427512190457491669803857803344726562500000, 1.434949892005384919357879880408290773630142211914062500000000, 0.137117557182450250374827760424523148685693740844726562500000
 0.000541717474087043539092423127812025995808653533458709716797,-0.981487633165117112632458429288817569613456726074218750000000, 0.135428996053165301427512190457491669803857803344726562500000, 0.135428996053165301427512190457491669803857803344726562500000, 1.434949892005384919357879880408290773630142211914062500000000, 3.004475096407342782356408861232921481132507324218750000000000
 0.000541717474087043539092423127812025995808653533458709716797, 0.981487633165117112632458429288817569613456726074218750000000, 0.135428996053164996116180418539443053305149078369140625000000,-0.135428996053165301427512190457491669803857803344726562500000, 1.706642761584408418684688513167202472686767578125000000000000, 0.137117557182450250374827760424523148685693740844726562500000
 0.000541717474087043539092423127812025995808653533458709716797,-0.981487633165117112632458429288817569613456726074218750000000, 0.135428996053165301427512190457491669803857803344726562500000,-0.135428996053165301427512190457491669803857803344726562500000, 1.706642761584408418684688513167202472686767578125000000000000, 3.004475096407342782356408861232921481132507324218750000000000
 0.000541717474087043539092423127812025995808653533458709716797, 0.981487633165117112632458429288817569613456726074218750000000,-0.135428996053164996116180418539443053305149078369140625000000, 0.135428996053165301427512190457491669803857803344726562500000, 1.434949892005384919357879880408290773630142211914062500000000, 6.146067749997135898354372329777106642723083496093750000000000
 0.000541717474087043539092423127812025995808653533458709716797,-0.981487633165117112632458429288817569613456726074218750000000,-0.135428996053165301427512190457491669803857803344726562500000, 0.135428996053165301427512190457491669803857803344726562500000, 1.434949892005384919357879880408290773630142211914062500000000, 3.278710210772243449639518075855448842048645019531250000000000
 0.000541717474087043539092423127812025995808653533458709716797, 0.981487633165117112632458429288817569613456726074218750000000,-0.135428996053164996116180418539443053305149078369140625000000,-0.135428996053165301427512190457491669803857803344726562500000, 1.706642761584408418684688513167202472686767578125000000000000, 6.146067749997135898354372329777106642723083496093750000000000
 0.000541717474087043539092423127812025995808653533458709716797,-0.981487633165117112632458429288817569613456726074218750000000,-0.135428996053165301427512190457491669803857803344726562500000,-0.135428996053165301427512190457491669803857803344726562500000, 1.706642761584408418684688513167202472686767578125000000000000, 3.278710210772243449639518075855448842048645019531250000000000
 0.000614800089136049434865305407527102943276986479759216308594, 0.193896386111442609045951712687383405864238739013671875000000, 0.193896386111442609045951712687383405864238739013671875000000, 0.961669580940275325886545942921657115221023559570312500000000, 0.277769053068795401806312383996555581688880920410156250000000, 0.785398163397448278999490867136046290397644042968750000000000
 0.000614800089136049434865305407527102943276986479759216308594, 0.193896386111442498023649250171729363501071929931640625000000, 0.193896386111442498023649250171729363501071929931640625000000,-0.961669580940275325886545942921657115221023559570312500000000, 2.863823600520997825213953547063283622264862060546875000000000, 0.785398163397448278999490867136046290397644042968750000000000
 0.000614800089136049434865305407527102943276986479759216308594, 0.193896386111442609045951712687383405864238739013671875000000,-0.193896386111442609045951712687383405864238739013671875000000, 0.961669580940275325886545942921657115221023559570312500000000, 0.277769053068795401806312383996555581688880920410156250000000, 5.497787143782137952996436069952324032783508300781250000000000
 0.000614800089136049434865305407527102943276986479759216308594, 0.193896386111442498023649250171729363501071929931640625000000,-0.193896386111442498023649250171729363501071929931640625000000,-0.961669580940275325886545942921657115221023559570312500000000, 2.863823600520997825213953547063283622264862060546875000000000, 5.497787143782137952996436069952324032783508300781250000000000
 0.000614800089136049434865305407527102943276986479759216308594,-0.193896386111442609045951712687383405864238739013671875000000, 0.193896386111442609045951712687383405864238739013671875000000, 0.961669580940275325886545942921657115221023559570312500000000, 0.277769053068795401806312383996555581688880920410156250000000, 2.356194490192344836998472601408138871192932128906250000000000
 0.000614800089136049434865305407527102943276986479759216308594,-0.193896386111442498023649250171729363501071929931640625000000, 0.193896386111442498023649250171729363501071929931640625000000,-0.961669580940275325886545942921657115221023559570312500000000, 2.863823600520997825213953547063283622264862060546875000000000, 2.356194490192344836998472601408138871192932128906250000000000
 0.000614800089136049434865305407527102943276986479759216308594,-0.193896386111442609045951712687383405864238739013671875000000,-0.193896386111442609045951712687383405864238739013671875000000, 0.961669580940275325886545942921657115221023559570312500000000, 0.277769053068795401806312383996555581688880920410156250000000, 3.926990816987241394997454335680231451988220214843750000000000
 0.000614800089136049434865305407527102943276986479759216308594,-0.193896386111442498023649250171729363501071929931640625000000,-0.193896386111442498023649250171729363501071929931640625000000,-0.961669580940275325886545942921657115221023559570312500000000, 2.863823600520997825213953547063283622264862060546875000000000, 3.926990816987241394997454335680231451988220214843750000000000
 0.000614800089136049434865305407527102943276986479759216308594, 0.193896386111442609045951712687383405864238739013671875000000, 0.961669580940275436908848405437311157584190368652343750000000, 0.193896386111442498023649250171729363501071929931640625000000, 1.375663965391082488309848486096598207950592041015625000000000, 1.371838999304131778700366339762695133686065673828125000000000
 0.000614800089136049434865305407527102943276986479759216308594, 0.193896386111442609045951712687383405864238739013671875000000,-0.961669580940275436908848405437311157584190368652343750000000, 0.193896386111442498023649250171729363501071929931640625000000, 1.375663965391082488309848486096598207950592041015625000000000, 4.911346307875454897384770447388291358947753906250000000000000
 0.000614800089136049434865305407527102943276986479759216308594, 0.193896386111442609045951712687383405864238739013671875000000, 0.961669580940275325886545942921657115221023559570312500000000,-0.193896386111442692312678559574123937636613845825195312500000, 1.765928688198710849732719907478895038366317749023437500000000, 1.371838999304131778700366339762695133686065673828125000000000
 0.000614800089136049434865305407527102943276986479759216308594, 0.193896386111442609045951712687383405864238739013671875000000,-0.961669580940275325886545942921657115221023559570312500000000,-0.193896386111442692312678559574123937636613845825195312500000, 1.765928688198710849732719907478895038366317749023437500000000, 4.911346307875454897384770447388291358947753906250000000000000
 0.000614800089136049434865305407527102943276986479759216308594,-0.193896386111442886601707868976518511772155761718750000000000, 0.961669580940275325886545942921657115221023559570312500000000, 0.193896386111442498023649250171729363501071929931640625000000, 1.375663965391082488309848486096598207950592041015625000000000, 1.769753654285661781386806978844106197357177734375000000000000
 0.000614800089136049434865305407527102943276986479759216308594,-0.193896386111442886601707868976518511772155761718750000000000,-0.961669580940275325886545942921657115221023559570312500000000, 0.193896386111442498023649250171729363501071929931640625000000, 1.375663965391082488309848486096598207950592041015625000000000, 4.513431652893924450609119958244264125823974609375000000000000
 0.000614800089136049434865305407527102943276986479759216308594,-0.193896386111442803334981022089777979999780654907226562500000, 0.961669580940275214864243480406003072857856750488281250000000,-0.193896386111442692312678559574123937636613845825195312500000, 1.765928688198710849732719907478895038366317749023437500000000, 1.769753654285661781386806978844106197357177734375000000000000
 0.000614800089136049434865305407527102943276986479759216308594,-0.193896386111442803334981022089777979999780654907226562500000,-0.961669580940275214864243480406003072857856750488281250000000,-0.193896386111442692312678559574123937636613845825195312500000, 1.765928688198710849732719907478895038366317749023437500000000, 4.513431652893924450609119958244264125823974609375000000000000
 0.000614800089136049434865305407527102943276986479759216308594, 0.961669580940275325886545942921657115221023559570312500000000, 0.193896386111443108646312794007826596498489379882812500000000, 0.193896386111442498023649250171729363501071929931640625000000, 1.375663965391082488309848486096598207950592041015625000000000, 0.198957327490765362165703322716581169515848159790039062500000
 0.000614800089136049434865305407527102943276986479759216308594,-0.961669580940275325886545942921657115221023559570312500000000, 0.193896386111442886601707868976518511772155761718750000000000, 0.193896386111442498023649250171729363501071929931640625000000, 1.375663965391082488309848486096598207950592041015625000000000, 2.942635326099027892610138223972171545028686523437500000000000
 0.000614800089136049434865305407527102943276986479759216308594, 0.961669580940275214864243480406003072857856750488281250000000, 0.193896386111443108646312794007826596498489379882812500000000,-0.193896386111442692312678559574123937636613845825195312500000, 1.765928688198710849732719907478895038366317749023437500000000, 0.198957327490765389921278938345494680106639862060546875000000
 0.000614800089136049434865305407527102943276986479759216308594,-0.961669580940275214864243480406003072857856750488281250000000, 0.193896386111442803334981022089777979999780654907226562500000,-0.193896386111442692312678559574123937636613845825195312500000, 1.765928688198710849732719907478895038366317749023437500000000, 2.942635326099028336699348074034787714481353759765625000000000
 0.000614800089136049434865305407527102943276986479759216308594, 0.961669580940275325886545942921657115221023559570312500000000,-0.193896386111443108646312794007826596498489379882812500000000, 0.193896386111442498023649250171729363501071929931640625000000, 1.375663965391082488309848486096598207950592041015625000000000, 6.084227979688821008608101692516356706619262695312500000000000
 0.000614800089136049434865305407527102943276986479759216308594,-0.961669580940275325886545942921657115221023559570312500000000,-0.193896386111442886601707868976518511772155761718750000000000, 0.193896386111442498023649250171729363501071929931640625000000, 1.375663965391082488309848486096598207950592041015625000000000, 3.340549981080558339385788713116198778152465820312500000000000
 0.000614800089136049434865305407527102943276986479759216308594, 0.961669580940275214864243480406003072857856750488281250000000,-0.193896386111443108646312794007826596498489379882812500000000,-0.193896386111442692312678559574123937636613845825195312500000, 1.765928688198710849732719907478895038366317749023437500000000, 6.084227979688821008608101692516356706619262695312500000000000
 0.000614800089136049434865305407527102943276986479759216308594,-0.961669580940275214864243480406003072857856750488281250000000,-0.193896386111442803334981022089777979999780654907226562500000,-0.193896386111442692312678559574123937636613845825195312500000, 1.765928688198710849732719907478895038366317749023437500000000, 3.340549981080557895296578863053582608699798583984375000000000
 0.000666439448580053751813867535247482010163366794586181640625, 0.253734371501127597969826865664799697697162628173828125000000, 0.253734371501127597969826865664799697697162628173828125000000, 0.933401166400522286359375812025973573327064514160156250000000, 0.367019029863453638551362701036850921809673309326171875000000, 0.785398163397448278999490867136046290397644042968750000000000
 0.000666439448580053751813867535247482010163366794586181640625, 0.253734371501127597969826865664799697697162628173828125000000, 0.253734371501127597969826865664799697697162628173828125000000,-0.933401166400522286359375812025973573327064514160156250000000, 2.774573623726339643980054461280815303325653076171875000000000, 0.785398163397448278999490867136046290397644042968750000000000
 0.000666439448580053751813867535247482010163366794586181640625, 0.253734371501127597969826865664799697697162628173828125000000,-0.253734371501127597969826865664799697697162628173828125000000, 0.933401166400522286359375812025973573327064514160156250000000, 0.367019029863453638551362701036850921809673309326171875000000, 5.497787143782137952996436069952324032783508300781250000000000
 0.000666439448580053751813867535247482010163366794586181640625, 0.253734371501127597969826865664799697697162628173828125000000,-0.253734371501127597969826865664799697697162628173828125000000,-0.933401166400522286359375812025973573327064514160156250000000, 2.774573623726339643980054461280815303325653076171875000000000, 5.497787143782137952996436069952324032783508300781250000000000
 0.000666439448580053751813867535247482010163366794586181640625,-0.253734371501127597969826865664799697697162628173828125000000, 0.253734371501127597969826865664799697697162628173828125000000, 0.933401166400522286359375812025973573327064514160156250000000, 0.367019029863453638551362701036850921809673309326171875000000, 2.356194490192344836998472601408138871192932128906250000000000
 0.000666439448580053751813867535247482010163366794586181640625,-0.253734371501127597969826865664799697697162628173828125000000, 0.253734371501127597969826865664799697697162628173828125000000,-0.933401166400522286359375812025973573327064514160156250000000, 2.774573623726339643980054461280815303325653076171875000000000, 2.356194490192344836998472601408138871192932128906250000000000
 0.000666439448580053751813867535247482010163366794586181640625,-0.253734371501127597969826865664799697697162628173828125000000,-0.253734371501127597969826865664799697697162628173828125000000, 0.933401166400522286359375812025973573327064514160156250000000, 0.367019029863453638551362701036850921809673309326171875000000, 3.926990816987241394997454335680231451988220214843750000000000
 0.000666439448580053751813867535247482010163366794586181640625,-0.253734371501127597969826865664799697697162628173828125000000,-0.253734371501127597969826865664799697697162628173828125000000,-0.933401166400522286359375812025973573327064514160156250000000, 2.774573623726339643980054461280815303325653076171875000000000, 3.926990816987241394997454335680231451988220214843750000000000
 0.000666439448580053751813867535247482010163366794586181640625, 0.253734371501127486947524403149145655333995819091796875000000, 0.933401166400522286359375812025973573327064514160156250000000, 0.253734371501127375925221940633491612970829010009765625000000, 1.314257297468375496052317430439870804548263549804687500000000, 1.305371707908313139157030491332989186048507690429687500000000
 0.000666439448580053751813867535247482010163366794586181640625, 0.253734371501127486947524403149145655333995819091796875000000,-0.933401166400522286359375812025973573327064514160156250000000, 0.253734371501127375925221940633491612970829010009765625000000, 1.314257297468375496052317430439870804548263549804687500000000, 4.977813599271272870794291520724073052406311035156250000000000
 0.000666439448580053751813867535247482010163366794586181640625, 0.253734371501127486947524403149145655333995819091796875000000, 0.933401166400522286359375812025973573327064514160156250000000,-0.253734371501127708992129328180453740060329437255859375000000, 1.827335356121418064034855888166930526494979858398437500000000, 1.305371707908313139157030491332989186048507690429687500000000
 0.000666439448580053751813867535247482010163366794586181640625, 0.253734371501127486947524403149145655333995819091796875000000,-0.933401166400522286359375812025973573327064514160156250000000,-0.253734371501127708992129328180453740060329437255859375000000, 1.827335356121418064034855888166930526494979858398437500000000, 4.977813599271272870794291520724073052406311035156250000000000
 0.000666439448580053751813867535247482010163366794586181640625,-0.253734371501127708992129328180453740060329437255859375000000, 0.933401166400522286359375812025973573327064514160156250000000, 0.253734371501127375925221940633491612970829010009765625000000, 1.314257297468375496052317430439870804548263549804687500000000, 1.836220945681480420930142827273812144994735717773437500000000
 0.000666439448580053751813867535247482010163366794586181640625,-0.253734371501127708992129328180453740060329437255859375000000,-0.933401166400522286359375812025973573327064514160156250000000, 0.253734371501127375925221940633491612970829010009765625000000, 1.314257297468375496052317430439870804548263549804687500000000, 4.446964361498105589021179184783250093460083007812500000000000
 0.000666439448580053751813867535247482010163366794586181640625,-0.253734371501127708992129328180453740060329437255859375000000, 0.933401166400522286359375812025973573327064514160156250000000,-0.253734371501127708992129328180453740060329437255859375000000, 1.827335356121418064034855888166930526494979858398437500000000, 1.836220945681480420930142827273812144994735717773437500000000
 0.000666439448580053751813867535247482010163366794586181640625,-0.253734371501127708992129328180453740060329437255859375000000,-0.933401166400522286359375812025973573327064514160156250000000,-0.253734371501127708992129328180453740060329437255859375000000, 1.827335356121418064034855888166930526494979858398437500000000, 4.446964361498105589021179184783250093460083007812500000000000
 0.000666439448580053751813867535247482010163366794586181640625, 0.933401166400522397381678274541627615690231323242187500000000, 0.253734371501127209391768246860010549426078796386718750000000, 0.253734371501127375925221940633491612970829010009765625000000, 1.314257297468375496052317430439870804548263549804687500000000, 0.265424618886583196797346317907795310020446777343750000000000
 0.000666439448580053751813867535247482010163366794586181640625,-0.933401166400522397381678274541627615690231323242187500000000, 0.253734371501126987347163321828702464699745178222656250000000, 0.253734371501127375925221940633491612970829010009765625000000, 1.314257297468375496052317430439870804548263549804687500000000, 2.876168034703210363289827000699006021022796630859375000000000
 0.000666439448580053751813867535247482010163366794586181640625, 0.933401166400522397381678274541627615690231323242187500000000, 0.253734371501127209391768246860010549426078796386718750000000,-0.253734371501127708992129328180453740060329437255859375000000, 1.827335356121418064034855888166930526494979858398437500000000, 0.265424618886583196797346317907795310020446777343750000000000
 0.000666439448580053751813867535247482010163366794586181640625,-0.933401166400522397381678274541627615690231323242187500000000, 0.253734371501126987347163321828702464699745178222656250000000,-0.253734371501127708992129328180453740060329437255859375000000, 1.827335356121418064034855888166930526494979858398437500000000, 2.876168034703210363289827000699006021022796630859375000000000
 0.000666439448580053751813867535247482010163366794586181640625, 0.933401166400522397381678274541627615690231323242187500000000,-0.253734371501127209391768246860010549426078796386718750000000, 0.253734371501127375925221940633491612970829010009765625000000, 1.314257297468375496052317430439870804548263549804687500000000, 6.017760688293003035198580619180575013160705566406250000000000
 0.000666439448580053751813867535247482010163366794586181640625,-0.933401166400522397381678274541627615690231323242187500000000,-0.253734371501126987347163321828702464699745178222656250000000, 0.253734371501127375925221940633491612970829010009765625000000, 1.314257297468375496052317430439870804548263549804687500000000, 3.407017272476375868706099936389364302158355712890625000000000
 0.000666439448580053751813867535247482010163366794586181640625, 0.933401166400522397381678274541627615690231323242187500000000,-0.253734371501127209391768246860010549426078796386718750000000,-0.253734371501127708992129328180453740060329437255859375000000, 1.827335356121418064034855888166930526494979858398437500000000, 6.017760688293003035198580619180575013160705566406250000000000
 0.000666439448580053751813867535247482010163366794586181640625,-0.933401166400522397381678274541627615690231323242187500000000,-0.253734371501126987347163321828702464699745178222656250000000,-0.253734371501127708992129328180453740060329437255859375000000, 1.827335356121418064034855888166930526494979858398437500000000, 3.407017272476375868706099936389364302158355712890625000000000
 0.000702503935692056543510508603844755270984023809432983398438, 0.313525143475256895531089185169548727571964263916015625000000, 0.313525143475257006553391647685202769935131072998046875000000, 0.896328047546008144230711423006141558289527893066406250000000, 0.459378929991758666595558224798878654837608337402343750000000, 0.785398163397448501044095792167354375123977661132812500000000
 0.000702503935692056543510508603844755270984023809432983398438, 0.313525143475256895531089185169548727571964263916015625000000, 0.313525143475257006553391647685202769935131072998046875000000,-0.896328047546008255253013885521795600652694702148437500000000, 2.682213723598034782469312631292268633842468261718750000000000, 0.785398163397448501044095792167354375123977661132812500000000
 0.000702503935692056543510508603844755270984023809432983398438, 0.313525143475256895531089185169548727571964263916015625000000,-0.313525143475257006553391647685202769935131072998046875000000, 0.896328047546008144230711423006141558289527893066406250000000, 0.459378929991758666595558224798878654837608337402343750000000, 5.497787143782137952996436069952324032783508300781250000000000
 0.000702503935692056543510508603844755270984023809432983398438, 0.313525143475256895531089185169548727571964263916015625000000,-0.313525143475257006553391647685202769935131072998046875000000,-0.896328047546008255253013885521795600652694702148437500000000, 2.682213723598034782469312631292268633842468261718750000000000, 5.497787143782137952996436069952324032783508300781250000000000
 0.000702503935692056543510508603844755270984023809432983398438,-0.313525143475256895531089185169548727571964263916015625000000, 0.313525143475256895531089185169548727571964263916015625000000, 0.896328047546008144230711423006141558289527893066406250000000, 0.459378929991758666595558224798878654837608337402343750000000, 2.356194490192344836998472601408138871192932128906250000000000
 0.000702503935692056543510508603844755270984023809432983398438,-0.313525143475256895531089185169548727571964263916015625000000, 0.313525143475256895531089185169548727571964263916015625000000,-0.896328047546008255253013885521795600652694702148437500000000, 2.682213723598034782469312631292268633842468261718750000000000, 2.356194490192344836998472601408138871192932128906250000000000
 0.000702503935692056543510508603844755270984023809432983398438,-0.313525143475256895531089185169548727571964263916015625000000,-0.313525143475256895531089185169548727571964263916015625000000, 0.896328047546008144230711423006141558289527893066406250000000, 0.459378929991758666595558224798878654837608337402343750000000, 3.926990816987241394997454335680231451988220214843750000000000
 0.000702503935692056543510508603844755270984023809432983398438,-0.313525143475256895531089185169548727571964263916015625000000,-0.313525143475256895531089185169548727571964263916015625000000,-0.896328047546008255253013885521795600652694702148437500000000, 2.682213723598034782469312631292268633842468261718750000000000, 3.926990816987241394997454335680231451988220214843750000000000
 0.000702503935692056543510508603844755270984023809432983398438, 0.313525143475256895531089185169548727571964263916015625000000, 0.896328047546008255253013885521795600652694702148437500000000, 0.313525143475257006553391647685202769935131072998046875000000, 1.251893239198248020116466250328812748193740844726562500000000, 1.234310037729660747274351706437300890684127807617187500000000
 0.000702503935692056543510508603844755270984023809432983398438, 0.313525143475256895531089185169548727571964263916015625000000,-0.896328047546008255253013885521795600652694702148437500000000, 0.313525143475257006553391647685202769935131072998046875000000, 1.251893239198248020116466250328812748193740844726562500000000, 5.048875269449925262676970305619761347770690917968750000000000
 0.000702503935692056543510508603844755270984023809432983398438, 0.313525143475256895531089185169548727571964263916015625000000, 0.896328047546008255253013885521795600652694702148437500000000,-0.313525143475257006553391647685202769935131072998046875000000, 1.889699414391545095881497218215372413396835327148437500000000, 1.234310037729660747274351706437300890684127807617187500000000
 0.000702503935692056543510508603844755270984023809432983398438, 0.313525143475256895531089185169548727571964263916015625000000,-0.896328047546008255253013885521795600652694702148437500000000,-0.313525143475257006553391647685202769935131072998046875000000, 1.889699414391545095881497218215372413396835327148437500000000, 5.048875269449925262676970305619761347770690917968750000000000
 0.000702503935692056543510508603844755270984023809432983398438,-0.313525143475256895531089185169548727571964263916015625000000, 0.896328047546008255253013885521795600652694702148437500000000, 0.313525143475257006553391647685202769935131072998046875000000, 1.251893239198248020116466250328812748193740844726562500000000, 1.907282615860132590768216687138192355632781982421875000000000
 0.000702503935692056543510508603844755270984023809432983398438,-0.313525143475256895531089185169548727571964263916015625000000,-0.896328047546008255253013885521795600652694702148437500000000, 0.313525143475257006553391647685202769935131072998046875000000, 1.251893239198248020116466250328812748193740844726562500000000, 4.375902691319453197138500399887561798095703125000000000000000
 0.000702503935692056543510508603844755270984023809432983398438,-0.313525143475256895531089185169548727571964263916015625000000, 0.896328047546008255253013885521795600652694702148437500000000,-0.313525143475257006553391647685202769935131072998046875000000, 1.889699414391545095881497218215372413396835327148437500000000, 1.907282615860132590768216687138192355632781982421875000000000
 0.000702503935692056543510508603844755270984023809432983398438,-0.313525143475256895531089185169548727571964263916015625000000,-0.896328047546008255253013885521795600652694702148437500000000,-0.313525143475257006553391647685202769935131072998046875000000, 1.889699414391545095881497218215372413396835327148437500000000, 4.375902691319453197138500399887561798095703125000000000000000
 0.000702503935692056543510508603844755270984023809432983398438, 0.896328047546008144230711423006141558289527893066406250000000, 0.313525143475257173086845341458683833479881286621093750000000, 0.313525143475257006553391647685202769935131072998046875000000, 1.251893239198248020116466250328812748193740844726562500000000, 0.336486289065236199302688646639580838382244110107421875000000
 0.000702503935692056543510508603844755270984023809432983398438,-0.896328047546008255253013885521795600652694702148437500000000, 0.313525143475256895531089185169548727571964263916015625000000, 0.313525143475257006553391647685202769935131072998046875000000, 1.251893239198248020116466250328812748193740844726562500000000, 2.805106364524557527317938365740701556205749511718750000000000
 0.000702503935692056543510508603844755270984023809432983398438, 0.896328047546008144230711423006141558289527893066406250000000, 0.313525143475257173086845341458683833479881286621093750000000,-0.313525143475257006553391647685202769935131072998046875000000, 1.889699414391545095881497218215372413396835327148437500000000, 0.336486289065236199302688646639580838382244110107421875000000
 0.000702503935692056543510508603844755270984023809432983398438,-0.896328047546008255253013885521795600652694702148437500000000, 0.313525143475256895531089185169548727571964263916015625000000,-0.313525143475257006553391647685202769935131072998046875000000, 1.889699414391545095881497218215372413396835327148437500000000, 2.805106364524557527317938365740701556205749511718750000000000
 0.000702503935692056543510508603844755270984023809432983398438, 0.896328047546008144230711423006141558289527893066406250000000,-0.313525143475257173086845341458683833479881286621093750000000, 0.313525143475257006553391647685202769935131072998046875000000, 1.251893239198248020116466250328812748193740844726562500000000, 5.946699018114349755137482134159654378890991210937500000000000
 0.000702503935692056543510508603844755270984023809432983398438,-0.896328047546008255253013885521795600652694702148437500000000,-0.313525143475256895531089185169548727571964263916015625000000, 0.313525143475257006553391647685202769935131072998046875000000, 1.251893239198248020116466250328812748193740844726562500000000, 3.478078942655028704677988571347668766975402832031250000000000
 0.000702503935692056543510508603844755270984023809432983398438, 0.896328047546008144230711423006141558289527893066406250000000,-0.313525143475257173086845341458683833479881286621093750000000,-0.313525143475257006553391647685202769935131072998046875000000, 1.889699414391545095881497218215372413396835327148437500000000, 5.946699018114349755137482134159654378890991210937500000000000
 0.000702503935692056543510508603844755270984023809432983398438,-0.896328047546008255253013885521795600652694702148437500000000,-0.313525143475256895531089185169548727571964263916015625000000,-0.313525143475257006553391647685202769935131072998046875000000, 1.889699414391545095881497218215372413396835327148437500000000, 3.478078942655028704677988571347668766975402832031250000000000
 0.000726851178925058509505685577778422157280147075653076171875, 0.372155833937533819799625689483946189284324645996093750000000, 0.372155833937533875310776920741773210465908050537109375000000, 0.850294108254618818953929348936071619391441345214843750000000, 0.554252470838079935866460346005624160170555114746093750000000, 0.785398163397448390021793329651700332760810852050781250000000
 0.000726851178925058509505685577778422157280147075653076171875, 0.372155833937533486732718301936984062194824218750000000000000, 0.372155833937533708777323226968292146921157836914062500000000,-0.850294108254619040998534273967379704117774963378906250000000, 2.587340182751713513198410510085523128509521484375000000000000, 0.785398163397448612066398254683008417487144470214843750000000
 0.000726851178925058509505685577778422157280147075653076171875, 0.372155833937533819799625689483946189284324645996093750000000,-0.372155833937533875310776920741773210465908050537109375000000, 0.850294108254618818953929348936071619391441345214843750000000, 0.554252470838079935866460346005624160170555114746093750000000, 5.497787143782137952996436069952324032783508300781250000000000
 0.000726851178925058509505685577778422157280147075653076171875, 0.372155833937533486732718301936984062194824218750000000000000,-0.372155833937533708777323226968292146921157836914062500000000,-0.850294108254619040998534273967379704117774963378906250000000, 2.587340182751713513198410510085523128509521484375000000000000, 5.497787143782137952996436069952324032783508300781250000000000
 0.000726851178925058509505685577778422157280147075653076171875,-0.372155833937533819799625689483946189284324645996093750000000, 0.372155833937533819799625689483946189284324645996093750000000, 0.850294108254618818953929348936071619391441345214843750000000, 0.554252470838079935866460346005624160170555114746093750000000, 2.356194490192344836998472601408138871192932128906250000000000
 0.000726851178925058509505685577778422157280147075653076171875,-0.372155833937533486732718301936984062194824218750000000000000, 0.372155833937533486732718301936984062194824218750000000000000,-0.850294108254619040998534273967379704117774963378906250000000, 2.587340182751713957287620360148139297962188720703125000000000, 2.356194490192344836998472601408138871192932128906250000000000
 0.000726851178925058509505685577778422157280147075653076171875,-0.372155833937533819799625689483946189284324645996093750000000,-0.372155833937533819799625689483946189284324645996093750000000, 0.850294108254618818953929348936071619391441345214843750000000, 0.554252470838079935866460346005624160170555114746093750000000, 3.926990816987241394997454335680231451988220214843750000000000
 0.000726851178925058509505685577778422157280147075653076171875,-0.372155833937533486732718301936984062194824218750000000000000,-0.372155833937533486732718301936984062194824218750000000000000,-0.850294108254619040998534273967379704117774963378906250000000, 2.587340182751713957287620360148139297962188720703125000000000, 3.926990816987241394997454335680231451988220214843750000000000
 0.000726851178925058509505685577778422157280147075653076171875, 0.372155833937533708777323226968292146921157836914062500000000, 0.850294108254618818953929348936071619391441345214843750000000, 0.372155833937533819799625689483946189284324645996093750000000, 1.189465713778208089124177604389842599630355834960937500000000, 1.158235692985692066869773952930700033903121948242187500000000
 0.000726851178925058509505685577778422157280147075653076171875, 0.372155833937533708777323226968292146921157836914062500000000,-0.850294108254618818953929348936071619391441345214843750000000, 0.372155833937533819799625689483946189284324645996093750000000, 1.189465713778208089124177604389842599630355834960937500000000, 5.124949614193893943081548059126362204551696777343750000000000
 0.000726851178925058509505685577778422157280147075653076171875, 0.372155833937533708777323226968292146921157836914062500000000, 0.850294108254618818953929348936071619391441345214843750000000,-0.372155833937533819799625689483946189284324645996093750000000, 1.952126939811585248918390789185650646686553955078125000000000, 1.158235692985692066869773952930700033903121948242187500000000
 0.000726851178925058509505685577778422157280147075653076171875, 0.372155833937533708777323226968292146921157836914062500000000,-0.850294108254618818953929348936071619391441345214843750000000,-0.372155833937533819799625689483946189284324645996093750000000, 1.952126939811585248918390789185650646686553955078125000000000, 5.124949614193893943081548059126362204551696777343750000000000
 0.000726851178925058509505685577778422157280147075653076171875,-0.372155833937533986333079383257427252829074859619140625000000, 0.850294108254618707931626886420417577028274536132812500000000, 0.372155833937533819799625689483946189284324645996093750000000, 1.189465713778208089124177604389842599630355834960937500000000, 1.983356960604101493217399365676101297140121459960937500000000
 0.000726851178925058509505685577778422157280147075653076171875,-0.372155833937533986333079383257427252829074859619140625000000,-0.850294108254618707931626886420417577028274536132812500000000, 0.372155833937533819799625689483946189284324645996093750000000, 1.189465713778208089124177604389842599630355834960937500000000, 4.299828346575484516733922646380960941314697265625000000000000
 0.000726851178925058509505685577778422157280147075653076171875,-0.372155833937533986333079383257427252829074859619140625000000, 0.850294108254618707931626886420417577028274536132812500000000,-0.372155833937533819799625689483946189284324645996093750000000, 1.952126939811585248918390789185650646686553955078125000000000, 1.983356960604101493217399365676101297140121459960937500000000
 0.000726851178925058509505685577778422157280147075653076171875,-0.372155833937533986333079383257427252829074859619140625000000,-0.850294108254618707931626886420417577028274536132812500000000,-0.372155833937533819799625689483946189284324645996093750000000, 1.952126939811585248918390789185650646686553955078125000000000, 4.299828346575484516733922646380960941314697265625000000000000
 0.000726851178925058509505685577778422157280147075653076171875, 0.850294108254618818953929348936071619391441345214843750000000, 0.372155833937533708777323226968292146921157836914062500000000, 0.372155833937533819799625689483946189284324645996093750000000, 1.189465713778208089124177604389842599630355834960937500000000, 0.412560633809204546640359012599219568073749542236328125000000
 0.000726851178925058509505685577778422157280147075653076171875,-0.850294108254619040998534273967379704117774963378906250000000, 0.372155833937533320199264608163502998650074005126953125000000, 0.372155833937533819799625689483946189284324645996093750000000, 1.189465713778208089124177604389842599630355834960937500000000, 2.729032019780589291002570462296716868877410888671875000000000
 0.000726851178925058509505685577778422157280147075653076171875, 0.850294108254618818953929348936071619391441345214843750000000, 0.372155833937533708777323226968292146921157836914062500000000,-0.372155833937533819799625689483946189284324645996093750000000, 1.952126939811585248918390789185650646686553955078125000000000, 0.412560633809204546640359012599219568073749542236328125000000
 0.000726851178925058509505685577778422157280147075653076171875,-0.850294108254619040998534273967379704117774963378906250000000, 0.372155833937533320199264608163502998650074005126953125000000,-0.372155833937533819799625689483946189284324645996093750000000, 1.952126939811585026873785864154342561960220336914062500000000, 2.729032019780589291002570462296716868877410888671875000000000
 0.000726851178925058509505685577778422157280147075653076171875, 0.850294108254618818953929348936071619391441345214843750000000,-0.372155833937533708777323226968292146921157836914062500000000, 0.372155833937533819799625689483946189284324645996093750000000, 1.189465713778208089124177604389842599630355834960937500000000, 5.870624673370381962911324080778285861015319824218750000000000
 0.000726851178925058509505685577778422157280147075653076171875,-0.850294108254619040998534273967379704117774963378906250000000,-0.372155833937533320199264608163502998650074005126953125000000, 0.372155833937533819799625689483946189284324645996093750000000, 1.189465713778208089124177604389842599630355834960937500000000, 3.554153287398996940993356474791653454303741455078125000000000
 0.000726851178925058509505685577778422157280147075653076171875, 0.850294108254618818953929348936071619391441345214843750000000,-0.372155833937533708777323226968292146921157836914062500000000,-0.372155833937533819799625689483946189284324645996093750000000, 1.952126939811585248918390789185650646686553955078125000000000, 5.870624673370381962911324080778285861015319824218750000000000
 0.000726851178925058509505685577778422157280147075653076171875,-0.850294108254619040998534273967379704117774963378906250000000,-0.372155833937533320199264608163502998650074005126953125000000,-0.372155833937533819799625689483946189284324645996093750000000, 1.952126939811585026873785864154342561960220336914062500000000, 3.554153287398996940993356474791653454303741455078125000000000
 0.000742263753421059757457711736350347564439289271831512451172, 0.428680957519569527658376273393514566123485565185546875000000, 0.428680957519569583169527504651341587305068969726562500000000, 0.795276853253136017940505553269758820533752441406250000000000, 0.651332216127429197705112073890632018446922302246093750000000, 0.785398163397448390021793329651700332760810852050781250000000
 0.000742263753421059757457711736350347564439289271831512451172, 0.428680957519569583169527504651341587305068969726562500000000, 0.428680957519569694191829967166995629668235778808593750000000,-0.795276853253135906918203090754104778170585632324218750000000, 2.490260437462363807270548932137899100780487060546875000000000, 0.785398163397448390021793329651700332760810852050781250000000
 0.000742263753421059757457711736350347564439289271831512451172, 0.428680957519569527658376273393514566123485565185546875000000,-0.428680957519569583169527504651341587305068969726562500000000, 0.795276853253136017940505553269758820533752441406250000000000, 0.651332216127429197705112073890632018446922302246093750000000, 5.497787143782137952996436069952324032783508300781250000000000
 0.000742263753421059757457711736350347564439289271831512451172, 0.428680957519569583169527504651341587305068969726562500000000,-0.428680957519569694191829967166995629668235778808593750000000,-0.795276853253135906918203090754104778170585632324218750000000, 2.490260437462363807270548932137899100780487060546875000000000, 5.497787143782137952996436069952324032783508300781250000000000
 0.000742263753421059757457711736350347564439289271831512451172,-0.428680957519569527658376273393514566123485565185546875000000, 0.428680957519569527658376273393514566123485565185546875000000, 0.795276853253136017940505553269758820533752441406250000000000, 0.651332216127429197705112073890632018446922302246093750000000, 2.356194490192344836998472601408138871192932128906250000000000
 0.000742263753421059757457711736350347564439289271831512451172,-0.428680957519569583169527504651341587305068969726562500000000, 0.428680957519569583169527504651341587305068969726562500000000,-0.795276853253135906918203090754104778170585632324218750000000, 2.490260437462363807270548932137899100780487060546875000000000, 2.356194490192344836998472601408138871192932128906250000000000
 0.000742263753421059757457711736350347564439289271831512451172,-0.428680957519569527658376273393514566123485565185546875000000,-0.428680957519569527658376273393514566123485565185546875000000, 0.795276853253136017940505553269758820533752441406250000000000, 0.651332216127429197705112073890632018446922302246093750000000, 3.926990816987241394997454335680231451988220214843750000000000
 0.000742263753421059757457711736350347564439289271831512451172,-0.428680957519569583169527504651341587305068969726562500000000,-0.428680957519569583169527504651341587305068969726562500000000,-0.795276853253135906918203090754104778170585632324218750000000, 2.490260437462363807270548932137899100780487060546875000000000, 3.926990816987241394997454335680231451988220214843750000000000
 0.000742263753421059757457711736350347564439289271831512451172, 0.428680957519569527658376273393514566123485565185546875000000, 0.795276853253136017940505553269758820533752441406250000000000, 0.428680957519569694191829967166995629668235778808593750000000, 1.127764052904292713108702628233004361391067504882812500000000, 1.076411572883419820456651905260514467954635620117187500000000
 0.000742263753421059757457711736350347564439289271831512451172, 0.428680957519569527658376273393514566123485565185546875000000,-0.795276853253136017940505553269758820533752441406250000000000, 0.428680957519569694191829967166995629668235778808593750000000, 1.127764052904292713108702628233004361391067504882812500000000, 5.206773734296166189494670106796547770500183105468750000000000
 0.000742263753421059757457711736350347564439289271831512451172, 0.428680957519569527658376273393514566123485565185546875000000, 0.795276853253136017940505553269758820533752441406250000000000,-0.428680957519569694191829967166995629668235778808593750000000, 2.013828600685500624933865765342488884925842285156250000000000, 1.076411572883419820456651905260514467954635620117187500000000
 0.000742263753421059757457711736350347564439289271831512451172, 0.428680957519569527658376273393514566123485565185546875000000,-0.795276853253136017940505553269758820533752441406250000000000,-0.428680957519569694191829967166995629668235778808593750000000, 2.013828600685500624933865765342488884925842285156250000000000, 5.206773734296166189494670106796547770500183105468750000000000
 0.000742263753421059757457711736350347564439289271831512451172,-0.428680957519569583169527504651341587305068969726562500000000, 0.795276853253135906918203090754104778170585632324218750000000, 0.428680957519569694191829967166995629668235778808593750000000, 1.127764052904292713108702628233004361391067504882812500000000, 2.065181080706373517585916488314978778362274169921875000000000
 0.000742263753421059757457711736350347564439289271831512451172,-0.428680957519569583169527504651341587305068969726562500000000,-0.795276853253135906918203090754104778170585632324218750000000, 0.428680957519569694191829967166995629668235778808593750000000, 1.127764052904292713108702628233004361391067504882812500000000, 4.218004226473212270320800598710775375366210937500000000000000
 0.000742263753421059757457711736350347564439289271831512451172,-0.428680957519569583169527504651341587305068969726562500000000, 0.795276853253135906918203090754104778170585632324218750000000,-0.428680957519569694191829967166995629668235778808593750000000, 2.013828600685500624933865765342488884925842285156250000000000, 2.065181080706373517585916488314978778362274169921875000000000
 0.000742263753421059757457711736350347564439289271831512451172,-0.428680957519569583169527504651341587305068969726562500000000,-0.795276853253135906918203090754104778170585632324218750000000,-0.428680957519569694191829967166995629668235778808593750000000, 2.013828600685500624933865765342488884925842285156250000000000, 4.218004226473212270320800598710775375366210937500000000000000
 0.000742263753421059757457711736350347564439289271831512451172, 0.795276853253135906918203090754104778170585632324218750000000, 0.428680957519569583169527504651341587305068969726562500000000, 0.428680957519569694191829967166995629668235778808593750000000, 1.127764052904292713108702628233004361391067504882812500000000, 0.494384753911476848564632291527232155203819274902343750000000
 0.000742263753421059757457711736350347564439289271831512451172,-0.795276853253135795895900628238450735807418823242187500000000, 0.428680957519569916236434892198303714394569396972656250000000, 0.428680957519569694191829967166995629668235778808593750000000, 1.127764052904292713108702628233004361391067504882812500000000, 2.647207899678316156411028714501298964023590087890625000000000
 0.000742263753421059757457711736350347564439289271831512451172, 0.795276853253135906918203090754104778170585632324218750000000, 0.428680957519569583169527504651341587305068969726562500000000,-0.428680957519569694191829967166995629668235778808593750000000, 2.013828600685500624933865765342488884925842285156250000000000, 0.494384753911476848564632291527232155203819274902343750000000
 0.000742263753421059757457711736350347564439289271831512451172,-0.795276853253135795895900628238450735807418823242187500000000, 0.428680957519569916236434892198303714394569396972656250000000,-0.428680957519569694191829967166995629668235778808593750000000, 2.013828600685500624933865765342488884925842285156250000000000, 2.647207899678316156411028714501298964023590087890625000000000
 0.000742263753421059757457711736350347564439289271831512451172, 0.795276853253135906918203090754104778170585632324218750000000,-0.428680957519569583169527504651341587305068969726562500000000, 0.428680957519569694191829967166995629668235778808593750000000, 1.127764052904292713108702628233004361391067504882812500000000, 5.788800553268109716498202033108100295066833496093750000000000
 0.000742263753421059757457711736350347564439289271831512451172,-0.795276853253135795895900628238450735807418823242187500000000,-0.428680957519569916236434892198303714394569396972656250000000, 0.428680957519569694191829967166995629668235778808593750000000, 1.127764052904292713108702628233004361391067504882812500000000, 3.635977407501270075584898222587071359157562255859375000000000
 0.000742263753421059757457711736350347564439289271831512451172, 0.795276853253135906918203090754104778170585632324218750000000,-0.428680957519569583169527504651341587305068969726562500000000,-0.428680957519569694191829967166995629668235778808593750000000, 2.013828600685500624933865765342488884925842285156250000000000, 5.788800553268109716498202033108100295066833496093750000000000
 0.000742263753421059757457711736350347564439289271831512451172,-0.795276853253135795895900628238450735807418823242187500000000,-0.428680957519569916236434892198303714394569396972656250000000,-0.428680957519569694191829967166995629668235778808593750000000, 2.013828600685500624933865765342488884925842285156250000000000, 3.635977407501270075584898222587071359157562255859375000000000
 0.000750954503584060377094355764882038783980533480644226074219, 0.482251012828299407964038891805103048682212829589843750000000, 0.482251012828299407964038891805103048682212829589843750000000, 0.731346649169980600468932152580237016081809997558593750000000, 0.750501919159681230020453313045436516404151916503906250000000, 0.785398163397448278999490867136046290397644042968750000000000
 0.000750954503584060377094355764882038783980533480644226074219, 0.482251012828299185919433966773794963955879211425781250000000, 0.482251012828299185919433966773794963955879211425781250000000,-0.731346649169980822513537077611545100808143615722656250000000, 2.391090734430112441089022468077018857002258300781250000000000, 0.785398163397448278999490867136046290397644042968750000000000
 0.000750954503584060377094355764882038783980533480644226074219, 0.482251012828299407964038891805103048682212829589843750000000,-0.482251012828299407964038891805103048682212829589843750000000, 0.731346649169980600468932152580237016081809997558593750000000, 0.750501919159681230020453313045436516404151916503906250000000, 5.497787143782137952996436069952324032783508300781250000000000
 0.000750954503584060377094355764882038783980533480644226074219, 0.482251012828299185919433966773794963955879211425781250000000,-0.482251012828299185919433966773794963955879211425781250000000,-0.731346649169980822513537077611545100808143615722656250000000, 2.391090734430112441089022468077018857002258300781250000000000, 5.497787143782137952996436069952324032783508300781250000000000
 0.000750954503584060377094355764882038783980533480644226074219,-0.482251012828299407964038891805103048682212829589843750000000, 0.482251012828299407964038891805103048682212829589843750000000, 0.731346649169980600468932152580237016081809997558593750000000, 0.750501919159681230020453313045436516404151916503906250000000, 2.356194490192344836998472601408138871192932128906250000000000
 0.000750954503584060377094355764882038783980533480644226074219,-0.482251012828299185919433966773794963955879211425781250000000, 0.482251012828299185919433966773794963955879211425781250000000,-0.731346649169980822513537077611545100808143615722656250000000, 2.391090734430112441089022468077018857002258300781250000000000, 2.356194490192344836998472601408138871192932128906250000000000
 0.000750954503584060377094355764882038783980533480644226074219,-0.482251012828299407964038891805103048682212829589843750000000,-0.482251012828299407964038891805103048682212829589843750000000, 0.731346649169980600468932152580237016081809997558593750000000, 0.750501919159681230020453313045436516404151916503906250000000, 3.926990816987241394997454335680231451988220214843750000000000
 0.000750954503584060377094355764882038783980533480644226074219,-0.482251012828299185919433966773794963955879211425781250000000,-0.482251012828299185919433966773794963955879211425781250000000,-0.731346649169980822513537077611545100808143615722656250000000, 2.391090734430112441089022468077018857002258300781250000000000, 3.926990816987241394997454335680231451988220214843750000000000
 0.000750954503584060377094355764882038783980533480644226074219, 0.482251012828299407964038891805103048682212829589843750000000, 0.731346649169980600468932152580237016081809997558593750000000, 0.482251012828299407964038891805103048682212829589843750000000, 1.067573874042450965404782436962705105543136596679687500000000, 0.987840394991226888876667544536758214235305786132812500000000
 0.000750954503584060377094355764882038783980533480644226074219, 0.482251012828299407964038891805103048682212829589843750000000,-0.731346649169980600468932152580237016081809997558593750000000, 0.482251012828299407964038891805103048682212829589843750000000, 1.067573874042450965404782436962705105543136596679687500000000, 5.295344912188359565163864317582920193672180175781250000000000
 0.000750954503584060377094355764882038783980533480644226074219, 0.482251012828299407964038891805103048682212829589843750000000, 0.731346649169980600468932152580237016081809997558593750000000,-0.482251012828299574497492585578584112226963043212890625000000, 2.074018779547342372637785956612788140773773193359375000000000, 0.987840394991226888876667544536758214235305786132812500000000
 0.000750954503584060377094355764882038783980533480644226074219, 0.482251012828299407964038891805103048682212829589843750000000,-0.731346649169980600468932152580237016081809997558593750000000,-0.482251012828299574497492585578584112226963043212890625000000, 2.074018779547342372637785956612788140773773193359375000000000, 5.295344912188359565163864317582920193672180175781250000000000
 0.000750954503584060377094355764882038783980533480644226074219,-0.482251012828299407964038891805103048682212829589843750000000, 0.731346649169980600468932152580237016081809997558593750000000, 0.482251012828299407964038891805103048682212829589843750000000, 1.067573874042450965404782436962705105543136596679687500000000, 2.153752258598566449165900849038735032081604003906250000000000
 0.000750954503584060377094355764882038783980533480644226074219,-0.482251012828299407964038891805103048682212829589843750000000,-0.731346649169980600468932152580237016081809997558593750000000, 0.482251012828299407964038891805103048682212829589843750000000, 1.067573874042450965404782436962705105543136596679687500000000, 4.129433048581019782830026088049635291099548339843750000000000
 0.000750954503584060377094355764882038783980533480644226074219,-0.482251012828299407964038891805103048682212829589843750000000, 0.731346649169980600468932152580237016081809997558593750000000,-0.482251012828299574497492585578584112226963043212890625000000, 2.074018779547342372637785956612788140773773193359375000000000, 2.153752258598566449165900849038735032081604003906250000000000
 0.000750954503584060377094355764882038783980533480644226074219,-0.482251012828299407964038891805103048682212829589843750000000,-0.731346649169980600468932152580237016081809997558593750000000,-0.482251012828299574497492585578584112226963043212890625000000, 2.074018779547342372637785956612788140773773193359375000000000, 4.129433048581019782830026088049635291099548339843750000000000
 0.000750954503584060377094355764882038783980533480644226074219, 0.731346649169980600468932152580237016081809997558593750000000, 0.482251012828299407964038891805103048682212829589843750000000, 0.482251012828299407964038891805103048682212829589843750000000, 1.067573874042450965404782436962705105543136596679687500000000, 0.582955931803669780144616652250988408923149108886718750000000
 0.000750954503584060377094355764882038783980533480644226074219,-0.731346649169980600468932152580237016081809997558593750000000, 0.482251012828299407964038891805103048682212829589843750000000, 0.482251012828299407964038891805103048682212829589843750000000, 1.067573874042450965404782436962705105543136596679687500000000, 2.558636721786123668920254203840158879756927490234375000000000
 0.000750954503584060377094355764882038783980533480644226074219, 0.731346649169980600468932152580237016081809997558593750000000, 0.482251012828299407964038891805103048682212829589843750000000,-0.482251012828299574497492585578584112226963043212890625000000, 2.074018779547342372637785956612788140773773193359375000000000, 0.582955931803669780144616652250988408923149108886718750000000
 0.000750954503584060377094355764882038783980533480644226074219,-0.731346649169980600468932152580237016081809997558593750000000, 0.482251012828299407964038891805103048682212829589843750000000,-0.482251012828299574497492585578584112226963043212890625000000, 2.074018779547342372637785956612788140773773193359375000000000, 2.558636721786123668920254203840158879756927490234375000000000
 0.000750954503584060377094355764882038783980533480644226074219, 0.731346649169980600468932152580237016081809997558593750000000,-0.482251012828299407964038891805103048682212829589843750000000, 0.482251012828299407964038891805103048682212829589843750000000, 1.067573874042450965404782436962705105543136596679687500000000, 5.700229375375916340829007822321727871894836425781250000000000
 0.000750954503584060377094355764882038783980533480644226074219,-0.731346649169980600468932152580237016081809997558593750000000,-0.482251012828299407964038891805103048682212829589843750000000, 0.482251012828299407964038891805103048682212829589843750000000, 1.067573874042450965404782436962705105543136596679687500000000, 3.724548585393462563075672733248211443424224853515625000000000
 0.000750954503584060377094355764882038783980533480644226074219, 0.731346649169980600468932152580237016081809997558593750000000,-0.482251012828299407964038891805103048682212829589843750000000,-0.482251012828299574497492585578584112226963043212890625000000, 2.074018779547342372637785956612788140773773193359375000000000, 5.700229375375916340829007822321727871894836425781250000000000
 0.000750954503584060377094355764882038783980533480644226074219,-0.731346649169980600468932152580237016081809997558593750000000,-0.482251012828299407964038891805103048682212829589843750000000,-0.482251012828299574497492585578584112226963043212890625000000, 2.074018779547342372637785956612788140773773193359375000000000, 3.724548585393462563075672733248211443424224853515625000000000
 0.000754853505772060616972607416386154000065289437770843505859, 0.532067933356626276975021028192713856697082519531250000000000, 0.532067933356626387997323490708367899060249328613281250000000, 0.658640591360126648190487230749567970633506774902343750000000, 0.851785622343070092377104174374835565686225891113281250000000, 0.785398163397448390021793329651700332760810852050781250000000
 0.000754853505772060616972607416386154000065289437770843505859, 0.532067933356626165952718565677059814333915710449218750000000, 0.532067933356626387997323490708367899060249328613281250000000,-0.658640591360126759212789693265222012996673583984375000000000, 2.289807031246723134643161756685003638267517089843750000000000, 0.785398163397448501044095792167354375123977661132812500000000
 0.000754853505772060616972607416386154000065289437770843505859, 0.532067933356626276975021028192713856697082519531250000000000,-0.532067933356626387997323490708367899060249328613281250000000, 0.658640591360126648190487230749567970633506774902343750000000, 0.851785622343070092377104174374835565686225891113281250000000, 5.497787143782137952996436069952324032783508300781250000000000
 0.000754853505772060616972607416386154000065289437770843505859, 0.532067933356626165952718565677059814333915710449218750000000,-0.532067933356626387997323490708367899060249328613281250000000,-0.658640591360126759212789693265222012996673583984375000000000, 2.289807031246723134643161756685003638267517089843750000000000, 5.497787143782137952996436069952324032783508300781250000000000
 0.000754853505772060616972607416386154000065289437770843505859,-0.532067933356626276975021028192713856697082519531250000000000, 0.532067933356626276975021028192713856697082519531250000000000, 0.658640591360126648190487230749567970633506774902343750000000, 0.851785622343069981354801711859181523323059082031250000000000, 2.356194490192344836998472601408138871192932128906250000000000
 0.000754853505772060616972607416386154000065289437770843505859,-0.532067933356626165952718565677059814333915710449218750000000, 0.532067933356626165952718565677059814333915710449218750000000,-0.658640591360126759212789693265222012996673583984375000000000, 2.289807031246723578732371606747619807720184326171875000000000, 2.356194490192344836998472601408138871192932128906250000000000
 0.000754853505772060616972607416386154000065289437770843505859,-0.532067933356626276975021028192713856697082519531250000000000,-0.532067933356626276975021028192713856697082519531250000000000, 0.658640591360126648190487230749567970633506774902343750000000, 0.851785622343069981354801711859181523323059082031250000000000, 3.926990816987241394997454335680231451988220214843750000000000
 0.000754853505772060616972607416386154000065289437770843505859,-0.532067933356626165952718565677059814333915710449218750000000,-0.532067933356626165952718565677059814333915710449218750000000,-0.658640591360126759212789693265222012996673583984375000000000, 2.289807031246723578732371606747619807720184326171875000000000, 3.926990816987241394997454335680231451988220214843750000000000
 0.000754853505772060616972607416386154000065289437770843505859, 0.532067933356626387997323490708367899060249328613281250000000, 0.658640591360126759212789693265222012996673583984375000000000, 0.532067933356626276975021028192713856697082519531250000000000, 1.009755290368079982954441220499575138092041015625000000000000, 0.891300754406994855116863618604838848114013671875000000000000
 0.000754853505772060616972607416386154000065289437770843505859, 0.532067933356626387997323490708367899060249328613281250000000,-0.658640591360126759212789693265222012996673583984375000000000, 0.532067933356626276975021028192713856697082519531250000000000, 1.009755290368079982954441220499575138092041015625000000000000, 5.391884552772591376879063318483531475067138671875000000000000
 0.000754853505772060616972607416386154000065289437770843505859, 0.532067933356626387997323490708367899060249328613281250000000, 0.658640591360126759212789693265222012996673583984375000000000,-0.532067933356626276975021028192713856697082519531250000000000, 2.131837363221713133043522248044610023498535156250000000000000, 0.891300754406994855116863618604838848114013671875000000000000
 0.000754853505772060616972607416386154000065289437770843505859, 0.532067933356626387997323490708367899060249328613281250000000,-0.658640591360126759212789693265222012996673583984375000000000,-0.532067933356626276975021028192713856697082519531250000000000, 2.131837363221713133043522248044610023498535156250000000000000, 5.391884552772591376879063318483531475067138671875000000000000
 0.000754853505772060616972607416386154000065289437770843505859,-0.532067933356626276975021028192713856697082519531250000000000, 0.658640591360126870235092155780876055359840393066406250000000, 0.532067933356626276975021028192713856697082519531250000000000, 1.009755290368079982954441220499575138092041015625000000000000, 2.250291899182798260881099849939346313476562500000000000000000
 0.000754853505772060616972607416386154000065289437770843505859,-0.532067933356626276975021028192713856697082519531250000000000,-0.658640591360126870235092155780876055359840393066406250000000, 0.532067933356626276975021028192713856697082519531250000000000, 1.009755290368079982954441220499575138092041015625000000000000, 4.032893407996787971114827087149024009704589843750000000000000
 0.000754853505772060616972607416386154000065289437770843505859,-0.532067933356626276975021028192713856697082519531250000000000, 0.658640591360126870235092155780876055359840393066406250000000,-0.532067933356626276975021028192713856697082519531250000000000, 2.131837363221713133043522248044610023498535156250000000000000, 2.250291899182798260881099849939346313476562500000000000000000
 0.000754853505772060616972607416386154000065289437770843505859,-0.532067933356626276975021028192713856697082519531250000000000,-0.658640591360126870235092155780876055359840393066406250000000,-0.532067933356626276975021028192713856697082519531250000000000, 2.131837363221713133043522248044610023498535156250000000000000, 4.032893407996787971114827087149024009704589843750000000000000
 0.000754853505772060616972607416386154000065289437770843505859, 0.658640591360126759212789693265222012996673583984375000000000, 0.532067933356626387997323490708367899060249328613281250000000, 0.532067933356626276975021028192713856697082519531250000000000, 1.009755290368079982954441220499575138092041015625000000000000, 0.679495572387901813904420578182907775044441223144531250000000
 0.000754853505772060616972607416386154000065289437770843505859,-0.658640591360126870235092155780876055359840393066406250000000, 0.532067933356626276975021028192713856697082519531250000000000, 0.532067933356626276975021028192713856697082519531250000000000, 1.009755290368079982954441220499575138092041015625000000000000, 2.462097081201891857205055202939547598361968994140625000000000
 0.000754853505772060616972607416386154000065289437770843505859, 0.658640591360126759212789693265222012996673583984375000000000, 0.532067933356626387997323490708367899060249328613281250000000,-0.532067933356626276975021028192713856697082519531250000000000, 2.131837363221713133043522248044610023498535156250000000000000, 0.679495572387901813904420578182907775044441223144531250000000
 0.000754853505772060616972607416386154000065289437770843505859,-0.658640591360126870235092155780876055359840393066406250000000, 0.532067933356626276975021028192713856697082519531250000000000,-0.532067933356626276975021028192713856697082519531250000000000, 2.131837363221713133043522248044610023498535156250000000000000, 2.462097081201891857205055202939547598361968994140625000000000
 0.000754853505772060616972607416386154000065289437770843505859, 0.658640591360126759212789693265222012996673583984375000000000,-0.532067933356626387997323490708367899060249328613281250000000, 0.532067933356626276975021028192713856697082519531250000000000, 1.009755290368079982954441220499575138092041015625000000000000, 5.603689734791684529113808821421116590499877929687500000000000
 0.000754853505772060616972607416386154000065289437770843505859,-0.658640591360126870235092155780876055359840393066406250000000,-0.532067933356626276975021028192713856697082519531250000000000, 0.532067933356626276975021028192713856697082519531250000000000, 1.009755290368079982954441220499575138092041015625000000000000, 3.821088225977694374790871734148822724819183349609375000000000
 0.000754853505772060616972607416386154000065289437770843505859, 0.658640591360126759212789693265222012996673583984375000000000,-0.532067933356626387997323490708367899060249328613281250000000,-0.532067933356626276975021028192713856697082519531250000000000, 2.131837363221713133043522248044610023498535156250000000000000, 5.603689734791684529113808821421116590499877929687500000000000
 0.000754853505772060616972607416386154000065289437770843505859,-0.658640591360126870235092155780876055359840393066406250000000,-0.532067933356626276975021028192713856697082519531250000000000,-0.532067933356626276975021028192713856697082519531250000000000, 2.131837363221713133043522248044610023498535156250000000000000, 3.821088225977694374790871734148822724819183349609375000000000
 0.000755408896977060825318750492129993290291167795658111572266, 0.617299819539427363501715717575279995799064636230468750000000, 0.617299819539427474524018180090934038162231445312500000000000, 0.487731345715221309422560125312884338200092315673828125000000, 1.061307172162671452753102130373008549213409423828125000000000, 0.785398163397448390021793329651700332760810852050781250000000
 0.000755408896977060825318750492129993290291167795658111572266, 0.617299819539427363501715717575279995799064636230468750000000, 0.617299819539427585546320642606588080525398254394531250000000,-0.487731345715221198400257662797230295836925506591796875000000, 2.080285481427121663244861338171176612377166748046875000000000, 0.785398163397448501044095792167354375123977661132812500000000
 0.000755408896977060825318750492129993290291167795658111572266, 0.617299819539427363501715717575279995799064636230468750000000,-0.617299819539427474524018180090934038162231445312500000000000, 0.487731345715221309422560125312884338200092315673828125000000, 1.061307172162671452753102130373008549213409423828125000000000, 5.497787143782137952996436069952324032783508300781250000000000
 0.000755408896977060825318750492129993290291167795658111572266, 0.617299819539427363501715717575279995799064636230468750000000,-0.617299819539427585546320642606588080525398254394531250000000,-0.487731345715221198400257662797230295836925506591796875000000, 2.080285481427121663244861338171176612377166748046875000000000, 5.497787143782137952996436069952324032783508300781250000000000
 0.000755408896977060825318750492129993290291167795658111572266,-0.617299819539427363501715717575279995799064636230468750000000, 0.617299819539427363501715717575279995799064636230468750000000, 0.487731345715221309422560125312884338200092315673828125000000, 1.061307172162671452753102130373008549213409423828125000000000, 2.356194490192344836998472601408138871192932128906250000000000
 0.000755408896977060825318750492129993290291167795658111572266,-0.617299819539427363501715717575279995799064636230468750000000, 0.617299819539427363501715717575279995799064636230468750000000,-0.487731345715221198400257662797230295836925506591796875000000, 2.080285481427121663244861338171176612377166748046875000000000, 2.356194490192344836998472601408138871192932128906250000000000
 0.000755408896977060825318750492129993290291167795658111572266,-0.617299819539427363501715717575279995799064636230468750000000,-0.617299819539427363501715717575279995799064636230468750000000, 0.487731345715221309422560125312884338200092315673828125000000, 1.061307172162671452753102130373008549213409423828125000000000, 3.926990816987241394997454335680231451988220214843750000000000
 0.000755408896977060825318750492129993290291167795658111572266,-0.617299819539427363501715717575279995799064636230468750000000,-0.617299819539427363501715717575279995799064636230468750000000,-0.487731345715221198400257662797230295836925506591796875000000, 2.080285481427121663244861338171176612377166748046875000000000, 3.926990816987241394997454335680231451988220214843750000000000
 0.000755408896977060825318750492129993290291167795658111572266, 0.617299819539427363501715717575279995799064636230468750000000, 0.487731345715221475956013819086365401744842529296875000000000, 0.617299819539427252479413255059625953435897827148437500000000, 0.905490429539022367855238826450658962130546569824218750000000, 0.668677888485634919213396187842590734362602233886718750000000
 0.000755408896977060825318750492129993290291167795658111572266, 0.617299819539427363501715717575279995799064636230468750000000,-0.487731345715221475956013819086365401744842529296875000000000, 0.617299819539427252479413255059625953435897827148437500000000, 0.905490429539022367855238826450658962130546569824218750000000, 5.614507418693951201760228286730125546455383300781250000000000
 0.000755408896977060825318750492129993290291167795658111572266, 0.617299819539427141457110792543971911072731018066406250000000, 0.487731345715221309422560125312884338200092315673828125000000,-0.617299819539427696568623105122242122888565063476562500000000, 2.236102224050771525298841879703104496002197265625000000000000, 0.668677888485634919213396187842590734362602233886718750000000
 0.000755408896977060825318750492129993290291167795658111572266, 0.617299819539427141457110792543971911072731018066406250000000,-0.487731345715221309422560125312884338200092315673828125000000,-0.617299819539427696568623105122242122888565063476562500000000, 2.236102224050771525298841879703104496002197265625000000000000, 5.614507418693951201760228286730125546455383300781250000000000
 0.000755408896977060825318750492129993290291167795658111572266,-0.617299819539427363501715717575279995799064636230468750000000, 0.487731345715221420444862587828538380563259124755859375000000, 0.617299819539427252479413255059625953435897827148437500000000, 0.905490429539022367855238826450658962130546569824218750000000, 2.472914765104158529851474668248556554317474365234375000000000
 0.000755408896977060825318750492129993290291167795658111572266,-0.617299819539427363501715717575279995799064636230468750000000,-0.487731345715221420444862587828538380563259124755859375000000, 0.617299819539427252479413255059625953435897827148437500000000, 0.905490429539022367855238826450658962130546569824218750000000, 3.810270542075427702144452268839813768863677978515625000000000
 0.000755408896977060825318750492129993290291167795658111572266,-0.617299819539427141457110792543971911072731018066406250000000, 0.487731345715221309422560125312884338200092315673828125000000,-0.617299819539427696568623105122242122888565063476562500000000, 2.236102224050771525298841879703104496002197265625000000000000, 2.472914765104158085762264818185940384864807128906250000000000
 0.000755408896977060825318750492129993290291167795658111572266,-0.617299819539427141457110792543971911072731018066406250000000,-0.487731345715221309422560125312884338200092315673828125000000,-0.617299819539427696568623105122242122888565063476562500000000, 2.236102224050771525298841879703104496002197265625000000000000, 3.810270542075428146233662118902429938316345214843750000000000
 0.000755408896977060825318750492129993290291167795658111572266, 0.487731345715221420444862587828538380563259124755859375000000, 0.617299819539427585546320642606588080525398254394531250000000, 0.617299819539427252479413255059625953435897827148437500000000, 0.905490429539022478877541288966313004493713378906250000000000, 0.902118438309261860830190471460809931159019470214843750000000
 0.000755408896977060825318750492129993290291167795658111572266,-0.487731345715221420444862587828538380563259124755859375000000, 0.617299819539427363501715717575279995799064636230468750000000, 0.617299819539427252479413255059625953435897827148437500000000, 0.905490429539022367855238826450658962130546569824218750000000, 2.239474215280531588234680384630337357521057128906250000000000
 0.000755408896977060825318750492129993290291167795658111572266, 0.487731345715221087377955200281576253473758697509765625000000, 0.617299819539427252479413255059625953435897827148437500000000,-0.617299819539427696568623105122242122888565063476562500000000, 2.236102224050771525298841879703104496002197265625000000000000, 0.902118438309261971852492933976463973522186279296875000000000
 0.000755408896977060825318750492129993290291167795658111572266,-0.487731345715221309422560125312884338200092315673828125000000, 0.617299819539427141457110792543971911072731018066406250000000,-0.617299819539427696568623105122242122888565063476562500000000, 2.236102224050771525298841879703104496002197265625000000000000, 2.239474215280531588234680384630337357521057128906250000000000
 0.000755408896977060825318750492129993290291167795658111572266, 0.487731345715221420444862587828538380563259124755859375000000,-0.617299819539427585546320642606588080525398254394531250000000, 0.617299819539427252479413255059625953435897827148437500000000, 0.905490429539022478877541288966313004493713378906250000000000, 5.381066868870324704232643853174522519111633300781250000000000
 0.000755408896977060825318750492129993290291167795658111572266,-0.487731345715221420444862587828538380563259124755859375000000,-0.617299819539427363501715717575279995799064636230468750000000, 0.617299819539427252479413255059625953435897827148437500000000, 0.905490429539022367855238826450658962130546569824218750000000, 4.043711091899054643761246552458032965660095214843750000000000
 0.000755408896977060825318750492129993290291167795658111572266, 0.487731345715221087377955200281576253473758697509765625000000,-0.617299819539427252479413255059625953435897827148437500000000,-0.617299819539427696568623105122242122888565063476562500000000, 2.236102224050771525298841879703104496002197265625000000000000, 5.381066868870323816054224153049290180206298828125000000000000
 0.000755408896977060825318750492129993290291167795658111572266,-0.487731345715221309422560125312884338200092315673828125000000,-0.617299819539427141457110792543971911072731018066406250000000,-0.617299819539427696568623105122242122888565063476562500000000, 2.236102224050771525298841879703104496002197265625000000000000, 4.043711091899054643761246552458032965660095214843750000000000
 0.000755314717444060851510301279887471537222154438495635986328, 0.651067984912747976800062588154105469584465026855468750000000, 0.651067984912747976800062588154105469584465026855468750000000, 0.390155043595885486773511274805059656500816345214843750000000, 1.169996351574182691379633070027921348810195922851562500000000, 0.785398163397448278999490867136046290397644042968750000000000
 0.000755314717444060851510301279887471537222154438495635986328, 0.651067984912747976800062588154105469584465026855468750000000, 0.651067984912747976800062588154105469584465026855468750000000,-0.390155043595885486773511274805059656500816345214843750000000, 1.971596302015610424618330398516263812780380249023437500000000, 0.785398163397448278999490867136046290397644042968750000000000
 0.000755314717444060851510301279887471537222154438495635986328, 0.651067984912747976800062588154105469584465026855468750000000,-0.651067984912747976800062588154105469584465026855468750000000, 0.390155043595885486773511274805059656500816345214843750000000, 1.169996351574182691379633070027921348810195922851562500000000, 5.497787143782137952996436069952324032783508300781250000000000
 0.000755314717444060851510301279887471537222154438495635986328, 0.651067984912747976800062588154105469584465026855468750000000,-0.651067984912747976800062588154105469584465026855468750000000,-0.390155043595885486773511274805059656500816345214843750000000, 1.971596302015610424618330398516263812780380249023437500000000, 5.497787143782137952996436069952324032783508300781250000000000
 0.000755314717444060851510301279887471537222154438495635986328,-0.651067984912747976800062588154105469584465026855468750000000, 0.651067984912747976800062588154105469584465026855468750000000, 0.390155043595885486773511274805059656500816345214843750000000, 1.169996351574182691379633070027921348810195922851562500000000, 2.356194490192344836998472601408138871192932128906250000000000
 0.000755314717444060851510301279887471537222154438495635986328,-0.651067984912747976800062588154105469584465026855468750000000, 0.651067984912747976800062588154105469584465026855468750000000,-0.390155043595885486773511274805059656500816345214843750000000, 1.971596302015610424618330398516263812780380249023437500000000, 2.356194490192344836998472601408138871192932128906250000000000
 0.000755314717444060851510301279887471537222154438495635986328,-0.651067984912747976800062588154105469584465026855468750000000,-0.651067984912747976800062588154105469584465026855468750000000, 0.390155043595885486773511274805059656500816345214843750000000, 1.169996351574182691379633070027921348810195922851562500000000, 3.926990816987241394997454335680231451988220214843750000000000
 0.000755314717444060851510301279887471537222154438495635986328,-0.651067984912747976800062588154105469584465026855468750000000,-0.651067984912747976800062588154105469584465026855468750000000,-0.390155043595885486773511274805059656500816345214843750000000, 1.971596302015610424618330398516263812780380249023437500000000, 3.926990816987241394997454335680231451988220214843750000000000
 0.000755314717444060851510301279887471537222154438495635986328, 0.651067984912748087822365050669759511947631835937500000000000, 0.390155043595885375751208812289405614137649536132812500000000, 0.651067984912747976800062588154105469584465026855468750000000, 0.861805678954570275607238727388903498649597167968750000000000, 0.539870733100624944356127343780826777219772338867187500000000
 0.000755314717444060851510301279887471537222154438495635986328, 0.651067984912748087822365050669759511947631835937500000000000,-0.390155043595885375751208812289405614137649536132812500000000, 0.651067984912747976800062588154105469584465026855468750000000, 0.861805678954570275607238727388903498649597167968750000000000, 5.743314574078961065595194668276235461235046386718750000000000
 0.000755314717444060851510301279887471537222154438495635986328, 0.651067984912747976800062588154105469584465026855468750000000, 0.390155043595885320240057581031578592956066131591796875000000,-0.651067984912748198844667513185413554310798645019531250000000, 2.279786974635223284479934591217897832393646240234375000000000, 0.539870733100624944356127343780826777219772338867187500000000
 0.000755314717444060851510301279887471537222154438495635986328, 0.651067984912747976800062588154105469584465026855468750000000,-0.390155043595885320240057581031578592956066131591796875000000,-0.651067984912748198844667513185413554310798645019531250000000, 2.279786974635223284479934591217897832393646240234375000000000, 5.743314574078961065595194668276235461235046386718750000000000
 0.000755314717444060851510301279887471537222154438495635986328,-0.651067984912748198844667513185413554310798645019531250000000, 0.390155043595885209217755118515924550592899322509765625000000, 0.651067984912747976800062588154105469584465026855468750000000, 0.861805678954570275607238727388903498649597167968750000000000, 2.601721920489168393686441049794666469097137451171875000000000
 0.000755314717444060851510301279887471537222154438495635986328,-0.651067984912748198844667513185413554310798645019531250000000,-0.390155043595885209217755118515924550592899322509765625000000, 0.651067984912747976800062588154105469584465026855468750000000, 0.861805678954570275607238727388903498649597167968750000000000, 3.681463386690417838309485887293703854084014892578125000000000
 0.000755314717444060851510301279887471537222154438495635986328,-0.651067984912748087822365050669759511947631835937500000000000, 0.390155043595885209217755118515924550592899322509765625000000,-0.651067984912748198844667513185413554310798645019531250000000, 2.279786974635223284479934591217897832393646240234375000000000, 2.601721920489168393686441049794666469097137451171875000000000
 0.000755314717444060851510301279887471537222154438495635986328,-0.651067984912748087822365050669759511947631835937500000000000,-0.390155043595885209217755118515924550592899322509765625000000,-0.651067984912748198844667513185413554310798645019531250000000, 2.279786974635223284479934591217897832393646240234375000000000, 3.681463386690417838309485887293703854084014892578125000000000
 0.000755314717444060851510301279887471537222154438495635986328, 0.390155043595885375751208812289405614137649536132812500000000, 0.651067984912748087822365050669759511947631835937500000000000, 0.651067984912747976800062588154105469584465026855468750000000, 0.861805678954570275607238727388903498649597167968750000000000, 1.030925593694271613642854390491265803575515747070312500000000
 0.000755314717444060851510301279887471537222154438495635986328,-0.390155043595885486773511274805059656500816345214843750000000, 0.651067984912748087822365050669759511947631835937500000000000, 0.651067984912747976800062588154105469584465026855468750000000, 0.861805678954570275607238727388903498649597167968750000000000, 2.110667059895521724399714003084227442741394042968750000000000
 0.000755314717444060851510301279887471537222154438495635986328, 0.390155043595885320240057581031578592956066131591796875000000, 0.651067984912747976800062588154105469584465026855468750000000,-0.651067984912748198844667513185413554310798645019531250000000, 2.279786974635223284479934591217897832393646240234375000000000, 1.030925593694271613642854390491265803575515747070312500000000
 0.000755314717444060851510301279887471537222154438495635986328,-0.390155043595885375751208812289405614137649536132812500000000, 0.651067984912747976800062588154105469584465026855468750000000,-0.651067984912748198844667513185413554310798645019531250000000, 2.279786974635223284479934591217897832393646240234375000000000, 2.110667059895521724399714003084227442741394042968750000000000
 0.000755314717444060851510301279887471537222154438495635986328, 0.390155043595885375751208812289405614137649536132812500000000,-0.651067984912748087822365050669759511947631835937500000000000, 0.651067984912747976800062588154105469584465026855468750000000, 0.861805678954570275607238727388903498649597167968750000000000, 5.252259713485314840397677471628412604331970214843750000000000
 0.000755314717444060851510301279887471537222154438495635986328,-0.390155043595885486773511274805059656500816345214843750000000,-0.651067984912748087822365050669759511947631835937500000000000, 0.651067984912747976800062588154105469584465026855468750000000, 0.861805678954570275607238727388903498649597167968750000000000, 4.172518247284064507596212934004142880439758300781250000000000
 0.000755314717444060851510301279887471537222154438495635986328, 0.390155043595885320240057581031578592956066131591796875000000,-0.651067984912747976800062588154105469584465026855468750000000,-0.651067984912748198844667513185413554310798645019531250000000, 2.279786974635223284479934591217897832393646240234375000000000, 5.252259713485314840397677471628412604331970214843750000000000
 0.000755314717444060851510301279887471537222154438495635986328,-0.390155043595885375751208812289405614137649536132812500000000,-0.651067984912747976800062588154105469584465026855468750000000,-0.651067984912748198844667513185413554310798645019531250000000, 2.279786974635223284479934591217897832393646240234375000000000, 4.172518247284064507596212934004142880439758300781250000000000
 0.000756476765329060934529847859408846488804556429386138916016, 0.677731525168736026465410304808756336569786071777343750000000, 0.677731525168736137487712767324410378932952880859375000000000, 0.285236672931300894173745064108516089618206024169921875000000, 1.281542976526915511570337002922315150499343872070312500000000, 0.785398163397448390021793329651700332760810852050781250000000
 0.000756476765329060934529847859408846488804556429386138916016, 0.677731525168736026465410304808756336569786071777343750000000, 0.677731525168736137487712767324410378932952880859375000000000,-0.285236672931300894173745064108516089618206024169921875000000, 1.860049677062877826472231390653178095817565917968750000000000, 0.785398163397448390021793329651700332760810852050781250000000
 0.000756476765329060934529847859408846488804556429386138916016, 0.677731525168736026465410304808756336569786071777343750000000,-0.677731525168736137487712767324410378932952880859375000000000, 0.285236672931300894173745064108516089618206024169921875000000, 1.281542976526915511570337002922315150499343872070312500000000, 5.497787143782137952996436069952324032783508300781250000000000
 0.000756476765329060934529847859408846488804556429386138916016, 0.677731525168736026465410304808756336569786071777343750000000,-0.677731525168736137487712767324410378932952880859375000000000,-0.285236672931300894173745064108516089618206024169921875000000, 1.860049677062877826472231390653178095817565917968750000000000, 5.497787143782137952996436069952324032783508300781250000000000
 0.000756476765329060934529847859408846488804556429386138916016,-0.677731525168736026465410304808756336569786071777343750000000, 0.677731525168736026465410304808756336569786071777343750000000, 0.285236672931300894173745064108516089618206024169921875000000, 1.281542976526915511570337002922315150499343872070312500000000, 2.356194490192344836998472601408138871192932128906250000000000
 0.000756476765329060934529847859408846488804556429386138916016,-0.677731525168736026465410304808756336569786071777343750000000, 0.677731525168736026465410304808756336569786071777343750000000,-0.285236672931300894173745064108516089618206024169921875000000, 1.860049677062877826472231390653178095817565917968750000000000, 2.356194490192344836998472601408138871192932128906250000000000
 0.000756476765329060934529847859408846488804556429386138916016,-0.677731525168736026465410304808756336569786071777343750000000,-0.677731525168736026465410304808756336569786071777343750000000, 0.285236672931300894173745064108516089618206024169921875000000, 1.281542976526915511570337002922315150499343872070312500000000, 3.926990816987241394997454335680231451988220214843750000000000
 0.000756476765329060934529847859408846488804556429386138916016,-0.677731525168736026465410304808756336569786071777343750000000,-0.677731525168736026465410304808756336569786071777343750000000,-0.285236672931300894173745064108516089618206024169921875000000, 1.860049677062877826472231390653178095817565917968750000000000, 3.926990816987241394997454335680231451988220214843750000000000
 0.000756476765329060934529847859408846488804556429386138916016, 0.677731525168735915443107842293102294206619262695312500000000, 0.285236672931300894173745064108516089618206024169921875000000, 0.677731525168736026465410304808756336569786071777343750000000, 0.826123157206119063111771083640633150935173034667968750000000, 0.398367062864148191447810631871107034385204315185546875000000
 0.000756476765329060934529847859408846488804556429386138916016, 0.677731525168735915443107842293102294206619262695312500000000,-0.285236672931300894173745064108516089618206024169921875000000, 0.677731525168736026465410304808756336569786071777343750000000, 0.826123157206119063111771083640633150935173034667968750000000, 5.884818244315438207081569998990744352340698242187500000000000
 0.000756476765329060934529847859408846488804556429386138916016, 0.677731525168735582376200454746140167117118835449218750000000, 0.285236672931300783151442601592862047255039215087890625000000,-0.677731525168736359532317692355718463659286499023437500000000, 2.315469496383674830042309622513130307197570800781250000000000, 0.398367062864148246958961863128934055566787719726562500000000
 0.000756476765329060934529847859408846488804556429386138916016, 0.677731525168735582376200454746140167117118835449218750000000,-0.285236672931300783151442601592862047255039215087890625000000,-0.677731525168736359532317692355718463659286499023437500000000, 2.315469496383674830042309622513130307197570800781250000000000, 5.884818244315438207081569998990744352340698242187500000000000
 0.000756476765329060934529847859408846488804556429386138916016,-0.677731525168736026465410304808756336569786071777343750000000, 0.285236672931300616617988907819380983710289001464843750000000, 0.677731525168736026465410304808756336569786071777343750000000, 0.826123157206119063111771083640633150935173034667968750000000, 2.743225590725645535172816380509175360202789306640625000000000
 0.000756476765329060934529847859408846488804556429386138916016,-0.677731525168736026465410304808756336569786071777343750000000,-0.285236672931300616617988907819380983710289001464843750000000, 0.677731525168736026465410304808756336569786071777343750000000, 0.826123157206119063111771083640633150935173034667968750000000, 3.539959716453940696823110556579194962978363037109375000000000
 0.000756476765329060934529847859408846488804556429386138916016,-0.677731525168735693398502917261794209480285644531250000000000, 0.285236672931300505595686445303726941347122192382812500000000,-0.677731525168736359532317692355718463659286499023437500000000, 2.315469496383674830042309622513130307197570800781250000000000, 2.743225590725645535172816380509175360202789306640625000000000
 0.000756476765329060934529847859408846488804556429386138916016,-0.677731525168735693398502917261794209480285644531250000000000,-0.285236672931300505595686445303726941347122192382812500000000,-0.677731525168736359532317692355718463659286499023437500000000, 2.315469496383674830042309622513130307197570800781250000000000, 3.539959716453940696823110556579194962978363037109375000000000
 0.000756476765329060934529847859408846488804556429386138916016, 0.285236672931300783151442601592862047255039215087890625000000, 0.677731525168735915443107842293102294206619262695312500000000, 0.677731525168736026465410304808756336569786071777343750000000, 0.826123157206118952089468621124979108572006225585937500000000, 1.172429263930748533084624796174466609954833984375000000000000
 0.000756476765329060934529847859408846488804556429386138916016,-0.285236672931300783151442601592862047255039215087890625000000, 0.677731525168735915443107842293102294206619262695312500000000, 0.677731525168736026465410304808756336569786071777343750000000, 0.826123157206118952089468621124979108572006225585937500000000, 1.969163389659044582913338672369718551635742187500000000000000
 0.000756476765329060934529847859408846488804556429386138916016, 0.285236672931300727640291370335035026073455810546875000000000, 0.677731525168735582376200454746140167117118835449218750000000,-0.677731525168736359532317692355718463659286499023437500000000, 2.315469496383674830042309622513130307197570800781250000000000, 1.172429263930748533084624796174466609954833984375000000000000
 0.000756476765329060934529847859408846488804556429386138916016,-0.285236672931300727640291370335035026073455810546875000000000, 0.677731525168735582376200454746140167117118835449218750000000,-0.677731525168736359532317692355718463659286499023437500000000, 2.315469496383674830042309622513130307197570800781250000000000, 1.969163389659044804957943597401026636362075805664062500000000
 0.000756476765329060934529847859408846488804556429386138916016, 0.285236672931300783151442601592862047255039215087890625000000,-0.677731525168735915443107842293102294206619262695312500000000, 0.677731525168736026465410304808756336569786071777343750000000, 0.826123157206118952089468621124979108572006225585937500000000, 5.110756043248837698911302140913903713226318359375000000000000
 0.000756476765329060934529847859408846488804556429386138916016,-0.285236672931300783151442601592862047255039215087890625000000,-0.677731525168735915443107842293102294206619262695312500000000, 0.677731525168736026465410304808756336569786071777343750000000, 0.826123157206118952089468621124979108572006225585937500000000, 4.314021917520541649082588264718651771545410156250000000000000
 0.000756476765329060934529847859408846488804556429386138916016, 0.285236672931300727640291370335035026073455810546875000000000,-0.677731525168735582376200454746140167117118835449218750000000,-0.677731525168736359532317692355718463659286499023437500000000, 2.315469496383674830042309622513130307197570800781250000000000, 5.110756043248837698911302140913903713226318359375000000000000
 0.000756476765329060934529847859408846488804556429386138916016,-0.285236672931300727640291370335035026073455810546875000000000,-0.677731525168735582376200454746140167117118835449218750000000,-0.677731525168736359532317692355718463659286499023437500000000, 2.315469496383674830042309622513130307197570800781250000000000, 4.314021917520541649082588264718651771545410156250000000000000
 0.000758799180852061079874393278998923051403835415840148925781, 0.696310941064874011630081440671347081661224365234375000000000, 0.696310941064874011630081440671347081661224365234375000000000, 0.174075117999956507919279147245106287300586700439453125000000, 1.395829858434859627180912866606377065181732177734375000000000, 0.785398163397448278999490867136046290397644042968750000000000
 0.000758799180852061079874393278998923051403835415840148925781, 0.696310941064874011630081440671347081661224365234375000000000, 0.696310941064874011630081440671347081661224365234375000000000,-0.174075117999956702208308456647500861436128616333007812500000, 1.745762795154933932906260452000424265861511230468750000000000, 0.785398163397448278999490867136046290397644042968750000000000
 0.000758799180852061079874393278998923051403835415840148925781, 0.696310941064874011630081440671347081661224365234375000000000,-0.696310941064874011630081440671347081661224365234375000000000, 0.174075117999956507919279147245106287300586700439453125000000, 1.395829858434859627180912866606377065181732177734375000000000, 5.497787143782137952996436069952324032783508300781250000000000
 0.000758799180852061079874393278998923051403835415840148925781, 0.696310941064874011630081440671347081661224365234375000000000,-0.696310941064874011630081440671347081661224365234375000000000,-0.174075117999956702208308456647500861436128616333007812500000, 1.745762795154933932906260452000424265861511230468750000000000, 5.497787143782137952996436069952324032783508300781250000000000
 0.000758799180852061079874393278998923051403835415840148925781,-0.696310941064874011630081440671347081661224365234375000000000, 0.696310941064874011630081440671347081661224365234375000000000, 0.174075117999956507919279147245106287300586700439453125000000, 1.395829858434859627180912866606377065181732177734375000000000, 2.356194490192344836998472601408138871192932128906250000000000
 0.000758799180852061079874393278998923051403835415840148925781,-0.696310941064874011630081440671347081661224365234375000000000, 0.696310941064874011630081440671347081661224365234375000000000,-0.174075117999956702208308456647500861436128616333007812500000, 1.745762795154933932906260452000424265861511230468750000000000, 2.356194490192344836998472601408138871192932128906250000000000
 0.000758799180852061079874393278998923051403835415840148925781,-0.696310941064874011630081440671347081661224365234375000000000,-0.696310941064874011630081440671347081661224365234375000000000, 0.174075117999956507919279147245106287300586700439453125000000, 1.395829858434859627180912866606377065181732177734375000000000, 3.926990816987241394997454335680231451988220214843750000000000
 0.000758799180852061079874393278998923051403835415840148925781,-0.696310941064874011630081440671347081661224365234375000000000,-0.696310941064874011630081440671347081661224365234375000000000,-0.174075117999956702208308456647500861436128616333007812500000, 1.745762795154933932906260452000424265861511230468750000000000, 3.926990816987241394997454335680231451988220214843750000000000
 0.000758799180852061079874393278998923051403835415840148925781, 0.696310941064874233674686365702655166387557983398437500000000, 0.174075117999956313630249837842711713165044784545898437500000, 0.696310941064874011630081440671347081661224365234375000000000, 0.800551556379396345164423109963536262512207031250000000000000, 0.244975125466522197781316094733483623713254928588867187500000
 0.000758799180852061079874393278998923051403835415840148925781, 0.696310941064874233674686365702655166387557983398437500000000,-0.174075117999956313630249837842711713165044784545898437500000, 0.696310941064874011630081440671347081661224365234375000000000, 0.800551556379396345164423109963536262512207031250000000000000, 6.038210181713064450548245076788589358329772949218750000000000
 0.000758799180852061079874393278998923051403835415840148925781, 0.696310941064874233674686365702655166387557983398437500000000, 0.174075117999956313630249837842711713165044784545898437500000,-0.696310941064874011630081440671347081661224365234375000000000, 2.341041097210396770833540358580648899078369140625000000000000, 0.244975125466522197781316094733483623713254928588867187500000
 0.000758799180852061079874393278998923051403835415840148925781, 0.696310941064874233674686365702655166387557983398437500000000,-0.174075117999956313630249837842711713165044784545898437500000,-0.696310941064874011630081440671347081661224365234375000000000, 2.341041097210396770833540358580648899078369140625000000000000, 6.038210181713064450548245076788589358329772949218750000000000
 0.000758799180852061079874393278998923051403835415840148925781,-0.696310941064874233674686365702655166387557983398437500000000, 0.174075117999956396896976684729452244937419891357421875000000, 0.696310941064874011630081440671347081661224365234375000000000, 0.800551556379396456186725572479190304875373840332031250000000, 2.896617528123270890461071758181788027286529541015625000000000
 0.000758799180852061079874393278998923051403835415840148925781,-0.696310941064874233674686365702655166387557983398437500000000,-0.174075117999956396896976684729452244937419891357421875000000, 0.696310941064874011630081440671347081661224365234375000000000, 0.800551556379396456186725572479190304875373840332031250000000, 3.386567779056315341534855178906582295894622802734375000000000
 0.000758799180852061079874393278998923051403835415840148925781,-0.696310941064874233674686365702655166387557983398437500000000, 0.174075117999956396896976684729452244937419891357421875000000,-0.696310941064874011630081440671347081661224365234375000000000, 2.341041097210396770833540358580648899078369140625000000000000, 2.896617528123270890461071758181788027286529541015625000000000
 0.000758799180852061079874393278998923051403835415840148925781,-0.696310941064874233674686365702655166387557983398437500000000,-0.174075117999956396896976684729452244937419891357421875000000,-0.696310941064874011630081440671347081661224365234375000000000, 2.341041097210396770833540358580648899078369140625000000000000, 3.386567779056315341534855178906582295894622802734375000000000
 0.000758799180852061079874393278998923051403835415840148925781, 0.174075117999956591186005994131846819072961807250976562500000, 0.696310941064874122652383903187001124024391174316406250000000, 0.696310941064874011630081440671347081661224365234375000000000, 0.800551556379396345164423109963536262512207031250000000000000, 1.325821201328373888372880173847079277038574218750000000000000
 0.000758799180852061079874393278998923051403835415840148925781,-0.174075117999956591186005994131846819072961807250976562500000, 0.696310941064874122652383903187001124024391174316406250000000, 0.696310941064874011630081440671347081661224365234375000000000, 0.800551556379396345164423109963536262512207031250000000000000, 1.815771452261419227625083294697105884552001953125000000000000
 0.000758799180852061079874393278998923051403835415840148925781, 0.174075117999956591186005994131846819072961807250976562500000, 0.696310941064874122652383903187001124024391174316406250000000,-0.696310941064874011630081440671347081661224365234375000000000, 2.341041097210396770833540358580648899078369140625000000000000, 1.325821201328373888372880173847079277038574218750000000000000
 0.000758799180852061079874393278998923051403835415840148925781,-0.174075117999956591186005994131846819072961807250976562500000, 0.696310941064874122652383903187001124024391174316406250000000,-0.696310941064874011630081440671347081661224365234375000000000, 2.341041097210396770833540358580648899078369140625000000000000, 1.815771452261419227625083294697105884552001953125000000000000
 0.000758799180852061079874393278998923051403835415840148925781, 0.174075117999956591186005994131846819072961807250976562500000,-0.696310941064874122652383903187001124024391174316406250000000, 0.696310941064874011630081440671347081661224365234375000000000, 0.800551556379396345164423109963536262512207031250000000000000, 4.957364105851212343623046763241291046142578125000000000000000
 0.000758799180852061079874393278998923051403835415840148925781,-0.174075117999956591186005994131846819072961807250976562500000,-0.696310941064874122652383903187001124024391174316406250000000, 0.696310941064874011630081440671347081661224365234375000000000, 0.800551556379396345164423109963536262512207031250000000000000, 4.467413854918167004370843642391264438629150390625000000000000
 0.000758799180852061079874393278998923051403835415840148925781, 0.174075117999956591186005994131846819072961807250976562500000,-0.696310941064874122652383903187001124024391174316406250000000,-0.696310941064874011630081440671347081661224365234375000000000, 2.341041097210396770833540358580648899078369140625000000000000, 4.957364105851212343623046763241291046142578125000000000000000
 0.000758799180852061079874393278998923051403835415840148925781,-0.174075117999956591186005994131846819072961807250976562500000,-0.696310941064874122652383903187001124024391174316406250000000,-0.696310941064874011630081440671347081661224365234375000000000, 2.341041097210396770833540358580648899078369140625000000000000, 4.467413854918167004370843642391264438629150390625000000000000
 0.000760826183203061156938573628139010907034389674663543701172, 0.705893500983174937424280415143584832549095153808593750000000, 0.705893500983175159468885340174892917275428771972656250000000, 0.058555363028785001322518155575380660593509674072265625000000, 1.512207450271138897690548219543416053056716918945312500000000, 0.785398163397448501044095792167354375123977661132812500000000
 0.000760826183203061156938573628139010907034389674663543701172, 0.705893500983174937424280415143584832549095153808593750000000, 0.705893500983175159468885340174892917275428771972656250000000,-0.058555363028785001322518155575380660593509674072265625000000, 1.629385203318654218307415249000769108533859252929687500000000, 0.785398163397448501044095792167354375123977661132812500000000
 0.000760826183203061156938573628139010907034389674663543701172, 0.705893500983174937424280415143584832549095153808593750000000,-0.705893500983175159468885340174892917275428771972656250000000, 0.058555363028785001322518155575380660593509674072265625000000, 1.512207450271138897690548219543416053056716918945312500000000, 5.497787143782137952996436069952324032783508300781250000000000
 0.000760826183203061156938573628139010907034389674663543701172, 0.705893500983174937424280415143584832549095153808593750000000,-0.705893500983175159468885340174892917275428771972656250000000,-0.058555363028785001322518155575380660593509674072265625000000, 1.629385203318654218307415249000769108533859252929687500000000, 5.497787143782137952996436069952324032783508300781250000000000
 0.000760826183203061156938573628139010907034389674663543701172,-0.705893500983174937424280415143584832549095153808593750000000, 0.705893500983174937424280415143584832549095153808593750000000, 0.058555363028785001322518155575380660593509674072265625000000, 1.512207450271138897690548219543416053056716918945312500000000, 2.356194490192344836998472601408138871192932128906250000000000
 0.000760826183203061156938573628139010907034389674663543701172,-0.705893500983174937424280415143584832549095153808593750000000, 0.705893500983174937424280415143584832549095153808593750000000,-0.058555363028785001322518155575380660593509674072265625000000, 1.629385203318654218307415249000769108533859252929687500000000, 2.356194490192344836998472601408138871192932128906250000000000
 0.000760826183203061156938573628139010907034389674663543701172,-0.705893500983174937424280415143584832549095153808593750000000,-0.705893500983174937424280415143584832549095153808593750000000, 0.058555363028785001322518155575380660593509674072265625000000, 1.512207450271138897690548219543416053056716918945312500000000, 3.926990816987241394997454335680231451988220214843750000000000
 0.000760826183203061156938573628139010907034389674663543701172,-0.705893500983174937424280415143584832549095153808593750000000,-0.705893500983174937424280415143584832549095153808593750000000,-0.058555363028785001322518155575380660593509674072265625000000, 1.629385203318654218307415249000769108533859252929687500000000, 3.926990816987241394997454335680231451988220214843750000000000
 0.000760826183203061156938573628139010907034389674663543701172, 0.705893500983174937424280415143584832549095153808593750000000, 0.058555363028784897239109596966954995878040790557861328125000, 0.705893500983174937424280415143584832549095153808593750000000, 0.787112532026250644179299342795275151729583740234375000000000, 0.082762636570037809158328911962598795071244239807128906250000
 0.000760826183203061156938573628139010907034389674663543701172, 0.705893500983174937424280415143584832549095153808593750000000,-0.058555363028784897239109596966954995878040790557861328125000, 0.705893500983174937424280415143584832549095153808593750000000, 0.787112532026250644179299342795275151729583740234375000000000, 6.200422670609547992626175982877612113952636718750000000000000
 0.000760826183203061156938573628139010907034389674663543701172, 0.705893500983174937424280415143584832549095153808593750000000, 0.058555363028784897239109596966954995878040790557861328125000,-0.705893500983174937424280415143584832549095153808593750000000, 2.354480121563542471818664125748910009860992431640625000000000, 0.082762636570037809158328911962598795071244239807128906250000
 0.000760826183203061156938573628139010907034389674663543701172, 0.705893500983174937424280415143584832549095153808593750000000,-0.058555363028784897239109596966954995878040790557861328125000,-0.705893500983174937424280415143584832549095153808593750000000, 2.354480121563542471818664125748910009860992431640625000000000, 6.200422670609547992626175982877612113952636718750000000000000
 0.000760826183203061156938573628139010907034389674663543701172,-0.705893500983174937424280415143584832549095153808593750000000, 0.058555363028784897239109596966954995878040790557861328125000, 0.705893500983174937424280415143584832549095153808593750000000, 0.787112532026250644179299342795275151729583740234375000000000, 3.058830017019755320717422364396043121814727783203125000000000
 0.000760826183203061156938573628139010907034389674663543701172,-0.705893500983174937424280415143584832549095153808593750000000,-0.058555363028784897239109596966954995878040790557861328125000, 0.705893500983174937424280415143584832549095153808593750000000, 0.787112532026250644179299342795275151729583740234375000000000, 3.224355290159830911278504572692327201366424560546875000000000
 0.000760826183203061156938573628139010907034389674663543701172,-0.705893500983174937424280415143584832549095153808593750000000, 0.058555363028784897239109596966954995878040790557861328125000,-0.705893500983174937424280415143584832549095153808593750000000, 2.354480121563542471818664125748910009860992431640625000000000, 3.058830017019755320717422364396043121814727783203125000000000
 0.000760826183203061156938573628139010907034389674663543701172,-0.705893500983174937424280415143584832549095153808593750000000,-0.058555363028784897239109596966954995878040790557861328125000,-0.705893500983174937424280415143584832549095153808593750000000, 2.354480121563542471818664125748910009860992431640625000000000, 3.224355290159830911278504572692327201366424560546875000000000
 0.000760826183203061156938573628139010907034389674663543701172, 0.058555363028785098467032810276577947661280632019042968750000, 0.705893500983174937424280415143584832549095153808593750000000, 0.705893500983174937424280415143584832549095153808593750000000, 0.787112532026250644179299342795275151729583740234375000000000, 1.488033690224858540673835705092642456293106079101562500000000
 0.000760826183203061156938573628139010907034389674663543701172,-0.058555363028785098467032810276577947661280632019042968750000, 0.705893500983174937424280415143584832549095153808593750000000, 0.705893500983174937424280415143584832549095153808593750000000, 0.787112532026250644179299342795275151729583740234375000000000, 1.653558963364934797368732688482850790023803710937500000000000
 0.000760826183203061156938573628139010907034389674663543701172, 0.058555363028785098467032810276577947661280632019042968750000, 0.705893500983174937424280415143584832549095153808593750000000,-0.705893500983174937424280415143584832549095153808593750000000, 2.354480121563542471818664125748910009860992431640625000000000, 1.488033690224858540673835705092642456293106079101562500000000
 0.000760826183203061156938573628139010907034389674663543701172,-0.058555363028785098467032810276577947661280632019042968750000, 0.705893500983174937424280415143584832549095153808593750000000,-0.705893500983174937424280415143584832549095153808593750000000, 2.354480121563542471818664125748910009860992431640625000000000, 1.653558963364934797368732688482850790023803710937500000000000
 0.000760826183203061156938573628139010907034389674663543701172, 0.058555363028785098467032810276577947661280632019042968750000,-0.705893500983174937424280415143584832549095153808593750000000, 0.705893500983174937424280415143584832549095153808593750000000, 0.787112532026250644179299342795275151729583740234375000000000, 4.795151616954727913366696157027035951614379882812500000000000
 0.000760826183203061156938573628139010907034389674663543701172,-0.058555363028785098467032810276577947661280632019042968750000,-0.705893500983174937424280415143584832549095153808593750000000, 0.705893500983174937424280415143584832549095153808593750000000, 0.787112532026250644179299342795275151729583740234375000000000, 4.629626343814651434627194248605519533157348632812500000000000
 0.000760826183203061156938573628139010907034389674663543701172, 0.058555363028785098467032810276577947661280632019042968750000,-0.705893500983174937424280415143584832549095153808593750000000,-0.705893500983174937424280415143584832549095153808593750000000, 2.354480121563542471818664125748910009860992431640625000000000, 4.795151616954727913366696157027035951614379882812500000000000
 0.000760826183203061156938573628139010907034389674663543701172,-0.058555363028785098467032810276577947661280632019042968750000,-0.705893500983174937424280415143584832549095153808593750000000,-0.705893500983174937424280415143584832549095153808593750000000, 2.354480121563542471818664125748910009860992431640625000000000, 4.629626343814651434627194248605519533157348632812500000000000
 0.000402168044787032320959430098383791118976660072803497314453, 0.995554619409185659328898054809542372822761535644531250000000, 0.094185985013862300041509456605126615613698959350585937500000, 0.000000000000000000000000000000000000000000000000000000000000, 1.570796326794896557998981734272092580795288085937500000000000, 0.094325797837196023731820559987681917846202850341796875000000
 0.000402168044787032320959430098383791118976660072803497314453, 0.995554619409185659328898054809542372822761535644531250000000,-0.094185985013862300041509456605126615613698959350585937500000, 0.000000000000000000000000000000000000000000000000000000000000, 1.570796326794896557998981734272092580795288085937500000000000, 6.188859509342390374797560070874169468879699707031250000000000
 0.000402168044787032320959430098383791118976660072803497314453,-0.995554619409185659328898054809542372822761535644531250000000, 0.094185985013862300041509456605126615613698959350585937500000, 0.000000000000000000000000000000000000000000000000000000000000, 1.570796326794896557998981734272092580795288085937500000000000, 3.047266855752597258799596602329984307289123535156250000000000
 0.000402168044787032320959430098383791118976660072803497314453,-0.995554619409185659328898054809542372822761535644531250000000,-0.094185985013862300041509456605126615613698959350585937500000, 0.000000000000000000000000000000000000000000000000000000000000, 1.570796326794896557998981734272092580795288085937500000000000, 3.235918451426988973196330334758386015892028808593750000000000
 0.000402168044787032320959430098383791118976660072803497314453, 0.094185985013862300041509456605126615613698959350585937500000, 0.995554619409185659328898054809542372822761535644531250000000, 0.000000000000000000000000000000000000000000000000000000000000, 1.570796326794896557998981734272092580795288085937500000000000, 1.476470528957700700800614868057891726493835449218750000000000
 0.000402168044787032320959430098383791118976660072803497314453, 0.094185985013862300041509456605126615613698959350585937500000,-0.995554619409185659328898054809542372822761535644531250000000, 0.000000000000000000000000000000000000000000000000000000000000, 1.570796326794896557998981734272092580795288085937500000000000, 4.806714778221885531195312069030478596687316894531250000000000
 0.000402168044787032320959430098383791118976660072803497314453,-0.094185985013862300041509456605126615613698959350585937500000, 0.995554619409185659328898054809542372822761535644531250000000, 0.000000000000000000000000000000000000000000000000000000000000, 1.570796326794896557998981734272092580795288085937500000000000, 1.665122124632092637241953525517601519823074340820312500000000
 0.000402168044787032320959430098383791118976660072803497314453,-0.094185985013862300041509456605126615613698959350585937500000,-0.995554619409185659328898054809542372822761535644531250000000, 0.000000000000000000000000000000000000000000000000000000000000, 1.570796326794896557998981734272092580795288085937500000000000, 4.618063182547493816798578336602076888084411621093750000000000
 0.000402168044787032320959430098383791118976660072803497314453, 0.995554619409185659328898054809542372822761535644531250000000, 0.000000000000000000000000000000000000000000000000000000000000, 0.094185985013862300041509456605126615613698959350585937500000, 1.476470528957700700800614868057891726493835449218750000000000, 0.000000000000000000000000000000000000000000000000000000000000
 0.000402168044787032320959430098383791118976660072803497314453, 0.995554619409185659328898054809542372822761535644531250000000, 0.000000000000000000000000000000000000000000000000000000000000,-0.094185985013862300041509456605126615613698959350585937500000, 1.665122124632092637241953525517601519823074340820312500000000, 0.000000000000000000000000000000000000000000000000000000000000
 0.000402168044787032320959430098383791118976660072803497314453,-0.995554619409185659328898054809542372822761535644531250000000, 0.000000000000000000000000000000000000000000000000000000000000, 0.094185985013862300041509456605126615613698959350585937500000, 1.476470528957700700800614868057891726493835449218750000000000, 3.141592653589793115997963468544185161590576171875000000000000
 0.000402168044787032320959430098383791118976660072803497314453,-0.995554619409185659328898054809542372822761535644531250000000, 0.000000000000000000000000000000000000000000000000000000000000,-0.094185985013862300041509456605126615613698959350585937500000, 1.665122124632092637241953525517601519823074340820312500000000, 3.141592653589793115997963468544185161590576171875000000000000
 0.000402168044787032320959430098383791118976660072803497314453, 0.094185985013862300041509456605126615613698959350585937500000, 0.000000000000000000000000000000000000000000000000000000000000, 0.995554619409185659328898054809542372822761535644531250000000, 0.094325797837196023731820559987681917846202850341796875000000, 0.000000000000000000000000000000000000000000000000000000000000
 0.000402168044787032320959430098383791118976660072803497314453, 0.094185985013862300041509456605126615613698959350585937500000, 0.000000000000000000000000000000000000000000000000000000000000,-0.995554619409185659328898054809542372822761535644531250000000, 3.047266855752597258799596602329984307289123535156250000000000, 0.000000000000000000000000000000000000000000000000000000000000
 0.000402168044787032320959430098383791118976660072803497314453,-0.094185985013862300041509456605126615613698959350585937500000, 0.000000000000000000000000000000000000000000000000000000000000, 0.995554619409185659328898054809542372822761535644531250000000, 0.094325797837196023731820559987681917846202850341796875000000, 3.141592653589793115997963468544185161590576171875000000000000
 0.000402168044787032320959430098383791118976660072803497314453,-0.094185985013862300041509456605126615613698959350585937500000, 0.000000000000000000000000000000000000000000000000000000000000,-0.995554619409185659328898054809542372822761535644531250000000, 3.047266855752597258799596602329984307289123535156250000000000, 3.141592653589793115997963468544185161590576171875000000000000
 0.000402168044787032320959430098383791118976660072803497314453, 0.000000000000000000000000000000000000000000000000000000000000, 0.995554619409185659328898054809542372822761535644531250000000, 0.094185985013862300041509456605126615613698959350585937500000, 1.476470528957700700800614868057891726493835449218750000000000, 1.570796326794896557998981734272092580795288085937500000000000
 0.000402168044787032320959430098383791118976660072803497314453, 0.000000000000000000000000000000000000000000000000000000000000, 0.995554619409185659328898054809542372822761535644531250000000,-0.094185985013862300041509456605126615613698959350585937500000, 1.665122124632092637241953525517601519823074340820312500000000, 1.570796326794896557998981734272092580795288085937500000000000
 0.000402168044787032320959430098383791118976660072803497314453, 0.000000000000000000000000000000000000000000000000000000000000,-0.995554619409185659328898054809542372822761535644531250000000, 0.094185985013862300041509456605126615613698959350585937500000, 1.476470528957700700800614868057891726493835449218750000000000, 4.712388980384689673996945202816277742385864257812500000000000
 0.000402168044787032320959430098383791118976660072803497314453, 0.000000000000000000000000000000000000000000000000000000000000,-0.995554619409185659328898054809542372822761535644531250000000,-0.094185985013862300041509456605126615613698959350585937500000, 1.665122124632092637241953525517601519823074340820312500000000, 4.712388980384689673996945202816277742385864257812500000000000
 0.000402168044787032320959430098383791118976660072803497314453, 0.000000000000000000000000000000000000000000000000000000000000, 0.094185985013862300041509456605126615613698959350585937500000, 0.995554619409185659328898054809542372822761535644531250000000, 0.094325797837196023731820559987681917846202850341796875000000, 1.570796326794896557998981734272092580795288085937500000000000
 0.000402168044787032320959430098383791118976660072803497314453, 0.000000000000000000000000000000000000000000000000000000000000, 0.094185985013862300041509456605126615613698959350585937500000,-0.995554619409185659328898054809542372822761535644531250000000, 3.047266855752597258799596602329984307289123535156250000000000, 1.570796326794896557998981734272092580795288085937500000000000
 0.000402168044787032320959430098383791118976660072803497314453, 0.000000000000000000000000000000000000000000000000000000000000,-0.094185985013862300041509456605126615613698959350585937500000, 0.995554619409185659328898054809542372822761535644531250000000, 0.094325797837196023731820559987681917846202850341796875000000, 4.712388980384689673996945202816277742385864257812500000000000
 0.000402168044787032320959430098383791118976660072803497314453, 0.000000000000000000000000000000000000000000000000000000000000,-0.094185985013862300041509456605126615613698959350585937500000,-0.995554619409185659328898054809542372822761535644531250000000, 3.047266855752597258799596602329984307289123535156250000000000, 4.712388980384689673996945202816277742385864257812500000000000
 0.000580487179395046751229081394285458372905850410461425781250, 0.973411590179420915802666058880276978015899658203125000000000, 0.229063039585986311097443035578180570155382156372070312500000, 0.000000000000000000000000000000000000000000000000000000000000, 1.570796326794896557998981734272092580795288085937500000000000, 0.231115020504152057778668449827819131314754486083984375000000
 0.000580487179395046751229081394285458372905850410461425781250, 0.973411590179420915802666058880276978015899658203125000000000,-0.229063039585986311097443035578180570155382156372070312500000, 0.000000000000000000000000000000000000000000000000000000000000, 1.570796326794896557998981734272092580795288085937500000000000, 6.052070286675434118706107256002724170684814453125000000000000
 0.000580487179395046751229081394285458372905850410461425781250,-0.973411590179420915802666058880276978015899658203125000000000, 0.229063039585986200075140573062526527792215347290039062500000, 0.000000000000000000000000000000000000000000000000000000000000, 1.570796326794896557998981734272092580795288085937500000000000, 2.910477633085641446797353637521155178546905517578125000000000
 0.000580487179395046751229081394285458372905850410461425781250,-0.973411590179420915802666058880276978015899658203125000000000,-0.229063039585986200075140573062526527792215347290039062500000, 0.000000000000000000000000000000000000000000000000000000000000, 1.570796326794896557998981734272092580795288085937500000000000, 3.372707674093944785198573299567215144634246826171875000000000
 0.000580487179395046751229081394285458372905850410461425781250, 0.229063039585986200075140573062526527792215347290039062500000, 0.973411590179420915802666058880276978015899658203125000000000, 0.000000000000000000000000000000000000000000000000000000000000, 1.570796326794896557998981734272092580795288085937500000000000, 1.339681306290744666753766978217754513025283813476562500000000
 0.000580487179395046751229081394285458372905850410461425781250, 0.229063039585986200075140573062526527792215347290039062500000,-0.973411590179420915802666058880276978015899658203125000000000, 0.000000000000000000000000000000000000000000000000000000000000, 1.570796326794896557998981734272092580795288085937500000000000, 4.943504000888841787286764883901923894882202148437500000000000
 0.000580487179395046751229081394285458372905850410461425781250,-0.229063039585986394364169882464921101927757263183593750000000, 0.973411590179420915802666058880276978015899658203125000000000, 0.000000000000000000000000000000000000000000000000000000000000, 1.570796326794896557998981734272092580795288085937500000000000, 1.801911347299048671288801415357738733291625976562500000000000
 0.000580487179395046751229081394285458372905850410461425781250,-0.229063039585986394364169882464921101927757263183593750000000,-0.973411590179420915802666058880276978015899658203125000000000, 0.000000000000000000000000000000000000000000000000000000000000, 1.570796326794896557998981734272092580795288085937500000000000, 4.481273959880537560707125521730631589889526367187500000000000
 0.000580487179395046751229081394285458372905850410461425781250, 0.973411590179420915802666058880276978015899658203125000000000, 0.000000000000000000000000000000000000000000000000000000000000, 0.229063039585986200075140573062526527792215347290039062500000, 1.339681306290744666753766978217754513025283813476562500000000, 0.000000000000000000000000000000000000000000000000000000000000
 0.000580487179395046751229081394285458372905850410461425781250, 0.973411590179420915802666058880276978015899658203125000000000, 0.000000000000000000000000000000000000000000000000000000000000,-0.229063039585986394364169882464921101927757263183593750000000, 1.801911347299048671288801415357738733291625976562500000000000, 0.000000000000000000000000000000000000000000000000000000000000
 0.000580487179395046751229081394285458372905850410461425781250,-0.973411590179420915802666058880276978015899658203125000000000, 0.000000000000000000000000000000000000000000000000000000000000, 0.229063039585986200075140573062526527792215347290039062500000, 1.339681306290744666753766978217754513025283813476562500000000, 3.141592653589793115997963468544185161590576171875000000000000
 0.000580487179395046751229081394285458372905850410461425781250,-0.973411590179420915802666058880276978015899658203125000000000, 0.000000000000000000000000000000000000000000000000000000000000,-0.229063039585986394364169882464921101927757263183593750000000, 1.801911347299048671288801415357738733291625976562500000000000, 3.141592653589793115997963468544185161590576171875000000000000
 0.000580487179395046751229081394285458372905850410461425781250, 0.229063039585986311097443035578180570155382156372070312500000, 0.000000000000000000000000000000000000000000000000000000000000, 0.973411590179420915802666058880276978015899658203125000000000, 0.231115020504151974511941602941078599542379379272460937500000, 0.000000000000000000000000000000000000000000000000000000000000
 0.000580487179395046751229081394285458372905850410461425781250, 0.229063039585986200075140573062526527792215347290039062500000, 0.000000000000000000000000000000000000000000000000000000000000,-0.973411590179420915802666058880276978015899658203125000000000, 2.910477633085641890886563487583771347999572753906250000000000, 0.000000000000000000000000000000000000000000000000000000000000
 0.000580487179395046751229081394285458372905850410461425781250,-0.229063039585986311097443035578180570155382156372070312500000, 0.000000000000000000000000000000000000000000000000000000000000, 0.973411590179420915802666058880276978015899658203125000000000, 0.231115020504151974511941602941078599542379379272460937500000, 3.141592653589793115997963468544185161590576171875000000000000
 0.000580487179395046751229081394285458372905850410461425781250,-0.229063039585986200075140573062526527792215347290039062500000, 0.000000000000000000000000000000000000000000000000000000000000,-0.973411590179420915802666058880276978015899658203125000000000, 2.910477633085641890886563487583771347999572753906250000000000, 3.141592653589793115997963468544185161590576171875000000000000
 0.000580487179395046751229081394285458372905850410461425781250, 0.000000000000000000000000000000000000000000000000000000000000, 0.973411590179420915802666058880276978015899658203125000000000, 0.229063039585986200075140573062526527792215347290039062500000, 1.339681306290744666753766978217754513025283813476562500000000, 1.570796326794896557998981734272092580795288085937500000000000
 0.000580487179395046751229081394285458372905850410461425781250, 0.000000000000000000000000000000000000000000000000000000000000, 0.973411590179420915802666058880276978015899658203125000000000,-0.229063039585986394364169882464921101927757263183593750000000, 1.801911347299048671288801415357738733291625976562500000000000, 1.570796326794896557998981734272092580795288085937500000000000
 0.000580487179395046751229081394285458372905850410461425781250, 0.000000000000000000000000000000000000000000000000000000000000,-0.973411590179420915802666058880276978015899658203125000000000, 0.229063039585986200075140573062526527792215347290039062500000, 1.339681306290744666753766978217754513025283813476562500000000, 4.712388980384689673996945202816277742385864257812500000000000
 0.000580487179395046751229081394285458372905850410461425781250, 0.000000000000000000000000000000000000000000000000000000000000,-0.973411590179420915802666058880276978015899658203125000000000,-0.229063039585986394364169882464921101927757263183593750000000, 1.801911347299048671288801415357738733291625976562500000000000, 4.712388980384689673996945202816277742385864257812500000000000
 0.000580487179395046751229081394285458372905850410461425781250, 0.000000000000000000000000000000000000000000000000000000000000, 0.229063039585986311097443035578180570155382156372070312500000, 0.973411590179420915802666058880276978015899658203125000000000, 0.231115020504151974511941602941078599542379379272460937500000, 1.570796326794896557998981734272092580795288085937500000000000
 0.000580487179395046751229081394285458372905850410461425781250, 0.000000000000000000000000000000000000000000000000000000000000, 0.229063039585986200075140573062526527792215347290039062500000,-0.973411590179420915802666058880276978015899658203125000000000, 2.910477633085641890886563487583771347999572753906250000000000, 1.570796326794896557998981734272092580795288085937500000000000
 0.000580487179395046751229081394285458372905850410461425781250, 0.000000000000000000000000000000000000000000000000000000000000,-0.229063039585986311097443035578180570155382156372070312500000, 0.973411590179420915802666058880276978015899658203125000000000, 0.231115020504151974511941602941078599542379379272460937500000, 4.712388980384689673996945202816277742385864257812500000000000
 0.000580487179395046751229081394285458372905850410461425781250, 0.000000000000000000000000000000000000000000000000000000000000,-0.229063039585986200075140573062526527792215347290039062500000,-0.973411590179420915802666058880276978015899658203125000000000, 2.910477633085641890886563487583771347999572753906250000000000, 4.712388980384689673996945202816277742385864257812500000000000
 0.000679215195595054524631273284995813810382969677448272705078, 0.927569373238862571184881744557060301303863525390625000000000, 0.373650983980055473310244451567996293306350708007812500000000, 0.000000000000000000000000000000000000000000000000000000000000, 1.570796326794896557998981734272092580795288085937500000000000, 0.382941991779753743152525657933438196778297424316406250000000
 0.000679215195595054524631273284995813810382969677448272705078, 0.927569373238862571184881744557060301303863525390625000000000,-0.373650983980055473310244451567996293306350708007812500000000, 0.000000000000000000000000000000000000000000000000000000000000, 1.570796326794896557998981734272092580795288085937500000000000, 5.900243315399832155776493891607969999313354492187500000000000
 0.000679215195595054524631273284995813810382969677448272705078,-0.927569373238862571184881744557060301303863525390625000000000, 0.373650983980055417799093220310169272124767303466796875000000, 0.000000000000000000000000000000000000000000000000000000000000, 1.570796326794896557998981734272092580795288085937500000000000, 2.758650661810039483867740273126401007175445556640625000000000
 0.000679215195595054524631273284995813810382969677448272705078,-0.927569373238862571184881744557060301303863525390625000000000,-0.373650983980055417799093220310169272124767303466796875000000, 0.000000000000000000000000000000000000000000000000000000000000, 1.570796326794896557998981734272092580795288085937500000000000, 3.524534645369546748128186663961969316005706787109375000000000
 0.000679215195595054524631273284995813810382969677448272705078, 0.373650983980055417799093220310169272124767303466796875000000, 0.927569373238862571184881744557060301303863525390625000000000, 0.000000000000000000000000000000000000000000000000000000000000, 1.570796326794896557998981734272092580795288085937500000000000, 1.187854335015142925868758538854308426380157470703125000000000
 0.000679215195595054524631273284995813810382969677448272705078, 0.373650983980055417799093220310169272124767303466796875000000,-0.927569373238862571184881744557060301303863525390625000000000, 0.000000000000000000000000000000000000000000000000000000000000, 1.570796326794896557998981734272092580795288085937500000000000, 5.095330972164443750216378248296678066253662109375000000000000
 0.000679215195595054524631273284995813810382969677448272705078,-0.373650983980055473310244451567996293306350708007812500000000, 0.927569373238862571184881744557060301303863525390625000000000, 0.000000000000000000000000000000000000000000000000000000000000, 1.570796326794896557998981734272092580795288085937500000000000, 1.953738318574650412173809854721184819936752319335937500000000
 0.000679215195595054524631273284995813810382969677448272705078,-0.373650983980055473310244451567996293306350708007812500000000,-0.927569373238862571184881744557060301303863525390625000000000, 0.000000000000000000000000000000000000000000000000000000000000, 1.570796326794896557998981734272092580795288085937500000000000, 4.329446988604935597777512157335877418518066406250000000000000
 0.000679215195595054524631273284995813810382969677448272705078, 0.927569373238862571184881744557060301303863525390625000000000, 0.000000000000000000000000000000000000000000000000000000000000, 0.373650983980055417799093220310169272124767303466796875000000, 1.187854335015142925868758538854308426380157470703125000000000, 0.000000000000000000000000000000000000000000000000000000000000
 0.000679215195595054524631273284995813810382969677448272705078, 0.927569373238862571184881744557060301303863525390625000000000, 0.000000000000000000000000000000000000000000000000000000000000,-0.373650983980055473310244451567996293306350708007812500000000, 1.953738318574650412173809854721184819936752319335937500000000, 0.000000000000000000000000000000000000000000000000000000000000
 0.000679215195595054524631273284995813810382969677448272705078,-0.927569373238862571184881744557060301303863525390625000000000, 0.000000000000000000000000000000000000000000000000000000000000, 0.373650983980055417799093220310169272124767303466796875000000, 1.187854335015142925868758538854308426380157470703125000000000, 3.141592653589793115997963468544185161590576171875000000000000
 0.000679215195595054524631273284995813810382969677448272705078,-0.927569373238862571184881744557060301303863525390625000000000, 0.000000000000000000000000000000000000000000000000000000000000,-0.373650983980055473310244451567996293306350708007812500000000, 1.953738318574650412173809854721184819936752319335937500000000, 3.141592653589793115997963468544185161590576171875000000000000
 0.000679215195595054524631273284995813810382969677448272705078, 0.373650983980055473310244451567996293306350708007812500000000, 0.000000000000000000000000000000000000000000000000000000000000, 0.927569373238862571184881744557060301303863525390625000000000, 0.382941991779753687641374426675611175596714019775390625000000, 0.000000000000000000000000000000000000000000000000000000000000
 0.000679215195595054524631273284995813810382969677448272705078, 0.373650983980055417799093220310169272124767303466796875000000, 0.000000000000000000000000000000000000000000000000000000000000,-0.927569373238862571184881744557060301303863525390625000000000, 2.758650661810039483867740273126401007175445556640625000000000, 0.000000000000000000000000000000000000000000000000000000000000
 0.000679215195595054524631273284995813810382969677448272705078,-0.373650983980055473310244451567996293306350708007812500000000, 0.000000000000000000000000000000000000000000000000000000000000, 0.927569373238862571184881744557060301303863525390625000000000, 0.382941991779753687641374426675611175596714019775390625000000, 3.141592653589793115997963468544185161590576171875000000000000
 0.000679215195595054524631273284995813810382969677448272705078,-0.373650983980055417799093220310169272124767303466796875000000, 0.000000000000000000000000000000000000000000000000000000000000,-0.927569373238862571184881744557060301303863525390625000000000, 2.758650661810039483867740273126401007175445556640625000000000, 3.141592653589793115997963468544185161590576171875000000000000
 0.000679215195595054524631273284995813810382969677448272705078, 0.000000000000000000000000000000000000000000000000000000000000, 0.927569373238862571184881744557060301303863525390625000000000, 0.373650983980055417799093220310169272124767303466796875000000, 1.187854335015142925868758538854308426380157470703125000000000, 1.570796326794896557998981734272092580795288085937500000000000
 0.000679215195595054524631273284995813810382969677448272705078, 0.000000000000000000000000000000000000000000000000000000000000, 0.927569373238862571184881744557060301303863525390625000000000,-0.373650983980055473310244451567996293306350708007812500000000, 1.953738318574650412173809854721184819936752319335937500000000, 1.570796326794896557998981734272092580795288085937500000000000
 0.000679215195595054524631273284995813810382969677448272705078, 0.000000000000000000000000000000000000000000000000000000000000,-0.927569373238862571184881744557060301303863525390625000000000, 0.373650983980055417799093220310169272124767303466796875000000, 1.187854335015142925868758538854308426380157470703125000000000, 4.712388980384689673996945202816277742385864257812500000000000
 0.000679215195595054524631273284995813810382969677448272705078, 0.000000000000000000000000000000000000000000000000000000000000,-0.927569373238862571184881744557060301303863525390625000000000,-0.373650983980055473310244451567996293306350708007812500000000, 1.953738318574650412173809854721184819936752319335937500000000, 4.712388980384689673996945202816277742385864257812500000000000
 0.000679215195595054524631273284995813810382969677448272705078, 0.000000000000000000000000000000000000000000000000000000000000, 0.373650983980055473310244451567996293306350708007812500000000, 0.927569373238862571184881744557060301303863525390625000000000, 0.382941991779753687641374426675611175596714019775390625000000, 1.570796326794896557998981734272092580795288085937500000000000
 0.000679215195595054524631273284995813810382969677448272705078, 0.000000000000000000000000000000000000000000000000000000000000, 0.373650983980055417799093220310169272124767303466796875000000,-0.927569373238862571184881744557060301303863525390625000000000, 2.758650661810039483867740273126401007175445556640625000000000, 1.570796326794896557998981734272092580795288085937500000000000
 0.000679215195595054524631273284995813810382969677448272705078, 0.000000000000000000000000000000000000000000000000000000000000,-0.373650983980055473310244451567996293306350708007812500000000, 0.927569373238862571184881744557060301303863525390625000000000, 0.382941991779753687641374426675611175596714019775390625000000, 4.712388980384689673996945202816277742385864257812500000000000
 0.000679215195595054524631273284995813810382969677448272705078, 0.000000000000000000000000000000000000000000000000000000000000,-0.373650983980055417799093220310169272124767303466796875000000,-0.927569373238862571184881744557060301303863525390625000000000, 2.758650661810039483867740273126401007175445556640625000000000, 4.712388980384689673996945202816277742385864257812500000000000
 0.000733674121129059063177446642356471784296445548534393310547, 0.856802242279510295475120074115693569183349609375000000000000, 0.515645147000147074933806834451388567686080932617187500000000, 0.000000000000000000000000000000000000000000000000000000000000, 1.570796326794896557998981734272092580795288085937500000000000, 0.541760449509490094044394936645403504371643066406250000000000
 0.000733674121129059063177446642356471784296445548534393310547, 0.856802242279510295475120074115693569183349609375000000000000,-0.515645147000147074933806834451388567686080932617187500000000, 0.000000000000000000000000000000000000000000000000000000000000, 1.570796326794896557998981734272092580795288085937500000000000, 5.741424857670096137951532000442966818809509277343750000000000
 0.000733674121129059063177446642356471784296445548534393310547,-0.856802242279510406497422536631347611546516418457031250000000, 0.515645147000146852889201909420080482959747314453125000000000, 0.000000000000000000000000000000000000000000000000000000000000, 1.570796326794896557998981734272092580795288085937500000000000, 2.599832204080303466042778381961397826671600341796875000000000
 0.000733674121129059063177446642356471784296445548534393310547,-0.856802242279510406497422536631347611546516418457031250000000,-0.515645147000146852889201909420080482959747314453125000000000, 0.000000000000000000000000000000000000000000000000000000000000, 1.570796326794896557998981734272092580795288085937500000000000, 3.683353103099282765953148555126972496509552001953125000000000
 0.000733674121129059063177446642356471784296445548534393310547, 0.515645147000147074933806834451388567686080932617187500000000, 0.856802242279510295475120074115693569183349609375000000000000, 0.000000000000000000000000000000000000000000000000000000000000, 1.570796326794896557998981734272092580795288085937500000000000, 1.029035877285406463954586797626689076423645019531250000000000
 0.000733674121129059063177446642356471784296445548534393310547, 0.515645147000147074933806834451388567686080932617187500000000,-0.856802242279510295475120074115693569183349609375000000000000, 0.000000000000000000000000000000000000000000000000000000000000, 1.570796326794896557998981734272092580795288085937500000000000, 5.254149429894179768041340139461681246757507324218750000000000
 0.000733674121129059063177446642356471784296445548534393310547,-0.515645147000147185956109296967042610049247741699218750000000, 0.856802242279510295475120074115693569183349609375000000000000, 0.000000000000000000000000000000000000000000000000000000000000, 1.570796326794896557998981734272092580795288085937500000000000, 2.112556776304386652043376670917496085166931152343750000000000
 0.000733674121129059063177446642356471784296445548534393310547,-0.515645147000147185956109296967042610049247741699218750000000,-0.856802242279510295475120074115693569183349609375000000000000, 0.000000000000000000000000000000000000000000000000000000000000, 1.570796326794896557998981734272092580795288085937500000000000, 4.170628530875199579952550266170874238014221191406250000000000
 0.000733674121129059063177446642356471784296445548534393310547, 0.856802242279510295475120074115693569183349609375000000000000, 0.000000000000000000000000000000000000000000000000000000000000, 0.515645147000147074933806834451388567686080932617187500000000, 1.029035877285406463954586797626689076423645019531250000000000, 0.000000000000000000000000000000000000000000000000000000000000
 0.000733674121129059063177446642356471784296445548534393310547, 0.856802242279510295475120074115693569183349609375000000000000, 0.000000000000000000000000000000000000000000000000000000000000,-0.515645147000147185956109296967042610049247741699218750000000, 2.112556776304386652043376670917496085166931152343750000000000, 0.000000000000000000000000000000000000000000000000000000000000
 0.000733674121129059063177446642356471784296445548534393310547,-0.856802242279510295475120074115693569183349609375000000000000, 0.000000000000000000000000000000000000000000000000000000000000, 0.515645147000147074933806834451388567686080932617187500000000, 1.029035877285406463954586797626689076423645019531250000000000, 3.141592653589793115997963468544185161590576171875000000000000
 0.000733674121129059063177446642356471784296445548534393310547,-0.856802242279510295475120074115693569183349609375000000000000, 0.000000000000000000000000000000000000000000000000000000000000,-0.515645147000147185956109296967042610049247741699218750000000, 2.112556776304386652043376670917496085166931152343750000000000, 3.141592653589793115997963468544185161590576171875000000000000
 0.000733674121129059063177446642356471784296445548534393310547, 0.515645147000147074933806834451388567686080932617187500000000, 0.000000000000000000000000000000000000000000000000000000000000, 0.856802242279510295475120074115693569183349609375000000000000, 0.541760449509490094044394936645403504371643066406250000000000, 0.000000000000000000000000000000000000000000000000000000000000
 0.000733674121129059063177446642356471784296445548534393310547, 0.515645147000146852889201909420080482959747314453125000000000, 0.000000000000000000000000000000000000000000000000000000000000,-0.856802242279510406497422536631347611546516418457031250000000, 2.599832204080303466042778381961397826671600341796875000000000, 0.000000000000000000000000000000000000000000000000000000000000
 0.000733674121129059063177446642356471784296445548534393310547,-0.515645147000147074933806834451388567686080932617187500000000, 0.000000000000000000000000000000000000000000000000000000000000, 0.856802242279510295475120074115693569183349609375000000000000, 0.541760449509490094044394936645403504371643066406250000000000, 3.141592653589793115997963468544185161590576171875000000000000
 0.000733674121129059063177446642356471784296445548534393310547,-0.515645147000146852889201909420080482959747314453125000000000, 0.000000000000000000000000000000000000000000000000000000000000,-0.856802242279510406497422536631347611546516418457031250000000, 2.599832204080303466042778381961397826671600341796875000000000, 3.141592653589793115997963468544185161590576171875000000000000
 0.000733674121129059063177446642356471784296445548534393310547, 0.000000000000000000000000000000000000000000000000000000000000, 0.856802242279510295475120074115693569183349609375000000000000, 0.515645147000147074933806834451388567686080932617187500000000, 1.029035877285406463954586797626689076423645019531250000000000, 1.570796326794896557998981734272092580795288085937500000000000
 0.000733674121129059063177446642356471784296445548534393310547, 0.000000000000000000000000000000000000000000000000000000000000, 0.856802242279510295475120074115693569183349609375000000000000,-0.515645147000147185956109296967042610049247741699218750000000, 2.112556776304386652043376670917496085166931152343750000000000, 1.570796326794896557998981734272092580795288085937500000000000
 0.000733674121129059063177446642356471784296445548534393310547, 0.000000000000000000000000000000000000000000000000000000000000,-0.856802242279510295475120074115693569183349609375000000000000, 0.515645147000147074933806834451388567686080932617187500000000, 1.029035877285406463954586797626689076423645019531250000000000, 4.712388980384689673996945202816277742385864257812500000000000
 0.000733674121129059063177446642356471784296445548534393310547, 0.000000000000000000000000000000000000000000000000000000000000,-0.856802242279510295475120074115693569183349609375000000000000,-0.515645147000147185956109296967042610049247741699218750000000, 2.112556776304386652043376670917496085166931152343750000000000, 4.712388980384689673996945202816277742385864257812500000000000
 0.000733674121129059063177446642356471784296445548534393310547, 0.000000000000000000000000000000000000000000000000000000000000, 0.515645147000147074933806834451388567686080932617187500000000, 0.856802242279510295475120074115693569183349609375000000000000, 0.541760449509490094044394936645403504371643066406250000000000, 1.570796326794896557998981734272092580795288085937500000000000
 0.000733674121129059063177446642356471784296445548534393310547, 0.000000000000000000000000000000000000000000000000000000000000, 0.515645147000146852889201909420080482959747314453125000000000,-0.856802242279510406497422536631347611546516418457031250000000, 2.599832204080303466042778381961397826671600341796875000000000, 1.570796326794896557998981734272092580795288085937500000000000
 0.000733674121129059063177446642356471784296445548534393310547, 0.000000000000000000000000000000000000000000000000000000000000,-0.515645147000147074933806834451388567686080932617187500000000, 0.856802242279510295475120074115693569183349609375000000000000, 0.541760449509490094044394936645403504371643066406250000000000, 4.712388980384689673996945202816277742385864257812500000000000
 0.000733674121129059063177446642356471784296445548534393310547, 0.000000000000000000000000000000000000000000000000000000000000,-0.515645147000146852889201909420080482959747314453125000000000,-0.856802242279510406497422536631347611546516418457031250000000, 2.599832204080303466042778381961397826671600341796875000000000, 4.712388980384689673996945202816277742385864257812500000000000
 0.000758186630099061029640361564219119827612303197383880615234, 0.762349555371937048775521361676510423421859741210937500000000, 0.647165477620839979522315843496471643447875976562500000000000, 0.000000000000000000000000000000000000000000000000000000000000, 1.570796326794896557998981734272092580795288085937500000000000, 0.703860401598536800094052523490972816944122314453125000000000
 0.000758186630099061029640361564219119827612303197383880615234, 0.762349555371937048775521361676510423421859741210937500000000,-0.647165477620839979522315843496471643447875976562500000000000, 0.000000000000000000000000000000000000000000000000000000000000, 1.570796326794896557998981734272092580795288085937500000000000, 5.579324905581049875991084263660013675689697265625000000000000
 0.000758186630099061029640361564219119827612303197383880615234,-0.762349555371937381842428749223472550511360168457031250000000, 0.647165477620839535433105993433855473995208740234375000000000, 0.000000000000000000000000000000000000000000000000000000000000, 1.570796326794896557998981734272092580795288085937500000000000, 2.437732251991256759993120795115828514099121093750000000000000
 0.000758186630099061029640361564219119827612303197383880615234,-0.762349555371937381842428749223472550511360168457031250000000,-0.647165477620839535433105993433855473995208740234375000000000, 0.000000000000000000000000000000000000000000000000000000000000, 1.570796326794896557998981734272092580795288085937500000000000, 3.845453055188329472002806141972541809082031250000000000000000
 0.000758186630099061029640361564219119827612303197383880615234, 0.647165477620839979522315843496471643447875976562500000000000, 0.762349555371937048775521361676510423421859741210937500000000, 0.000000000000000000000000000000000000000000000000000000000000, 1.570796326794896557998981734272092580795288085937500000000000, 0.866935925196359757904929210781119763851165771484375000000000
 0.000758186630099061029640361564219119827612303197383880615234, 0.647165477620839979522315843496471643447875976562500000000000,-0.762349555371937048775521361676510423421859741210937500000000, 0.000000000000000000000000000000000000000000000000000000000000, 1.570796326794896557998981734272092580795288085937500000000000, 5.416249381983226030001787876244634389877319335937500000000000
 0.000758186630099061029640361564219119827612303197383880615234,-0.647165477620839979522315843496471643447875976562500000000000, 0.762349555371937048775521361676510423421859741210937500000000, 0.000000000000000000000000000000000000000000000000000000000000, 1.570796326794896557998981734272092580795288085937500000000000, 2.274656728393433358093034257763065397739410400390625000000000
 0.000758186630099061029640361564219119827612303197383880615234,-0.647165477620839979522315843496471643447875976562500000000000,-0.762349555371937048775521361676510423421859741210937500000000, 0.000000000000000000000000000000000000000000000000000000000000, 1.570796326794896557998981734272092580795288085937500000000000, 4.008528578786153317992102529387921094894409179687500000000000
 0.000758186630099061029640361564219119827612303197383880615234, 0.762349555371937048775521361676510423421859741210937500000000, 0.000000000000000000000000000000000000000000000000000000000000, 0.647165477620839979522315843496471643447875976562500000000000, 0.866935925196359757904929210781119763851165771484375000000000, 0.000000000000000000000000000000000000000000000000000000000000
 0.000758186630099061029640361564219119827612303197383880615234, 0.762349555371937048775521361676510423421859741210937500000000, 0.000000000000000000000000000000000000000000000000000000000000,-0.647165477620839979522315843496471643447875976562500000000000, 2.274656728393433358093034257763065397739410400390625000000000, 0.000000000000000000000000000000000000000000000000000000000000
 0.000758186630099061029640361564219119827612303197383880615234,-0.762349555371937048775521361676510423421859741210937500000000, 0.000000000000000000000000000000000000000000000000000000000000, 0.647165477620839979522315843496471643447875976562500000000000, 0.866935925196359757904929210781119763851165771484375000000000, 3.141592653589793115997963468544185161590576171875000000000000
 0.000758186630099061029640361564219119827612303197383880615234,-0.762349555371937048775521361676510423421859741210937500000000, 0.000000000000000000000000000000000000000000000000000000000000,-0.647165477620839979522315843496471643447875976562500000000000, 2.274656728393433358093034257763065397739410400390625000000000, 3.141592653589793115997963468544185161590576171875000000000000
 0.000758186630099061029640361564219119827612303197383880615234, 0.647165477620839979522315843496471643447875976562500000000000, 0.000000000000000000000000000000000000000000000000000000000000, 0.762349555371937048775521361676510423421859741210937500000000, 0.703860401598536800094052523490972816944122314453125000000000, 0.000000000000000000000000000000000000000000000000000000000000
 0.000758186630099061029640361564219119827612303197383880615234, 0.647165477620839535433105993433855473995208740234375000000000, 0.000000000000000000000000000000000000000000000000000000000000,-0.762349555371937381842428749223472550511360168457031250000000, 2.437732251991256759993120795115828514099121093750000000000000, 0.000000000000000000000000000000000000000000000000000000000000
 0.000758186630099061029640361564219119827612303197383880615234,-0.647165477620839979522315843496471643447875976562500000000000, 0.000000000000000000000000000000000000000000000000000000000000, 0.762349555371937048775521361676510423421859741210937500000000, 0.703860401598536800094052523490972816944122314453125000000000, 3.141592653589793115997963468544185161590576171875000000000000
 0.000758186630099061029640361564219119827612303197383880615234,-0.647165477620839535433105993433855473995208740234375000000000, 0.000000000000000000000000000000000000000000000000000000000000,-0.762349555371937381842428749223472550511360168457031250000000, 2.437732251991256759993120795115828514099121093750000000000000, 3.141592653589793115997963468544185161590576171875000000000000
 0.000758186630099061029640361564219119827612303197383880615234, 0.000000000000000000000000000000000000000000000000000000000000, 0.762349555371937048775521361676510423421859741210937500000000, 0.647165477620839979522315843496471643447875976562500000000000, 0.866935925196359757904929210781119763851165771484375000000000, 1.570796326794896557998981734272092580795288085937500000000000
 0.000758186630099061029640361564219119827612303197383880615234, 0.000000000000000000000000000000000000000000000000000000000000, 0.762349555371937048775521361676510423421859741210937500000000,-0.647165477620839979522315843496471643447875976562500000000000, 2.274656728393433358093034257763065397739410400390625000000000, 1.570796326794896557998981734272092580795288085937500000000000
 0.000758186630099061029640361564219119827612303197383880615234, 0.000000000000000000000000000000000000000000000000000000000000,-0.762349555371937048775521361676510423421859741210937500000000, 0.647165477620839979522315843496471643447875976562500000000000, 0.866935925196359757904929210781119763851165771484375000000000, 4.712388980384689673996945202816277742385864257812500000000000
 0.000758186630099061029640361564219119827612303197383880615234, 0.000000000000000000000000000000000000000000000000000000000000,-0.762349555371937048775521361676510423421859741210937500000000,-0.647165477620839979522315843496471643447875976562500000000000, 2.274656728393433358093034257763065397739410400390625000000000, 4.712388980384689673996945202816277742385864257812500000000000
 0.000758186630099061029640361564219119827612303197383880615234, 0.000000000000000000000000000000000000000000000000000000000000, 0.647165477620839979522315843496471643447875976562500000000000, 0.762349555371937048775521361676510423421859741210937500000000, 0.703860401598536800094052523490972816944122314453125000000000, 1.570796326794896557998981734272092580795288085937500000000000
 0.000758186630099061029640361564219119827612303197383880615234, 0.000000000000000000000000000000000000000000000000000000000000, 0.647165477620839535433105993433855473995208740234375000000000,-0.762349555371937381842428749223472550511360168457031250000000, 2.437732251991256759993120795115828514099121093750000000000000, 1.570796326794896557998981734272092580795288085937500000000000
 0.000758186630099061029640361564219119827612303197383880615234, 0.000000000000000000000000000000000000000000000000000000000000,-0.647165477620839979522315843496471643447875976562500000000000, 0.762349555371937048775521361676510423421859741210937500000000, 0.703860401598536800094052523490972816944122314453125000000000, 4.712388980384689673996945202816277742385864257812500000000000
 0.000758186630099061029640361564219119827612303197383880615234, 0.000000000000000000000000000000000000000000000000000000000000,-0.647165477620839535433105993433855473995208740234375000000000,-0.762349555371937381842428749223472550511360168457031250000000, 2.437732251991256759993120795115828514099121093750000000000000, 4.712388980384689673996945202816277742385864257812500000000000
 0.000753825785980060617680331702672447136137634515762329101562, 0.570752290889222302361361016664886847138404846191406250000000, 0.438702803988950118529999144811881706118583679199218750000000, 0.694104943230443582891098230902571231126785278320312500000000, 0.803620524790143453408575169305549934506416320800781250000000, 0.655324106953648177764648607990238815546035766601562500000000
 0.000753825785980060617680331702672447136137634515762329101562, 0.570752290889222413383663479180540889501571655273437500000000, 0.438702803988950174041150376069708727300167083740234375000000,-0.694104943230443582891098230902571231126785278320312500000000, 2.337972128799649773611690761754289269447326660156250000000000, 0.655324106953648177764648607990238815546035766601562500000000
 0.000753825785980060617680331702672447136137634515762329101562, 0.570752290889222302361361016664886847138404846191406250000000,-0.438702803988950118529999144811881706118583679199218750000000, 0.694104943230443582891098230902571231126785278320312500000000, 0.803620524790143453408575169305549934506416320800781250000000, 5.627861200225938276275883254129439592361450195312500000000000
 0.000753825785980060617680331702672447136137634515762329101562, 0.570752290889222413383663479180540889501571655273437500000000,-0.438702803988950174041150376069708727300167083740234375000000,-0.694104943230443582891098230902571231126785278320312500000000, 2.337972128799649773611690761754289269447326660156250000000000, 5.627861200225938276275883254129439592361450195312500000000000
 0.000753825785980060617680331702672447136137634515762329101562,-0.570752290889222413383663479180540889501571655273437500000000, 0.438702803988950007507696682296227663755416870117187500000000, 0.694104943230443582891098230902571231126785278320312500000000, 0.803620524790143453408575169305549934506416320800781250000000, 2.486268546636145160277919785585254430770874023437500000000000
 0.000753825785980060617680331702672447136137634515762329101562,-0.570752290889222524405965941696194931864738464355468750000000, 0.438702803988950007507696682296227663755416870117187500000000,-0.694104943230443582891098230902571231126785278320312500000000, 2.337972128799649773611690761754289269447326660156250000000000, 2.486268546636145160277919785585254430770874023437500000000000
 0.000753825785980060617680331702672447136137634515762329101562,-0.570752290889222413383663479180540889501571655273437500000000,-0.438702803988950007507696682296227663755416870117187500000000, 0.694104943230443582891098230902571231126785278320312500000000, 0.803620524790143453408575169305549934506416320800781250000000, 3.796916760543441071718007151503115892410278320312500000000000
 0.000753825785980060617680331702672447136137634515762329101562,-0.570752290889222524405965941696194931864738464355468750000000,-0.438702803988950007507696682296227663755416870117187500000000,-0.694104943230443582891098230902571231126785278320312500000000, 2.337972128799649773611690761754289269447326660156250000000000, 3.796916760543441071718007151503115892410278320312500000000000
 0.000753825785980060617680331702672447136137634515762329101562, 0.570752290889222302361361016664886847138404846191406250000000, 0.694104943230443693913400693418225273489952087402343750000000, 0.438702803988950118529999144811881706118583679199218750000000, 1.116641685612346668321492870745714753866195678710937500000000, 0.882613728520992846249271224223775789141654968261718750000000
 0.000753825785980060617680331702672447136137634515762329101562, 0.570752290889222191339058554149232804775238037109375000000000, 0.694104943230443582891098230902571231126785278320312500000000,-0.438702803988950285063452838585362769663333892822265625000000, 2.024950967977446669721075522829778492450714111328125000000000, 0.882613728520992846249271224223775789141654968261718750000000
 0.000753825785980060617680331702672447136137634515762329101562, 0.570752290889222302361361016664886847138404846191406250000000,-0.694104943230443693913400693418225273489952087402343750000000, 0.438702803988950118529999144811881706118583679199218750000000, 1.116641685612346668321492870745714753866195678710937500000000, 5.400571578658593274724353250348940491676330566406250000000000
 0.000753825785980060617680331702672447136137634515762329101562, 0.570752290889222191339058554149232804775238037109375000000000,-0.694104943230443582891098230902571231126785278320312500000000,-0.438702803988950285063452838585362769663333892822265625000000, 2.024950967977446669721075522829778492450714111328125000000000, 5.400571578658593274724353250348940491676330566406250000000000
 0.000753825785980060617680331702672447136137634515762329101562,-0.570752290889222191339058554149232804775238037109375000000000, 0.694104943230443693913400693418225273489952087402343750000000, 0.438702803988950118529999144811881706118583679199218750000000, 1.116641685612346668321492870745714753866195678710937500000000, 2.258978925068800158726389781804755330085754394531250000000000
 0.000753825785980060617680331702672447136137634515762329101562,-0.570752290889222080316756091633578762412071228027343750000000, 0.694104943230443693913400693418225273489952087402343750000000,-0.438702803988950285063452838585362769663333892822265625000000, 2.024950967977446669721075522829778492450714111328125000000000, 2.258978925068800158726389781804755330085754394531250000000000
 0.000753825785980060617680331702672447136137634515762329101562,-0.570752290889222191339058554149232804775238037109375000000000,-0.694104943230443693913400693418225273489952087402343750000000, 0.438702803988950118529999144811881706118583679199218750000000, 1.116641685612346668321492870745714753866195678710937500000000, 4.024206382110786073269537155283614993095397949218750000000000
 0.000753825785980060617680331702672447136137634515762329101562,-0.570752290889222080316756091633578762412071228027343750000000,-0.694104943230443693913400693418225273489952087402343750000000,-0.438702803988950285063452838585362769663333892822265625000000, 2.024950967977446669721075522829778492450714111328125000000000, 4.024206382110786073269537155283614993095397949218750000000000
 0.000753825785980060617680331702672447136137634515762329101562, 0.438702803988950007507696682296227663755416870117187500000000, 0.570752290889222413383663479180540889501571655273437500000000, 0.694104943230443582891098230902571231126785278320312500000000, 0.803620524790143453408575169305549934506416320800781250000000, 0.915472219841248602278938051313161849975585937500000000000000
 0.000753825785980060617680331702672447136137634515762329101562, 0.438702803988950118529999144811881706118583679199218750000000, 0.570752290889222413383663479180540889501571655273437500000000,-0.694104943230443582891098230902571231126785278320312500000000, 2.337972128799649773611690761754289269447326660156250000000000, 0.915472219841248491256635588797507807612419128417968750000000
 0.000753825785980060617680331702672447136137634515762329101562, 0.438702803988950007507696682296227663755416870117187500000000,-0.570752290889222413383663479180540889501571655273437500000000, 0.694104943230443582891098230902571231126785278320312500000000, 0.803620524790143453408575169305549934506416320800781250000000, 5.367713087338337629716988885775208473205566406250000000000000
 0.000753825785980060617680331702672447136137634515762329101562, 0.438702803988950118529999144811881706118583679199218750000000,-0.570752290889222413383663479180540889501571655273437500000000,-0.694104943230443582891098230902571231126785278320312500000000, 2.337972128799649773611690761754289269447326660156250000000000, 5.367713087338337629716988885775208473205566406250000000000000
 0.000753825785980060617680331702672447136137634515762329101562,-0.438702803988950174041150376069708727300167083740234375000000, 0.570752290889222302361361016664886847138404846191406250000000, 0.694104943230443582891098230902571231126785278320312500000000, 0.803620524790143453408575169305549934506416320800781250000000, 2.226120433748544957808235267293639481067657470703125000000000
 0.000753825785980060617680331702672447136137634515762329101562,-0.438702803988950174041150376069708727300167083740234375000000, 0.570752290889222413383663479180540889501571655273437500000000,-0.694104943230443582891098230902571231126785278320312500000000, 2.337972128799649773611690761754289269447326660156250000000000, 2.226120433748544957808235267293639481067657470703125000000000
 0.000753825785980060617680331702672447136137634515762329101562,-0.438702803988950174041150376069708727300167083740234375000000,-0.570752290889222302361361016664886847138404846191406250000000, 0.694104943230443582891098230902571231126785278320312500000000, 0.803620524790143453408575169305549934506416320800781250000000, 4.057064873431041718276901519857347011566162109375000000000000
 0.000753825785980060617680331702672447136137634515762329101562,-0.438702803988950174041150376069708727300167083740234375000000,-0.570752290889222413383663479180540889501571655273437500000000,-0.694104943230443582891098230902571231126785278320312500000000, 2.337972128799649773611690761754289269447326660156250000000000, 4.057064873431041718276901519857347011566162109375000000000000
 0.000753825785980060617680331702672447136137634515762329101562, 0.438702803988950007507696682296227663755416870117187500000000, 0.694104943230443804935703155933879315853118896484375000000000, 0.570752290889222191339058554149232804775238037109375000000000, 0.963374588997354397434946804423816502094268798828125000000000, 1.007149812994374116215112735517323017120361328125000000000000
 0.000753825785980060617680331702672447136137634515762329101562, 0.438702803988949896485394219780573621392250061035156250000000, 0.694104943230443582891098230902571231126785278320312500000000,-0.570752290889222524405965941696194931864738464355468750000000, 2.178218064592439162652226514182984828948974609375000000000000, 1.007149812994374116215112735517323017120361328125000000000000
 0.000753825785980060617680331702672447136137634515762329101562, 0.438702803988950007507696682296227663755416870117187500000000,-0.694104943230443804935703155933879315853118896484375000000000, 0.570752290889222191339058554149232804775238037109375000000000, 0.963374588997354397434946804423816502094268798828125000000000, 5.276035494185212115780814201571047306060791015625000000000000
 0.000753825785980060617680331702672447136137634515762329101562, 0.438702803988949896485394219780573621392250061035156250000000,-0.694104943230443582891098230902571231126785278320312500000000,-0.570752290889222524405965941696194931864738464355468750000000, 2.178218064592439162652226514182984828948974609375000000000000, 5.276035494185212115780814201571047306060791015625000000000000
 0.000753825785980060617680331702672447136137634515762329101562,-0.438702803988950285063452838585362769663333892822265625000000, 0.694104943230443693913400693418225273489952087402343750000000, 0.570752290889222191339058554149232804775238037109375000000000, 0.963374588997354397434946804423816502094268798828125000000000, 2.134442840595419443872060583089478313922882080078125000000000
 0.000753825785980060617680331702672447136137634515762329101562,-0.438702803988950174041150376069708727300167083740234375000000, 0.694104943230443471868795768386917188763618469238281250000000,-0.570752290889222524405965941696194931864738464355468750000000, 2.178218064592439162652226514182984828948974609375000000000000, 2.134442840595419443872060583089478313922882080078125000000000
 0.000753825785980060617680331702672447136137634515762329101562,-0.438702803988950285063452838585362769663333892822265625000000,-0.694104943230443693913400693418225273489952087402343750000000, 0.570752290889222191339058554149232804775238037109375000000000, 0.963374588997354397434946804423816502094268798828125000000000, 4.148742466584167232213076204061508178710937500000000000000000
 0.000753825785980060617680331702672447136137634515762329101562,-0.438702803988950174041150376069708727300167083740234375000000,-0.694104943230443471868795768386917188763618469238281250000000,-0.570752290889222524405965941696194931864738464355468750000000, 2.178218064592439162652226514182984828948974609375000000000000, 4.148742466584167232213076204061508178710937500000000000000000
 0.000753825785980060617680331702672447136137634515762329101562, 0.694104943230443693913400693418225273489952087402343750000000, 0.570752290889222191339058554149232804775238037109375000000000, 0.438702803988950118529999144811881706118583679199218750000000, 1.116641685612346668321492870745714753866195678710937500000000, 0.688182598273903600727408047532662749290466308593750000000000
 0.000753825785980060617680331702672447136137634515762329101562, 0.694104943230443693913400693418225273489952087402343750000000, 0.570752290889222080316756091633578762412071228027343750000000,-0.438702803988950285063452838585362769663333892822265625000000, 2.024950967977446669721075522829778492450714111328125000000000, 0.688182598273903600727408047532662749290466308593750000000000
 0.000753825785980060617680331702672447136137634515762329101562, 0.694104943230443693913400693418225273489952087402343750000000,-0.570752290889222191339058554149232804775238037109375000000000, 0.438702803988950118529999144811881706118583679199218750000000, 1.116641685612346668321492870745714753866195678710937500000000, 5.595002708905682631268518889555707573890686035156250000000000
 0.000753825785980060617680331702672447136137634515762329101562, 0.694104943230443693913400693418225273489952087402343750000000,-0.570752290889222080316756091633578762412071228027343750000000,-0.438702803988950285063452838585362769663333892822265625000000, 2.024950967977446669721075522829778492450714111328125000000000, 5.595002708905682631268518889555707573890686035156250000000000
 0.000753825785980060617680331702672447136137634515762329101562,-0.694104943230443693913400693418225273489952087402343750000000, 0.570752290889222191339058554149232804775238037109375000000000, 0.438702803988950118529999144811881706118583679199218750000000, 1.116641685612346668321492870745714753866195678710937500000000, 2.453410055315889515270555421011522412300109863281250000000000
 0.000753825785980060617680331702672447136137634515762329101562,-0.694104943230443693913400693418225273489952087402343750000000, 0.570752290889222080316756091633578762412071228027343750000000,-0.438702803988950285063452838585362769663333892822265625000000, 2.024950967977446669721075522829778492450714111328125000000000, 2.453410055315889515270555421011522412300109863281250000000000
 0.000753825785980060617680331702672447136137634515762329101562,-0.694104943230443693913400693418225273489952087402343750000000,-0.570752290889222191339058554149232804775238037109375000000000, 0.438702803988950118529999144811881706118583679199218750000000, 1.116641685612346668321492870745714753866195678710937500000000, 3.829775251863696716725371516076847910881042480468750000000000
 0.000753825785980060617680331702672447136137634515762329101562,-0.694104943230443693913400693418225273489952087402343750000000,-0.570752290889222080316756091633578762412071228027343750000000,-0.438702803988950285063452838585362769663333892822265625000000, 2.024950967977446669721075522829778492450714111328125000000000, 3.829775251863696716725371516076847910881042480468750000000000
 0.000753825785980060617680331702672447136137634515762329101562, 0.694104943230443693913400693418225273489952087402343750000000, 0.438702803988950118529999144811881706118583679199218750000000, 0.570752290889222191339058554149232804775238037109375000000000, 0.963374588997354397434946804423816502094268798828125000000000, 0.563646513800522663828473923786077648401260375976562500000000
 0.000753825785980060617680331702672447136137634515762329101562, 0.694104943230443582891098230902571231126785278320312500000000, 0.438702803988950007507696682296227663755416870117187500000000,-0.570752290889222524405965941696194931864738464355468750000000, 2.178218064592439162652226514182984828948974609375000000000000, 0.563646513800522663828473923786077648401260375976562500000000
 0.000753825785980060617680331702672447136137634515762329101562, 0.694104943230443693913400693418225273489952087402343750000000,-0.438702803988950118529999144811881706118583679199218750000000, 0.570752290889222191339058554149232804775238037109375000000000, 0.963374588997354397434946804423816502094268798828125000000000, 5.719538793379063790212057938333600759506225585937500000000000
 0.000753825785980060617680331702672447136137634515762329101562, 0.694104943230443582891098230902571231126785278320312500000000,-0.438702803988950007507696682296227663755416870117187500000000,-0.570752290889222524405965941696194931864738464355468750000000, 2.178218064592439162652226514182984828948974609375000000000000, 5.719538793379063790212057938333600759506225585937500000000000
 0.000753825785980060617680331702672447136137634515762329101562,-0.694104943230443804935703155933879315853118896484375000000000, 0.438702803988950007507696682296227663755416870117187500000000, 0.570752290889222191339058554149232804775238037109375000000000, 0.963374588997354397434946804423816502094268798828125000000000, 2.577946139789270674214094469789415597915649414062500000000000
 0.000753825785980060617680331702672447136137634515762329101562,-0.694104943230443582891098230902571231126785278320312500000000, 0.438702803988949896485394219780573621392250061035156250000000,-0.570752290889222524405965941696194931864738464355468750000000, 2.178218064592439162652226514182984828948974609375000000000000, 2.577946139789270674214094469789415597915649414062500000000000
 0.000753825785980060617680331702672447136137634515762329101562,-0.694104943230443804935703155933879315853118896484375000000000,-0.438702803988950007507696682296227663755416870117187500000000, 0.570752290889222191339058554149232804775238037109375000000000, 0.963374588997354397434946804423816502094268798828125000000000, 3.705239167390315557781832467298954725265502929687500000000000
 0.000753825785980060617680331702672447136137634515762329101562,-0.694104943230443582891098230902571231126785278320312500000000,-0.438702803988949896485394219780573621392250061035156250000000,-0.570752290889222524405965941696194931864738464355468750000000, 2.178218064592439162652226514182984828948974609375000000000000, 3.705239167390315557781832467298954725265502929687500000000000
 0.000748351724705060357585584274175971586373634636402130126953, 0.519646338840308419371183390467194840312004089355468750000000, 0.385890841476261625686561274051200598478317260742187500000000, 0.762270254565010629832499944313894957304000854492187500000000, 0.703982928351529979593692587513942271471023559570312500000000, 0.638750086007302875223956561967497691512107849121093750000000
 0.000748351724705060357585584274175971586373634636402130126953, 0.519646338840308197326578465435886755585670471191406250000000, 0.385890841476261514664258811535546556115150451660156250000000,-0.762270254565010740854802406829548999667167663574218750000000, 2.437609725238263802538085656124167144298553466796875000000000, 0.638750086007302875223956561967497691512107849121093750000000
 0.000748351724705060357585584274175971586373634636402130126953, 0.519646338840308419371183390467194840312004089355468750000000,-0.385890841476261625686561274051200598478317260742187500000000, 0.762270254565010629832499944313894957304000854492187500000000, 0.703982928351529979593692587513942271471023559570312500000000, 5.644435221172283689838877762667834758758544921875000000000000
 0.000748351724705060357585584274175971586373634636402130126953, 0.519646338840308197326578465435886755585670471191406250000000,-0.385890841476261514664258811535546556115150451660156250000000,-0.762270254565010740854802406829548999667167663574218750000000, 2.437609725238263802538085656124167144298553466796875000000000, 5.644435221172283689838877762667834758758544921875000000000000
 0.000748351724705060357585584274175971586373634636402130126953,-0.519646338840308530393485852982848882675170898437500000000000, 0.385890841476261514664258811535546556115150451660156250000000, 0.762270254565010629832499944313894957304000854492187500000000, 0.703982928351529979593692587513942271471023559570312500000000, 2.502842567582490573840914294123649597167968750000000000000000
 0.000748351724705060357585584274175971586373634636402130126953,-0.519646338840308308348880927951540797948837280273437500000000, 0.385890841476261403641956349019892513751983642578125000000000,-0.762270254565010740854802406829548999667167663574218750000000, 2.437609725238263802538085656124167144298553466796875000000000, 2.502842567582490573840914294123649597167968750000000000000000
 0.000748351724705060357585584274175971586373634636402130126953,-0.519646338840308530393485852982848882675170898437500000000000,-0.385890841476261514664258811535546556115150451660156250000000, 0.762270254565010629832499944313894957304000854492187500000000, 0.703982928351529979593692587513942271471023559570312500000000, 3.780342739597095658155012642964720726013183593750000000000000
 0.000748351724705060357585584274175971586373634636402130126953,-0.519646338840308308348880927951540797948837280273437500000000,-0.385890841476261403641956349019892513751983642578125000000000,-0.762270254565010740854802406829548999667167663574218750000000, 2.437609725238263802538085656124167144298553466796875000000000, 3.780342739597095658155012642964720726013183593750000000000000
 0.000748351724705060357585584274175971586373634636402130126953, 0.519646338840308197326578465435886755585670471191406250000000, 0.762270254565010740854802406829548999667167663574218750000000, 0.385890841476261625686561274051200598478317260742187500000000, 1.174623063739138828509567247238010168075561523437500000000000, 0.972452108293642369929443702858407050371170043945312500000000
 0.000748351724705060357585584274175971586373634636402130126953, 0.519646338840308086304276002920232713222503662109375000000000, 0.762270254565010740854802406829548999667167663574218750000000,-0.385890841476261792220014967824681662023067474365234375000000, 1.966969589850654509533001146337483078241348266601562500000000, 0.972452108293642480951746165374061092734336853027343750000000
 0.000748351724705060357585584274175971586373634636402130126953, 0.519646338840308197326578465435886755585670471191406250000000,-0.762270254565010740854802406829548999667167663574218750000000, 0.385890841476261625686561274051200598478317260742187500000000, 1.174623063739138828509567247238010168075561523437500000000000, 5.310733198885944084111088159261271357536315917968750000000000
 0.000748351724705060357585584274175971586373634636402130126953, 0.519646338840308086304276002920232713222503662109375000000000,-0.762270254565010740854802406829548999667167663574218750000000,-0.385890841476261792220014967824681662023067474365234375000000, 1.966969589850654509533001146337483078241348266601562500000000, 5.310733198885944084111088159261271357536315917968750000000000
 0.000748351724705060357585584274175971586373634636402130126953,-0.519646338840308419371183390467194840312004089355468750000000, 0.762270254565010629832499944313894957304000854492187500000000, 0.385890841476261625686561274051200598478317260742187500000000, 1.174623063739138828509567247238010168075561523437500000000000, 2.169140545296150968113124690717086195945739746093750000000000
 0.000748351724705060357585584274175971586373634636402130126953,-0.519646338840308419371183390467194840312004089355468750000000, 0.762270254565010518810197481798240914940834045410156250000000,-0.385890841476261792220014967824681662023067474365234375000000, 1.966969589850654509533001146337483078241348266601562500000000, 2.169140545296150968113124690717086195945739746093750000000000
 0.000748351724705060357585584274175971586373634636402130126953,-0.519646338840308419371183390467194840312004089355468750000000,-0.762270254565010629832499944313894957304000854492187500000000, 0.385890841476261625686561274051200598478317260742187500000000, 1.174623063739138828509567247238010168075561523437500000000000, 4.114044761883435263882802246371284127235412597656250000000000
 0.000748351724705060357585584274175971586373634636402130126953,-0.519646338840308419371183390467194840312004089355468750000000,-0.762270254565010518810197481798240914940834045410156250000000,-0.385890841476261792220014967824681662023067474365234375000000, 1.966969589850654509533001146337483078241348266601562500000000, 4.114044761883435263882802246371284127235412597656250000000000
 0.000748351724705060357585584274175971586373634636402130126953, 0.385890841476261681197712505309027619659900665283203125000000, 0.519646338840308308348880927951540797948837280273437500000000, 0.762270254565010629832499944313894957304000854492187500000000, 0.703982928351529979593692587513942271471023559570312500000000, 0.932046240787593571752722709788940846920013427734375000000000
 0.000748351724705060357585584274175971586373634636402130126953, 0.385890841476261625686561274051200598478317260742187500000000, 0.519646338840308197326578465435886755585670471191406250000000,-0.762270254565010740854802406829548999667167663574218750000000, 2.437609725238263802538085656124167144298553466796875000000000, 0.932046240787593571752722709788940846920013427734375000000000
 0.000748351724705060357585584274175971586373634636402130126953, 0.385890841476261681197712505309027619659900665283203125000000,-0.519646338840308308348880927951540797948837280273437500000000, 0.762270254565010629832499944313894957304000854492187500000000, 0.703982928351529979593692587513942271471023559570312500000000, 5.351139066391992216153994377236813306808471679687500000000000
 0.000748351724705060357585584274175971586373634636402130126953, 0.385890841476261625686561274051200598478317260742187500000000,-0.519646338840308197326578465435886755585670471191406250000000,-0.762270254565010740854802406829548999667167663574218750000000, 2.437609725238263802538085656124167144298553466796875000000000, 5.351139066391992216153994377236813306808471679687500000000000
 0.000748351724705060357585584274175971586373634636402130126953,-0.385890841476261625686561274051200598478317260742187500000000, 0.519646338840308419371183390467194840312004089355468750000000, 0.762270254565010629832499944313894957304000854492187500000000, 0.703982928351529979593692587513942271471023559570312500000000, 2.209546412802199544245240758755244314670562744140625000000000
 0.000748351724705060357585584274175971586373634636402130126953,-0.385890841476261514664258811535546556115150451660156250000000, 0.519646338840308197326578465435886755585670471191406250000000,-0.762270254565010740854802406829548999667167663574218750000000, 2.437609725238263802538085656124167144298553466796875000000000, 2.209546412802199544245240758755244314670562744140625000000000
 0.000748351724705060357585584274175971586373634636402130126953,-0.385890841476261625686561274051200598478317260742187500000000,-0.519646338840308419371183390467194840312004089355468750000000, 0.762270254565010629832499944313894957304000854492187500000000, 0.703982928351529979593692587513942271471023559570312500000000, 4.073638894377387131839896028395742177963256835937500000000000
 0.000748351724705060357585584274175971586373634636402130126953,-0.385890841476261514664258811535546556115150451660156250000000,-0.519646338840308197326578465435886755585670471191406250000000,-0.762270254565010740854802406829548999667167663574218750000000, 2.437609725238263802538085656124167144298553466796875000000000, 4.073638894377387131839896028395742177963256835937500000000000
 0.000748351724705060357585584274175971586373634636402130126953, 0.385890841476261625686561274051200598478317260742187500000000, 0.762270254565010851877104869345203042030334472656250000000000, 0.519646338840308197326578465435886755585670471191406250000000, 1.024359366472253451973983828793279826641082763671875000000000, 1.102170077866395425658652129641268402338027954101562500000000
 0.000748351724705060357585584274175971586373634636402130126953, 0.385890841476261514664258811535546556115150451660156250000000, 0.762270254565010740854802406829548999667167663574218750000000,-0.519646338840308308348880927951540797948837280273437500000000, 2.117233287117539664023979639750905334949493408203125000000000, 1.102170077866395647703257054672576487064361572265625000000000
 0.000748351724705060357585584274175971586373634636402130126953, 0.385890841476261625686561274051200598478317260742187500000000,-0.762270254565010851877104869345203042030334472656250000000000, 0.519646338840308197326578465435886755585670471191406250000000, 1.024359366472253451973983828793279826641082763671875000000000, 5.181015229313191028381879732478410005569458007812500000000000
 0.000748351724705060357585584274175971586373634636402130126953, 0.385890841476261514664258811535546556115150451660156250000000,-0.762270254565010740854802406829548999667167663574218750000000,-0.519646338840308308348880927951540797948837280273437500000000, 2.117233287117539664023979639750905334949493408203125000000000, 5.181015229313191028381879732478410005569458007812500000000000
 0.000748351724705060357585584274175971586373634636402130126953,-0.385890841476261681197712505309027619659900665283203125000000, 0.762270254565010740854802406829548999667167663574218750000000, 0.519646338840308197326578465435886755585670471191406250000000, 1.024359366472253451973983828793279826641082763671875000000000, 2.039422575723397912383916263934224843978881835937500000000000
 0.000748351724705060357585584274175971586373634636402130126953,-0.385890841476261681197712505309027619659900665283203125000000, 0.762270254565010629832499944313894957304000854492187500000000,-0.519646338840308308348880927951540797948837280273437500000000, 2.117233287117539664023979639750905334949493408203125000000000, 2.039422575723397912383916263934224843978881835937500000000000
 0.000748351724705060357585584274175971586373634636402130126953,-0.385890841476261681197712505309027619659900665283203125000000,-0.762270254565010740854802406829548999667167663574218750000000, 0.519646338840308197326578465435886755585670471191406250000000, 1.024359366472253451973983828793279826641082763671875000000000, 4.243762731456188319612010673154145479202270507812500000000000
 0.000748351724705060357585584274175971586373634636402130126953,-0.385890841476261681197712505309027619659900665283203125000000,-0.762270254565010629832499944313894957304000854492187500000000,-0.519646338840308308348880927951540797948837280273437500000000, 2.117233287117539664023979639750905334949493408203125000000000, 4.243762731456188319612010673154145479202270507812500000000000
 0.000748351724705060357585584274175971586373634636402130126953, 0.762270254565010629832499944313894957304000854492187500000000, 0.519646338840308308348880927951540797948837280273437500000000, 0.385890841476261625686561274051200598478317260742187500000000, 1.174623063739138828509567247238010168075561523437500000000000, 0.598344218501254410114142956444993615150451660156250000000000
 0.000748351724705060357585584274175971586373634636402130126953, 0.762270254565010629832499944313894957304000854492187500000000, 0.519646338840308197326578465435886755585670471191406250000000,-0.385890841476261792220014967824681662023067474365234375000000, 1.966969589850654509533001146337483078241348266601562500000000, 0.598344218501254299091840493929339572787284851074218750000000
 0.000748351724705060357585584274175971586373634636402130126953, 0.762270254565010629832499944313894957304000854492187500000000,-0.519646338840308308348880927951540797948837280273437500000000, 0.385890841476261625686561274051200598478317260742187500000000, 1.174623063739138828509567247238010168075561523437500000000000, 5.684841088678331821881783980643376708030700683593750000000000
 0.000748351724705060357585584274175971586373634636402130126953, 0.762270254565010629832499944313894957304000854492187500000000,-0.519646338840308197326578465435886755585670471191406250000000,-0.385890841476261792220014967824681662023067474365234375000000, 1.966969589850654509533001146337483078241348266601562500000000, 5.684841088678331821881783980643376708030700683593750000000000
 0.000748351724705060357585584274175971586373634636402130126953,-0.762270254565010629832499944313894957304000854492187500000000, 0.519646338840308419371183390467194840312004089355468750000000, 0.385890841476261625686561274051200598478317260742187500000000, 1.174623063739138828509567247238010168075561523437500000000000, 2.543248435088538705883820512099191546440124511718750000000000
 0.000748351724705060357585584274175971586373634636402130126953,-0.762270254565010518810197481798240914940834045410156250000000, 0.519646338840308419371183390467194840312004089355468750000000,-0.385890841476261792220014967824681662023067474365234375000000, 1.966969589850654509533001146337483078241348266601562500000000, 2.543248435088538705883820512099191546440124511718750000000000
 0.000748351724705060357585584274175971586373634636402130126953,-0.762270254565010629832499944313894957304000854492187500000000,-0.519646338840308419371183390467194840312004089355468750000000, 0.385890841476261625686561274051200598478317260742187500000000, 1.174623063739138828509567247238010168075561523437500000000000, 3.739936872091047526112106424989178776741027832031250000000000
 0.000748351724705060357585584274175971586373634636402130126953,-0.762270254565010518810197481798240914940834045410156250000000,-0.519646338840308419371183390467194840312004089355468750000000,-0.385890841476261792220014967824681662023067474365234375000000, 1.966969589850654509533001146337483078241348266601562500000000, 3.739936872091047526112106424989178776741027832031250000000000
 0.000748351724705060357585584274175971586373634636402130126953, 0.762270254565010740854802406829548999667167663574218750000000, 0.385890841476261681197712505309027619659900665283203125000000, 0.519646338840308197326578465435886755585670471191406250000000, 1.024359366472253451973983828793279826641082763671875000000000, 0.468626248928501243362632067146478220820426940917968750000000
 0.000748351724705060357585584274175971586373634636402130126953, 0.762270254565010629832499944313894957304000854492187500000000, 0.385890841476261681197712505309027619659900665283203125000000,-0.519646338840308308348880927951540797948837280273437500000000, 2.117233287117539664023979639750905334949493408203125000000000, 0.468626248928501298873783298404305242002010345458984375000000
 0.000748351724705060357585584274175971586373634636402130126953, 0.762270254565010740854802406829548999667167663574218750000000,-0.385890841476261681197712505309027619659900665283203125000000, 0.519646338840308197326578465435886755585670471191406250000000, 1.024359366472253451973983828793279826641082763671875000000000, 5.814559058251084877610992407426238059997558593750000000000000
 0.000748351724705060357585584274175971586373634636402130126953, 0.762270254565010629832499944313894957304000854492187500000000,-0.385890841476261681197712505309027619659900665283203125000000,-0.519646338840308308348880927951540797948837280273437500000000, 2.117233287117539664023979639750905334949493408203125000000000, 5.814559058251084877610992407426238059997558593750000000000000
 0.000748351724705060357585584274175971586373634636402130126953,-0.762270254565010740854802406829548999667167663574218750000000, 0.385890841476261681197712505309027619659900665283203125000000, 0.519646338840308197326578465435886755585670471191406250000000, 1.024359366472253451973983828793279826641082763671875000000000, 2.672966404661292205702238788944669067859649658203125000000000
 0.000748351724705060357585584274175971586373634636402130126953,-0.762270254565010629832499944313894957304000854492187500000000, 0.385890841476261681197712505309027619659900665283203125000000,-0.519646338840308308348880927951540797948837280273437500000000, 2.117233287117539664023979639750905334949493408203125000000000, 2.672966404661291761613028938882052898406982421875000000000000
 0.000748351724705060357585584274175971586373634636402130126953,-0.762270254565010740854802406829548999667167663574218750000000,-0.385890841476261681197712505309027619659900665283203125000000, 0.519646338840308197326578465435886755585670471191406250000000, 1.024359366472253451973983828793279826641082763671875000000000, 3.610218902518294026293688148143701255321502685546875000000000
 0.000748351724705060357585584274175971586373634636402130126953,-0.762270254565010629832499944313894957304000854492187500000000,-0.385890841476261681197712505309027619659900665283203125000000,-0.519646338840308308348880927951540797948837280273437500000000, 2.117233287117539664023979639750905334949493408203125000000000, 3.610218902518294470382897998206317424774169921875000000000000
 0.000737176366111059306295005821851873406558297574520111083984, 0.464633753121534986973983905045315623283386230468750000000000, 0.330193737234385387147028723120456561446189880371093750000000, 0.821637128756597778789227959350682795047760009765625000000000, 0.606519124049808122656202158395899459719657897949218750000000, 0.617840428967055821374287916114553809165954589843750000000000
 0.000737176366111059306295005821851873406558297574520111083984, 0.464633753121534986973983905045315623283386230468750000000000, 0.330193737234385387147028723120456561446189880371093750000000,-0.821637128756597889811530421866336837410926818847656250000000, 2.535073529539985326408668697695247828960418701171875000000000, 0.617840428967055821374287916114553809165954589843750000000000
 0.000737176366111059306295005821851873406558297574520111083984, 0.464633753121534986973983905045315623283386230468750000000000,-0.330193737234385387147028723120456561446189880371093750000000, 0.821637128756597778789227959350682795047760009765625000000000, 0.606519124049808122656202158395899459719657897949218750000000, 5.665344878212530410621639020973816514015197753906250000000000
 0.000737176366111059306295005821851873406558297574520111083984, 0.464633753121534986973983905045315623283386230468750000000000,-0.330193737234385387147028723120456561446189880371093750000000,-0.821637128756597889811530421866336837410926818847656250000000, 2.535073529539985326408668697695247828960418701171875000000000, 5.665344878212530410621639020973816514015197753906250000000000
 0.000737176366111059306295005821851873406558297574520111083984,-0.464633753121534986973983905045315623283386230468750000000000, 0.330193737234385387147028723120456561446189880371093750000000, 0.821637128756597778789227959350682795047760009765625000000000, 0.606519124049808122656202158395899459719657897949218750000000, 2.523752224622737294623675552429631352424621582031250000000000
 0.000737176366111059306295005821851873406558297574520111083984,-0.464633753121534986973983905045315623283386230468750000000000, 0.330193737234385387147028723120456561446189880371093750000000,-0.821637128756597889811530421866336837410926818847656250000000, 2.535073529539985326408668697695247828960418701171875000000000, 2.523752224622737294623675552429631352424621582031250000000000
 0.000737176366111059306295005821851873406558297574520111083984,-0.464633753121534986973983905045315623283386230468750000000000,-0.330193737234385387147028723120456561446189880371093750000000, 0.821637128756597778789227959350682795047760009765625000000000, 0.606519124049808122656202158395899459719657897949218750000000, 3.759433082556848937372251384658738970756530761718750000000000
 0.000737176366111059306295005821851873406558297574520111083984,-0.464633753121534986973983905045315623283386230468750000000000,-0.330193737234385387147028723120456561446189880371093750000000,-0.821637128756597889811530421866336837410926818847656250000000, 2.535073529539985326408668697695247828960418701171875000000000, 3.759433082556848937372251384658738970756530761718750000000000
 0.000737176366111059306295005821851873406558297574520111083984, 0.464633753121534986973983905045315623283386230468750000000000, 0.821637128756597889811530421866336837410926818847656250000000, 0.330193737234385387147028723120456561446189880371093750000000, 1.234287510009802080190866035991348326206207275390625000000000, 1.056132740472338849002653660136274993419647216796875000000000
 0.000737176366111059306295005821851873406558297574520111083984, 0.464633753121534986973983905045315623283386230468750000000000, 0.821637128756597889811530421866336837410926818847656250000000,-0.330193737234385387147028723120456561446189880371093750000000, 1.907305143579991035807097432552836835384368896484375000000000, 1.056132740472338849002653660136274993419647216796875000000000
 0.000737176366111059306295005821851873406558297574520111083984, 0.464633753121534986973983905045315623283386230468750000000000,-0.821637128756597889811530421866336837410926818847656250000000, 0.330193737234385387147028723120456561446189880371093750000000, 1.234287510009802080190866035991348326206207275390625000000000, 5.227052566707246938904063426889479160308837890625000000000000
 0.000737176366111059306295005821851873406558297574520111083984, 0.464633753121534986973983905045315623283386230468750000000000,-0.821637128756597889811530421866336837410926818847656250000000,-0.330193737234385387147028723120456561446189880371093750000000, 1.907305143579991035807097432552836835384368896484375000000000, 5.227052566707246938904063426889479160308837890625000000000000
 0.000737176366111059306295005821851873406558297574520111083984,-0.464633753121534986973983905045315623283386230468750000000000, 0.821637128756597889811530421866336837410926818847656250000000, 0.330193737234385387147028723120456561446189880371093750000000, 1.234287510009802080190866035991348326206207275390625000000000, 2.085459913117454266995309808407910168170928955078125000000000
 0.000737176366111059306295005821851873406558297574520111083984,-0.464633753121534986973983905045315623283386230468750000000000, 0.821637128756597889811530421866336837410926818847656250000000,-0.330193737234385387147028723120456561446189880371093750000000, 1.907305143579991035807097432552836835384368896484375000000000, 2.085459913117454266995309808407910168170928955078125000000000
 0.000737176366111059306295005821851873406558297574520111083984,-0.464633753121534986973983905045315623283386230468750000000000,-0.821637128756597889811530421866336837410926818847656250000000, 0.330193737234385387147028723120456561446189880371093750000000, 1.234287510009802080190866035991348326206207275390625000000000, 4.197725394062132409089826978743076324462890625000000000000000
 0.000737176366111059306295005821851873406558297574520111083984,-0.464633753121534986973983905045315623283386230468750000000000,-0.821637128756597889811530421866336837410926818847656250000000,-0.330193737234385387147028723120456561446189880371093750000000, 1.907305143579991035807097432552836835384368896484375000000000, 4.197725394062132409089826978743076324462890625000000000000000
 0.000737176366111059306295005821851873406558297574520111083984, 0.330193737234385276124726260604802519083023071289062500000000, 0.464633753121535097996286367560969665646553039550781250000000, 0.821637128756597778789227959350682795047760009765625000000000, 0.606519124049808122656202158395899459719657897949218750000000, 0.952955897827841069691601205704500898718833923339843750000000
 0.000737176366111059306295005821851873406558297574520111083984, 0.330193737234385276124726260604802519083023071289062500000000, 0.464633753121535097996286367560969665646553039550781250000000,-0.821637128756597889811530421866336837410926818847656250000000, 2.535073529539985326408668697695247828960418701171875000000000, 0.952955897827841069691601205704500898718833923339843750000000
 0.000737176366111059306295005821851873406558297574520111083984, 0.330193737234385276124726260604802519083023071289062500000000,-0.464633753121535097996286367560969665646553039550781250000000, 0.821637128756597778789227959350682795047760009765625000000000, 0.606519124049808122656202158395899459719657897949218750000000, 5.330229409351745495371233118930831551551818847656250000000000
 0.000737176366111059306295005821851873406558297574520111083984, 0.330193737234385276124726260604802519083023071289062500000000,-0.464633753121535097996286367560969665646553039550781250000000,-0.821637128756597889811530421866336837410926818847656250000000, 2.535073529539985326408668697695247828960418701171875000000000, 5.330229409351745495371233118930831551551818847656250000000000
 0.000737176366111059306295005821851873406558297574520111083984,-0.330193737234385387147028723120456561446189880371093750000000, 0.464633753121534986973983905045315623283386230468750000000000, 0.821637128756597778789227959350682795047760009765625000000000, 0.606519124049808122656202158395899459719657897949218750000000, 2.188636755761952379373269650386646389961242675781250000000000
 0.000737176366111059306295005821851873406558297574520111083984,-0.330193737234385387147028723120456561446189880371093750000000, 0.464633753121534986973983905045315623283386230468750000000000,-0.821637128756597889811530421866336837410926818847656250000000, 2.535073529539985326408668697695247828960418701171875000000000, 2.188636755761952379373269650386646389961242675781250000000000
 0.000737176366111059306295005821851873406558297574520111083984,-0.330193737234385387147028723120456561446189880371093750000000,-0.464633753121534986973983905045315623283386230468750000000000, 0.821637128756597778789227959350682795047760009765625000000000, 0.606519124049808122656202158395899459719657897949218750000000, 4.094548551417633852622657286701723933219909667968750000000000
 0.000737176366111059306295005821851873406558297574520111083984,-0.330193737234385387147028723120456561446189880371093750000000,-0.464633753121534986973983905045315623283386230468750000000000,-0.821637128756597889811530421866336837410926818847656250000000, 2.535073529539985326408668697695247828960418701171875000000000, 4.094548551417633852622657286701723933219909667968750000000000
 0.000737176366111059306295005821851873406558297574520111083984, 0.330193737234385387147028723120456561446189880371093750000000, 0.821637128756597889811530421866336837410926818847656250000000, 0.464633753121534986973983905045315623283386230468750000000000, 1.087575363706530184870757693715859204530715942382812500000000, 1.188676380635738993873928848188370466232299804687500000000000
 0.000737176366111059306295005821851873406558297574520111083984, 0.330193737234385387147028723120456561446189880371093750000000, 0.821637128756597889811530421866336837410926818847656250000000,-0.464633753121534986973983905045315623283386230468750000000000, 2.054017289883263153171810699859634041786193847656250000000000, 1.188676380635738993873928848188370466232299804687500000000000
 0.000737176366111059306295005821851873406558297574520111083984, 0.330193737234385387147028723120456561446189880371093750000000,-0.821637128756597889811530421866336837410926818847656250000000, 0.464633753121534986973983905045315623283386230468750000000000, 1.087575363706530184870757693715859204530715942382812500000000, 5.094508926543847238121998088899999856948852539062500000000000
 0.000737176366111059306295005821851873406558297574520111083984, 0.330193737234385387147028723120456561446189880371093750000000,-0.821637128756597889811530421866336837410926818847656250000000,-0.464633753121534986973983905045315623283386230468750000000000, 2.054017289883263153171810699859634041786193847656250000000000, 5.094508926543847238121998088899999856948852539062500000000000
 0.000737176366111059306295005821851873406558297574520111083984,-0.330193737234385609191633648151764646172523498535156250000000, 0.821637128756597778789227959350682795047760009765625000000000, 0.464633753121534986973983905045315623283386230468750000000000, 1.087575363706530184870757693715859204530715942382812500000000, 1.952916272954054566213244470418430864810943603515625000000000
 0.000737176366111059306295005821851873406558297574520111083984,-0.330193737234385609191633648151764646172523498535156250000000, 0.821637128756597778789227959350682795047760009765625000000000,-0.464633753121534986973983905045315623283386230468750000000000, 2.054017289883263153171810699859634041786193847656250000000000, 1.952916272954054566213244470418430864810943603515625000000000
 0.000737176366111059306295005821851873406558297574520111083984,-0.330193737234385609191633648151764646172523498535156250000000,-0.821637128756597778789227959350682795047760009765625000000000, 0.464633753121534986973983905045315623283386230468750000000000, 1.087575363706530184870757693715859204530715942382812500000000, 4.330269034225532109871892316732555627822875976562500000000000
 0.000737176366111059306295005821851873406558297574520111083984,-0.330193737234385609191633648151764646172523498535156250000000,-0.821637128756597778789227959350682795047760009765625000000000,-0.464633753121534986973983905045315623283386230468750000000000, 2.054017289883263153171810699859634041786193847656250000000000, 4.330269034225532109871892316732555627822875976562500000000000
 0.000737176366111059306295005821851873406558297574520111083984, 0.821637128756597778789227959350682795047760009765625000000000, 0.464633753121535209018588830076623708009719848632812500000000, 0.330193737234385387147028723120456561446189880371093750000000, 1.234287510009802080190866035991348326206207275390625000000000, 0.514663586322557931040932999167125672101974487304687500000000
 0.000737176366111059306295005821851873406558297574520111083984, 0.821637128756597778789227959350682795047760009765625000000000, 0.464633753121535209018588830076623708009719848632812500000000,-0.330193737234385387147028723120456561446189880371093750000000, 1.907305143579991035807097432552836835384368896484375000000000, 0.514663586322557931040932999167125672101974487304687500000000
 0.000737176366111059306295005821851873406558297574520111083984, 0.821637128756597778789227959350682795047760009765625000000000,-0.464633753121535209018588830076623708009719848632812500000000, 0.330193737234385387147028723120456561446189880371093750000000, 1.234287510009802080190866035991348326206207275390625000000000, 5.768521720857028078910389012889936566352844238281250000000000
 0.000737176366111059306295005821851873406558297574520111083984, 0.821637128756597778789227959350682795047760009765625000000000,-0.464633753121535209018588830076623708009719848632812500000000,-0.330193737234385387147028723120456561446189880371093750000000, 1.907305143579991035807097432552836835384368896484375000000000, 5.768521720857028078910389012889936566352844238281250000000000
 0.000737176366111059306295005821851873406558297574520111083984,-0.821637128756597778789227959350682795047760009765625000000000, 0.464633753121535209018588830076623708009719848632812500000000, 0.330193737234385387147028723120456561446189880371093750000000, 1.234287510009802080190866035991348326206207275390625000000000, 2.626929067267235407001635394408367574214935302734375000000000
 0.000737176366111059306295005821851873406558297574520111083984,-0.821637128756597778789227959350682795047760009765625000000000, 0.464633753121535209018588830076623708009719848632812500000000,-0.330193737234385387147028723120456561446189880371093750000000, 1.907305143579991035807097432552836835384368896484375000000000, 2.626929067267235407001635394408367574214935302734375000000000
 0.000737176366111059306295005821851873406558297574520111083984,-0.821637128756597778789227959350682795047760009765625000000000,-0.464633753121535209018588830076623708009719848632812500000000, 0.330193737234385387147028723120456561446189880371093750000000, 1.234287510009802080190866035991348326206207275390625000000000, 3.656256239912350824994291542680002748966217041015625000000000
 0.000737176366111059306295005821851873406558297574520111083984,-0.821637128756597778789227959350682795047760009765625000000000,-0.464633753121535209018588830076623708009719848632812500000000,-0.330193737234385387147028723120456561446189880371093750000000, 1.907305143579991035807097432552836835384368896484375000000000, 3.656256239912350824994291542680002748966217041015625000000000
 0.000737176366111059306295005821851873406558297574520111083984, 0.821637128756597889811530421866336837410926818847656250000000, 0.330193737234385276124726260604802519083023071289062500000000, 0.464633753121534986973983905045315623283386230468750000000000, 1.087575363706530184870757693715859204530715942382812500000000, 0.382119946159157508613901654825895093381404876708984375000000
 0.000737176366111059306295005821851873406558297574520111083984, 0.821637128756597889811530421866336837410926818847656250000000, 0.330193737234385276124726260604802519083023071289062500000000,-0.464633753121534986973983905045315623283386230468750000000000, 2.054017289883263153171810699859634041786193847656250000000000, 0.382119946159157508613901654825895093381404876708984375000000
 0.000737176366111059306295005821851873406558297574520111083984, 0.821637128756597889811530421866336837410926818847656250000000,-0.330193737234385276124726260604802519083023071289062500000000, 0.464633753121534986973983905045315623283386230468750000000000, 1.087575363706530184870757693715859204530715942382812500000000, 5.901065361020428667870874051004648208618164062500000000000000
 0.000737176366111059306295005821851873406558297574520111083984, 0.821637128756597889811530421866336837410926818847656250000000,-0.330193737234385276124726260604802519083023071289062500000000,-0.464633753121534986973983905045315623283386230468750000000000, 2.054017289883263153171810699859634041786193847656250000000000, 5.901065361020428667870874051004648208618164062500000000000000
 0.000737176366111059306295005821851873406558297574520111083984,-0.821637128756597889811530421866336837410926818847656250000000, 0.330193737234385387147028723120456561446189880371093750000000, 0.464633753121534986973983905045315623283386230468750000000000, 1.087575363706530184870757693715859204530715942382812500000000, 2.759472707430635551872910582460463047027587890625000000000000
 0.000737176366111059306295005821851873406558297574520111083984,-0.821637128756597889811530421866336837410926818847656250000000, 0.330193737234385387147028723120456561446189880371093750000000,-0.464633753121534986973983905045315623283386230468750000000000, 2.054017289883263153171810699859634041786193847656250000000000, 2.759472707430635551872910582460463047027587890625000000000000
 0.000737176366111059306295005821851873406558297574520111083984,-0.821637128756597889811530421866336837410926818847656250000000,-0.330193737234385387147028723120456561446189880371093750000000, 0.464633753121534986973983905045315623283386230468750000000000, 1.087575363706530184870757693715859204530715942382812500000000, 3.523712599748950680123016354627907276153564453125000000000000
 0.000737176366111059306295005821851873406558297574520111083984,-0.821637128756597889811530421866336837410926818847656250000000,-0.330193737234385387147028723120456561446189880371093750000000,-0.464633753121534986973983905045315623283386230468750000000000, 2.054017289883263153171810699859634041786193847656250000000000, 3.523712599748950680123016354627907276153564453125000000000000
 0.000718344889576057665445119049252298282226547598838806152344, 0.406390169755769081749718907303758896887302398681640625000000, 0.272542357356377773491828975238604471087455749511718750000000, 0.872105322408082583862665160268079489469528198242187500000000, 0.511307801780039206107630889164283871650695800781250000000000, 0.590749779975888733574151956418063491582870483398437500000000
 0.000718344889576057665445119049252298282226547598838806152344, 0.406390169755769303794323832335066981613636016845703125000000, 0.272542357356377884514131437754258513450622558593750000000000,-0.872105322408082472840362697752425447106361389160156250000000, 2.630284851809753909890332579379901289939880371093750000000000, 0.590749779975888622551849493902409449219703674316406250000000
 0.000718344889576057665445119049252298282226547598838806152344, 0.406390169755769081749718907303758896887302398681640625000000,-0.272542357356377773491828975238604471087455749511718750000000, 0.872105322408082583862665160268079489469528198242187500000000, 0.511307801780039206107630889164283871650695800781250000000000, 5.692435527203697276377170055638998746871948242187500000000000
 0.000718344889576057665445119049252298282226547598838806152344, 0.406390169755769303794323832335066981613636016845703125000000,-0.272542357356377884514131437754258513450622558593750000000000,-0.872105322408082472840362697752425447106361389160156250000000, 2.630284851809753909890332579379901289939880371093750000000000, 5.692435527203697276377170055638998746871948242187500000000000
 0.000718344889576057665445119049252298282226547598838806152344,-0.406390169755769081749718907303758896887302398681640625000000, 0.272542357356377773491828975238604471087455749511718750000000, 0.872105322408082583862665160268079489469528198242187500000000, 0.511307801780039206107630889164283871650695800781250000000000, 2.550842873613904604468416437157429754734039306640625000000000
 0.000718344889576057665445119049252298282226547598838806152344,-0.406390169755769303794323832335066981613636016845703125000000, 0.272542357356377884514131437754258513450622558593750000000000,-0.872105322408082472840362697752425447106361389160156250000000, 2.630284851809753909890332579379901289939880371093750000000000, 2.550842873613904604468416437157429754734039306640625000000000
 0.000718344889576057665445119049252298282226547598838806152344,-0.406390169755769081749718907303758896887302398681640625000000,-0.272542357356377773491828975238604471087455749511718750000000, 0.872105322408082583862665160268079489469528198242187500000000, 0.511307801780039206107630889164283871650695800781250000000000, 3.732342433565681627527510499930940568447113037109375000000000
 0.000718344889576057665445119049252298282226547598838806152344,-0.406390169755769303794323832335066981613636016845703125000000,-0.272542357356377884514131437754258513450622558593750000000000,-0.872105322408082472840362697752425447106361389160156250000000, 2.630284851809753909890332579379901289939880371093750000000000, 3.732342433565681627527510499930940568447113037109375000000000
 0.000718344889576057665445119049252298282226547598838806152344, 0.406390169755769081749718907303758896887302398681640625000000, 0.872105322408082694884967622783733531832695007324218750000000, 0.272542357356377717980677743980777449905872344970703125000000, 1.294761892258778912534467053774278610944747924804687500000000, 1.134727030606192732520298704912420362234115600585937500000000
 0.000718344889576057665445119049252298282226547598838806152344, 0.406390169755769081749718907303758896887302398681640625000000, 0.872105322408082694884967622783733531832695007324218750000000,-0.272542357356377717980677743980777449905872344970703125000000, 1.846830761331014203463496414769906550645828247070312500000000, 1.134727030606192732520298704912420362234115600585937500000000
 0.000718344889576057665445119049252298282226547598838806152344, 0.406390169755769081749718907303758896887302398681640625000000,-0.872105322408082694884967622783733531832695007324218750000000, 0.272542357356377717980677743980777449905872344970703125000000, 1.294761892258778912534467053774278610944747924804687500000000, 5.148458276573393277431023307144641876220703125000000000000000
 0.000718344889576057665445119049252298282226547598838806152344, 0.406390169755769081749718907303758896887302398681640625000000,-0.872105322408082694884967622783733531832695007324218750000000,-0.272542357356377717980677743980777449905872344970703125000000, 1.846830761331014203463496414769906550645828247070312500000000, 5.148458276573393277431023307144641876220703125000000000000000
 0.000718344889576057665445119049252298282226547598838806152344,-0.406390169755769192772021369819412939250469207763671875000000, 0.872105322408082583862665160268079489469528198242187500000000, 0.272542357356377717980677743980777449905872344970703125000000, 1.294761892258778912534467053774278610944747924804687500000000, 2.006865622983600605522269688663072884082794189453125000000000
 0.000718344889576057665445119049252298282226547598838806152344,-0.406390169755769192772021369819412939250469207763671875000000, 0.872105322408082583862665160268079489469528198242187500000000,-0.272542357356377717980677743980777449905872344970703125000000, 1.846830761331014203463496414769906550645828247070312500000000, 2.006865622983600605522269688663072884082794189453125000000000
 0.000718344889576057665445119049252298282226547598838806152344,-0.406390169755769192772021369819412939250469207763671875000000,-0.872105322408082583862665160268079489469528198242187500000000, 0.272542357356377717980677743980777449905872344970703125000000, 1.294761892258778912534467053774278610944747924804687500000000, 4.276319684195986070562867098487913608551025390625000000000000
 0.000718344889576057665445119049252298282226547598838806152344,-0.406390169755769192772021369819412939250469207763671875000000,-0.872105322408082583862665160268079489469528198242187500000000,-0.272542357356377717980677743980777449905872344970703125000000, 1.846830761331014203463496414769906550645828247070312500000000, 4.276319684195986070562867098487913608551025390625000000000000
 0.000718344889576057665445119049252298282226547598838806152344, 0.272542357356377717980677743980777449905872344970703125000000, 0.406390169755769081749718907303758896887302398681640625000000, 0.872105322408082583862665160268079489469528198242187500000000, 0.511307801780038984063025964132975786924362182617187500000000, 0.980046546819008046469434702885337173938751220703125000000000
 0.000718344889576057665445119049252298282226547598838806152344, 0.272542357356377773491828975238604471087455749511718750000000, 0.406390169755769414816626294850721023976802825927734375000000,-0.872105322408082472840362697752425447106361389160156250000000, 2.630284851809753909890332579379901289939880371093750000000000, 0.980046546819008268514039627916645258665084838867187500000000
 0.000718344889576057665445119049252298282226547598838806152344, 0.272542357356377717980677743980777449905872344970703125000000,-0.406390169755769081749718907303758896887302398681640625000000, 0.872105322408082583862665160268079489469528198242187500000000, 0.511307801780038984063025964132975786924362182617187500000000, 5.303138760360578629615702084265649318695068359375000000000000
 0.000718344889576057665445119049252298282226547598838806152344, 0.272542357356377773491828975238604471087455749511718750000000,-0.406390169755769414816626294850721023976802825927734375000000,-0.872105322408082472840362697752425447106361389160156250000000, 2.630284851809753909890332579379901289939880371093750000000000, 5.303138760360577741437282384140416979789733886718750000000000
 0.000718344889576057665445119049252298282226547598838806152344,-0.272542357356377717980677743980777449905872344970703125000000, 0.406390169755769081749718907303758896887302398681640625000000, 0.872105322408082583862665160268079489469528198242187500000000, 0.511307801780038984063025964132975786924362182617187500000000, 2.161546106770785069528528765658847987651824951171875000000000
 0.000718344889576057665445119049252298282226547598838806152344,-0.272542357356377773491828975238604471087455749511718750000000, 0.406390169755769414816626294850721023976802825927734375000000,-0.872105322408082472840362697752425447106361389160156250000000, 2.630284851809753909890332579379901289939880371093750000000000, 2.161546106770785069528528765658847987651824951171875000000000
 0.000718344889576057665445119049252298282226547598838806152344,-0.272542357356377717980677743980777449905872344970703125000000,-0.406390169755769081749718907303758896887302398681640625000000, 0.872105322408082583862665160268079489469528198242187500000000, 0.511307801780038984063025964132975786924362182617187500000000, 4.121639200408800718378188321366906166076660156250000000000000
 0.000718344889576057665445119049252298282226547598838806152344,-0.272542357356377773491828975238604471087455749511718750000000,-0.406390169755769414816626294850721023976802825927734375000000,-0.872105322408082472840362697752425447106361389160156250000000, 2.630284851809753909890332579379901289939880371093750000000000, 4.121639200408800718378188321366906166076660156250000000000000
 0.000718344889576057665445119049252298282226547598838806152344, 0.272542357356377773491828975238604471087455749511718750000000, 0.872105322408082694884967622783733531832695007324218750000000, 0.406390169755769026238567676045931875705718994140625000000000, 1.152296536575575514049774028535466641187667846679687500000000, 1.267901592805827704069088213145732879638671875000000000000000
 0.000718344889576057665445119049252298282226547598838806152344, 0.272542357356377773491828975238604471087455749511718750000000, 0.872105322408082694884967622783733531832695007324218750000000,-0.406390169755769026238567676045931875705718994140625000000000, 1.989296117014217823992794365040026605129241943359375000000000, 1.267901592805827704069088213145732879638671875000000000000000
 0.000718344889576057665445119049252298282226547598838806152344, 0.272542357356377773491828975238604471087455749511718750000000,-0.872105322408082694884967622783733531832695007324218750000000, 0.406390169755769026238567676045931875705718994140625000000000, 1.152296536575575514049774028535466641187667846679687500000000, 5.015283714373758527926838723942637443542480468750000000000000
 0.000718344889576057665445119049252298282226547598838806152344, 0.272542357356377773491828975238604471087455749511718750000000,-0.872105322408082694884967622783733531832695007324218750000000,-0.406390169755769026238567676045931875705718994140625000000000, 1.989296117014217823992794365040026605129241943359375000000000, 5.015283714373758527926838723942637443542480468750000000000000
 0.000718344889576057665445119049252298282226547598838806152344,-0.272542357356377773491828975238604471087455749511718750000000, 0.872105322408082694884967622783733531832695007324218750000000, 0.406390169755769026238567676045931875705718994140625000000000, 1.152296536575575514049774028535466641187667846679687500000000, 1.873691060783965411928875255398452281951904296875000000000000
 0.000718344889576057665445119049252298282226547598838806152344,-0.272542357356377773491828975238604471087455749511718750000000, 0.872105322408082694884967622783733531832695007324218750000000,-0.406390169755769026238567676045931875705718994140625000000000, 1.989296117014217823992794365040026605129241943359375000000000, 1.873691060783965411928875255398452281951904296875000000000000
 0.000718344889576057665445119049252298282226547598838806152344,-0.272542357356377773491828975238604471087455749511718750000000,-0.872105322408082694884967622783733531832695007324218750000000, 0.406390169755769026238567676045931875705718994140625000000000, 1.152296536575575514049774028535466641187667846679687500000000, 4.409494246395620820067051681689918041229248046875000000000000
 0.000718344889576057665445119049252298282226547598838806152344,-0.272542357356377773491828975238604471087455749511718750000000,-0.872105322408082694884967622783733531832695007324218750000000,-0.406390169755769026238567676045931875705718994140625000000000, 1.989296117014217823992794365040026605129241943359375000000000, 4.409494246395620820067051681689918041229248046875000000000000
 0.000718344889576057665445119049252298282226547598838806152344, 0.872105322408082583862665160268079489469528198242187500000000, 0.406390169755769192772021369819412939250469207763671875000000, 0.272542357356377717980677743980777449905872344970703125000000, 1.294761892258778912534467053774278610944747924804687500000000, 0.436069296188704047523287954390980303287506103515625000000000
 0.000718344889576057665445119049252298282226547598838806152344, 0.872105322408082583862665160268079489469528198242187500000000, 0.406390169755769192772021369819412939250469207763671875000000,-0.272542357356377717980677743980777449905872344970703125000000, 1.846830761331014203463496414769906550645828247070312500000000, 0.436069296188704047523287954390980303287506103515625000000000
 0.000718344889576057665445119049252298282226547598838806152344, 0.872105322408082583862665160268079489469528198242187500000000,-0.406390169755769192772021369819412939250469207763671875000000, 0.272542357356377717980677743980777449905872344970703125000000, 1.294761892258778912534467053774278610944747924804687500000000, 5.847116010990882628561848832760006189346313476562500000000000
 0.000718344889576057665445119049252298282226547598838806152344, 0.872105322408082583862665160268079489469528198242187500000000,-0.406390169755769192772021369819412939250469207763671875000000,-0.272542357356377717980677743980777449905872344970703125000000, 1.846830761331014203463496414769906550645828247070312500000000, 5.847116010990882628561848832760006189346313476562500000000000
 0.000718344889576057665445119049252298282226547598838806152344,-0.872105322408082694884967622783733531832695007324218750000000, 0.406390169755769081749718907303758896887302398681640625000000, 0.272542357356377717980677743980777449905872344970703125000000, 1.294761892258778912534467053774278610944747924804687500000000, 2.705523357401089512563885364215821027755737304687500000000000
 0.000718344889576057665445119049252298282226547598838806152344,-0.872105322408082694884967622783733531832695007324218750000000, 0.406390169755769081749718907303758896887302398681640625000000,-0.272542357356377717980677743980777449905872344970703125000000, 1.846830761331014203463496414769906550645828247070312500000000, 2.705523357401089512563885364215821027755737304687500000000000
 0.000718344889576057665445119049252298282226547598838806152344,-0.872105322408082694884967622783733531832695007324218750000000,-0.406390169755769081749718907303758896887302398681640625000000, 0.272542357356377717980677743980777449905872344970703125000000, 1.294761892258778912534467053774278610944747924804687500000000, 3.577661949778496719432041572872549295425415039062500000000000
 0.000718344889576057665445119049252298282226547598838806152344,-0.872105322408082694884967622783733531832695007324218750000000,-0.406390169755769081749718907303758896887302398681640625000000,-0.272542357356377717980677743980777449905872344970703125000000, 1.846830761331014203463496414769906550645828247070312500000000, 3.577661949778496719432041572872549295425415039062500000000000
 0.000718344889576057665445119049252298282226547598838806152344, 0.872105322408082694884967622783733531832695007324218750000000, 0.272542357356377773491828975238604471087455749511718750000000, 0.406390169755769026238567676045931875705718994140625000000000, 1.152296536575575514049774028535466641187667846679687500000000, 0.302894733989068853929893521126359701156616210937500000000000
 0.000718344889576057665445119049252298282226547598838806152344, 0.872105322408082694884967622783733531832695007324218750000000, 0.272542357356377773491828975238604471087455749511718750000000,-0.406390169755769026238567676045931875705718994140625000000000, 1.989296117014217823992794365040026605129241943359375000000000, 0.302894733989068853929893521126359701156616210937500000000000
 0.000718344889576057665445119049252298282226547598838806152344, 0.872105322408082694884967622783733531832695007324218750000000,-0.272542357356377773491828975238604471087455749511718750000000, 0.406390169755769026238567676045931875705718994140625000000000, 1.152296536575575514049774028535466641187667846679687500000000, 5.980290573190517378066033415962010622024536132812500000000000
 0.000718344889576057665445119049252298282226547598838806152344, 0.872105322408082694884967622783733531832695007324218750000000,-0.272542357356377773491828975238604471087455749511718750000000,-0.406390169755769026238567676045931875705718994140625000000000, 1.989296117014217823992794365040026605129241943359375000000000, 5.980290573190517378066033415962010622024536132812500000000000
 0.000718344889576057665445119049252298282226547598838806152344,-0.872105322408082694884967622783733531832695007324218750000000, 0.272542357356377606958375281465123407542705535888671875000000, 0.406390169755769026238567676045931875705718994140625000000000, 1.152296536575575514049774028535466641187667846679687500000000, 2.838697919600724706157279797480441629886627197265625000000000
 0.000718344889576057665445119049252298282226547598838806152344,-0.872105322408082694884967622783733531832695007324218750000000, 0.272542357356377606958375281465123407542705535888671875000000,-0.406390169755769026238567676045931875705718994140625000000000, 1.989296117014217823992794365040026605129241943359375000000000, 2.838697919600724706157279797480441629886627197265625000000000
 0.000718344889576057665445119049252298282226547598838806152344,-0.872105322408082694884967622783733531832695007324218750000000,-0.272542357356377606958375281465123407542705535888671875000000, 0.406390169755769026238567676045931875705718994140625000000000, 1.152296536575575514049774028535466641187667846679687500000000, 3.444487387578861525838647139607928693294525146484375000000000
 0.000718344889576057665445119049252298282226547598838806152344,-0.872105322408082694884967622783733531832695007324218750000000,-0.272542357356377606958375281465123407542705535888671875000000,-0.406390169755769026238567676045931875705718994140625000000000, 1.989296117014217823992794365040026605129241943359375000000000, 3.444487387578861525838647139607928693294525146484375000000000
 0.000689581552982055420025764291835912445094436407089233398438, 0.345632946664308604578508266058634035289287567138671875000000, 0.213951023749524904538077407778473570942878723144531250000000, 0.913653558859526038204990072699729353189468383789062500000000, 0.418613164169543250370253417713684029877185821533203125000000, 0.554281916847369604539608189952559769153594970703125000000000
 0.000689581552982055420025764291835912445094436407089233398438, 0.345632946664308604578508266058634035289287567138671875000000, 0.213951023749524904538077407778473570942878723144531250000000,-0.913653558859526038204990072699729353189468383789062500000000, 2.722979489420250143183466207119636237621307373046875000000000, 0.554281916847369604539608189952559769153594970703125000000000
 0.000689581552982055420025764291835912445094436407089233398438, 0.345632946664308604578508266058634035289287567138671875000000,-0.213951023749524904538077407778473570942878723144531250000000, 0.913653558859526038204990072699729353189468383789062500000000, 0.418613164169543250370253417713684029877185821533203125000000, 5.728903390332217071545528597198426723480224609375000000000000
 0.000689581552982055420025764291835912445094436407089233398438, 0.345632946664308604578508266058634035289287567138671875000000,-0.213951023749524904538077407778473570942878723144531250000000,-0.913653558859526038204990072699729353189468383789062500000000, 2.722979489420250143183466207119636237621307373046875000000000, 5.728903390332217071545528597198426723480224609375000000000000
 0.000689581552982055420025764291835912445094436407089233398438,-0.345632946664308604578508266058634035289287567138671875000000, 0.213951023749524904538077407778473570942878723144531250000000, 0.913653558859526038204990072699729353189468383789062500000000, 0.418613164169543250370253417713684029877185821533203125000000, 2.587310736742423511458355278591625392436981201171875000000000
 0.000689581552982055420025764291835912445094436407089233398438,-0.345632946664308604578508266058634035289287567138671875000000, 0.213951023749524904538077407778473570942878723144531250000000,-0.913653558859526038204990072699729353189468383789062500000000, 2.722979489420250143183466207119636237621307373046875000000000, 2.587310736742423511458355278591625392436981201171875000000000
 0.000689581552982055420025764291835912445094436407089233398438,-0.345632946664308604578508266058634035289287567138671875000000,-0.213951023749524904538077407778473570942878723144531250000000, 0.913653558859526038204990072699729353189468383789062500000000, 0.418613164169543250370253417713684029877185821533203125000000, 3.695874570437162720537571658496744930744171142578125000000000
 0.000689581552982055420025764291835912445094436407089233398438,-0.345632946664308604578508266058634035289287567138671875000000,-0.213951023749524904538077407778473570942878723144531250000000,-0.913653558859526038204990072699729353189468383789062500000000, 2.722979489420250143183466207119636237621307373046875000000000, 3.695874570437162720537571658496744930744171142578125000000000
 0.000689581552982055420025764291835912445094436407089233398438, 0.345632946664308604578508266058634035289287567138671875000000, 0.913653558859526149227292535215383395552635192871093750000000, 0.213951023749524793515774945262819528579711914062500000000000, 1.355178465182543812161952700989786535501480102539062500000000, 1.209137750693028090509528738039080053567886352539062500000000
 0.000689581552982055420025764291835912445094436407089233398438, 0.345632946664308604578508266058634035289287567138671875000000, 0.913653558859526149227292535215383395552635192871093750000000,-0.213951023749524793515774945262819528579711914062500000000000, 1.786414188407249525880615692585706710815429687500000000000000, 1.209137750693028090509528738039080053567886352539062500000000
 0.000689581552982055420025764291835912445094436407089233398438, 0.345632946664308604578508266058634035289287567138671875000000,-0.913653558859526149227292535215383395552635192871093750000000, 0.213951023749524793515774945262819528579711914062500000000000, 1.355178465182543812161952700989786535501480102539062500000000, 5.074047556486558363531003124080598354339599609375000000000000
 0.000689581552982055420025764291835912445094436407089233398438, 0.345632946664308604578508266058634035289287567138671875000000,-0.913653558859526149227292535215383395552635192871093750000000,-0.213951023749524793515774945262819528579711914062500000000000, 1.786414188407249525880615692585706710815429687500000000000000, 5.074047556486558363531003124080598354339599609375000000000000
 0.000689581552982055420025764291835912445094436407089233398438,-0.345632946664308826623113191089942120015621185302734375000000, 0.913653558859526038204990072699729353189468383789062500000000, 0.213951023749524793515774945262819528579711914062500000000000, 1.355178465182543812161952700989786535501480102539062500000000, 1.932454902896765247533039655536413192749023437500000000000000
 0.000689581552982055420025764291835912445094436407089233398438,-0.345632946664308826623113191089942120015621185302734375000000, 0.913653558859526038204990072699729353189468383789062500000000,-0.213951023749524793515774945262819528579711914062500000000000, 1.786414188407249525880615692585706710815429687500000000000000, 1.932454902896765247533039655536413192749023437500000000000000
 0.000689581552982055420025764291835912445094436407089233398438,-0.345632946664308826623113191089942120015621185302734375000000,-0.913653558859526038204990072699729353189468383789062500000000, 0.213951023749524793515774945262819528579711914062500000000000, 1.355178465182543812161952700989786535501480102539062500000000, 4.350730404282820984462887281551957130432128906250000000000000
 0.000689581552982055420025764291835912445094436407089233398438,-0.345632946664308826623113191089942120015621185302734375000000,-0.913653558859526038204990072699729353189468383789062500000000,-0.213951023749524793515774945262819528579711914062500000000000, 1.786414188407249525880615692585706710815429687500000000000000, 4.350730404282820984462887281551957130432128906250000000000000
 0.000689581552982055420025764291835912445094436407089233398438, 0.213951023749524904538077407778473570942878723144531250000000, 0.345632946664308604578508266058634035289287567138671875000000, 0.913653558859526038204990072699729353189468383789062500000000, 0.418613164169543250370253417713684029877185821533203125000000, 1.016514409947526953459373544319532811641693115234375000000000
 0.000689581552982055420025764291835912445094436407089233398438, 0.213951023749524904538077407778473570942878723144531250000000, 0.345632946664308604578508266058634035289287567138671875000000,-0.913653558859526038204990072699729353189468383789062500000000, 2.722979489420250143183466207119636237621307373046875000000000, 1.016514409947526953459373544319532811641693115234375000000000
 0.000689581552982055420025764291835912445094436407089233398438, 0.213951023749524904538077407778473570942878723144531250000000,-0.345632946664308604578508266058634035289287567138671875000000, 0.913653558859526038204990072699729353189468383789062500000000, 0.418613164169543250370253417713684029877185821533203125000000, 5.266670897232058834447343542706221342086791992187500000000000
 0.000689581552982055420025764291835912445094436407089233398438, 0.213951023749524904538077407778473570942878723144531250000000,-0.345632946664308604578508266058634035289287567138671875000000,-0.913653558859526038204990072699729353189468383789062500000000, 2.722979489420250143183466207119636237621307373046875000000000, 5.266670897232058834447343542706221342086791992187500000000000
 0.000689581552982055420025764291835912445094436407089233398438,-0.213951023749524904538077407778473570942878723144531250000000, 0.345632946664308604578508266058634035289287567138671875000000, 0.913653558859526038204990072699729353189468383789062500000000, 0.418613164169543250370253417713684029877185821533203125000000, 2.125078243642266162538589924224652349948883056640625000000000
 0.000689581552982055420025764291835912445094436407089233398438,-0.213951023749524904538077407778473570942878723144531250000000, 0.345632946664308604578508266058634035289287567138671875000000,-0.913653558859526038204990072699729353189468383789062500000000, 2.722979489420250143183466207119636237621307373046875000000000, 2.125078243642266162538589924224652349948883056640625000000000
 0.000689581552982055420025764291835912445094436407089233398438,-0.213951023749524904538077407778473570942878723144531250000000,-0.345632946664308604578508266058634035289287567138671875000000, 0.913653558859526038204990072699729353189468383789062500000000, 0.418613164169543250370253417713684029877185821533203125000000, 4.158107063537320513546546862926334142684936523437500000000000
 0.000689581552982055420025764291835912445094436407089233398438,-0.213951023749524904538077407778473570942878723144531250000000,-0.345632946664308604578508266058634035289287567138671875000000,-0.913653558859526038204990072699729353189468383789062500000000, 2.722979489420250143183466207119636237621307373046875000000000, 4.158107063537320513546546862926334142684936523437500000000000
 0.000689581552982055420025764291835912445094436407089233398438, 0.213951023749524904538077407778473570942878723144531250000000, 0.913653558859526038204990072699729353189468383789062500000000, 0.345632946664308715600810728574288077652454376220703125000000, 1.217883108110563883386134875763673335313796997070312500000000, 1.340770274928970051675491959031205624341964721679687500000000
 0.000689581552982055420025764291835912445094436407089233398438, 0.213951023749524904538077407778473570942878723144531250000000, 0.913653558859526038204990072699729353189468383789062500000000,-0.345632946664308715600810728574288077652454376220703125000000, 1.923709545479229232611828592780511826276779174804687500000000, 1.340770274928970051675491959031205624341964721679687500000000
 0.000689581552982055420025764291835912445094436407089233398438, 0.213951023749524904538077407778473570942878723144531250000000,-0.913653558859526038204990072699729353189468383789062500000000, 0.345632946664308715600810728574288077652454376220703125000000, 1.217883108110563883386134875763673335313796997070312500000000, 4.942415032250615958275830053025856614112854003906250000000000
 0.000689581552982055420025764291835912445094436407089233398438, 0.213951023749524904538077407778473570942878723144531250000000,-0.913653558859526038204990072699729353189468383789062500000000,-0.345632946664308715600810728574288077652454376220703125000000, 1.923709545479229232611828592780511826276779174804687500000000, 4.942415032250615958275830053025856614112854003906250000000000
 0.000689581552982055420025764291835912445094436407089233398438,-0.213951023749524904538077407778473570942878723144531250000000, 0.913653558859526038204990072699729353189468383789062500000000, 0.345632946664308715600810728574288077652454376220703125000000, 1.217883108110563883386134875763673335313796997070312500000000, 1.800822378660823286367076434544287621974945068359375000000000
 0.000689581552982055420025764291835912445094436407089233398438,-0.213951023749524904538077407778473570942878723144531250000000, 0.913653558859526038204990072699729353189468383789062500000000,-0.345632946664308715600810728574288077652454376220703125000000, 1.923709545479229232611828592780511826276779174804687500000000, 1.800822378660823286367076434544287621974945068359375000000000
 0.000689581552982055420025764291835912445094436407089233398438,-0.213951023749524904538077407778473570942878723144531250000000,-0.913653558859526038204990072699729353189468383789062500000000, 0.345632946664308715600810728574288077652454376220703125000000, 1.217883108110563883386134875763673335313796997070312500000000, 4.482362928518762501539640652481466531753540039062500000000000
 0.000689581552982055420025764291835912445094436407089233398438,-0.213951023749524904538077407778473570942878723144531250000000,-0.913653558859526038204990072699729353189468383789062500000000,-0.345632946664308715600810728574288077652454376220703125000000, 1.923709545479229232611828592780511826276779174804687500000000, 4.482362928518762501539640652481466531753540039062500000000000
 0.000689581552982055420025764291835912445094436407089233398438, 0.913653558859526038204990072699729353189468383789062500000000, 0.345632946664308826623113191089942120015621185302734375000000, 0.213951023749524793515774945262819528579711914062500000000000, 1.355178465182543812161952700989786535501480102539062500000000, 0.361658576101868689534057921264320611953735351562500000000000
 0.000689581552982055420025764291835912445094436407089233398438, 0.913653558859526038204990072699729353189468383789062500000000, 0.345632946664308826623113191089942120015621185302734375000000,-0.213951023749524793515774945262819528579711914062500000000000, 1.786414188407249525880615692585706710815429687500000000000000, 0.361658576101868689534057921264320611953735351562500000000000
 0.000689581552982055420025764291835912445094436407089233398438, 0.913653558859526038204990072699729353189468383789062500000000,-0.345632946664308826623113191089942120015621185302734375000000, 0.213951023749524793515774945262819528579711914062500000000000, 1.355178465182543812161952700989786535501480102539062500000000, 5.921526731077717542461869015824049711227416992187500000000000
 0.000689581552982055420025764291835912445094436407089233398438, 0.913653558859526038204990072699729353189468383789062500000000,-0.345632946664308826623113191089942120015621185302734375000000,-0.213951023749524793515774945262819528579711914062500000000000, 1.786414188407249525880615692585706710815429687500000000000000, 5.921526731077717542461869015824049711227416992187500000000000
 0.000689581552982055420025764291835912445094436407089233398438,-0.913653558859526149227292535215383395552635192871093750000000, 0.345632946664308604578508266058634035289287567138671875000000, 0.213951023749524793515774945262819528579711914062500000000000, 1.355178465182543812161952700989786535501480102539062500000000, 2.779934077487924870553115397342480719089508056640625000000000
 0.000689581552982055420025764291835912445094436407089233398438,-0.913653558859526149227292535215383395552635192871093750000000, 0.345632946664308604578508266058634035289287567138671875000000,-0.213951023749524793515774945262819528579711914062500000000000, 1.786414188407249525880615692585706710815429687500000000000000, 2.779934077487924870553115397342480719089508056640625000000000
 0.000689581552982055420025764291835912445094436407089233398438,-0.913653558859526149227292535215383395552635192871093750000000,-0.345632946664308604578508266058634035289287567138671875000000, 0.213951023749524793515774945262819528579711914062500000000000, 1.355178465182543812161952700989786535501480102539062500000000, 3.503251229691661361442811539745889604091644287109375000000000
 0.000689581552982055420025764291835912445094436407089233398438,-0.913653558859526149227292535215383395552635192871093750000000,-0.345632946664308604578508266058634035289287567138671875000000,-0.213951023749524793515774945262819528579711914062500000000000, 1.786414188407249525880615692585706710815429687500000000000000, 3.503251229691661361442811539745889604091644287109375000000000
 0.000689581552982055420025764291835912445094436407089233398438, 0.913653558859526038204990072699729353189468383789062500000000, 0.213951023749524987804804254665214102715253829956054687500000, 0.345632946664308715600810728574288077652454376220703125000000, 1.217883108110563883386134875763673335313796997070312500000000, 0.230026051865926672856943469014368019998073577880859375000000
 0.000689581552982055420025764291835912445094436407089233398438, 0.913653558859526038204990072699729353189468383789062500000000, 0.213951023749524987804804254665214102715253829956054687500000,-0.345632946664308715600810728574288077652454376220703125000000, 1.923709545479229232611828592780511826276779174804687500000000, 0.230026051865926672856943469014368019998073577880859375000000
 0.000689581552982055420025764291835912445094436407089233398438, 0.913653558859526038204990072699729353189468383789062500000000,-0.213951023749524987804804254665214102715253829956054687500000, 0.345632946664308715600810728574288077652454376220703125000000, 1.217883108110563883386134875763673335313796997070312500000000, 6.053159255313659947717042086878791451454162597656250000000000
 0.000689581552982055420025764291835912445094436407089233398438, 0.913653558859526038204990072699729353189468383789062500000000,-0.213951023749524987804804254665214102715253829956054687500000,-0.345632946664308715600810728574288077652454376220703125000000, 1.923709545479229232611828592780511826276779174804687500000000, 6.053159255313659947717042086878791451454162597656250000000000
 0.000689581552982055420025764291835912445094436407089233398438,-0.913653558859526038204990072699729353189468383789062500000000, 0.213951023749524904538077407778473570942878723144531250000000, 0.345632946664308715600810728574288077652454376220703125000000, 1.217883108110563883386134875763673335313796997070312500000000, 2.911566601723866831719078618334606289863586425781250000000000
 0.000689581552982055420025764291835912445094436407089233398438,-0.913653558859526038204990072699729353189468383789062500000000, 0.213951023749524904538077407778473570942878723144531250000000,-0.345632946664308715600810728574288077652454376220703125000000, 1.923709545479229232611828592780511826276779174804687500000000, 2.911566601723866831719078618334606289863586425781250000000000
 0.000689581552982055420025764291835912445094436407089233398438,-0.913653558859526038204990072699729353189468383789062500000000,-0.213951023749524904538077407778473570942878723144531250000000, 0.345632946664308715600810728574288077652454376220703125000000, 1.217883108110563883386134875763673335313796997070312500000000, 3.371618705455719400276848318753764033317565917968750000000000
 0.000689581552982055420025764291835912445094436407089233398438,-0.913653558859526038204990072699729353189468383789062500000000,-0.213951023749524904538077407778473570942878723144531250000000,-0.345632946664308715600810728574288077652454376220703125000000, 1.923709545479229232611828592780511826276779174804687500000000, 3.371618705455719400276848318753764033317565917968750000000000
 0.000648010580179052123918348460307470304542221128940582275391, 0.283139512105033075428650590765755623579025268554687500000000, 0.155592230978664702867320102086523547768592834472656250000000, 0.946373644151191295570413331006420776247978210449218750000000, 0.328976072372480832228802682948298752307891845703125000000000, 0.502478428952886968517077548312954604625701904296875000000000
 0.000648010580179052123918348460307470304542221128940582275391, 0.283139512105033408495557978312717750668525695800781250000000, 0.155592230978664786134046948973264079540967941284179687500000,-0.946373644151191184548110868490766733884811401367187500000000, 2.812616581217312283769160785595886409282684326171875000000000, 0.502478428952886635450170160765992477536201477050781250000000
 0.000648010580179052123918348460307470304542221128940582275391, 0.283139512105033075428650590765755623579025268554687500000000,-0.155592230978664702867320102086523547768592834472656250000000, 0.946373644151191295570413331006420776247978210449218750000000, 0.328976072372480832228802682948298752307891845703125000000000, 5.780706878226698819389639538712799549102783203125000000000000
 0.000648010580179052123918348460307470304542221128940582275391, 0.283139512105033408495557978312717750668525695800781250000000,-0.155592230978664786134046948973264079540967941284179687500000,-0.946373644151191184548110868490766733884811401367187500000000, 2.812616581217312283769160785595886409282684326171875000000000, 5.780706878226699707568059238838031888008117675781250000000000
 0.000648010580179052123918348460307470304542221128940582275391,-0.283139512105033186450953053281409665942192077636718750000000, 0.155592230978664591845017639570869505405426025390625000000000, 0.946373644151191295570413331006420776247978210449218750000000, 0.328976072372480832228802682948298752307891845703125000000000, 2.639114224636906591570095770293846726417541503906250000000000
 0.000648010580179052123918348460307470304542221128940582275391,-0.283139512105033408495557978312717750668525695800781250000000, 0.155592230978664786134046948973264079540967941284179687500000,-0.946373644151191184548110868490766733884811401367187500000000, 2.812616581217312283769160785595886409282684326171875000000000, 2.639114224636906591570095770293846726417541503906250000000000
 0.000648010580179052123918348460307470304542221128940582275391,-0.283139512105033186450953053281409665942192077636718750000000,-0.155592230978664591845017639570869505405426025390625000000000, 0.946373644151191295570413331006420776247978210449218750000000, 0.328976072372480832228802682948298752307891845703125000000000, 3.644071082542679640425831166794523596763610839843750000000000
 0.000648010580179052123918348460307470304542221128940582275391,-0.283139512105033408495557978312717750668525695800781250000000,-0.155592230978664786134046948973264079540967941284179687500000,-0.946373644151191184548110868490766733884811401367187500000000, 2.812616581217312283769160785595886409282684326171875000000000, 3.644071082542679640425831166794523596763610839843750000000000
 0.000648010580179052123918348460307470304542221128940582275391, 0.283139512105033019917499359507928602397441864013671875000000, 0.946373644151191406592715793522074818611145019531250000000000, 0.155592230978664508578290792684128973633050918579101562500000, 1.414569369256729380879278323845937848091125488281250000000000, 1.280088654188528130006829997000750154256820678710937500000000
 0.000648010580179052123918348460307470304542221128940582275391, 0.283139512105033019917499359507928602397441864013671875000000, 0.946373644151191406592715793522074818611145019531250000000000,-0.155592230978664786134046948973264079540967941284179687500000, 1.727023284333064179207894994760863482952117919921875000000000, 1.280088654188528130006829997000750154256820678710937500000000
 0.000648010580179052123918348460307470304542221128940582275391, 0.283139512105033019917499359507928602397441864013671875000000,-0.946373644151191406592715793522074818611145019531250000000000, 0.155592230978664508578290792684128973633050918579101562500000, 1.414569369256729380879278323845937848091125488281250000000000, 5.003096652991057879944492015056312084197998046875000000000000
 0.000648010580179052123918348460307470304542221128940582275391, 0.283139512105033019917499359507928602397441864013671875000000,-0.946373644151191406592715793522074818611145019531250000000000,-0.155592230978664786134046948973264079540967941284179687500000, 1.727023284333064179207894994760863482952117919921875000000000, 5.003096652991057879944492015056312084197998046875000000000000
 0.000648010580179052123918348460307470304542221128940582275391,-0.283139512105033186450953053281409665942192077636718750000000, 0.946373644151191295570413331006420776247978210449218750000000, 0.155592230978664508578290792684128973633050918579101562500000, 1.414569369256729380879278323845937848091125488281250000000000, 1.861503999401265430080343321606051176786422729492187500000000
 0.000648010580179052123918348460307470304542221128940582275391,-0.283139512105033186450953053281409665942192077636718750000000, 0.946373644151191295570413331006420776247978210449218750000000,-0.155592230978664786134046948973264079540967941284179687500000, 1.727023284333064179207894994760863482952117919921875000000000, 1.861503999401265430080343321606051176786422729492187500000000
 0.000648010580179052123918348460307470304542221128940582275391,-0.283139512105033186450953053281409665942192077636718750000000,-0.946373644151191295570413331006420776247978210449218750000000, 0.155592230978664508578290792684128973633050918579101562500000, 1.414569369256729380879278323845937848091125488281250000000000, 4.421681307778320579870978690451011061668395996093750000000000
 0.000648010580179052123918348460307470304542221128940582275391,-0.283139512105033186450953053281409665942192077636718750000000,-0.946373644151191295570413331006420776247978210449218750000000,-0.155592230978664786134046948973264079540967941284179687500000, 1.727023284333064179207894994760863482952117919921875000000000, 4.421681307778320579870978690451011061668395996093750000000000
 0.000648010580179052123918348460307470304542221128940582275391, 0.155592230978664702867320102086523547768592834472656250000000, 0.283139512105033075428650590765755623579025268554687500000000, 0.946373644151191295570413331006420776247978210449218750000000, 0.328976072372480832228802682948298752307891845703125000000000, 1.068317897842009811526509110990446060895919799804687500000000
 0.000648010580179052123918348460307470304542221128940582275391, 0.155592230978664786134046948973264079540967941284179687500000, 0.283139512105033408495557978312717750668525695800781250000000,-0.946373644151191184548110868490766733884811401367187500000000, 2.812616581217312283769160785595886409282684326171875000000000, 1.068317897842010033571114036021754145622253417968750000000000
 0.000648010580179052123918348460307470304542221128940582275391, 0.155592230978664702867320102086523547768592834472656250000000,-0.283139512105033075428650590765755623579025268554687500000000, 0.946373644151191295570413331006420776247978210449218750000000, 0.328976072372480832228802682948298752307891845703125000000000, 5.214867409337576198424812901066616177558898925781250000000000
 0.000648010580179052123918348460307470304542221128940582275391, 0.155592230978664786134046948973264079540967941284179687500000,-0.283139512105033408495557978312717750668525695800781250000000,-0.946373644151191184548110868490766733884811401367187500000000, 2.812616581217312283769160785595886409282684326171875000000000, 5.214867409337576198424812901066616177558898925781250000000000
 0.000648010580179052123918348460307470304542221128940582275391,-0.155592230978664786134046948973264079540967941284179687500000, 0.283139512105033075428650590765755623579025268554687500000000, 0.946373644151191295570413331006420776247978210449218750000000, 0.328976072372480832228802682948298752307891845703125000000000, 2.073274755747783970605269132647663354873657226562500000000000
 0.000648010580179052123918348460307470304542221128940582275391,-0.155592230978664897156349411488918121904134750366210937500000, 0.283139512105033297473255515797063708305358886718750000000000,-0.946373644151191184548110868490766733884811401367187500000000, 2.812616581217312283769160785595886409282684326171875000000000, 2.073274755747783526516059282585047185420989990234375000000000
 0.000648010580179052123918348460307470304542221128940582275391,-0.155592230978664786134046948973264079540967941284179687500000,-0.283139512105033075428650590765755623579025268554687500000000, 0.946373644151191295570413331006420776247978210449218750000000, 0.328976072372480832228802682948298752307891845703125000000000, 4.209910551431802261390657804440706968307495117187500000000000
 0.000648010580179052123918348460307470304542221128940582275391,-0.155592230978664897156349411488918121904134750366210937500000,-0.283139512105033297473255515797063708305358886718750000000000,-0.946373644151191184548110868490766733884811401367187500000000, 2.812616581217312283769160785595886409282684326171875000000000, 4.209910551431802261390657804440706968307495117187500000000000
 0.000648010580179052123918348460307470304542221128940582275391, 0.155592230978664508578290792684128973633050918579101562500000, 0.946373644151191406592715793522074818611145019531250000000000, 0.283139512105033019917499359507928602397441864013671875000000, 1.283730325454409459950966265751048922538757324218750000000000, 1.407845215754435885813222739670891314744949340820312500000000
 0.000648010580179052123918348460307470304542221128940582275391, 0.155592230978664508578290792684128973633050918579101562500000, 0.946373644151191295570413331006420776247978210449218750000000,-0.283139512105033075428650590765755623579025268554687500000000, 1.857862328135383878091602127824444323778152465820312500000000, 1.407845215754435885813222739670891314744949340820312500000000
 0.000648010580179052123918348460307470304542221128940582275391, 0.155592230978664508578290792684128973633050918579101562500000,-0.946373644151191406592715793522074818611145019531250000000000, 0.283139512105033019917499359507928602397441864013671875000000, 1.283730325454409459950966265751048922538757324218750000000000, 4.875340091425150568227309122448787093162536621093750000000000
 0.000648010580179052123918348460307470304542221128940582275391, 0.155592230978664508578290792684128973633050918579101562500000,-0.946373644151191295570413331006420776247978210449218750000000,-0.283139512105033075428650590765755623579025268554687500000000, 1.857862328135383878091602127824444323778152465820312500000000, 4.875340091425150568227309122448787093162536621093750000000000
 0.000648010580179052123918348460307470304542221128940582275391,-0.155592230978664786134046948973264079540967941284179687500000, 0.946373644151191295570413331006420776247978210449218750000000, 0.283139512105033019917499359507928602397441864013671875000000, 1.283730325454409459950966265751048922538757324218750000000000, 1.733747437835357674273950578935910016298294067382812500000000
 0.000648010580179052123918348460307470304542221128940582275391,-0.155592230978664702867320102086523547768592834472656250000000, 0.946373644151191184548110868490766733884811401367187500000000,-0.283139512105033075428650590765755623579025268554687500000000, 1.857862328135383878091602127824444323778152465820312500000000, 1.733747437835357674273950578935910016298294067382812500000000
 0.000648010580179052123918348460307470304542221128940582275391,-0.155592230978664786134046948973264079540967941284179687500000,-0.946373644151191295570413331006420776247978210449218750000000, 0.283139512105033019917499359507928602397441864013671875000000, 1.283730325454409459950966265751048922538757324218750000000000, 4.549437869344228779766581283183768391609191894531250000000000
 0.000648010580179052123918348460307470304542221128940582275391,-0.155592230978664702867320102086523547768592834472656250000000,-0.946373644151191184548110868490766733884811401367187500000000,-0.283139512105033075428650590765755623579025268554687500000000, 1.857862328135383878091602127824444323778152465820312500000000, 4.549437869344228779766581283183768391609191894531250000000000
 0.000648010580179052123918348460307470304542221128940582275391, 0.946373644151191295570413331006420776247978210449218750000000, 0.283139512105033408495557978312717750668525695800781250000000, 0.155592230978664508578290792684128973633050918579101562500000, 1.414569369256729380879278323845937848091125488281250000000000, 0.290707672606368927592512818591785617172718048095703125000000
 0.000648010580179052123918348460307470304542221128940582275391, 0.946373644151191295570413331006420776247978210449218750000000, 0.283139512105033408495557978312717750668525695800781250000000,-0.155592230978664786134046948973264079540967941284179687500000, 1.727023284333064179207894994760863482952117919921875000000000, 0.290707672606368927592512818591785617172718048095703125000000
 0.000648010580179052123918348460307470304542221128940582275391, 0.946373644151191295570413331006420776247978210449218750000000,-0.283139512105033408495557978312717750668525695800781250000000, 0.155592230978664508578290792684128973633050918579101562500000, 1.414569369256729380879278323845937848091125488281250000000000, 5.992477634573217137869960424723103642463684082031250000000000
 0.000648010580179052123918348460307470304542221128940582275391, 0.946373644151191295570413331006420776247978210449218750000000,-0.283139512105033408495557978312717750668525695800781250000000,-0.155592230978664786134046948973264079540967941284179687500000, 1.727023284333064179207894994760863482952117919921875000000000, 5.992477634573217137869960424723103642463684082031250000000000
 0.000648010580179052123918348460307470304542221128940582275391,-0.946373644151191295570413331006420776247978210449218750000000, 0.283139512105033186450953053281409665942192077636718750000000, 0.155592230978664508578290792684128973633050918579101562500000, 1.414569369256729380879278323845937848091125488281250000000000, 2.850884980983424465961206806241534650325775146484375000000000
 0.000648010580179052123918348460307470304542221128940582275391,-0.946373644151191295570413331006420776247978210449218750000000, 0.283139512105033186450953053281409665942192077636718750000000,-0.155592230978664786134046948973264079540967941284179687500000, 1.727023284333064179207894994760863482952117919921875000000000, 2.850884980983424465961206806241534650325775146484375000000000
 0.000648010580179052123918348460307470304542221128940582275391,-0.946373644151191295570413331006420776247978210449218750000000,-0.283139512105033186450953053281409665942192077636718750000000, 0.155592230978664508578290792684128973633050918579101562500000, 1.414569369256729380879278323845937848091125488281250000000000, 3.432300326196161766034720130846835672855377197265625000000000
 0.000648010580179052123918348460307470304542221128940582275391,-0.946373644151191295570413331006420776247978210449218750000000,-0.283139512105033186450953053281409665942192077636718750000000,-0.155592230978664786134046948973264079540967941284179687500000, 1.727023284333064179207894994760863482952117919921875000000000, 3.432300326196161766034720130846835672855377197265625000000000
 0.000648010580179052123918348460307470304542221128940582275391, 0.946373644151191406592715793522074818611145019531250000000000, 0.155592230978664286533685867652820888906717300415039062500000, 0.283139512105033019917499359507928602397441864013671875000000, 1.283730325454409459950966265751048922538757324218750000000000, 0.162951111040460588919032147714460734277963638305664062500000
 0.000648010580179052123918348460307470304542221128940582275391, 0.946373644151191295570413331006420776247978210449218750000000, 0.155592230978664286533685867652820888906717300415039062500000,-0.283139512105033075428650590765755623579025268554687500000000, 1.857862328135383878091602127824444323778152465820312500000000, 0.162951111040460588919032147714460734277963638305664062500000
 0.000648010580179052123918348460307470304542221128940582275391, 0.946373644151191406592715793522074818611145019531250000000000,-0.155592230978664286533685867652820888906717300415039062500000, 0.283139512105033019917499359507928602397441864013671875000000, 1.283730325454409459950966265751048922538757324218750000000000, 6.120234196139125337765563017455860972404479980468750000000000
 0.000648010580179052123918348460307470304542221128940582275391, 0.946373644151191295570413331006420776247978210449218750000000,-0.155592230978664286533685867652820888906717300415039062500000,-0.283139512105033075428650590765755623579025268554687500000000, 1.857862328135383878091602127824444323778152465820312500000000, 6.120234196139125337765563017455860972404479980468750000000000
 0.000648010580179052123918348460307470304542221128940582275391,-0.946373644151191406592715793522074818611145019531250000000000, 0.155592230978664008977929711363685782998800277709960937500000, 0.283139512105033019917499359507928602397441864013671875000000, 1.283730325454409459950966265751048922538757324218750000000000, 2.978641542549333109946019249036908149719238281250000000000000
 0.000648010580179052123918348460307470304542221128940582275391,-0.946373644151191295570413331006420776247978210449218750000000, 0.155592230978664008977929711363685782998800277709960937500000,-0.283139512105033075428650590765755623579025268554687500000000, 1.857862328135383878091602127824444323778152465820312500000000, 2.978641542549333109946019249036908149719238281250000000000000
 0.000648010580179052123918348460307470304542221128940582275391,-0.946373644151191406592715793522074818611145019531250000000000,-0.155592230978664008977929711363685782998800277709960937500000, 0.283139512105033019917499359507928602397441864013671875000000, 1.283730325454409459950966265751048922538757324218750000000000, 3.304543764630253122049907688051462173461914062500000000000000
 0.000648010580179052123918348460307470304542221128940582275391,-0.946373644151191295570413331006420776247978210449218750000000,-0.155592230978664008977929711363685782998800277709960937500000,-0.283139512105033075428650590765755623579025268554687500000000, 1.857862328135383878091602127824444323778152465820312500000000, 3.304543764630253122049907688051462173461914062500000000000000
 0.000589755889659047461727470196279909941949881613254547119141, 0.219768202292532993658014106586051639169454574584960937500000, 0.098928789796860996941241239710507215932011604309082031250000, 0.970523071240677270843377755227265879511833190917968750000000, 0.243404572128743001968587122973985970020294189453125000000000, 0.422979164493269554903065454709576442837715148925781250000000
 0.000589755889659047461727470196279909941949881613254547119141, 0.219768202292533298969345878504100255668163299560546875000000, 0.098928789796861094085755894411704502999782562255859375000000,-0.970523071240677270843377755227265879511833190917968750000000, 2.898188081461049669940166495507583022117614746093750000000000, 0.422979164493269443880762992193922400474548339843750000000000
 0.000589755889659047461727470196279909941949881613254547119141, 0.219768202292532993658014106586051639169454574584960937500000,-0.098928789796860996941241239710507215932011604309082031250000, 0.970523071240677270843377755227265879511833190917968750000000, 0.243404572128743001968587122973985970020294189453125000000000, 5.860206142686316788115163944894447922706604003906250000000000
 0.000589755889659047461727470196279909941949881613254547119141, 0.219768202292533298969345878504100255668163299560546875000000,-0.098928789796861094085755894411704502999782562255859375000000,-0.970523071240677270843377755227265879511833190917968750000000, 2.898188081461049669940166495507583022117614746093750000000000, 5.860206142686316788115163944894447922706604003906250000000000
 0.000589755889659047461727470196279909941949881613254547119141,-0.219768202292532993658014106586051639169454574584960937500000, 0.098928789796860996941241239710507215932011604309082031250000, 0.970523071240677270843377755227265879511833190917968750000000, 0.243404572128743001968587122973985970020294189453125000000000, 2.718613489096523672117200476350262761116027832031250000000000
 0.000589755889659047461727470196279909941949881613254547119141,-0.219768202292533298969345878504100255668163299560546875000000, 0.098928789796861094085755894411704502999782562255859375000000,-0.970523071240677270843377755227265879511833190917968750000000, 2.898188081461049669940166495507583022117614746093750000000000, 2.718613489096523672117200476350262761116027832031250000000000
 0.000589755889659047461727470196279909941949881613254547119141,-0.219768202292532993658014106586051639169454574584960937500000,-0.098928789796860996941241239710507215932011604309082031250000, 0.970523071240677270843377755227265879511833190917968750000000, 0.243404572128743001968587122973985970020294189453125000000000, 3.564571818083062559878726460738107562065124511718750000000000
 0.000589755889659047461727470196279909941949881613254547119141,-0.219768202292533298969345878504100255668163299560546875000000,-0.098928789796861094085755894411704502999782562255859375000000,-0.970523071240677270843377755227265879511833190917968750000000, 2.898188081461049669940166495507583022117614746093750000000000, 3.564571818083062559878726460738107562065124511718750000000000
 0.000589755889659047461727470196279909941949881613254547119141, 0.219768202292532993658014106586051639169454574584960937500000, 0.970523071240677270843377755227265879511833190917968750000000, 0.098928789796860996941241239710507215932011604309082031250000, 1.471705454363745113610661974234972149133682250976562500000000, 1.348108795900941236922676580434199422597885131835937500000000
 0.000589755889659047461727470196279909941949881613254547119141, 0.219768202292532993658014106586051639169454574584960937500000, 0.970523071240677270843377755227265879511833190917968750000000,-0.098928789796860996941241239710507215932011604309082031250000, 1.669887199226048002387301494309213012456893920898437500000000, 1.348108795900941236922676580434199422597885131835937500000000
 0.000589755889659047461727470196279909941949881613254547119141, 0.219768202292532993658014106586051639169454574584960937500000,-0.970523071240677270843377755227265879511833190917968750000000, 0.098928789796860996941241239710507215932011604309082031250000, 1.471705454363745113610661974234972149133682250976562500000000, 4.935076511278644773028645431622862815856933593750000000000000
 0.000589755889659047461727470196279909941949881613254547119141, 0.219768202292532993658014106586051639169454574584960937500000,-0.970523071240677270843377755227265879511833190917968750000000,-0.098928789796860996941241239710507215932011604309082031250000, 1.669887199226048002387301494309213012456893920898437500000000, 4.935076511278644773028645431622862815856933593750000000000000
 0.000589755889659047461727470196279909941949881613254547119141,-0.219768202292532993658014106586051639169454574584960937500000, 0.970523071240677270843377755227265879511833190917968750000000, 0.098928789796860996941241239710507215932011604309082031250000, 1.471705454363745113610661974234972149133682250976562500000000, 1.793483857688852101119891813141293823719024658203125000000000
 0.000589755889659047461727470196279909941949881613254547119141,-0.219768202292532993658014106586051639169454574584960937500000, 0.970523071240677270843377755227265879511833190917968750000000,-0.098928789796860996941241239710507215932011604309082031250000, 1.669887199226048002387301494309213012456893920898437500000000, 1.793483857688852101119891813141293823719024658203125000000000
 0.000589755889659047461727470196279909941949881613254547119141,-0.219768202292532993658014106586051639169454574584960937500000,-0.970523071240677270843377755227265879511833190917968750000000, 0.098928789796860996941241239710507215932011604309082031250000, 1.471705454363745113610661974234972149133682250976562500000000, 4.489701449490734574965244974009692668914794921875000000000000
 0.000589755889659047461727470196279909941949881613254547119141,-0.219768202292532993658014106586051639169454574584960937500000,-0.970523071240677270843377755227265879511833190917968750000000,-0.098928789796860996941241239710507215932011604309082031250000, 1.669887199226048002387301494309213012456893920898437500000000, 4.489701449490734574965244974009692668914794921875000000000000
 0.000589755889659047461727470196279909941949881613254547119141, 0.098928789796860996941241239710507215932011604309082031250000, 0.219768202292532993658014106586051639169454574584960937500000, 0.970523071240677270843377755227265879511833190917968750000000, 0.243404572128743001968587122973985970020294189453125000000000, 1.147817162301627114118218742078170180320739746093750000000000
 0.000589755889659047461727470196279909941949881613254547119141, 0.098928789796861094085755894411704502999782562255859375000000, 0.219768202292533298969345878504100255668163299560546875000000,-0.970523071240677270843377755227265879511833190917968750000000, 2.898188081461049669940166495507583022117614746093750000000000, 1.147817162301627114118218742078170180320739746093750000000000
 0.000589755889659047461727470196279909941949881613254547119141, 0.098928789796860996941241239710507215932011604309082031250000,-0.219768202292532993658014106586051639169454574584960937500000, 0.970523071240677270843377755227265879511833190917968750000000, 0.243404572128743001968587122973985970020294189453125000000000, 5.135368144877959117877708195010200142860412597656250000000000
 0.000589755889659047461727470196279909941949881613254547119141, 0.098928789796861094085755894411704502999782562255859375000000,-0.219768202292533298969345878504100255668163299560546875000000,-0.970523071240677270843377755227265879511833190917968750000000, 2.898188081461049669940166495507583022117614746093750000000000, 5.135368144877959117877708195010200142860412597656250000000000
 0.000589755889659047461727470196279909941949881613254547119141,-0.098928789796861094085755894411704502999782562255859375000000, 0.219768202292532993658014106586051639169454574584960937500000, 0.970523071240677270843377755227265879511833190917968750000000, 0.243404572128743001968587122973985970020294189453125000000000, 1.993775491288166668013559501559939235448837280273437500000000
 0.000589755889659047461727470196279909941949881613254547119141,-0.098928789796861205108058356927358545362949371337890625000000, 0.219768202292533298969345878504100255668163299560546875000000,-0.970523071240677270843377755227265879511833190917968750000000, 2.898188081461049669940166495507583022117614746093750000000000, 1.993775491288166445968954576528631150722503662109375000000000
 0.000589755889659047461727470196279909941949881613254547119141,-0.098928789796861094085755894411704502999782562255859375000000,-0.219768202292532993658014106586051639169454574584960937500000, 0.970523071240677270843377755227265879511833190917968750000000, 0.243404572128743001968587122973985970020294189453125000000000, 4.289409815891419341937762510497123003005981445312500000000000
 0.000589755889659047461727470196279909941949881613254547119141,-0.098928789796861205108058356927358545362949371337890625000000,-0.219768202292533298969345878504100255668163299560546875000000,-0.970523071240677270843377755227265879511833190917968750000000, 2.898188081461049669940166495507583022117614746093750000000000, 4.289409815891419341937762510497123003005981445312500000000000
 0.000589755889659047461727470196279909941949881613254547119141, 0.098928789796860802652211930308112641796469688415527343750000, 0.970523071240677270843377755227265879511833190917968750000000, 0.219768202292532799368984797183657065033912658691406250000000, 1.349219469347308075768410162709187716245651245117187500000000, 1.469213710765070235453322311514057219028472900390625000000000
 0.000589755889659047461727470196279909941949881613254547119141, 0.098928789796860802652211930308112641796469688415527343750000, 0.970523071240677270843377755227265879511833190917968750000000,-0.219768202292532993658014106586051639169454574584960937500000, 1.792373184242485484318763155897613614797592163085937500000000, 1.469213710765070235453322311514057219028472900390625000000000
 0.000589755889659047461727470196279909941949881613254547119141, 0.098928789796860802652211930308112641796469688415527343750000,-0.970523071240677270843377755227265879511833190917968750000000, 0.219768202292532799368984797183657065033912658691406250000000, 1.349219469347308075768410162709187716245651245117187500000000, 4.813971596414516440631814475636929273605346679687500000000000
 0.000589755889659047461727470196279909941949881613254547119141, 0.098928789796860802652211930308112641796469688415527343750000,-0.970523071240677270843377755227265879511833190917968750000000,-0.219768202292532993658014106586051639169454574584960937500000, 1.792373184242485484318763155897613614797592163085937500000000, 4.813971596414516440631814475636929273605346679687500000000000
 0.000589755889659047461727470196279909941949881613254547119141,-0.098928789796860802652211930308112641796469688415527343750000, 0.970523071240677270843377755227265879511833190917968750000000, 0.219768202292532799368984797183657065033912658691406250000000, 1.349219469347308075768410162709187716245651245117187500000000, 1.672378942824723102589246082061436027288436889648437500000000
 0.000589755889659047461727470196279909941949881613254547119141,-0.098928789796860802652211930308112641796469688415527343750000, 0.970523071240677270843377755227265879511833190917968750000000,-0.219768202292532993658014106586051639169454574584960937500000, 1.792373184242485484318763155897613614797592163085937500000000, 1.672378942824723102589246082061436027288436889648437500000000
 0.000589755889659047461727470196279909941949881613254547119141,-0.098928789796860802652211930308112641796469688415527343750000,-0.970523071240677270843377755227265879511833190917968750000000, 0.219768202292532799368984797183657065033912658691406250000000, 1.349219469347308075768410162709187716245651245117187500000000, 4.610806364354862907362075929995626211166381835937500000000000
 0.000589755889659047461727470196279909941949881613254547119141,-0.098928789796860802652211930308112641796469688415527343750000,-0.970523071240677270843377755227265879511833190917968750000000,-0.219768202292532993658014106586051639169454574584960937500000, 1.792373184242485484318763155897613614797592163085937500000000, 4.610806364354862907362075929995626211166381835937500000000000
 0.000589755889659047461727470196279909941949881613254547119141, 0.970523071240677270843377755227265879511833190917968750000000, 0.219768202292532799368984797183657065033912658691406250000000, 0.098928789796860996941241239710507215932011604309082031250000, 1.471705454363745113610661974234972149133682250976562500000000, 0.222687530893955210054002691322239115834236145019531250000000
 0.000589755889659047461727470196279909941949881613254547119141, 0.970523071240677270843377755227265879511833190917968750000000, 0.219768202292532799368984797183657065033912658691406250000000,-0.098928789796860996941241239710507215932011604309082031250000, 1.669887199226048002387301494309213012456893920898437500000000, 0.222687530893955210054002691322239115834236145019531250000000
 0.000589755889659047461727470196279909941949881613254547119141, 0.970523071240677270843377755227265879511833190917968750000000,-0.219768202292532799368984797183657065033912658691406250000000, 0.098928789796860996941241239710507215932011604309082031250000, 1.471705454363745113610661974234972149133682250976562500000000, 6.060497776285631132964226708281785249710083007812500000000000
 0.000589755889659047461727470196279909941949881613254547119141, 0.970523071240677270843377755227265879511833190917968750000000,-0.219768202292532799368984797183657065033912658691406250000000,-0.098928789796860996941241239710507215932011604309082031250000, 1.669887199226048002387301494309213012456893920898437500000000, 6.060497776285631132964226708281785249710083007812500000000000
 0.000589755889659047461727470196279909941949881613254547119141,-0.970523071240677381865680217742919921875000000000000000000000, 0.219768202292532494057653025265608448535203933715820312500000, 0.098928789796860996941241239710507215932011604309082031250000, 1.471705454363745113610661974234972149133682250976562500000000, 2.918905122695838461055473089800216257572174072265625000000000
 0.000589755889659047461727470196279909941949881613254547119141,-0.970523071240677381865680217742919921875000000000000000000000, 0.219768202292532494057653025265608448535203933715820312500000,-0.098928789796860996941241239710507215932011604309082031250000, 1.669887199226048002387301494309213012456893920898437500000000, 2.918905122695838461055473089800216257572174072265625000000000
 0.000589755889659047461727470196279909941949881613254547119141,-0.970523071240677381865680217742919921875000000000000000000000,-0.219768202292532494057653025265608448535203933715820312500000, 0.098928789796860996941241239710507215932011604309082031250000, 1.471705454363745113610661974234972149133682250976562500000000, 3.364280184483747770940453847288154065608978271484375000000000
 0.000589755889659047461727470196279909941949881613254547119141,-0.970523071240677381865680217742919921875000000000000000000000,-0.219768202292532494057653025265608448535203933715820312500000,-0.098928789796860996941241239710507215932011604309082031250000, 1.669887199226048002387301494309213012456893920898437500000000, 3.364280184483747770940453847288154065608978271484375000000000
 0.000589755889659047461727470196279909941949881613254547119141, 0.970523071240677270843377755227265879511833190917968750000000, 0.098928789796860996941241239710507215932011604309082031250000, 0.219768202292532799368984797183657065033912658691406250000000, 1.349219469347308075768410162709187716245651245117187500000000, 0.101582616029826613979203386861627222970128059387207031250000
 0.000589755889659047461727470196279909941949881613254547119141, 0.970523071240677270843377755227265879511833190917968750000000, 0.098928789796860996941241239710507215932011604309082031250000,-0.219768202292532993658014106586051639169454574584960937500000, 1.792373184242485484318763155897613614797592163085937500000000, 0.101582616029826613979203386861627222970128059387207031250000
 0.000589755889659047461727470196279909941949881613254547119141, 0.970523071240677270843377755227265879511833190917968750000000,-0.098928789796860996941241239710507215932011604309082031250000, 0.219768202292532799368984797183657065033912658691406250000000, 1.349219469347308075768410162709187716245651245117187500000000, 6.181602691149759465361057664267718791961669921875000000000000
 0.000589755889659047461727470196279909941949881613254547119141, 0.970523071240677270843377755227265879511833190917968750000000,-0.098928789796860996941241239710507215932011604309082031250000,-0.219768202292532993658014106586051639169454574584960937500000, 1.792373184242485484318763155897613614797592163085937500000000, 6.181602691149759465361057664267718791961669921875000000000000
 0.000589755889659047461727470196279909941949881613254547119141,-0.970523071240677270843377755227265879511833190917968750000000, 0.098928789796860594485394813091261312365531921386718750000000, 0.219768202292532799368984797183657065033912658691406250000000, 1.349219469347307853723805237677879631519317626953125000000000, 3.040010037559967237541513895848765969276428222656250000000000
 0.000589755889659047461727470196279909941949881613254547119141,-0.970523071240677270843377755227265879511833190917968750000000, 0.098928789796860594485394813091261312365531921386718750000000,-0.219768202292532993658014106586051639169454574584960937500000, 1.792373184242485484318763155897613614797592163085937500000000, 3.040010037559967237541513895848765969276428222656250000000000
 0.000589755889659047461727470196279909941949881613254547119141,-0.970523071240677270843377755227265879511833190917968750000000,-0.098928789796860594485394813091261312365531921386718750000000, 0.219768202292532799368984797183657065033912658691406250000000, 1.349219469347307853723805237677879631519317626953125000000000, 3.243175269619618994454413041239604353904724121093750000000000
 0.000589755889659047461727470196279909941949881613254547119141,-0.970523071240677270843377755227265879511833190917968750000000,-0.098928789796860594485394813091261312365531921386718750000000,-0.219768202292532993658014106586051639169454574584960937500000, 1.792373184242485484318763155897613614797592163085937500000000, 3.243175269619618994454413041239604353904724121093750000000000
 0.000509570884925041002119772137746167572913691401481628417969, 0.156469609865035608198269301283289678394794464111328125000000, 0.045986429106755197238065591136546572670340538024902343750000, 0.986611630545014883786336667981231585144996643066406250000000, 0.163819115584058400125755383669456932693719863891601562500000, 0.285851174789115314300858017304562963545322418212890625000000
 0.000509570884925041002119772137746167572913691401481628417969, 0.156469609865035497175966838767635636031627655029296875000000, 0.045986429106755100093550936435349285602569580078125000000000,-0.986611630545014883786336667981231585144996643066406250000000, 2.977773538005734632605481237987987697124481201171875000000000, 0.285851174789114925722799398499773815274238586425781250000000
 0.000509570884925041002119772137746167572913691401481628417969, 0.156469609865035608198269301283289678394794464111328125000000,-0.045986429106755197238065591136546572670340538024902343750000, 0.986611630545014883786336667981231585144996643066406250000000, 0.163819115584058400125755383669456932693719863891601562500000, 5.997334132390470529117010300979018211364746093750000000000000
 0.000509570884925041002119772137746167572913691401481628417969, 0.156469609865035497175966838767635636031627655029296875000000,-0.045986429106755100093550936435349285602569580078125000000000,-0.986611630545014883786336667981231585144996643066406250000000, 2.977773538005734632605481237987987697124481201171875000000000, 5.997334132390471417295430001104250550270080566406250000000000
 0.000509570884925041002119772137746167572913691401481628417969,-0.156469609865035608198269301283289678394794464111328125000000, 0.045986429106755197238065591136546572670340538024902343750000, 0.986611630545014883786336667981231585144996643066406250000000, 0.163819115584058400125755383669456932693719863891601562500000, 2.855741478800677857208256682497449219226837158203125000000000
 0.000509570884925041002119772137746167572913691401481628417969,-0.156469609865035497175966838767635636031627655029296875000000, 0.045986429106755100093550936435349285602569580078125000000000,-0.986611630545014883786336667981231585144996643066406250000000, 2.977773538005734632605481237987987697124481201171875000000000, 2.855741478800678301297466532560065388679504394531250000000000
 0.000509570884925041002119772137746167572913691401481628417969,-0.156469609865035608198269301283289678394794464111328125000000,-0.045986429106755197238065591136546572670340538024902343750000, 0.986611630545014883786336667981231585144996643066406250000000, 0.163819115584058400125755383669456932693719863891601562500000, 3.427443828378908374787670254590921103954315185546875000000000
 0.000509570884925041002119772137746167572913691401481628417969,-0.156469609865035497175966838767635636031627655029296875000000,-0.045986429106755100093550936435349285602569580078125000000000,-0.986611630545014883786336667981231585144996643066406250000000, 2.977773538005734632605481237987987697124481201171875000000000, 3.427443828378907930698460404528304934501647949218750000000000
 0.000509570884925041002119772137746167572913691401481628417969, 0.156469609865035386153664376251981593668460845947265625000000, 0.986611630545014883786336667981231585144996643066406250000000, 0.045986429106755002949036281734151998534798622131347656250000, 1.524793673931350124206574037089012563228607177734375000000000, 1.413513332275922573799675774353090673685073852539062500000000
 0.000509570884925041002119772137746167572913691401481628417969, 0.156469609865035386153664376251981593668460845947265625000000, 0.986611630545014883786336667981231585144996643066406250000000,-0.045986429106755002949036281734151998534798622131347656250000, 1.616798979658443213835994356486480683088302612304687500000000, 1.413513332275922573799675774353090673685073852539062500000000
 0.000509570884925041002119772137746167572913691401481628417969, 0.156469609865035386153664376251981593668460845947265625000000,-0.986611630545014883786336667981231585144996643066406250000000, 0.045986429106755002949036281734151998534798622131347656250000, 1.524793673931350124206574037089012563228607177734375000000000, 4.869671974903663880240856087766587734222412109375000000000000
 0.000509570884925041002119772137746167572913691401481628417969, 0.156469609865035386153664376251981593668460845947265625000000,-0.986611630545014883786336667981231585144996643066406250000000,-0.045986429106755002949036281734151998534798622131347656250000, 1.616798979658443213835994356486480683088302612304687500000000, 4.869671974903663880240856087766587734222412109375000000000000
 0.000509570884925041002119772137746167572913691401481628417969,-0.156469609865035386153664376251981593668460845947265625000000, 0.986611630545014883786336667981231585144996643066406250000000, 0.045986429106755002949036281734151998534798622131347656250000, 1.524793673931350124206574037089012563228607177734375000000000, 1.728079321313870764242892619222402572631835937500000000000000
 0.000509570884925041002119772137746167572913691401481628417969,-0.156469609865035386153664376251981593668460845947265625000000, 0.986611630545014883786336667981231585144996643066406250000000,-0.045986429106755002949036281734151998534798622131347656250000, 1.616798979658443213835994356486480683088302612304687500000000, 1.728079321313870764242892619222402572631835937500000000000000
 0.000509570884925041002119772137746167572913691401481628417969,-0.156469609865035386153664376251981593668460845947265625000000,-0.986611630545014883786336667981231585144996643066406250000000, 0.045986429106755002949036281734151998534798622131347656250000, 1.524793673931350124206574037089012563228607177734375000000000, 4.555105985865715467753034317865967750549316406250000000000000
 0.000509570884925041002119772137746167572913691401481628417969,-0.156469609865035386153664376251981593668460845947265625000000,-0.986611630545014883786336667981231585144996643066406250000000,-0.045986429106755002949036281734151998534798622131347656250000, 1.616798979658443213835994356486480683088302612304687500000000, 4.555105985865715467753034317865967750549316406250000000000000
 0.000509570884925041002119772137746167572913691401481628417969, 0.045986429106755100093550936435349285602569580078125000000000, 0.156469609865035608198269301283289678394794464111328125000000, 0.986611630545014883786336667981231585144996643066406250000000, 0.163819115584058400125755383669456932693719863891601562500000, 1.284945152005781965343089723319280892610549926757812500000000
 0.000509570884925041002119772137746167572913691401481628417969, 0.045986429106755100093550936435349285602569580078125000000000, 0.156469609865035497175966838767635636031627655029296875000000,-0.986611630545014883786336667981231585144996643066406250000000, 2.977773538005734632605481237987987697124481201171875000000000, 1.284945152005781743298484798287972807884216308593750000000000
 0.000509570884925041002119772137746167572913691401481628417969, 0.045986429106755100093550936435349285602569580078125000000000,-0.156469609865035608198269301283289678394794464111328125000000, 0.986611630545014883786336667981231585144996643066406250000000, 0.163819115584058400125755383669456932693719863891601562500000, 4.998240155173804488697442138800397515296936035156250000000000
 0.000509570884925041002119772137746167572913691401481628417969, 0.045986429106755100093550936435349285602569580078125000000000,-0.156469609865035497175966838767635636031627655029296875000000,-0.986611630545014883786336667981231585144996643066406250000000, 2.977773538005734632605481237987987697124481201171875000000000, 4.998240155173804488697442138800397515296936035156250000000000
 0.000509570884925041002119772137746167572913691401481628417969,-0.045986429106755100093550936435349285602569580078125000000000, 0.156469609865035608198269301283289678394794464111328125000000, 0.986611630545014883786336667981231585144996643066406250000000, 0.163819115584058400125755383669456932693719863891601562500000, 1.856647501584011372699478670256212353706359863281250000000000
 0.000509570884925041002119772137746167572913691401481628417969,-0.045986429106755100093550936435349285602569580078125000000000, 0.156469609865035497175966838767635636031627655029296875000000,-0.986611630545014883786336667981231585144996643066406250000000, 2.977773538005734632605481237987987697124481201171875000000000, 1.856647501584011594744083595287520438432693481445312500000000
 0.000509570884925041002119772137746167572913691401481628417969,-0.045986429106755100093550936435349285602569580078125000000000,-0.156469609865035608198269301283289678394794464111328125000000, 0.986611630545014883786336667981231585144996643066406250000000, 0.163819115584058400125755383669456932693719863891601562500000, 4.426537805595574859296448266832157969474792480468750000000000
 0.000509570884925041002119772137746167572913691401481628417969,-0.045986429106755100093550936435349285602569580078125000000000,-0.156469609865035497175966838767635636031627655029296875000000,-0.986611630545014883786336667981231585144996643066406250000000, 2.977773538005734632605481237987987697124481201171875000000000, 4.426537805595574859296448266832157969474792480468750000000000
 0.000509570884925041002119772137746167572913691401481628417969, 0.045986429106755002949036281734151998534798622131347656250000, 0.986611630545014883786336667981231585144996643066406250000000, 0.156469609865035497175966838767635636031627655029296875000000, 1.413681111105663523730413544399198144674301147460937500000000, 1.524219569901395177069503006350714713335037231445312500000000
 0.000509570884925041002119772137746167572913691401481628417969, 0.045986429106755002949036281734151998534798622131347656250000, 0.986611630545014883786336667981231585144996643066406250000000,-0.156469609865035497175966838767635636031627655029296875000000, 1.727911542484129592267549924144987016916275024414062500000000, 1.524219569901395177069503006350714713335037231445312500000000
 0.000509570884925041002119772137746167572913691401481628417969, 0.045986429106755002949036281734151998534798622131347656250000,-0.986611630545014883786336667981231585144996643066406250000000, 0.156469609865035497175966838767635636031627655029296875000000, 1.413681111105663523730413544399198144674301147460937500000000, 4.758965737278191276971028855768963694572448730468750000000000
 0.000509570884925041002119772137746167572913691401481628417969, 0.045986429106755002949036281734151998534798622131347656250000,-0.986611630545014883786336667981231585144996643066406250000000,-0.156469609865035497175966838767635636031627655029296875000000, 1.727911542484129592267549924144987016916275024414062500000000, 4.758965737278191276971028855768963694572448730468750000000000
 0.000509570884925041002119772137746167572913691401481628417969,-0.045986429106755301321474149744972237385809421539306640625000, 0.986611630545014883786336667981231585144996643066406250000000, 0.156469609865035497175966838767635636031627655029296875000000, 1.413681111105663523730413544399198144674301147460937500000000, 1.617373083688398383017670312256086617708206176757812500000000
 0.000509570884925041002119772137746167572913691401481628417969,-0.045986429106755301321474149744972237385809421539306640625000, 0.986611630545014883786336667981231585144996643066406250000000,-0.156469609865035497175966838767635636031627655029296875000000, 1.727911542484129592267549924144987016916275024414062500000000, 1.617373083688398383017670312256086617708206176757812500000000
 0.000509570884925041002119772137746167572913691401481628417969,-0.045986429106755301321474149744972237385809421539306640625000,-0.986611630545014883786336667981231585144996643066406250000000, 0.156469609865035497175966838767635636031627655029296875000000, 1.413681111105663523730413544399198144674301147460937500000000, 4.665812223491188071022861549863591790199279785156250000000000
 0.000509570884925041002119772137746167572913691401481628417969,-0.045986429106755301321474149744972237385809421539306640625000,-0.986611630545014883786336667981231585144996643066406250000000,-0.156469609865035497175966838767635636031627655029296875000000, 1.727911542484129592267549924144987016916275024414062500000000, 4.665812223491188071022861549863591790199279785156250000000000
 0.000509570884925041002119772137746167572913691401481628417969, 0.986611630545014883786336667981231585144996643066406250000000, 0.156469609865035386153664376251981593668460845947265625000000, 0.045986429106755002949036281734151998534798622131347656250000, 1.524793673931350124206574037089012563228607177734375000000000, 0.157282994518974067466032806805742438882589340209960937500000
 0.000509570884925041002119772137746167572913691401481628417969, 0.986611630545014883786336667981231585144996643066406250000000, 0.156469609865035386153664376251981593668460845947265625000000,-0.045986429106755002949036281734151998534798622131347656250000, 1.616798979658443213835994356486480683088302612304687500000000, 0.157282994518974067466032806805742438882589340209960937500000
 0.000509570884925041002119772137746167572913691401481628417969, 0.986611630545014883786336667981231585144996643066406250000000,-0.156469609865035386153664376251981593668460845947265625000000, 0.045986429106755002949036281734151998534798622131347656250000, 1.524793673931350124206574037089012563228607177734375000000000, 6.125902312660612025752016052138060331344604492187500000000000
 0.000509570884925041002119772137746167572913691401481628417969, 0.986611630545014883786336667981231585144996643066406250000000,-0.156469609865035386153664376251981593668460845947265625000000,-0.045986429106755002949036281734151998534798622131347656250000, 1.616798979658443213835994356486480683088302612304687500000000, 6.125902312660612025752016052138060331344604492187500000000000
 0.000509570884925041002119772137746167572913691401481628417969,-0.986611630545014883786336667981231585144996643066406250000000, 0.156469609865035191864635066849587019532918930053710937500000, 0.045986429106755002949036281734151998534798622131347656250000, 1.524793673931350124206574037089012563228607177734375000000000, 2.984309659070819353843262433656491339206695556640625000000000
 0.000509570884925041002119772137746167572913691401481628417969,-0.986611630545014883786336667981231585144996643066406250000000, 0.156469609865035191864635066849587019532918930053710937500000,-0.045986429106755002949036281734151998534798622131347656250000, 1.616798979658443213835994356486480683088302612304687500000000, 2.984309659070819353843262433656491339206695556640625000000000
 0.000509570884925041002119772137746167572913691401481628417969,-0.986611630545014883786336667981231585144996643066406250000000,-0.156469609865035191864635066849587019532918930053710937500000, 0.045986429106755002949036281734151998534798622131347656250000, 1.524793673931350124206574037089012563228607177734375000000000, 3.298875648108766878152664503431878983974456787109375000000000
 0.000509570884925041002119772137746167572913691401481628417969,-0.986611630545014883786336667981231585144996643066406250000000,-0.156469609865035191864635066849587019532918930053710937500000,-0.045986429106755002949036281734151998534798622131347656250000, 1.616798979658443213835994356486480683088302612304687500000000, 3.298875648108766878152664503431878983974456787109375000000000
 0.000509570884925041002119772137746167572913691401481628417969, 0.986611630545014883786336667981231585144996643066406250000000, 0.045986429106755002949036281734151998534798622131347656250000, 0.156469609865035497175966838767635636031627655029296875000000, 1.413681111105663523730413544399198144674301147460937500000000, 0.046576756893501353173903112292464356869459152221679687500000
 0.000509570884925041002119772137746167572913691401481628417969, 0.986611630545014883786336667981231585144996643066406250000000, 0.045986429106755002949036281734151998534798622131347656250000,-0.156469609865035497175966838767635636031627655029296875000000, 1.727911542484129592267549924144987016916275024414062500000000, 0.046576756893501353173903112292464356869459152221679687500000
 0.000509570884925041002119772137746167572913691401481628417969, 0.986611630545014883786336667981231585144996643066406250000000,-0.045986429106755002949036281734151998534798622131347656250000, 0.156469609865035497175966838767635636031627655029296875000000, 1.413681111105663523730413544399198144674301147460937500000000, 6.236608550286084629021843284135684370994567871093750000000000
 0.000509570884925041002119772137746167572913691401481628417969, 0.986611630545014883786336667981231585144996643066406250000000,-0.045986429106755002949036281734151998534798622131347656250000,-0.156469609865035497175966838767635636031627655029296875000000, 1.727911542484129592267549924144987016916275024414062500000000, 6.236608550286084629021843284135684370994567871093750000000000
 0.000509570884925041002119772137746167572913691401481628417969,-0.986611630545014883786336667981231585144996643066406250000000, 0.045986429106755002949036281734151998534798622131347656250000, 0.156469609865035497175966838767635636031627655029296875000000, 1.413681111105663523730413544399198144674301147460937500000000, 3.095015896696291957113089665654115378856658935546875000000000
 0.000509570884925041002119772137746167572913691401481628417969,-0.986611630545014883786336667981231585144996643066406250000000, 0.045986429106755002949036281734151998534798622131347656250000,-0.156469609865035497175966838767635636031627655029296875000000, 1.727911542484129592267549924144987016916275024414062500000000, 3.095015896696291957113089665654115378856658935546875000000000
 0.000509570884925041002119772137746167572913691401481628417969,-0.986611630545014883786336667981231585144996643066406250000000,-0.045986429106755002949036281734151998534798622131347656250000, 0.156469609865035497175966838767635636031627655029296875000000, 1.413681111105663523730413544399198144674301147460937500000000, 3.188169410483294274882837271434254944324493408203125000000000
 0.000509570884925041002119772137746167572913691401481628417969,-0.986611630545014883786336667981231585144996643066406250000000,-0.045986429106755002949036281734151998534798622131347656250000,-0.156469609865035497175966838767635636031627655029296875000000, 1.727911542484129592267549924144987016916275024414062500000000, 3.188169410483294274882837271434254944324493408203125000000000
 0.000753690642891060701841210445195429201703518629074096679688, 0.602735667372129468866148727101972326636314392089843750000000, 0.337662514017342707539626189827686175704002380371093750000000, 0.722975616397234732701804205134976655244827270507812500000000, 0.762696622653070699371369300934020429849624633789062500000000, 0.510653181591061211541671127633890137076377868652343750000000
 0.000753690642891060701841210445195429201703518629074096679688, 0.602735667372129468866148727101972326636314392089843750000000, 0.337662514017342707539626189827686175704002380371093750000000,-0.722975616397234732701804205134976655244827270507812500000000, 2.378896030936722638671199092641472816467285156250000000000000, 0.510653181591061211541671127633890137076377868652343750000000
 0.000753690642891060701841210445195429201703518629074096679688, 0.602735667372129468866148727101972326636314392089843750000000,-0.337662514017342707539626189827686175704002380371093750000000, 0.722975616397234732701804205134976655244827270507812500000000, 0.762696622653070699371369300934020429849624633789062500000000, 5.772532125588525353521163197001442313194274902343750000000000
 0.000753690642891060701841210445195429201703518629074096679688, 0.602735667372129468866148727101972326636314392089843750000000,-0.337662514017342707539626189827686175704002380371093750000000,-0.722975616397234732701804205134976655244827270507812500000000, 2.378896030936722638671199092641472816467285156250000000000000, 5.772532125588525353521163197001442313194274902343750000000000
 0.000753690642891060701841210445195429201703518629074096679688,-0.602735667372129579888451189617626368999481201171875000000000, 0.337662514017342485495021264796378090977668762207031250000000, 0.722975616397234732701804205134976655244827270507812500000000, 0.762696622653070699371369300934020429849624633789062500000000, 2.630939471998732237523199728457257151603698730468750000000000
 0.000753690642891060701841210445195429201703518629074096679688,-0.602735667372129579888451189617626368999481201171875000000000, 0.337662514017342485495021264796378090977668762207031250000000,-0.722975616397234732701804205134976655244827270507812500000000, 2.378896030936722638671199092641472816467285156250000000000000, 2.630939471998732237523199728457257151603698730468750000000000
 0.000753690642891060701841210445195429201703518629074096679688,-0.602735667372129579888451189617626368999481201171875000000000,-0.337662514017342485495021264796378090977668762207031250000000, 0.722975616397234732701804205134976655244827270507812500000000, 0.762696622653070699371369300934020429849624633789062500000000, 3.652245835180853994472727208631113171577453613281250000000000
 0.000753690642891060701841210445195429201703518629074096679688,-0.602735667372129579888451189617626368999481201171875000000000,-0.337662514017342485495021264796378090977668762207031250000000,-0.722975616397234732701804205134976655244827270507812500000000, 2.378896030936722638671199092641472816467285156250000000000000, 3.652245835180853994472727208631113171577453613281250000000000
 0.000753690642891060701841210445195429201703518629074096679688, 0.602735667372129468866148727101972326636314392089843750000000, 0.722975616397234843724106667650630697607994079589843750000000, 0.337662514017342485495021264796378090977668762207031250000000, 1.226363878300551490951875166501849889755249023437500000000000, 0.875849125136549333525692873081425204873085021972656250000000
 0.000753690642891060701841210445195429201703518629074096679688, 0.602735667372129468866148727101972326636314392089843750000000, 0.722975616397234843724106667650630697607994079589843750000000,-0.337662514017342485495021264796378090977668762207031250000000, 1.915228775289241847090693227073643356561660766601562500000000, 0.875849125136549333525692873081425204873085021972656250000000
 0.000753690642891060701841210445195429201703518629074096679688, 0.602735667372129468866148727101972326636314392089843750000000,-0.722975616397234843724106667650630697607994079589843750000000, 0.337662514017342485495021264796378090977668762207031250000000, 1.226363878300551490951875166501849889755249023437500000000000, 5.407336182043036565403326676459982991218566894531250000000000
 0.000753690642891060701841210445195429201703518629074096679688, 0.602735667372129468866148727101972326636314392089843750000000,-0.722975616397234843724106667650630697607994079589843750000000,-0.337662514017342485495021264796378090977668762207031250000000, 1.915228775289241847090693227073643356561660766601562500000000, 5.407336182043036565403326676459982991218566894531250000000000
 0.000753690642891060701841210445195429201703518629074096679688,-0.602735667372129579888451189617626368999481201171875000000000, 0.722975616397234732701804205134976655244827270507812500000000, 0.337662514017342485495021264796378090977668762207031250000000, 1.226363878300551490951875166501849889755249023437500000000000, 2.265743528453244337583782908041030168533325195312500000000000
 0.000753690642891060701841210445195429201703518629074096679688,-0.602735667372129579888451189617626368999481201171875000000000, 0.722975616397234732701804205134976655244827270507812500000000,-0.337662514017342485495021264796378090977668762207031250000000, 1.915228775289241625046088302042335271835327148437500000000000, 2.265743528453244337583782908041030168533325195312500000000000
 0.000753690642891060701841210445195429201703518629074096679688,-0.602735667372129579888451189617626368999481201171875000000000,-0.722975616397234732701804205134976655244827270507812500000000, 0.337662514017342485495021264796378090977668762207031250000000, 1.226363878300551490951875166501849889755249023437500000000000, 4.017441778726341894412144029047340154647827148437500000000000
 0.000753690642891060701841210445195429201703518629074096679688,-0.602735667372129579888451189617626368999481201171875000000000,-0.722975616397234732701804205134976655244827270507812500000000,-0.337662514017342485495021264796378090977668762207031250000000, 1.915228775289241625046088302042335271835327148437500000000000, 4.017441778726341894412144029047340154647827148437500000000000
 0.000753690642891060701841210445195429201703518629074096679688, 0.337662514017342485495021264796378090977668762207031250000000, 0.602735667372129579888451189617626368999481201171875000000000, 0.722975616397234732701804205134976655244827270507812500000000, 0.762696622653070699371369300934020429849624633789062500000000, 1.060143145203835901568822919216472655534744262695312500000000
 0.000753690642891060701841210445195429201703518629074096679688, 0.337662514017342485495021264796378090977668762207031250000000, 0.602735667372129579888451189617626368999481201171875000000000,-0.722975616397234732701804205134976655244827270507812500000000, 2.378896030936722638671199092641472816467285156250000000000000, 1.060143145203835901568822919216472655534744262695312500000000
 0.000753690642891060701841210445195429201703518629074096679688, 0.337662514017342485495021264796378090977668762207031250000000,-0.602735667372129579888451189617626368999481201171875000000000, 0.722975616397234732701804205134976655244827270507812500000000, 0.762696622653070699371369300934020429849624633789062500000000, 5.223042161975750552471708942903205752372741699218750000000000
 0.000753690642891060701841210445195429201703518629074096679688, 0.337662514017342485495021264796378090977668762207031250000000,-0.602735667372129579888451189617626368999481201171875000000000,-0.722975616397234732701804205134976655244827270507812500000000, 2.378896030936722638671199092641472816467285156250000000000000, 5.223042161975750552471708942903205752372741699218750000000000
 0.000753690642891060701841210445195429201703518629074096679688,-0.337662514017342485495021264796378090977668762207031250000000, 0.602735667372129579888451189617626368999481201171875000000000, 0.722975616397234732701804205134976655244827270507812500000000, 0.762696622653070699371369300934020429849624633789062500000000, 2.081449508385957436473745474359020590782165527343750000000000
 0.000753690642891060701841210445195429201703518629074096679688,-0.337662514017342485495021264796378090977668762207031250000000, 0.602735667372129579888451189617626368999481201171875000000000,-0.722975616397234732701804205134976655244827270507812500000000, 2.378896030936722638671199092641472816467285156250000000000000, 2.081449508385957436473745474359020590782165527343750000000000
 0.000753690642891060701841210445195429201703518629074096679688,-0.337662514017342485495021264796378090977668762207031250000000,-0.602735667372129579888451189617626368999481201171875000000000, 0.722975616397234732701804205134976655244827270507812500000000, 0.762696622653070699371369300934020429849624633789062500000000, 4.201735798793628795522181462729349732398986816406250000000000
 0.000753690642891060701841210445195429201703518629074096679688,-0.337662514017342485495021264796378090977668762207031250000000,-0.602735667372129579888451189617626368999481201171875000000000,-0.722975616397234732701804205134976655244827270507812500000000, 2.378896030936722638671199092641472816467285156250000000000000, 4.201735798793628795522181462729349732398986816406250000000000
 0.000753690642891060701841210445195429201703518629074096679688, 0.337662514017342485495021264796378090977668762207031250000000, 0.722975616397234843724106667650630697607994079589843750000000, 0.602735667372129468866148727101972326636314392089843750000000, 0.923871230717109193086855611909413710236549377441406250000000, 1.133858119828821120478323791758157312870025634765625000000000
 0.000753690642891060701841210445195429201703518629074096679688, 0.337662514017342485495021264796378090977668762207031250000000, 0.722975616397234843724106667650630697607994079589843750000000,-0.602735667372129468866148727101972326636314392089843750000000, 2.217721422872684033933410319150425493717193603515625000000000, 1.133858119828821120478323791758157312870025634765625000000000
 0.000753690642891060701841210445195429201703518629074096679688, 0.337662514017342485495021264796378090977668762207031250000000,-0.722975616397234843724106667650630697607994079589843750000000, 0.602735667372129468866148727101972326636314392089843750000000, 0.923871230717109193086855611909413710236549377441406250000000, 5.149327187350765555606812995392829179763793945312500000000000
 0.000753690642891060701841210445195429201703518629074096679688, 0.337662514017342485495021264796378090977668762207031250000000,-0.722975616397234843724106667650630697607994079589843750000000,-0.602735667372129468866148727101972326636314392089843750000000, 2.217721422872684033933410319150425493717193603515625000000000, 5.149327187350765555606812995392829179763793945312500000000000
 0.000753690642891060701841210445195429201703518629074096679688,-0.337662514017342485495021264796378090977668762207031250000000, 0.722975616397234843724106667650630697607994079589843750000000, 0.602735667372129468866148727101972326636314392089843750000000, 0.923871230717109193086855611909413710236549377441406250000000, 2.007734533760971995519639676786027848720550537109375000000000
 0.000753690642891060701841210445195429201703518629074096679688,-0.337662514017342485495021264796378090977668762207031250000000, 0.722975616397234843724106667650630697607994079589843750000000,-0.602735667372129468866148727101972326636314392089843750000000, 2.217721422872684033933410319150425493717193603515625000000000, 2.007734533760971995519639676786027848720550537109375000000000
 0.000753690642891060701841210445195429201703518629074096679688,-0.337662514017342485495021264796378090977668762207031250000000,-0.722975616397234843724106667650630697607994079589843750000000, 0.602735667372129468866148727101972326636314392089843750000000, 0.923871230717109193086855611909413710236549377441406250000000, 4.275450773418613792387077410239726305007934570312500000000000
 0.000753690642891060701841210445195429201703518629074096679688,-0.337662514017342485495021264796378090977668762207031250000000,-0.722975616397234843724106667650630697607994079589843750000000,-0.602735667372129468866148727101972326636314392089843750000000, 2.217721422872684033933410319150425493717193603515625000000000, 4.275450773418613792387077410239726305007934570312500000000000
 0.000753690642891060701841210445195429201703518629074096679688, 0.722975616397234843724106667650630697607994079589843750000000, 0.602735667372129468866148727101972326636314392089843750000000, 0.337662514017342485495021264796378090977668762207031250000000, 1.226363878300551490951875166501849889755249023437500000000000, 0.694947201658347335495591323706321418285369873046875000000000
 0.000753690642891060701841210445195429201703518629074096679688, 0.722975616397234843724106667650630697607994079589843750000000, 0.602735667372129468866148727101972326636314392089843750000000,-0.337662514017342485495021264796378090977668762207031250000000, 1.915228775289241847090693227073643356561660766601562500000000, 0.694947201658347335495591323706321418285369873046875000000000
 0.000753690642891060701841210445195429201703518629074096679688, 0.722975616397234843724106667650630697607994079589843750000000,-0.602735667372129468866148727101972326636314392089843750000000, 0.337662514017342485495021264796378090977668762207031250000000, 1.226363878300551490951875166501849889755249023437500000000000, 5.588238105521238452411125763319432735443115234375000000000000
 0.000753690642891060701841210445195429201703518629074096679688, 0.722975616397234843724106667650630697607994079589843750000000,-0.602735667372129468866148727101972326636314392089843750000000,-0.337662514017342485495021264796378090977668762207031250000000, 1.915228775289241847090693227073643356561660766601562500000000, 5.588238105521238452411125763319432735443115234375000000000000
 0.000753690642891060701841210445195429201703518629074096679688,-0.722975616397234732701804205134976655244827270507812500000000, 0.602735667372129579888451189617626368999481201171875000000000, 0.337662514017342485495021264796378090977668762207031250000000, 1.226363878300551490951875166501849889755249023437500000000000, 2.446645451931445780502372144837863743305206298828125000000000
 0.000753690642891060701841210445195429201703518629074096679688,-0.722975616397234732701804205134976655244827270507812500000000, 0.602735667372129579888451189617626368999481201171875000000000,-0.337662514017342485495021264796378090977668762207031250000000, 1.915228775289241625046088302042335271835327148437500000000000, 2.446645451931445780502372144837863743305206298828125000000000
 0.000753690642891060701841210445195429201703518629074096679688,-0.722975616397234732701804205134976655244827270507812500000000,-0.602735667372129579888451189617626368999481201171875000000000, 0.337662514017342485495021264796378090977668762207031250000000, 1.226363878300551490951875166501849889755249023437500000000000, 3.836539855248140451493554792250506579875946044921875000000000
 0.000753690642891060701841210445195429201703518629074096679688,-0.722975616397234732701804205134976655244827270507812500000000,-0.602735667372129579888451189617626368999481201171875000000000,-0.337662514017342485495021264796378090977668762207031250000000, 1.915228775289241625046088302042335271835327148437500000000000, 3.836539855248140451493554792250506579875946044921875000000000
 0.000753690642891060701841210445195429201703518629074096679688, 0.722975616397234732701804205134976655244827270507812500000000, 0.337662514017342707539626189827686175704002380371093750000000, 0.602735667372129468866148727101972326636314392089843750000000, 0.923871230717109193086855611909413710236549377441406250000000, 0.436938206966075715076414098803070373833179473876953125000000
 0.000753690642891060701841210445195429201703518629074096679688, 0.722975616397234732701804205134976655244827270507812500000000, 0.337662514017342707539626189827686175704002380371093750000000,-0.602735667372129468866148727101972326636314392089843750000000, 2.217721422872684033933410319150425493717193603515625000000000, 0.436938206966075715076414098803070373833179473876953125000000
 0.000753690642891060701841210445195429201703518629074096679688, 0.722975616397234732701804205134976655244827270507812500000000,-0.337662514017342707539626189827686175704002380371093750000000, 0.602735667372129468866148727101972326636314392089843750000000, 0.923871230717109193086855611909413710236549377441406250000000, 5.846247100213510350386059144511818885803222656250000000000000
 0.000753690642891060701841210445195429201703518629074096679688, 0.722975616397234732701804205134976655244827270507812500000000,-0.337662514017342707539626189827686175704002380371093750000000,-0.602735667372129468866148727101972326636314392089843750000000, 2.217721422872684033933410319150425493717193603515625000000000, 5.846247100213510350386059144511818885803222656250000000000000
 0.000753690642891060701841210445195429201703518629074096679688,-0.722975616397234843724106667650630697607994079589843750000000, 0.337662514017342485495021264796378090977668762207031250000000, 0.602735667372129468866148727101972326636314392089843750000000, 0.923871230717109193086855611909413710236549377441406250000000, 2.704654446623717678477305526030249893665313720703125000000000
 0.000753690642891060701841210445195429201703518629074096679688,-0.722975616397234843724106667650630697607994079589843750000000, 0.337662514017342485495021264796378090977668762207031250000000,-0.602735667372129468866148727101972326636314392089843750000000, 2.217721422872684033933410319150425493717193603515625000000000, 2.704654446623717678477305526030249893665313720703125000000000
 0.000753690642891060701841210445195429201703518629074096679688,-0.722975616397234843724106667650630697607994079589843750000000,-0.337662514017342485495021264796378090977668762207031250000000, 0.602735667372129468866148727101972326636314392089843750000000, 0.923871230717109193086855611909413710236549377441406250000000, 3.578530860555868553518621411058120429515838623046875000000000
 0.000753690642891060701841210445195429201703518629074096679688,-0.722975616397234843724106667650630697607994079589843750000000,-0.337662514017342485495021264796378090977668762207031250000000,-0.602735667372129468866148727101972326636314392089843750000000, 2.217721422872684033933410319150425493717193603515625000000000, 3.578530860555868553518621411058120429515838623046875000000000
 0.000747250596558060196580863809856509760720655322074890136719, 0.549603232025509758074122146354056894779205322265625000000000, 0.282230130972798698429926389508182182908058166503906250000000, 0.786309379645308892392563393514137715101242065429687500000000, 0.665983738482886056253562401252565905451774597167968750000000, 0.474401962259149545531045077950693666934967041015625000000000
 0.000747250596558060196580863809856509760720655322074890136719, 0.549603232025509980118727071385364979505538940429687500000000, 0.282230130972798809452228852023836225271224975585937500000000,-0.786309379645308670347958468482829630374908447265625000000000, 2.475608915106906948722098604775965213775634765625000000000000, 0.474401962259149545531045077950693666934967041015625000000000
 0.000747250596558060196580863809856509760720655322074890136719, 0.549603232025509758074122146354056894779205322265625000000000,-0.282230130972798698429926389508182182908058166503906250000000, 0.786309379645308892392563393514137715101242065429687500000000, 0.665983738482886056253562401252565905451774597167968750000000, 5.808783344920437130554091709200292825698852539062500000000000
 0.000747250596558060196580863809856509760720655322074890136719, 0.549603232025509980118727071385364979505538940429687500000000,-0.282230130972798809452228852023836225271224975585937500000000,-0.786309379645308670347958468482829630374908447265625000000000, 2.475608915106906948722098604775965213775634765625000000000000, 5.808783344920437130554091709200292825698852539062500000000000
 0.000747250596558060196580863809856509760720655322074890136719,-0.549603232025509758074122146354056894779205322265625000000000, 0.282230130972798809452228852023836225271224975585937500000000, 0.786309379645308892392563393514137715101242065429687500000000, 0.665983738482886056253562401252565905451774597167968750000000, 2.667190691330643570466918390593491494655609130859375000000000
 0.000747250596558060196580863809856509760720655322074890136719,-0.549603232025509980118727071385364979505538940429687500000000, 0.282230130972798920474531314539490267634391784667968750000000,-0.786309379645308670347958468482829630374908447265625000000000, 2.475608915106906948722098604775965213775634765625000000000000, 2.667190691330643570466918390593491494655609130859375000000000
 0.000747250596558060196580863809856509760720655322074890136719,-0.549603232025509758074122146354056894779205322265625000000000,-0.282230130972798809452228852023836225271224975585937500000000, 0.786309379645308892392563393514137715101242065429687500000000, 0.665983738482886056253562401252565905451774597167968750000000, 3.615994615848942661529008546494878828525543212890625000000000
 0.000747250596558060196580863809856509760720655322074890136719,-0.549603232025509980118727071385364979505538940429687500000000,-0.282230130972798920474531314539490267634391784667968750000000,-0.786309379645308670347958468482829630374908447265625000000000, 2.475608915106906948722098604775965213775634765625000000000000, 3.615994615848942661529008546494878828525543212890625000000000
 0.000747250596558060196580863809856509760720655322074890136719, 0.549603232025509758074122146354056894779205322265625000000000, 0.786309379645309003414865856029791757464408874511718750000000, 0.282230130972798698429926389508182182908058166503906250000000, 1.284678374862975314130153492442332208156585693359375000000000, 0.960764906913462057858055231918115168809890747070312500000000
 0.000747250596558060196580863809856509760720655322074890136719, 0.549603232025509758074122146354056894779205322265625000000000, 0.786309379645309003414865856029791757464408874511718750000000,-0.282230130972798920474531314539490267634391784667968750000000, 1.856914278726818023912414901133161038160324096679687500000000, 0.960764906913462057858055231918115168809890747070312500000000
 0.000747250596558060196580863809856509760720655322074890136719, 0.549603232025509758074122146354056894779205322265625000000000,-0.786309379645309003414865856029791757464408874511718750000000, 0.282230130972798698429926389508182182908058166503906250000000, 1.284678374862975314130153492442332208156585693359375000000000, 5.322420400266124396182476630201563239097595214843750000000000
 0.000747250596558060196580863809856509760720655322074890136719, 0.549603232025509758074122146354056894779205322265625000000000,-0.786309379645309003414865856029791757464408874511718750000000,-0.282230130972798920474531314539490267634391784667968750000000, 1.856914278726818023912414901133161038160324096679687500000000, 5.322420400266124396182476630201563239097595214843750000000000
 0.000747250596558060196580863809856509760720655322074890136719,-0.549603232025509869096424608869710937142372131347656250000000, 0.786309379645308892392563393514137715101242065429687500000000, 0.282230130972798698429926389508182182908058166503906250000000, 1.284678374862975314130153492442332208156585693359375000000000, 2.180827746676331280184513161657378077507019042968750000000000
 0.000747250596558060196580863809856509760720655322074890136719,-0.549603232025509869096424608869710937142372131347656250000000, 0.786309379645308892392563393514137715101242065429687500000000,-0.282230130972798920474531314539490267634391784667968750000000, 1.856914278726818023912414901133161038160324096679687500000000, 2.180827746676331280184513161657378077507019042968750000000000
 0.000747250596558060196580863809856509760720655322074890136719,-0.549603232025509869096424608869710937142372131347656250000000,-0.786309379645308892392563393514137715101242065429687500000000, 0.282230130972798698429926389508182182908058166503906250000000, 1.284678374862975314130153492442332208156585693359375000000000, 4.102357560503254951811413775430992245674133300781250000000000
 0.000747250596558060196580863809856509760720655322074890136719,-0.549603232025509869096424608869710937142372131347656250000000,-0.786309379645308892392563393514137715101242065429687500000000,-0.282230130972798920474531314539490267634391784667968750000000, 1.856914278726818023912414901133161038160324096679687500000000, 4.102357560503254951811413775430992245674133300781250000000000
 0.000747250596558060196580863809856509760720655322074890136719, 0.282230130972798809452228852023836225271224975585937500000000, 0.549603232025509647051819683838402852416038513183593750000000, 0.786309379645308892392563393514137715101242065429687500000000, 0.665983738482885945231259938736911863088607788085937500000000, 1.096394364535746790423331731290090829133987426757812500000000
 0.000747250596558060196580863809856509760720655322074890136719, 0.282230130972798920474531314539490267634391784667968750000000, 0.549603232025509869096424608869710937142372131347656250000000,-0.786309379645308670347958468482829630374908447265625000000000, 2.475608915106906948722098604775965213775634765625000000000000, 1.096394364535746790423331731290090829133987426757812500000000
 0.000747250596558060196580863809856509760720655322074890136719, 0.282230130972798809452228852023836225271224975585937500000000,-0.549603232025509647051819683838402852416038513183593750000000, 0.786309379645308892392563393514137715101242065429687500000000, 0.665983738482885945231259938736911863088607788085937500000000, 5.186790942643839663617200130829587578773498535156250000000000
 0.000747250596558060196580863809856509760720655322074890136719, 0.282230130972798920474531314539490267634391784667968750000000,-0.549603232025509869096424608869710937142372131347656250000000,-0.786309379645308670347958468482829630374908447265625000000000, 2.475608915106906948722098604775965213775634765625000000000000, 5.186790942643839663617200130829587578773498535156250000000000
 0.000747250596558060196580863809856509760720655322074890136719,-0.282230130972798920474531314539490267634391784667968750000000, 0.549603232025509647051819683838402852416038513183593750000000, 0.786309379645308892392563393514137715101242065429687500000000, 0.665983738482885945231259938736911863088607788085937500000000, 2.045198289054046547619236662285402417182922363281250000000000
 0.000747250596558060196580863809856509760720655322074890136719,-0.282230130972798975985682545797317288815975189208984375000000, 0.549603232025509869096424608869710937142372131347656250000000,-0.786309379645308670347958468482829630374908447265625000000000, 2.475608915106906948722098604775965213775634765625000000000000, 2.045198289054046547619236662285402417182922363281250000000000
 0.000747250596558060196580863809856509760720655322074890136719,-0.282230130972798920474531314539490267634391784667968750000000,-0.549603232025509647051819683838402852416038513183593750000000, 0.786309379645308892392563393514137715101242065429687500000000, 0.665983738482885945231259938736911863088607788085937500000000, 4.237987018125539684376690274802967905998229980468750000000000
 0.000747250596558060196580863809856509760720655322074890136719,-0.282230130972798975985682545797317288815975189208984375000000,-0.549603232025509869096424608869710937142372131347656250000000,-0.786309379645308670347958468482829630374908447265625000000000, 2.475608915106906948722098604775965213775634765625000000000000, 4.237987018125539684376690274802967905998229980468750000000000
 0.000747250596558060196580863809856509760720655322074890136719, 0.282230130972798809452228852023836225271224975585937500000000, 0.786309379645309003414865856029791757464408874511718750000000, 0.549603232025509647051819683838402852416038513183593750000000, 0.988907092195961845426666059211129322648048400878906250000000, 1.226188188339119244929520391451660543680191040039062500000000
 0.000747250596558060196580863809856509760720655322074890136719, 0.282230130972798809452228852023836225271224975585937500000000, 0.786309379645309003414865856029791757464408874511718750000000,-0.549603232025509647051819683838402852416038513183593750000000, 2.152685561393831381593599871848709881305694580078125000000000, 1.226188188339119244929520391451660543680191040039062500000000
 0.000747250596558060196580863809856509760720655322074890136719, 0.282230130972798809452228852023836225271224975585937500000000,-0.786309379645309003414865856029791757464408874511718750000000, 0.549603232025509647051819683838402852416038513183593750000000, 0.988907092195961845426666059211129322648048400878906250000000, 5.056997118840467209111011470668017864227294921875000000000000
 0.000747250596558060196580863809856509760720655322074890136719, 0.282230130972798809452228852023836225271224975585937500000000,-0.786309379645309003414865856029791757464408874511718750000000,-0.549603232025509647051819683838402852416038513183593750000000, 2.152685561393831381593599871848709881305694580078125000000000, 5.056997118840467209111011470668017864227294921875000000000000
 0.000747250596558060196580863809856509760720655322074890136719,-0.282230130972798975985682545797317288815975189208984375000000, 0.786309379645309003414865856029791757464408874511718750000000, 0.549603232025509647051819683838402852416038513183593750000000, 0.988907092195961845426666059211129322648048400878906250000000, 1.915404465250674093113048002123832702636718750000000000000000
 0.000747250596558060196580863809856509760720655322074890136719,-0.282230130972798975985682545797317288815975189208984375000000, 0.786309379645309003414865856029791757464408874511718750000000,-0.549603232025509647051819683838402852416038513183593750000000, 2.152685561393831381593599871848709881305694580078125000000000, 1.915404465250674093113048002123832702636718750000000000000000
 0.000747250596558060196580863809856509760720655322074890136719,-0.282230130972798975985682545797317288815975189208984375000000,-0.786309379645309003414865856029791757464408874511718750000000, 0.549603232025509647051819683838402852416038513183593750000000, 0.988907092195961845426666059211129322648048400878906250000000, 4.367780841928912138882878934964537620544433593750000000000000
 0.000747250596558060196580863809856509760720655322074890136719,-0.282230130972798975985682545797317288815975189208984375000000,-0.786309379645309003414865856029791757464408874511718750000000,-0.549603232025509647051819683838402852416038513183593750000000, 2.152685561393831381593599871848709881305694580078125000000000, 4.367780841928912138882878934964537620544433593750000000000000
 0.000747250596558060196580863809856509760720655322074890136719, 0.786309379645309003414865856029791757464408874511718750000000, 0.549603232025509758074122146354056894779205322265625000000000, 0.282230130972798698429926389508182182908058166503906250000000, 1.284678374862975314130153492442332208156585693359375000000000, 0.610031419881434500140926502353977411985397338867187500000000
 0.000747250596558060196580863809856509760720655322074890136719, 0.786309379645309003414865856029791757464408874511718750000000, 0.549603232025509758074122146354056894779205322265625000000000,-0.282230130972798920474531314539490267634391784667968750000000, 1.856914278726818023912414901133161038160324096679687500000000, 0.610031419881434500140926502353977411985397338867187500000000
 0.000747250596558060196580863809856509760720655322074890136719, 0.786309379645309003414865856029791757464408874511718750000000,-0.549603232025509758074122146354056894779205322265625000000000, 0.282230130972798698429926389508182182908058166503906250000000, 1.284678374862975314130153492442332208156585693359375000000000, 5.673153887298151509810395509703084826469421386718750000000000
 0.000747250596558060196580863809856509760720655322074890136719, 0.786309379645309003414865856029791757464408874511718750000000,-0.549603232025509758074122146354056894779205322265625000000000,-0.282230130972798920474531314539490267634391784667968750000000, 1.856914278726818023912414901133161038160324096679687500000000, 5.673153887298151509810395509703084826469421386718750000000000
 0.000747250596558060196580863809856509760720655322074890136719,-0.786309379645309114437168318545445799827575683593750000000000, 0.549603232025509425007214758807094767689704895019531250000000, 0.282230130972798698429926389508182182908058166503906250000000, 1.284678374862975314130153492442332208156585693359375000000000, 2.531561233708358837901641891221515834331512451171875000000000
 0.000747250596558060196580863809856509760720655322074890136719,-0.786309379645309114437168318545445799827575683593750000000000, 0.549603232025509425007214758807094767689704895019531250000000,-0.282230130972798920474531314539490267634391784667968750000000, 1.856914278726818023912414901133161038160324096679687500000000, 2.531561233708358837901641891221515834331512451171875000000000
 0.000747250596558060196580863809856509760720655322074890136719,-0.786309379645309114437168318545445799827575683593750000000000,-0.549603232025509425007214758807094767689704895019531250000000, 0.282230130972798698429926389508182182908058166503906250000000, 1.284678374862975314130153492442332208156585693359375000000000, 3.751624073471227394094285045866854488849639892578125000000000
 0.000747250596558060196580863809856509760720655322074890136719,-0.786309379645309114437168318545445799827575683593750000000000,-0.549603232025509425007214758807094767689704895019531250000000,-0.282230130972798920474531314539490267634391784667968750000000, 1.856914278726818023912414901133161038160324096679687500000000, 3.751624073471227394094285045866854488849639892578125000000000
 0.000747250596558060196580863809856509760720655322074890136719, 0.786309379645309003414865856029791757464408874511718750000000, 0.282230130972798809452228852023836225271224975585937500000000, 0.549603232025509647051819683838402852416038513183593750000000, 0.988907092195961845426666059211129322648048400878906250000000, 0.344608138455777368580612574078259058296680450439453125000000
 0.000747250596558060196580863809856509760720655322074890136719, 0.786309379645309003414865856029791757464408874511718750000000, 0.282230130972798809452228852023836225271224975585937500000000,-0.549603232025509647051819683838402852416038513183593750000000, 2.152685561393831381593599871848709881305694580078125000000000, 0.344608138455777368580612574078259058296680450439453125000000
 0.000747250596558060196580863809856509760720655322074890136719, 0.786309379645309003414865856029791757464408874511718750000000,-0.282230130972798809452228852023836225271224975585937500000000, 0.549603232025509647051819683838402852416038513183593750000000, 0.988907092195961845426666059211129322648048400878906250000000, 5.938577168723808696881860669236630201339721679687500000000000
 0.000747250596558060196580863809856509760720655322074890136719, 0.786309379645309003414865856029791757464408874511718750000000,-0.282230130972798809452228852023836225271224975585937500000000,-0.549603232025509647051819683838402852416038513183593750000000, 2.152685561393831381593599871848709881305694580078125000000000, 5.938577168723808696881860669236630201339721679687500000000000
 0.000747250596558060196580863809856509760720655322074890136719,-0.786309379645309114437168318545445799827575683593750000000000, 0.282230130972798587407623926992528140544891357421875000000000, 0.549603232025509647051819683838402852416038513183593750000000, 0.988907092195961845426666059211129322648048400878906250000000, 2.796984515134016024973107050755061209201812744140625000000000
 0.000747250596558060196580863809856509760720655322074890136719,-0.786309379645309114437168318545445799827575683593750000000000, 0.282230130972798587407623926992528140544891357421875000000000,-0.549603232025509647051819683838402852416038513183593750000000, 2.152685561393831381593599871848709881305694580078125000000000, 2.796984515134016024973107050755061209201812744140625000000000
 0.000747250596558060196580863809856509760720655322074890136719,-0.786309379645309114437168318545445799827575683593750000000000,-0.282230130972798587407623926992528140544891357421875000000000, 0.549603232025509647051819683838402852416038513183593750000000, 0.988907092195961845426666059211129322648048400878906250000000, 3.486200792045570207022819886333309113979339599609375000000000
 0.000747250596558060196580863809856509760720655322074890136719,-0.786309379645309114437168318545445799827575683593750000000000,-0.282230130972798587407623926992528140544891357421875000000000,-0.549603232025509647051819683838402852416038513183593750000000, 2.152685561393831381593599871848709881305694580078125000000000, 3.486200792045570207022819886333309113979339599609375000000000
 0.000734301713228059107184397813483656136668287217617034912109, 0.492170775523456782707398815546184778213500976562500000000000, 0.224863234259253808033918176079168915748596191406250000000000, 0.840954489612313671464960407320177182555198669433593750000000, 0.571751553831202796729371584660839289426803588867187500000000, 0.428561005978211950750988989966572262346744537353515625000000
 0.000734301713228059107184397813483656136668287217617034912109, 0.492170775523456727196247584288357757031917572021484375000000, 0.224863234259253808033918176079168915748596191406250000000000,-0.840954489612313671464960407320177182555198669433593750000000, 2.569841099758590541313196808914653956890106201171875000000000, 0.428561005978212006262140221224399283528327941894531250000000
 0.000734301713228059107184397813483656136668287217617034912109, 0.492170775523456782707398815546184778213500976562500000000000,-0.224863234259253808033918176079168915748596191406250000000000, 0.840954489612313671464960407320177182555198669433593750000000, 0.571751553831202796729371584660839289426803588867187500000000, 5.854624301201374336756089178379625082015991210937500000000000
 0.000734301713228059107184397813483656136668287217617034912109, 0.492170775523456727196247584288357757031917572021484375000000,-0.224863234259253808033918176079168915748596191406250000000000,-0.840954489612313671464960407320177182555198669433593750000000, 2.569841099758590541313196808914653956890106201171875000000000, 5.854624301201374336756089178379625082015991210937500000000000
 0.000734301713228059107184397813483656136668287217617034912109,-0.492170775523456782707398815546184778213500976562500000000000, 0.224863234259253891300645022965909447520971298217773437500000, 0.840954489612313671464960407320177182555198669433593750000000, 0.571751553831202796729371584660839289426803588867187500000000, 2.713031647611581220758125709835439920425415039062500000000000
 0.000734301713228059107184397813483656136668287217617034912109,-0.492170775523456727196247584288357757031917572021484375000000, 0.224863234259253891300645022965909447520971298217773437500000,-0.840954489612313671464960407320177182555198669433593750000000, 2.569841099758590541313196808914653956890106201171875000000000, 2.713031647611581220758125709835439920425415039062500000000000
 0.000734301713228059107184397813483656136668287217617034912109,-0.492170775523456782707398815546184778213500976562500000000000,-0.224863234259253891300645022965909447520971298217773437500000, 0.840954489612313671464960407320177182555198669433593750000000, 0.571751553831202796729371584660839289426803588867187500000000, 3.570153659568005011237801227252930402755737304687500000000000
 0.000734301713228059107184397813483656136668287217617034912109,-0.492170775523456727196247584288357757031917572021484375000000,-0.224863234259253891300645022965909447520971298217773437500000,-0.840954489612313671464960407320177182555198669433593750000000, 2.569841099758590541313196808914653956890106201171875000000000, 3.570153659568005011237801227252930402755737304687500000000000
 0.000734301713228059107184397813483656136668287217617034912109, 0.492170775523456782707398815546184778213500976562500000000000, 0.840954489612313671464960407320177182555198669433593750000000, 0.224863234259253808033918176079168915748596191406250000000000, 1.343993653211636774003068239835556596517562866210937500000000, 1.041291105852809373288891947595402598381042480468750000000000
 0.000734301713228059107184397813483656136668287217617034912109, 0.492170775523456782707398815546184778213500976562500000000000, 0.840954489612313560442657944804523140192031860351562500000000,-0.224863234259254002322947485481563489884138107299804687500000, 1.797599000378156564039500153739936649799346923828125000000000, 1.041291105852809151244287022564094513654708862304687500000000
 0.000734301713228059107184397813483656136668287217617034912109, 0.492170775523456782707398815546184778213500976562500000000000,-0.840954489612313671464960407320177182555198669433593750000000, 0.224863234259253808033918176079168915748596191406250000000000, 1.343993653211636774003068239835556596517562866210937500000000, 5.241894201326776858707034989492967724800109863281250000000000
 0.000734301713228059107184397813483656136668287217617034912109, 0.492170775523456782707398815546184778213500976562500000000000,-0.840954489612313560442657944804523140192031860351562500000000,-0.224863234259254002322947485481563489884138107299804687500000, 1.797599000378156564039500153739936649799346923828125000000000, 5.241894201326776858707034989492967724800109863281250000000000
 0.000734301713228059107184397813483656136668287217617034912109,-0.492170775523456893729701278061838820576667785644531250000000, 0.840954489612313671464960407320177182555198669433593750000000, 0.224863234259253808033918176079168915748596191406250000000000, 1.343993653211636996047673164866864681243896484375000000000000, 2.100301547736984186798281371011398732662200927734375000000000
 0.000734301713228059107184397813483656136668287217617034912109,-0.492170775523456893729701278061838820576667785644531250000000, 0.840954489612313560442657944804523140192031860351562500000000,-0.224863234259254002322947485481563489884138107299804687500000, 1.797599000378156564039500153739936649799346923828125000000000, 2.100301547736984186798281371011398732662200927734375000000000
 0.000734301713228059107184397813483656136668287217617034912109,-0.492170775523456893729701278061838820576667785644531250000000,-0.840954489612313671464960407320177182555198669433593750000000, 0.224863234259253808033918176079168915748596191406250000000000, 1.343993653211636996047673164866864681243896484375000000000000, 4.182883759442601601108435716014355421066284179687500000000000
 0.000734301713228059107184397813483656136668287217617034912109,-0.492170775523456893729701278061838820576667785644531250000000,-0.840954489612313560442657944804523140192031860351562500000000,-0.224863234259254002322947485481563489884138107299804687500000, 1.797599000378156564039500153739936649799346923828125000000000, 4.182883759442601601108435716014355421066284179687500000000000
 0.000734301713228059107184397813483656136668287217617034912109, 0.224863234259254002322947485481563489884138107299804687500000, 0.492170775523456782707398815546184778213500976562500000000000, 0.840954489612313671464960407320177182555198669433593750000000, 0.571751553831202796729371584660839289426803588867187500000000, 1.142235320816684440714539050532039254903793334960937500000000
 0.000734301713228059107184397813483656136668287217617034912109, 0.224863234259254002322947485481563489884138107299804687500000, 0.492170775523456727196247584288357757031917572021484375000000,-0.840954489612313671464960407320177182555198669433593750000000, 2.569841099758590541313196808914653956890106201171875000000000, 1.142235320816684218669934125500731170177459716796875000000000
 0.000734301713228059107184397813483656136668287217617034912109, 0.224863234259254002322947485481563489884138107299804687500000,-0.492170775523456782707398815546184778213500976562500000000000, 0.840954489612313671464960407320177182555198669433593750000000, 0.571751553831202796729371584660839289426803588867187500000000, 5.140949986362901569236782961525022983551025390625000000000000
 0.000734301713228059107184397813483656136668287217617034912109, 0.224863234259254002322947485481563489884138107299804687500000,-0.492170775523456727196247584288357757031917572021484375000000,-0.840954489612313671464960407320177182555198669433593750000000, 2.569841099758590541313196808914653956890106201171875000000000, 5.140949986362901569236782961525022983551025390625000000000000
 0.000734301713228059107184397813483656136668287217617034912109,-0.224863234259254113345249947997217532247304916381835937500000, 0.492170775523456727196247584288357757031917572021484375000000, 0.840954489612313671464960407320177182555198669433593750000000, 0.571751553831202796729371584660839289426803588867187500000000, 1.999357332773109119372634268074762076139450073242187500000000
 0.000734301713228059107184397813483656136668287217617034912109,-0.224863234259254113345249947997217532247304916381835937500000, 0.492170775523456616173945121772703714668750762939453125000000,-0.840954489612313671464960407320177182555198669433593750000000, 2.569841099758590541313196808914653956890106201171875000000000, 1.999357332773109119372634268074762076139450073242187500000000
 0.000734301713228059107184397813483656136668287217617034912109,-0.224863234259254113345249947997217532247304916381835937500000,-0.492170775523456727196247584288357757031917572021484375000000, 0.840954489612313671464960407320177182555198669433593750000000, 0.571751553831202796729371584660839289426803588867187500000000, 4.283827974406476890578687743982300162315368652343750000000000
 0.000734301713228059107184397813483656136668287217617034912109,-0.224863234259254113345249947997217532247304916381835937500000,-0.492170775523456616173945121772703714668750762939453125000000,-0.840954489612313671464960407320177182555198669433593750000000, 2.569841099758590541313196808914653956890106201171875000000000, 4.283827974406476890578687743982300162315368652343750000000000
 0.000734301713228059107184397813483656136668287217617034912109, 0.224863234259254002322947485481563489884138107299804687500000, 0.840954489612313671464960407320177182555198669433593750000000, 0.492170775523456727196247584288357757031917572021484375000000, 1.056214611845897488606738079397473484277725219726562500000000, 1.309518286885704263511343015125021338462829589843750000000000
 0.000734301713228059107184397813483656136668287217617034912109, 0.224863234259254002322947485481563489884138107299804687500000, 0.840954489612313671464960407320177182555198669433593750000000,-0.492170775523456782707398815546184778213500976562500000000000, 2.085378041743895849435830314178019762039184570312500000000000, 1.309518286885704263511343015125021338462829589843750000000000
 0.000734301713228059107184397813483656136668287217617034912109, 0.224863234259254002322947485481563489884138107299804687500000,-0.840954489612313671464960407320177182555198669433593750000000, 0.492170775523456727196247584288357757031917572021484375000000, 1.056214611845897488606738079397473484277725219726562500000000, 4.973667020293881968484583921963348984718322753906250000000000
 0.000734301713228059107184397813483656136668287217617034912109, 0.224863234259254002322947485481563489884138107299804687500000,-0.840954489612313671464960407320177182555198669433593750000000,-0.492170775523456782707398815546184778213500976562500000000000, 2.085378041743895849435830314178019762039184570312500000000000, 4.973667020293881968484583921963348984718322753906250000000000
 0.000734301713228059107184397813483656136668287217617034912109,-0.224863234259254002322947485481563489884138107299804687500000, 0.840954489612313671464960407320177182555198669433593750000000, 0.492170775523456727196247584288357757031917572021484375000000, 1.056214611845897488606738079397473484277725219726562500000000, 1.832074366704088852486620453419163823127746582031250000000000
 0.000734301713228059107184397813483656136668287217617034912109,-0.224863234259254002322947485481563489884138107299804687500000, 0.840954489612313671464960407320177182555198669433593750000000,-0.492170775523456782707398815546184778213500976562500000000000, 2.085378041743895849435830314178019762039184570312500000000000, 1.832074366704088852486620453419163823127746582031250000000000
 0.000734301713228059107184397813483656136668287217617034912109,-0.224863234259254002322947485481563489884138107299804687500000,-0.840954489612313671464960407320177182555198669433593750000000, 0.492170775523456727196247584288357757031917572021484375000000, 1.056214611845897488606738079397473484277725219726562500000000, 4.451110940475497379509306483669206500053405761718750000000000
 0.000734301713228059107184397813483656136668287217617034912109,-0.224863234259254002322947485481563489884138107299804687500000,-0.840954489612313671464960407320177182555198669433593750000000,-0.492170775523456782707398815546184778213500976562500000000000, 2.085378041743895849435830314178019762039184570312500000000000, 4.451110940475497379509306483669206500053405761718750000000000
 0.000734301713228059107184397813483656136668287217617034912109, 0.840954489612313782487262869835831224918365478515625000000000, 0.492170775523456727196247584288357757031917572021484375000000, 0.224863234259253808033918176079168915748596191406250000000000, 1.343993653211636996047673164866864681243896484375000000000000, 0.529505220942087184710089786676689982414245605468750000000000
 0.000734301713228059107184397813483656136668287217617034912109, 0.840954489612313671464960407320177182555198669433593750000000, 0.492170775523456727196247584288357757031917572021484375000000,-0.224863234259254002322947485481563489884138107299804687500000, 1.797599000378156564039500153739936649799346923828125000000000, 0.529505220942087295732392249192344024777412414550781250000000
 0.000734301713228059107184397813483656136668287217617034912109, 0.840954489612313782487262869835831224918365478515625000000000,-0.492170775523456727196247584288357757031917572021484375000000, 0.224863234259253808033918176079168915748596191406250000000000, 1.343993653211636996047673164866864681243896484375000000000000, 5.753680086237499047285837150411680340766906738281250000000000
 0.000734301713228059107184397813483656136668287217617034912109, 0.840954489612313671464960407320177182555198669433593750000000,-0.492170775523456727196247584288357757031917572021484375000000,-0.224863234259254002322947485481563489884138107299804687500000, 1.797599000378156564039500153739936649799346923828125000000000, 5.753680086237499047285837150411680340766906738281250000000000
 0.000734301713228059107184397813483656136668287217617034912109,-0.840954489612313782487262869835831224918365478515625000000000, 0.492170775523456727196247584288357757031917572021484375000000, 0.224863234259253808033918176079168915748596191406250000000000, 1.343993653211636996047673164866864681243896484375000000000000, 2.612087432647705931287873681867495179176330566406250000000000
 0.000734301713228059107184397813483656136668287217617034912109,-0.840954489612313671464960407320177182555198669433593750000000, 0.492170775523456727196247584288357757031917572021484375000000,-0.224863234259254002322947485481563489884138107299804687500000, 1.797599000378156564039500153739936649799346923828125000000000, 2.612087432647705931287873681867495179176330566406250000000000
 0.000734301713228059107184397813483656136668287217617034912109,-0.840954489612313782487262869835831224918365478515625000000000,-0.492170775523456727196247584288357757031917572021484375000000, 0.224863234259253808033918176079168915748596191406250000000000, 1.343993653211636996047673164866864681243896484375000000000000, 3.671097874531880300708053255220875144004821777343750000000000
 0.000734301713228059107184397813483656136668287217617034912109,-0.840954489612313671464960407320177182555198669433593750000000,-0.492170775523456727196247584288357757031917572021484375000000,-0.224863234259254002322947485481563489884138107299804687500000, 1.797599000378156564039500153739936649799346923828125000000000, 3.671097874531880300708053255220875144004821777343750000000000
 0.000734301713228059107184397813483656136668287217617034912109, 0.840954489612313671464960407320177182555198669433593750000000, 0.224863234259253891300645022965909447520971298217773437500000, 0.492170775523456727196247584288357757031917572021484375000000, 1.056214611845897488606738079397473484277725219726562500000000, 0.261278039909192127954185025373590178787708282470703125000000
 0.000734301713228059107184397813483656136668287217617034912109, 0.840954489612313671464960407320177182555198669433593750000000, 0.224863234259253891300645022965909447520971298217773437500000,-0.492170775523456782707398815546184778213500976562500000000000, 2.085378041743895849435830314178019762039184570312500000000000, 0.261278039909192127954185025373590178787708282470703125000000
 0.000734301713228059107184397813483656136668287217617034912109, 0.840954489612313671464960407320177182555198669433593750000000,-0.224863234259253891300645022965909447520971298217773437500000, 0.492170775523456727196247584288357757031917572021484375000000, 1.056214611845897488606738079397473484277725219726562500000000, 6.021907267270393937508288217941299080848693847656250000000000
 0.000734301713228059107184397813483656136668287217617034912109, 0.840954489612313671464960407320177182555198669433593750000000,-0.224863234259253891300645022965909447520971298217773437500000,-0.492170775523456782707398815546184778213500976562500000000000, 2.085378041743895849435830314178019762039184570312500000000000, 6.021907267270393937508288217941299080848693847656250000000000
 0.000734301713228059107184397813483656136668287217617034912109,-0.840954489612313671464960407320177182555198669433593750000000, 0.224863234259253808033918176079168915748596191406250000000000, 0.492170775523456727196247584288357757031917572021484375000000, 1.056214611845897488606738079397473484277725219726562500000000, 2.880314613680601265599534599459730088710784912109375000000000
 0.000734301713228059107184397813483656136668287217617034912109,-0.840954489612313671464960407320177182555198669433593750000000, 0.224863234259253808033918176079168915748596191406250000000000,-0.492170775523456782707398815546184778213500976562500000000000, 2.085378041743895849435830314178019762039184570312500000000000, 2.880314613680601265599534599459730088710784912109375000000000
 0.000734301713228059107184397813483656136668287217617034912109,-0.840954489612313671464960407320177182555198669433593750000000,-0.224863234259253808033918176079168915748596191406250000000000, 0.492170775523456727196247584288357757031917572021484375000000, 1.056214611845897488606738079397473484277725219726562500000000, 3.402870693498984966396392337628640234470367431640625000000000
 0.000734301713228059107184397813483656136668287217617034912109,-0.840954489612313671464960407320177182555198669433593750000000,-0.224863234259253808033918176079168915748596191406250000000000,-0.492170775523456782707398815546184778213500976562500000000000, 2.085378041743895849435830314178019762039184570312500000000000, 3.402870693498984966396392337628640234470367431640625000000000
 0.000713087158218057306190151845015634535229764878749847412109, 0.430942299859848110266113963007228448987007141113281250000000, 0.166622472345647892888464980387652758508920669555664062500000, 0.886862833757807500489889207528904080390930175781250000000000, 0.480285965159951699909868239046772941946983337402343750000000, 0.368942285829236327199254219522117637097835540771484375000000
 0.000713087158218057306190151845015634535229764878749847412109, 0.430942299859848110266113963007228448987007141113281250000000, 0.166622472345647809621738133500912226736545562744140625000000,-0.886862833757807611512191670044558122754096984863281250000000, 2.661306688429841749155002617044374346733093261718750000000000, 0.368942285829236160665800525748636573553085327148437500000000
 0.000713087158218057306190151845015634535229764878749847412109, 0.430942299859848110266113963007228448987007141113281250000000,-0.166622472345647892888464980387652758508920669555664062500000, 0.886862833757807500489889207528904080390930175781250000000000, 0.480285965159951699909868239046772941946983337402343750000000, 5.914243021350349849285521486308425664901733398437500000000000
 0.000713087158218057306190151845015634535229764878749847412109, 0.430942299859848110266113963007228448987007141113281250000000,-0.166622472345647809621738133500912226736545562744140625000000,-0.886862833757807611512191670044558122754096984863281250000000, 2.661306688429841749155002617044374346733093261718750000000000, 5.914243021350349849285521486308425664901733398437500000000000
 0.000713087158218057306190151845015634535229764878749847412109,-0.430942299859848110266113963007228448987007141113281250000000, 0.166622472345647892888464980387652758508920669555664062500000, 0.886862833757807500489889207528904080390930175781250000000000, 0.480285965159951699909868239046772941946983337402343750000000, 2.772650367760556733287558017764240503311157226562500000000000
 0.000713087158218057306190151845015634535229764878749847412109,-0.430942299859848110266113963007228448987007141113281250000000, 0.166622472345647809621738133500912226736545562744140625000000,-0.886862833757807611512191670044558122754096984863281250000000, 2.661306688429841749155002617044374346733093261718750000000000, 2.772650367760557177376767867826856672763824462890625000000000
 0.000713087158218057306190151845015634535229764878749847412109,-0.430942299859848110266113963007228448987007141113281250000000,-0.166622472345647892888464980387652758508920669555664062500000, 0.886862833757807500489889207528904080390930175781250000000000, 0.480285965159951699909868239046772941946983337402343750000000, 3.510534939419029498708368919324129819869995117187500000000000
 0.000713087158218057306190151845015634535229764878749847412109,-0.430942299859848110266113963007228448987007141113281250000000,-0.166622472345647809621738133500912226736545562744140625000000,-0.886862833757807611512191670044558122754096984863281250000000, 2.661306688429841749155002617044374346733093261718750000000000, 3.510534939419029054619159069261513650417327880859375000000000
 0.000713087158218057306190151845015634535229764878749847412109, 0.430942299859848221288416425522882491350173950195312500000000, 0.886862833757807500489889207528904080390930175781250000000000, 0.166622472345648003910767442903306800872087478637695312500000, 1.403393068627569517659026132605504244565963745117187500000000, 1.118477936405019690369044838007539510726928710937500000000000
 0.000713087158218057306190151845015634535229764878749847412109, 0.430942299859848221288416425522882491350173950195312500000000, 0.886862833757807500489889207528904080390930175781250000000000,-0.166622472345648003910767442903306800872087478637695312500000, 1.738199584962223820383542260969989001750946044921875000000000, 1.118477936405019690369044838007539510726928710937500000000000
 0.000713087158218057306190151845015634535229764878749847412109, 0.430942299859848221288416425522882491350173950195312500000000,-0.886862833757807500489889207528904080390930175781250000000000, 0.166622472345648003910767442903306800872087478637695312500000, 1.403393068627569517659026132605504244565963745117187500000000, 5.164707370774566541626882099080830812454223632812500000000000
 0.000713087158218057306190151845015634535229764878749847412109, 0.430942299859848221288416425522882491350173950195312500000000,-0.886862833757807500489889207528904080390930175781250000000000,-0.166622472345648003910767442903306800872087478637695312500000, 1.738199584962223820383542260969989001750946044921875000000000, 5.164707370774566541626882099080830812454223632812500000000000
 0.000713087158218057306190151845015634535229764878749847412109,-0.430942299859848221288416425522882491350173950195312500000000, 0.886862833757807500489889207528904080390930175781250000000000, 0.166622472345648003910767442903306800872087478637695312500000, 1.403393068627569517659026132605504244565963745117187500000000, 2.023114717184773425628918630536645650863647460937500000000000
 0.000713087158218057306190151845015634535229764878749847412109,-0.430942299859848221288416425522882491350173950195312500000000, 0.886862833757807500489889207528904080390930175781250000000000,-0.166622472345648003910767442903306800872087478637695312500000, 1.738199584962223820383542260969989001750946044921875000000000, 2.023114717184773425628918630536645650863647460937500000000000
 0.000713087158218057306190151845015634535229764878749847412109,-0.430942299859848221288416425522882491350173950195312500000000,-0.886862833757807500489889207528904080390930175781250000000000, 0.166622472345648003910767442903306800872087478637695312500000, 1.403393068627569517659026132605504244565963745117187500000000, 4.260070589994812806367008306551724672317504882812500000000000
 0.000713087158218057306190151845015634535229764878749847412109,-0.430942299859848221288416425522882491350173950195312500000000,-0.886862833757807500489889207528904080390930175781250000000000,-0.166622472345648003910767442903306800872087478637695312500000, 1.738199584962223820383542260969989001750946044921875000000000, 4.260070589994812806367008306551724672317504882812500000000000
 0.000713087158218057306190151845015634535229764878749847412109, 0.166622472345647809621738133500912226736545562744140625000000, 0.430942299859848221288416425522882491350173950195312500000000, 0.886862833757807500489889207528904080390930175781250000000000, 0.480285965159951699909868239046772941946983337402343750000000, 1.201854040965660619377786133554764091968536376953125000000000
 0.000713087158218057306190151845015634535229764878749847412109, 0.166622472345647809621738133500912226736545562744140625000000, 0.430942299859848110266113963007228448987007141113281250000000,-0.886862833757807611512191670044558122754096984863281250000000, 2.661306688429841749155002617044374346733093261718750000000000, 1.201854040965660397333181208523456007242202758789062500000000
 0.000713087158218057306190151845015634535229764878749847412109, 0.166622472345647809621738133500912226736545562744140625000000,-0.430942299859848221288416425522882491350173950195312500000000, 0.886862833757807500489889207528904080390930175781250000000000, 0.480285965159951699909868239046772941946983337402343750000000, 5.081331266213926056707350653596222400665283203125000000000000
 0.000713087158218057306190151845015634535229764878749847412109, 0.166622472345647809621738133500912226736545562744140625000000,-0.430942299859848110266113963007228448987007141113281250000000,-0.886862833757807611512191670044558122754096984863281250000000, 2.661306688429841749155002617044374346733093261718750000000000, 5.081331266213926056707350653596222400665283203125000000000000
 0.000713087158218057306190151845015634535229764878749847412109,-0.166622472345647892888464980387652758508920669555664062500000, 0.430942299859848110266113963007228448987007141113281250000000, 0.886862833757807500489889207528904080390930175781250000000000, 0.480285965159951699909868239046772941946983337402343750000000, 1.939738612624132940709387185052037239074707031250000000000000
 0.000713087158218057306190151845015634535229764878749847412109,-0.166622472345647809621738133500912226736545562744140625000000, 0.430942299859848110266113963007228448987007141113281250000000,-0.886862833757807611512191670044558122754096984863281250000000, 2.661306688429841749155002617044374346733093261718750000000000, 1.939738612624132718664782260020729154348373413085937500000000
 0.000713087158218057306190151845015634535229764878749847412109,-0.166622472345647892888464980387652758508920669555664062500000,-0.430942299859848110266113963007228448987007141113281250000000, 0.886862833757807500489889207528904080390930175781250000000000, 0.480285965159951699909868239046772941946983337402343750000000, 4.343446694555453291286539752036333084106445312500000000000000
 0.000713087158218057306190151845015634535229764878749847412109,-0.166622472345647809621738133500912226736545562744140625000000,-0.430942299859848110266113963007228448987007141113281250000000,-0.886862833757807611512191670044558122754096984863281250000000, 2.661306688429841749155002617044374346733093261718750000000000, 4.343446694555453291286539752036333084106445312500000000000000
 0.000713087158218057306190151845015634535229764878749847412109, 0.166622472345647892888464980387652758508920669555664062500000, 0.886862833757807389467586745013250038027763366699218750000000, 0.430942299859848276799567656780709512531757354736328125000000, 1.125259570904771244670428131939843297004699707031250000000000, 1.385082741968094000029054768674541264772415161132812500000000
 0.000713087158218057306190151845015634535229764878749847412109, 0.166622472345647892888464980387652758508920669555664062500000, 0.886862833757807389467586745013250038027763366699218750000000,-0.430942299859848276799567656780709512531757354736328125000000, 2.016333082685021871327535336604341864585876464843750000000000, 1.385082741968094000029054768674541264772415161132812500000000
 0.000713087158218057306190151845015634535229764878749847412109, 0.166622472345647892888464980387652758508920669555664062500000,-0.886862833757807389467586745013250038027763366699218750000000, 0.430942299859848276799567656780709512531757354736328125000000, 1.125259570904771244670428131939843297004699707031250000000000, 4.898102565211492454011477093445137143135070800781250000000000
 0.000713087158218057306190151845015634535229764878749847412109, 0.166622472345647892888464980387652758508920669555664062500000,-0.886862833757807389467586745013250038027763366699218750000000,-0.430942299859848276799567656780709512531757354736328125000000, 2.016333082685021871327535336604341864585876464843750000000000, 4.898102565211492454011477093445137143135070800781250000000000
 0.000713087158218057306190151845015634535229764878749847412109,-0.166622472345647892888464980387652758508920669555664062500000, 0.886862833757807389467586745013250038027763366699218750000000, 0.430942299859848276799567656780709512531757354736328125000000, 1.125259570904771244670428131939843297004699707031250000000000, 1.756509911621699115968908699869643896818161010742187500000000
 0.000713087158218057306190151845015634535229764878749847412109,-0.166622472345647892888464980387652758508920669555664062500000, 0.886862833757807389467586745013250038027763366699218750000000,-0.430942299859848276799567656780709512531757354736328125000000, 2.016333082685021871327535336604341864585876464843750000000000, 1.756509911621699115968908699869643896818161010742187500000000
 0.000713087158218057306190151845015634535229764878749847412109,-0.166622472345647892888464980387652758508920669555664062500000,-0.886862833757807389467586745013250038027763366699218750000000, 0.430942299859848276799567656780709512531757354736328125000000, 1.125259570904771244670428131939843297004699707031250000000000, 4.526675395557886893982413312187418341636657714843750000000000
 0.000713087158218057306190151845015634535229764878749847412109,-0.166622472345647892888464980387652758508920669555664062500000,-0.886862833757807389467586745013250038027763366699218750000000,-0.430942299859848276799567656780709512531757354736328125000000, 2.016333082685021871327535336604341864585876464843750000000000, 4.526675395557886893982413312187418341636657714843750000000000
 0.000713087158218057306190151845015634535229764878749847412109, 0.886862833757807389467586745013250038027763366699218750000000, 0.430942299859848498844172581812017597258090972900390625000000, 0.166622472345648003910767442903306800872087478637695312500000, 1.403393068627569517659026132605504244565963745117187500000000, 0.452318390389877200696844283811515197157859802246093750000000
 0.000713087158218057306190151845015634535229764878749847412109, 0.886862833757807389467586745013250038027763366699218750000000, 0.430942299859848498844172581812017597258090972900390625000000,-0.166622472345648003910767442903306800872087478637695312500000, 1.738199584962223820383542260969989001750946044921875000000000, 0.452318390389877200696844283811515197157859802246093750000000
 0.000713087158218057306190151845015634535229764878749847412109, 0.886862833757807389467586745013250038027763366699218750000000,-0.430942299859848498844172581812017597258090972900390625000000, 0.166622472345648003910767442903306800872087478637695312500000, 1.403393068627569517659026132605504244565963745117187500000000, 5.830866916789709364365990040823817253112792968750000000000000
 0.000713087158218057306190151845015634535229764878749847412109, 0.886862833757807389467586745013250038027763366699218750000000,-0.430942299859848498844172581812017597258090972900390625000000,-0.166622472345648003910767442903306800872087478637695312500000, 1.738199584962223820383542260969989001750946044921875000000000, 5.830866916789709364365990040823817253112792968750000000000000
 0.000713087158218057306190151845015634535229764878749847412109,-0.886862833757807500489889207528904080390930175781250000000000, 0.430942299859848221288416425522882491350173950195312500000000, 0.166622472345648003910767442903306800872087478637695312500000, 1.403393068627569517659026132605504244565963745117187500000000, 2.689274263199916248368026572279632091522216796875000000000000
 0.000713087158218057306190151845015634535229764878749847412109,-0.886862833757807500489889207528904080390930175781250000000000, 0.430942299859848221288416425522882491350173950195312500000000,-0.166622472345648003910767442903306800872087478637695312500000, 1.738199584962223820383542260969989001750946044921875000000000, 2.689274263199916248368026572279632091522216796875000000000000
 0.000713087158218057306190151845015634535229764878749847412109,-0.886862833757807500489889207528904080390930175781250000000000,-0.430942299859848221288416425522882491350173950195312500000000, 0.166622472345648003910767442903306800872087478637695312500000, 1.403393068627569517659026132605504244565963745117187500000000, 3.593911043979669983627900364808738231658935546875000000000000
 0.000713087158218057306190151845015634535229764878749847412109,-0.886862833757807500489889207528904080390930175781250000000000,-0.430942299859848221288416425522882491350173950195312500000000,-0.166622472345648003910767442903306800872087478637695312500000, 1.738199584962223820383542260969989001750946044921875000000000, 3.593911043979669983627900364808738231658935546875000000000000
 0.000713087158218057306190151845015634535229764878749847412109, 0.886862833757807389467586745013250038027763366699218750000000, 0.166622472345647809621738133500912226736545562744140625000000, 0.430942299859848276799567656780709512531757354736328125000000, 1.125259570904771244670428131939843297004699707031250000000000, 0.185713584826802502458775734339724294841289520263671875000000
 0.000713087158218057306190151845015634535229764878749847412109, 0.886862833757807389467586745013250038027763366699218750000000, 0.166622472345647809621738133500912226736545562744140625000000,-0.430942299859848276799567656780709512531757354736328125000000, 2.016333082685021871327535336604341864585876464843750000000000, 0.185713584826802502458775734339724294841289520263671875000000
 0.000713087158218057306190151845015634535229764878749847412109, 0.886862833757807389467586745013250038027763366699218750000000,-0.166622472345647809621738133500912226736545562744140625000000, 0.430942299859848276799567656780709512531757354736328125000000, 1.125259570904771244670428131939843297004699707031250000000000, 6.097471722352783451981395046459510922431945800781250000000000
 0.000713087158218057306190151845015634535229764878749847412109, 0.886862833757807389467586745013250038027763366699218750000000,-0.166622472345647809621738133500912226736545562744140625000000,-0.430942299859848276799567656780709512531757354736328125000000, 2.016333082685021871327535336604341864585876464843750000000000, 6.097471722352783451981395046459510922431945800781250000000000
 0.000713087158218057306190151845015634535229764878749847412109,-0.886862833757807389467586745013250038027763366699218750000000, 0.166622472345647698599435670985258184373378753662109375000000, 0.430942299859848276799567656780709512531757354736328125000000, 1.125259570904771244670428131939843297004699707031250000000000, 2.955879068762990780072641427977941930294036865234375000000000
 0.000713087158218057306190151845015634535229764878749847412109,-0.886862833757807389467586745013250038027763366699218750000000, 0.166622472345647698599435670985258184373378753662109375000000,-0.430942299859848276799567656780709512531757354736328125000000, 2.016333082685021871327535336604341864585876464843750000000000, 2.955879068762990780072641427977941930294036865234375000000000
 0.000713087158218057306190151845015634535229764878749847412109,-0.886862833757807389467586745013250038027763366699218750000000,-0.166622472345647698599435670985258184373378753662109375000000, 0.430942299859848276799567656780709512531757354736328125000000, 1.125259570904771244670428131939843297004699707031250000000000, 3.327306238416595451923285509110428392887115478515625000000000
 0.000713087158218057306190151845015634535229764878749847412109,-0.886862833757807389467586745013250038027763366699218750000000,-0.166622472345647698599435670985258184373378753662109375000000,-0.430942299859848276799567656780709512531757354736328125000000, 2.016333082685021871327535336604341864585876464843750000000000, 3.327306238416595451923285509110428392887115478515625000000000
 0.000681702203211054821689607319257220297004096210002899169922, 0.366410818231367174657719942842959426343441009521484375000000, 0.108696490182216998210407155056600458920001983642578125000000, 0.924082347686117855367626816587289795279502868652343750000000, 0.392168760594292620247358627239009365439414978027343750000000, 0.288382381807585130850668519997270777821540832519531250000000
 0.000681702203211054821689607319257220297004096210002899169922, 0.366410818231367008124266249069478362798690795898437500000000, 0.108696490182216901065892500355403171852231025695800781250000,-0.924082347686117966389929279102943837642669677734375000000000, 2.749423892995500828817512228852137923240661621093750000000000, 0.288382381807585019828366057481616735458374023437500000000000
 0.000681702203211054821689607319257220297004096210002899169922, 0.366410818231367174657719942842959426343441009521484375000000,-0.108696490182216998210407155056600458920001983642578125000000, 0.924082347686117855367626816587289795279502868652343750000000, 0.392168760594292620247358627239009365439414978027343750000000, 5.994802925372001212167560879606753587722778320312500000000000
 0.000681702203211054821689607319257220297004096210002899169922, 0.366410818231367008124266249069478362798690795898437500000000,-0.108696490182216901065892500355403171852231025695800781250000,-0.924082347686117966389929279102943837642669677734375000000000, 2.749423892995500828817512228852137923240661621093750000000000, 5.994802925372001212167560879606753587722778320312500000000000
 0.000681702203211054821689607319257220297004096210002899169922,-0.366410818231367174657719942842959426343441009521484375000000, 0.108696490182216998210407155056600458920001983642578125000000, 0.924082347686117855367626816587289795279502868652343750000000, 0.392168760594292620247358627239009365439414978027343750000000, 2.853210271782208096169597411062568426132202148437500000000000
 0.000681702203211054821689607319257220297004096210002899169922,-0.366410818231367008124266249069478362798690795898437500000000, 0.108696490182216998210407155056600458920001983642578125000000,-0.924082347686117966389929279102943837642669677734375000000000, 2.749423892995500828817512228852137923240661621093750000000000, 2.853210271782208096169597411062568426132202148437500000000000
 0.000681702203211054821689607319257220297004096210002899169922,-0.366410818231367174657719942842959426343441009521484375000000,-0.108696490182216998210407155056600458920001983642578125000000, 0.924082347686117855367626816587289795279502868652343750000000, 0.392168760594292620247358627239009365439414978027343750000000, 3.429975035397378135826329526025801897048950195312500000000000
 0.000681702203211054821689607319257220297004096210002899169922,-0.366410818231367008124266249069478362798690795898437500000000,-0.108696490182216998210407155056600458920001983642578125000000,-0.924082347686117966389929279102943837642669677734375000000000, 2.749423892995500828817512228852137923240661621093750000000000, 3.429975035397378135826329526025801897048950195312500000000000
 0.000681702203211054821689607319257220297004096210002899169922, 0.366410818231367174657719942842959426343441009521484375000000, 0.924082347686117744345324354071635752916336059570312500000000, 0.108696490182216803921377845654205884784460067749023437500000, 1.461884650371136684654516102455090731382369995117187500000000, 1.193299449633072217835660921991802752017974853515625000000000
 0.000681702203211054821689607319257220297004096210002899169922, 0.366410818231367174657719942842959426343441009521484375000000, 0.924082347686117744345324354071635752916336059570312500000000,-0.108696490182216998210407155056600458920001983642578125000000, 1.679708003218656653388052291120402514934539794921875000000000, 1.193299449633072217835660921991802752017974853515625000000000
 0.000681702203211054821689607319257220297004096210002899169922, 0.366410818231367174657719942842959426343441009521484375000000,-0.924082347686117744345324354071635752916336059570312500000000, 0.108696490182216803921377845654205884784460067749023437500000, 1.461884650371136684654516102455090731382369995117187500000000, 5.089885857546514458249475865159183740615844726562500000000000
 0.000681702203211054821689607319257220297004096210002899169922, 0.366410818231367174657719942842959426343441009521484375000000,-0.924082347686117744345324354071635752916336059570312500000000,-0.108696490182216998210407155056600458920001983642578125000000, 1.679708003218656653388052291120402514934539794921875000000000, 5.089885857546514458249475865159183740615844726562500000000000
 0.000681702203211054821689607319257220297004096210002899169922,-0.366410818231367174657719942842959426343441009521484375000000, 0.924082347686117744345324354071635752916336059570312500000000, 0.108696490182216803921377845654205884784460067749023437500000, 1.461884650371136684654516102455090731382369995117187500000000, 1.948293203956721120206907471583690494298934936523437500000000
 0.000681702203211054821689607319257220297004096210002899169922,-0.366410818231367174657719942842959426343441009521484375000000, 0.924082347686117744345324354071635752916336059570312500000000,-0.108696490182216998210407155056600458920001983642578125000000, 1.679708003218656653388052291120402514934539794921875000000000, 1.948293203956721120206907471583690494298934936523437500000000
 0.000681702203211054821689607319257220297004096210002899169922,-0.366410818231367174657719942842959426343441009521484375000000,-0.924082347686117744345324354071635752916336059570312500000000, 0.108696490182216803921377845654205884784460067749023437500000, 1.461884650371136684654516102455090731382369995117187500000000, 4.334892103222864889744414540473371744155883789062500000000000
 0.000681702203211054821689607319257220297004096210002899169922,-0.366410818231367174657719942842959426343441009521484375000000,-0.924082347686117744345324354071635752916336059570312500000000,-0.108696490182216998210407155056600458920001983642578125000000, 1.679708003218656653388052291120402514934539794921875000000000, 4.334892103222864889744414540473371744155883789062500000000000
 0.000681702203211054821689607319257220297004096210002899169922, 0.108696490182216803921377845654205884784460067749023437500000, 0.366410818231367174657719942842959426343441009521484375000000, 0.924082347686117855367626816587289795279502868652343750000000, 0.392168760594292620247358627239009365439414978027343750000000, 1.282413944987311982259825526853092014789581298828125000000000
 0.000681702203211054821689607319257220297004096210002899169922, 0.108696490182216803921377845654205884784460067749023437500000, 0.366410818231367119146568711585132405161857604980468750000000,-0.924082347686117966389929279102943837642669677734375000000000, 2.749423892995500828817512228852137923240661621093750000000000, 1.282413944987311982259825526853092014789581298828125000000000
 0.000681702203211054821689607319257220297004096210002899169922, 0.108696490182216803921377845654205884784460067749023437500000,-0.366410818231367174657719942842959426343441009521484375000000, 0.924082347686117855367626816587289795279502868652343750000000, 0.392168760594292620247358627239009365439414978027343750000000, 5.000771362192274693825311260297894477844238281250000000000000
 0.000681702203211054821689607319257220297004096210002899169922, 0.108696490182216803921377845654205884784460067749023437500000,-0.366410818231367119146568711585132405161857604980468750000000,-0.924082347686117966389929279102943837642669677734375000000000, 2.749423892995500828817512228852137923240661621093750000000000, 5.000771362192274693825311260297894477844238281250000000000000
 0.000681702203211054821689607319257220297004096210002899169922,-0.108696490182216901065892500355403171852231025695800781250000, 0.366410818231367174657719942842959426343441009521484375000000, 0.924082347686117855367626816587289795279502868652343750000000, 0.392168760594292620247358627239009365439414978027343750000000, 1.859178708602481577827347791753709316253662109375000000000000
 0.000681702203211054821689607319257220297004096210002899169922,-0.108696490182216901065892500355403171852231025695800781250000, 0.366410818231367119146568711585132405161857604980468750000000,-0.924082347686117966389929279102943837642669677734375000000000, 2.749423892995500828817512228852137923240661621093750000000000, 1.859178708602481577827347791753709316253662109375000000000000
 0.000681702203211054821689607319257220297004096210002899169922,-0.108696490182216901065892500355403171852231025695800781250000,-0.366410818231367174657719942842959426343441009521484375000000, 0.924082347686117855367626816587289795279502868652343750000000, 0.392168760594292620247358627239009365439414978027343750000000, 4.424006598577104654168579145334661006927490234375000000000000
 0.000681702203211054821689607319257220297004096210002899169922,-0.108696490182216901065892500355403171852231025695800781250000,-0.366410818231367119146568711585132405161857604980468750000000,-0.924082347686117966389929279102943837642669677734375000000000, 2.749423892995500828817512228852137923240661621093750000000000, 4.424006598577104654168579145334661006927490234375000000000000
 0.000681702203211054821689607319257220297004096210002899169922, 0.108696490182216901065892500355403171852231025695800781250000, 0.924082347686117855367626816587289795279502868652343750000000, 0.366410818231367119146568711585132405161857604980468750000000, 1.195647705560921147949215992412064224481582641601562500000000, 1.453707948052886278489381766121368855237960815429687500000000
 0.000681702203211054821689607319257220297004096210002899169922, 0.108696490182216901065892500355403171852231025695800781250000, 0.924082347686117855367626816587289795279502868652343750000000,-0.366410818231367285680022405358613468706607818603515625000000, 1.945944948028872190093352401163429021835327148437500000000000, 1.453707948052886278489381766121368855237960815429687500000000
 0.000681702203211054821689607319257220297004096210002899169922, 0.108696490182216901065892500355403171852231025695800781250000,-0.924082347686117855367626816587289795279502868652343750000000, 0.366410818231367119146568711585132405161857604980468750000000, 1.195647705560921147949215992412064224481582641601562500000000, 4.829477359126699731461940245935693383216857910156250000000000
 0.000681702203211054821689607319257220297004096210002899169922, 0.108696490182216901065892500355403171852231025695800781250000,-0.924082347686117855367626816587289795279502868652343750000000,-0.366410818231367285680022405358613468706607818603515625000000, 1.945944948028872190093352401163429021835327148437500000000000, 4.829477359126699731461940245935693383216857910156250000000000
 0.000681702203211054821689607319257220297004096210002899169922,-0.108696490182216901065892500355403171852231025695800781250000, 0.924082347686117855367626816587289795279502868652343750000000, 0.366410818231367119146568711585132405161857604980468750000000, 1.195647705560921147949215992412064224481582641601562500000000, 1.687884705536907059553186627454124391078948974609375000000000
 0.000681702203211054821689607319257220297004096210002899169922,-0.108696490182216901065892500355403171852231025695800781250000, 0.924082347686117855367626816587289795279502868652343750000000,-0.366410818231367285680022405358613468706607818603515625000000, 1.945944948028872190093352401163429021835327148437500000000000, 1.687884705536907059553186627454124391078948974609375000000000
 0.000681702203211054821689607319257220297004096210002899169922,-0.108696490182216901065892500355403171852231025695800781250000,-0.924082347686117855367626816587289795279502868652343750000000, 0.366410818231367119146568711585132405161857604980468750000000, 1.195647705560921147949215992412064224481582641601562500000000, 4.595300601642678728353530459571629762649536132812500000000000
 0.000681702203211054821689607319257220297004096210002899169922,-0.108696490182216901065892500355403171852231025695800781250000,-0.924082347686117855367626816587289795279502868652343750000000,-0.366410818231367285680022405358613468706607818603515625000000, 1.945944948028872190093352401163429021835327148437500000000000, 4.595300601642678728353530459571629762649536132812500000000000
 0.000681702203211054821689607319257220297004096210002899169922, 0.924082347686117855367626816587289795279502868652343750000000, 0.366410818231367119146568711585132405161857604980468750000000, 0.108696490182216803921377845654205884784460067749023437500000, 1.461884650371136684654516102455090731382369995117187500000000, 0.377496877161824340163320812280289828777313232421875000000000
 0.000681702203211054821689607319257220297004096210002899169922, 0.924082347686117855367626816587289795279502868652343750000000, 0.366410818231367119146568711585132405161857604980468750000000,-0.108696490182216998210407155056600458920001983642578125000000, 1.679708003218656653388052291120402514934539794921875000000000, 0.377496877161824340163320812280289828777313232421875000000000
 0.000681702203211054821689607319257220297004096210002899169922, 0.924082347686117855367626816587289795279502868652343750000000,-0.366410818231367119146568711585132405161857604980468750000000, 0.108696490182216803921377845654205884784460067749023437500000, 1.461884650371136684654516102455090731382369995117187500000000, 5.905688430017761447743396274745464324951171875000000000000000
 0.000681702203211054821689607319257220297004096210002899169922, 0.924082347686117855367626816587289795279502868652343750000000,-0.366410818231367119146568711585132405161857604980468750000000,-0.108696490182216998210407155056600458920001983642578125000000, 1.679708003218656653388052291120402514934539794921875000000000, 5.905688430017761447743396274745464324951171875000000000000000
 0.000681702203211054821689607319257220297004096210002899169922,-0.924082347686117966389929279102943837642669677734375000000000, 0.366410818231366675057358861522516235709190368652343750000000, 0.108696490182216803921377845654205884784460067749023437500000, 1.461884650371136684654516102455090731382369995117187500000000, 2.764095776427969219923852506326511502265930175781250000000000
 0.000681702203211054821689607319257220297004096210002899169922,-0.924082347686117966389929279102943837642669677734375000000000, 0.366410818231366675057358861522516235709190368652343750000000,-0.108696490182216998210407155056600458920001983642578125000000, 1.679708003218656653388052291120402514934539794921875000000000, 2.764095776427969219923852506326511502265930175781250000000000
 0.000681702203211054821689607319257220297004096210002899169922,-0.924082347686117966389929279102943837642669677734375000000000,-0.366410818231366675057358861522516235709190368652343750000000, 0.108696490182216803921377845654205884784460067749023437500000, 1.461884650371136684654516102455090731382369995117187500000000, 3.519089530751617012072074430761858820915222167968750000000000
 0.000681702203211054821689607319257220297004096210002899169922,-0.924082347686117966389929279102943837642669677734375000000000,-0.366410818231366675057358861522516235709190368652343750000000,-0.108696490182216998210407155056600458920001983642578125000000, 1.679708003218656653388052291120402514934539794921875000000000, 3.519089530751617012072074430761858820915222167968750000000000
 0.000681702203211054821689607319257220297004096210002899169922, 0.924082347686117855367626816587289795279502868652343750000000, 0.108696490182216401465531419034959981217980384826660156250000, 0.366410818231367119146568711585132405161857604980468750000000, 1.195647705560921147949215992412064224481582641601562500000000, 0.117088378742009821542602310273650800809264183044433593750000
 0.000681702203211054821689607319257220297004096210002899169922, 0.924082347686117855367626816587289795279502868652343750000000, 0.108696490182216401465531419034959981217980384826660156250000,-0.366410818231367285680022405358613468706607818603515625000000, 1.945944948028872190093352401163429021835327148437500000000000, 0.117088378742009821542602310273650800809264183044433593750000
 0.000681702203211054821689607319257220297004096210002899169922, 0.924082347686117855367626816587289795279502868652343750000000,-0.108696490182216401465531419034959981217980384826660156250000, 0.366410818231367119146568711585132405161857604980468750000000, 1.195647705560921147949215992412064224481582641601562500000000, 6.166096928437576174530931893968954682350158691406250000000000
 0.000681702203211054821689607319257220297004096210002899169922, 0.924082347686117855367626816587289795279502868652343750000000,-0.108696490182216401465531419034959981217980384826660156250000,-0.366410818231367285680022405358613468706607818603515625000000, 1.945944948028872190093352401163429021835327148437500000000000, 6.166096928437576174530931893968954682350158691406250000000000
 0.000681702203211054821689607319257220297004096210002899169922,-0.924082347686117855367626816587289795279502868652343750000000, 0.108696490182215999009684992415714077651500701904296875000000, 0.366410818231367119146568711585132405161857604980468750000000, 1.195647705560921147949215992412064224481582641601562500000000, 3.024504274847783946711388125550001859664916992187500000000000
 0.000681702203211054821689607319257220297004096210002899169922,-0.924082347686117855367626816587289795279502868652343750000000, 0.108696490182215999009684992415714077651500701904296875000000,-0.366410818231367285680022405358613468706607818603515625000000, 1.945944948028872190093352401163429021835327148437500000000000, 3.024504274847783946711388125550001859664916992187500000000000
 0.000681702203211054821689607319257220297004096210002899169922,-0.924082347686117855367626816587289795279502868652343750000000,-0.108696490182215999009684992415714077651500701904296875000000, 0.366410818231367119146568711585132405161857604980468750000000, 1.195647705560921147949215992412064224481582641601562500000000, 3.258681032331802285284538811538368463516235351562500000000000
 0.000681702203211054821689607319257220297004096210002899169922,-0.924082347686117855367626816587289795279502868652343750000000,-0.108696490182215999009684992415714077651500701904296875000000,-0.366410818231367285680022405358613468706607818603515625000000, 1.945944948028872190093352401163429021835327148437500000000000, 3.258681032331802285284538811538368463516235351562500000000000
 0.000638094114560051406739860091477112291613593697547912597656, 0.299018905775843779615286166517762467265129089355468750000000, 0.052519897841201000632249673572005121968686580657958984375000, 0.952800794667682304783795643743360415101051330566406250000000, 0.308464730185197322231971384098869748413562774658203125000000, 0.173867286047562047412995411832525860518217086791992187500000
 0.000638094114560051406739860091477112291613593697547912597656, 0.299018905775843724104134935259935446083545684814453125000000, 0.052519897841201000632249673572005121968686580657958984375000,-0.952800794667682304783795643743360415101051330566406250000000, 2.833127923404596071321748240734450519084930419921875000000000, 0.173867286047562102924146643090352881699800491333007812500000
 0.000638094114560051406739860091477112291613593697547912597656, 0.299018905775843779615286166517762467265129089355468750000000,-0.052519897841201000632249673572005121968686580657958984375000, 0.952800794667682304783795643743360415101051330566406250000000, 0.308464730185197322231971384098869748413562774658203125000000, 6.109318021132024156827355909626930952072143554687500000000000
 0.000638094114560051406739860091477112291613593697547912597656, 0.299018905775843724104134935259935446083545684814453125000000,-0.052519897841201000632249673572005121968686580657958984375000,-0.952800794667682304783795643743360415101051330566406250000000, 2.833127923404596071321748240734450519084930419921875000000000, 6.109318021132024156827355909626930952072143554687500000000000
 0.000638094114560051406739860091477112291613593697547912597656,-0.299018905775843779615286166517762467265129089355468750000000, 0.052519897841200896548841114963579457253217697143554687500000, 0.952800794667682304783795643743360415101051330566406250000000, 0.308464730185197322231971384098869748413562774658203125000000, 2.967725367542231484918602291145361959934234619140625000000000
 0.000638094114560051406739860091477112291613593697547912597656,-0.299018905775843724104134935259935446083545684814453125000000, 0.052519897841200799404326460262382170185446739196777343750000,-0.952800794667682304783795643743360415101051330566406250000000, 2.833127923404596071321748240734450519084930419921875000000000, 2.967725367542231929007812141207978129386901855468750000000000
 0.000638094114560051406739860091477112291613593697547912597656,-0.299018905775843779615286166517762467265129089355468750000000,-0.052519897841200896548841114963579457253217697143554687500000, 0.952800794667682304783795643743360415101051330566406250000000, 0.308464730185197322231971384098869748413562774658203125000000, 3.315459939637354747077324645943008363246917724609375000000000
 0.000638094114560051406739860091477112291613593697547912597656,-0.299018905775843724104134935259935446083545684814453125000000,-0.052519897841200799404326460262382170185446739196777343750000,-0.952800794667682304783795643743360415101051330566406250000000, 2.833127923404596071321748240734450519084930419921875000000000, 3.315459939637354302988114795880392193794250488281250000000000
 0.000638094114560051406739860091477112291613593697547912597656, 0.299018905775843613081832472744281403720378875732421875000000, 0.952800794667682304783795643743360415101051330566406250000000, 0.052519897841200896548841114963579457253217697143554687500000, 1.518252254315212379509603124461136758327484130859375000000000, 1.266698876484370295258941041538491845130920410156250000000000
 0.000638094114560051406739860091477112291613593697547912597656, 0.299018905775843613081832472744281403720378875732421875000000, 0.952800794667682304783795643743360415101051330566406250000000,-0.052519897841200896548841114963579457253217697143554687500000, 1.623340399274580958532965269114356487989425659179687500000000, 1.266698876484370295258941041538491845130920410156250000000000
 0.000638094114560051406739860091477112291613593697547912597656, 0.299018905775843613081832472744281403720378875732421875000000,-0.952800794667682304783795643743360415101051330566406250000000, 0.052519897841200896548841114963579457253217697143554687500000, 1.518252254315212379509603124461136758327484130859375000000000, 5.016486430695215936736985895549878478050231933593750000000000
 0.000638094114560051406739860091477112291613593697547912597656, 0.299018905775843613081832472744281403720378875732421875000000,-0.952800794667682304783795643743360415101051330566406250000000,-0.052519897841200896548841114963579457253217697143554687500000, 1.623340399274580958532965269114356487989425659179687500000000, 5.016486430695215936736985895549878478050231933593750000000000
 0.000638094114560051406739860091477112291613593697547912597656,-0.299018905775843613081832472744281403720378875732421875000000, 0.952800794667682304783795643743360415101051330566406250000000, 0.052519897841200896548841114963579457253217697143554687500000, 1.518252254315212379509603124461136758327484130859375000000000, 1.874893777105423042783627352037001401185989379882812500000000
 0.000638094114560051406739860091477112291613593697547912597656,-0.299018905775843613081832472744281403720378875732421875000000, 0.952800794667682304783795643743360415101051330566406250000000,-0.052519897841200896548841114963579457253217697143554687500000, 1.623340399274580958532965269114356487989425659179687500000000, 1.874893777105423042783627352037001401185989379882812500000000
 0.000638094114560051406739860091477112291613593697547912597656,-0.299018905775843613081832472744281403720378875732421875000000,-0.952800794667682304783795643743360415101051330566406250000000, 0.052519897841200896548841114963579457253217697143554687500000, 1.518252254315212379509603124461136758327484130859375000000000, 4.408291530074163411256904510082677006721496582031250000000000
 0.000638094114560051406739860091477112291613593697547912597656,-0.299018905775843613081832472744281403720378875732421875000000,-0.952800794667682304783795643743360415101051330566406250000000,-0.052519897841200896548841114963579457253217697143554687500000, 1.623340399274580958532965269114356487989425659179687500000000, 4.408291530074163411256904510082677006721496582031250000000000
 0.000638094114560051406739860091477112291613593697547912597656, 0.052519897841200896548841114963579457253217697143554687500000, 0.299018905775843779615286166517762467265129089355468750000000, 0.952800794667682304783795643743360415101051330566406250000000, 0.308464730185197322231971384098869748413562774658203125000000, 1.396929040747334926919620556873269379138946533203125000000000
 0.000638094114560051406739860091477112291613593697547912597656, 0.052519897841200799404326460262382170185446739196777343750000, 0.299018905775843724104134935259935446083545684814453125000000,-0.952800794667682304783795643743360415101051330566406250000000, 2.833127923404596071321748240734450519084930419921875000000000, 1.396929040747335148964225481904577463865280151367187500000000
 0.000638094114560051406739860091477112291613593697547912597656, 0.052519897841200896548841114963579457253217697143554687500000,-0.299018905775843779615286166517762467265129089355468750000000, 0.952800794667682304783795643743360415101051330566406250000000, 0.308464730185197322231971384098869748413562774658203125000000, 4.886256266432251749165516230277717113494873046875000000000000
 0.000638094114560051406739860091477112291613593697547912597656, 0.052519897841200799404326460262382170185446739196777343750000,-0.299018905775843724104134935259935446083545684814453125000000,-0.952800794667682304783795643743360415101051330566406250000000, 2.833127923404596071321748240734450519084930419921875000000000, 4.886256266432250860987096530152484774589538574218750000000000
 0.000638094114560051406739860091477112291613593697547912597656,-0.052519897841200896548841114963579457253217697143554687500000, 0.299018905775843779615286166517762467265129089355468750000000, 0.952800794667682304783795643743360415101051330566406250000000, 0.308464730185197322231971384098869748413562774658203125000000, 1.744663612842458411122947836702223867177963256835937500000000
 0.000638094114560051406739860091477112291613593697547912597656,-0.052519897841200799404326460262382170185446739196777343750000, 0.299018905775843724104134935259935446083545684814453125000000,-0.952800794667682304783795643743360415101051330566406250000000, 2.833127923404596071321748240734450519084930419921875000000000, 1.744663612842457967033737986639607697725296020507812500000000
 0.000638094114560051406739860091477112291613593697547912597656,-0.052519897841200896548841114963579457253217697143554687500000,-0.299018905775843779615286166517762467265129089355468750000000, 0.952800794667682304783795643743360415101051330566406250000000, 0.308464730185197322231971384098869748413562774658203125000000, 4.538521694337127598828374175354838371276855468750000000000000
 0.000638094114560051406739860091477112291613593697547912597656,-0.052519897841200799404326460262382170185446739196777343750000,-0.299018905775843724104134935259935446083545684814453125000000,-0.952800794667682304783795643743360415101051330566406250000000, 2.833127923404596071321748240734450519084930419921875000000000, 4.538521694337128487006793875480070710182189941406250000000000
 0.000638094114560051406739860091477112291613593697547912597656, 0.052519897841201000632249673572005121968686580657958984375000, 0.952800794667682304783795643743360415101051330566406250000000, 0.299018905775843613081832472744281403720378875732421875000000, 1.267131972890679358911825147515628486871719360351562500000000, 1.515730458968725491430973306705709546804428100585937500000000
 0.000638094114560051406739860091477112291613593697547912597656, 0.052519897841201000632249673572005121968686580657958984375000, 0.952800794667682304783795643743360415101051330566406250000000,-0.299018905775843613081832472744281403720378875732421875000000, 1.874460680699113757086138321028556674718856811523437500000000, 1.515730458968725491430973306705709546804428100585937500000000
 0.000638094114560051406739860091477112291613593697547912597656, 0.052519897841201000632249673572005121968686580657958984375000,-0.952800794667682304783795643743360415101051330566406250000000, 0.299018905775843613081832472744281403720378875732421875000000, 1.267131972890679358911825147515628486871719360351562500000000, 4.767454848210860518520348705351352691650390625000000000000000
 0.000638094114560051406739860091477112291613593697547912597656, 0.052519897841201000632249673572005121968686580657958984375000,-0.952800794667682304783795643743360415101051330566406250000000,-0.299018905775843613081832472744281403720378875732421875000000, 1.874460680699113757086138321028556674718856811523437500000000, 4.767454848210860518520348705351352691650390625000000000000000
 0.000638094114560051406739860091477112291613593697547912597656,-0.052519897841200702259811805561184883117675781250000000000000, 0.952800794667682415806098106259014457464218139648437500000000, 0.299018905775843613081832472744281403720378875732421875000000, 1.267131972890679358911825147515628486871719360351562500000000, 1.625862194621067402522385236807167530059814453125000000000000
 0.000638094114560051406739860091477112291613593697547912597656,-0.052519897841200702259811805561184883117675781250000000000000, 0.952800794667682415806098106259014457464218139648437500000000,-0.299018905775843613081832472744281403720378875732421875000000, 1.874460680699113757086138321028556674718856811523437500000000, 1.625862194621067402522385236807167530059814453125000000000000
 0.000638094114560051406739860091477112291613593697547912597656,-0.052519897841200702259811805561184883117675781250000000000000,-0.952800794667682415806098106259014457464218139648437500000000, 0.299018905775843613081832472744281403720378875732421875000000, 1.267131972890679358911825147515628486871719360351562500000000, 4.657323112558518829473541700281202793121337890625000000000000
 0.000638094114560051406739860091477112291613593697547912597656,-0.052519897841200702259811805561184883117675781250000000000000,-0.952800794667682415806098106259014457464218139648437500000000,-0.299018905775843613081832472744281403720378875732421875000000, 1.874460680699113757086138321028556674718856811523437500000000, 4.657323112558518829473541700281202793121337890625000000000000
 0.000638094114560051406739860091477112291613593697547912597656, 0.952800794667682304783795643743360415101051330566406250000000, 0.299018905775843724104134935259935446083545684814453125000000, 0.052519897841200896548841114963579457253217697143554687500000, 1.518252254315212379509603124461136758327484130859375000000000, 0.304097450310526484784645617764908820390701293945312500000000
 0.000638094114560051406739860091477112291613593697547912597656, 0.952800794667682304783795643743360415101051330566406250000000, 0.299018905775843724104134935259935446083545684814453125000000,-0.052519897841200896548841114963579457253217697143554687500000, 1.623340399274580736488360344083048403263092041015625000000000, 0.304097450310526484784645617764908820390701293945312500000000
 0.000638094114560051406739860091477112291613593697547912597656, 0.952800794667682304783795643743360415101051330566406250000000,-0.299018905775843724104134935259935446083545684814453125000000, 0.052519897841200896548841114963579457253217697143554687500000, 1.518252254315212379509603124461136758327484130859375000000000, 5.979087856869059969255886244354769587516784667968750000000000
 0.000638094114560051406739860091477112291613593697547912597656, 0.952800794667682304783795643743360415101051330566406250000000,-0.299018905775843724104134935259935446083545684814453125000000,-0.052519897841200896548841114963579457253217697143554687500000, 1.623340399274580736488360344083048403263092041015625000000000, 5.979087856869059969255886244354769587516784667968750000000000
 0.000638094114560051406739860091477112291613593697547912597656,-0.952800794667682415806098106259014457464218139648437500000000, 0.299018905775843391037227547712973318994045257568359375000000, 0.052519897841200896548841114963579457253217697143554687500000, 1.518252254315212379509603124461136758327484130859375000000000, 2.837495203279267297347132625873200595378875732421875000000000
 0.000638094114560051406739860091477112291613593697547912597656,-0.952800794667682415806098106259014457464218139648437500000000, 0.299018905775843391037227547712973318994045257568359375000000,-0.052519897841200896548841114963579457253217697143554687500000, 1.623340399274580736488360344083048403263092041015625000000000, 2.837495203279267297347132625873200595378875732421875000000000
 0.000638094114560051406739860091477112291613593697547912597656,-0.952800794667682415806098106259014457464218139648437500000000,-0.299018905775843391037227547712973318994045257568359375000000, 0.052519897841200896548841114963579457253217697143554687500000, 1.518252254315212379509603124461136758327484130859375000000000, 3.445690103900318934648794311215169727802276611328125000000000
 0.000638094114560051406739860091477112291613593697547912597656,-0.952800794667682415806098106259014457464218139648437500000000,-0.299018905775843391037227547712973318994045257568359375000000,-0.052519897841200896548841114963579457253217697143554687500000, 1.623340399274580736488360344083048403263092041015625000000000, 3.445690103900318934648794311215169727802276611328125000000000
 0.000638094114560051406739860091477112291613593697547912597656, 0.952800794667682304783795643743360415101051330566406250000000, 0.052519897841201902688457181511694216169416904449462890625000, 0.299018905775843613081832472744281403720378875732421875000000, 1.267131972890679358911825147515628486871719360351562500000000, 0.055065867826172155974351341001238324679434299468994140625000
 0.000638094114560051406739860091477112291613593697547912597656, 0.952800794667682304783795643743360415101051330566406250000000, 0.052519897841201902688457181511694216169416904449462890625000,-0.299018905775843613081832472744281403720378875732421875000000, 1.874460680699113757086138321028556674718856811523437500000000, 0.055065867826172155974351341001238324679434299468994140625000
 0.000638094114560051406739860091477112291613593697547912597656, 0.952800794667682304783795643743360415101051330566406250000000,-0.052519897841201902688457181511694216169416904449462890625000, 0.299018905775843613081832472744281403720378875732421875000000, 1.267131972890679358911825147515628486871719360351562500000000, 6.228119439353414499294103734428063035011291503906250000000000
 0.000638094114560051406739860091477112291613593697547912597656, 0.952800794667682304783795643743360415101051330566406250000000,-0.052519897841201902688457181511694216169416904449462890625000,-0.299018905775843613081832472744281403720378875732421875000000, 1.874460680699113757086138321028556674718856811523437500000000, 6.228119439353414499294103734428063035011291503906250000000000
 0.000638094114560051406739860091477112291613593697547912597656,-0.952800794667682304783795643743360415101051330566406250000000, 0.052519897841201902688457181511694216169416904449462890625000, 0.299018905775843613081832472744281403720378875732421875000000, 1.267131972890679358911825147515628486871719360351562500000000, 3.086526785763620939206930415821261703968048095703125000000000
 0.000638094114560051406739860091477112291613593697547912597656,-0.952800794667682304783795643743360415101051330566406250000000, 0.052519897841201902688457181511694216169416904449462890625000,-0.299018905775843613081832472744281403720378875732421875000000, 1.874460680699113757086138321028556674718856811523437500000000, 3.086526785763620939206930415821261703968048095703125000000000
 0.000638094114560051406739860091477112291613593697547912597656,-0.952800794667682304783795643743360415101051330566406250000000,-0.052519897841201902688457181511694216169416904449462890625000, 0.299018905775843613081832472744281403720378875732421875000000, 1.267131972890679358911825147515628486871719360351562500000000, 3.196658521415965292788996521267108619213104248046875000000000
 0.000638094114560051406739860091477112291613593697547912597656,-0.952800794667682304783795643743360415101051330566406250000000,-0.052519897841201902688457181511694216169416904449462890625000,-0.299018905775843613081832472744281403720378875732421875000000, 1.874460680699113757086138321028556674718856811523437500000000, 3.196658521415965292788996521267108619213104248046875000000000
 0.000755038137792060832544083215367436423548497259616851806641, 0.626872401314499949620540064643137156963348388671875000000000, 0.229752365755002213587587789334065746515989303588867187500000, 0.744476220506855579372995634912513196468353271484375000000000, 0.731046342505524027188812397071160376071929931640625000000000, 0.351302977182367748287816766605828888714313507080078125000000
 0.000755038137792060832544083215367436423548497259616851806641, 0.626872401314499727575935139611829072237014770507812500000000, 0.229752365755002213587587789334065746515989303588867187500000,-0.744476220506855690395298097428167238831520080566406250000000, 2.410546311084269532898360921535640954971313476562500000000000, 0.351302977182367859310119229121482931077480316162109375000000
 0.000755038137792060832544083215367436423548497259616851806641, 0.626872401314499949620540064643137156963348388671875000000000,-0.229752365755002213587587789334065746515989303588867187500000, 0.744476220506855579372995634912513196468353271484375000000000, 0.731046342505524027188812397071160376071929931640625000000000, 5.931882329997218761263866326771676540374755859375000000000000
 0.000755038137792060832544083215367436423548497259616851806641, 0.626872401314499727575935139611829072237014770507812500000000,-0.229752365755002213587587789334065746515989303588867187500000,-0.744476220506855690395298097428167238831520080566406250000000, 2.410546311084269532898360921535640954971313476562500000000000, 5.931882329997218761263866326771676540374755859375000000000000
 0.000755038137792060832544083215367436423548497259616851806641,-0.626872401314499949620540064643137156963348388671875000000000, 0.229752365755002407876617098736460320651531219482421875000000, 0.744476220506855579372995634912513196468353271484375000000000, 0.731046342505524027188812397071160376071929931640625000000000, 2.790289676407425201176693008164875209331512451171875000000000
 0.000755038137792060832544083215367436423548497259616851806641,-0.626872401314499727575935139611829072237014770507812500000000, 0.229752365755002296854314636220806278288364410400390625000000,-0.744476220506855690395298097428167238831520080566406250000000, 2.410546311084269532898360921535640954971313476562500000000000, 2.790289676407425201176693008164875209331512451171875000000000
 0.000755038137792060832544083215367436423548497259616851806641,-0.626872401314499949620540064643137156963348388671875000000000,-0.229752365755002407876617098736460320651531219482421875000000, 0.744476220506855579372995634912513196468353271484375000000000, 0.731046342505524027188812397071160376071929931640625000000000, 3.492895630772161030819233928923495113849639892578125000000000
 0.000755038137792060832544083215367436423548497259616851806641,-0.626872401314499727575935139611829072237014770507812500000000,-0.229752365755002296854314636220806278288364410400390625000000,-0.744476220506855690395298097428167238831520080566406250000000, 2.410546311084269532898360921535640954971313476562500000000000, 3.492895630772161030819233928923495113849639892578125000000000
 0.000755038137792060832544083215367436423548497259616851806641, 0.626872401314499727575935139611829072237014770507812500000000, 0.744476220506855690395298097428167238831520080566406250000000, 0.229752365755002213587587789334065746515989303588867187500000, 1.338973092336001480262552831845823675394058227539062500000000, 0.870946638165542963427867562131723389029502868652343750000000
 0.000755038137792060832544083215367436423548497259616851806641, 0.626872401314499727575935139611829072237014770507812500000000, 0.744476220506855690395298097428167238831520080566406250000000,-0.229752365755002213587587789334065746515989303588867187500000, 1.802619561253791635735410636698361486196517944335937500000000, 0.870946638165542963427867562131723389029502868652343750000000
 0.000755038137792060832544083215367436423548497259616851806641, 0.626872401314499727575935139611829072237014770507812500000000,-0.744476220506855690395298097428167238831520080566406250000000, 0.229752365755002213587587789334065746515989303588867187500000, 1.338973092336001480262552831845823675394058227539062500000000, 5.412238669014043601634966762503609061241149902343750000000000
 0.000755038137792060832544083215367436423548497259616851806641, 0.626872401314499727575935139611829072237014770507812500000000,-0.744476220506855690395298097428167238831520080566406250000000,-0.229752365755002213587587789334065746515989303588867187500000, 1.802619561253791635735410636698361486196517944335937500000000, 5.412238669014043601634966762503609061241149902343750000000000
 0.000755038137792060832544083215367436423548497259616851806641,-0.626872401314500060642842527158791199326515197753906250000000, 0.744476220506855357328390709881205111742019653320312500000000, 0.229752365755002213587587789334065746515989303588867187500000, 1.338973092336001480262552831845823675394058227539062500000000, 2.270646015424250929726213144022040069103240966796875000000000
 0.000755038137792060832544083215367436423548497259616851806641,-0.626872401314500060642842527158791199326515197753906250000000, 0.744476220506855357328390709881205111742019653320312500000000,-0.229752365755002213587587789334065746515989303588867187500000, 1.802619561253791635735410636698361486196517944335937500000000, 2.270646015424250929726213144022040069103240966796875000000000
 0.000755038137792060832544083215367436423548497259616851806641,-0.626872401314500060642842527158791199326515197753906250000000,-0.744476220506855357328390709881205111742019653320312500000000, 0.229752365755002213587587789334065746515989303588867187500000, 1.338973092336001480262552831845823675394058227539062500000000, 4.012539291755334858180503943003714084625244140625000000000000
 0.000755038137792060832544083215367436423548497259616851806641,-0.626872401314500060642842527158791199326515197753906250000000,-0.744476220506855357328390709881205111742019653320312500000000,-0.229752365755002213587587789334065746515989303588867187500000, 1.802619561253791635735410636698361486196517944335937500000000, 4.012539291755334858180503943003714084625244140625000000000000
 0.000755038137792060832544083215367436423548497259616851806641, 0.229752365755002407876617098736460320651531219482421875000000, 0.626872401314499949620540064643137156963348388671875000000000, 0.744476220506855579372995634912513196468353271484375000000000, 0.731046342505524027188812397071160376071929931640625000000000, 1.219493349612528643177711273892782628536224365234375000000000
 0.000755038137792060832544083215367436423548497259616851806641, 0.229752365755002296854314636220806278288364410400390625000000, 0.626872401314499727575935139611829072237014770507812500000000,-0.744476220506855690395298097428167238831520080566406250000000, 2.410546311084269532898360921535640954971313476562500000000000, 1.219493349612528643177711273892782628536224365234375000000000
 0.000755038137792060832544083215367436423548497259616851806641, 0.229752365755002407876617098736460320651531219482421875000000,-0.626872401314499949620540064643137156963348388671875000000000, 0.744476220506855579372995634912513196468353271484375000000000, 0.731046342505524027188812397071160376071929931640625000000000, 5.063691957567057144729005813132971525192260742187500000000000
 0.000755038137792060832544083215367436423548497259616851806641, 0.229752365755002296854314636220806278288364410400390625000000,-0.626872401314499727575935139611829072237014770507812500000000,-0.744476220506855690395298097428167238831520080566406250000000, 2.410546311084269532898360921535640954971313476562500000000000, 5.063691957567057144729005813132971525192260742187500000000000
 0.000755038137792060832544083215367436423548497259616851806641,-0.229752365755002407876617098736460320651531219482421875000000, 0.626872401314499949620540064643137156963348388671875000000000, 0.744476220506855579372995634912513196468353271484375000000000, 0.731046342505524027188812397071160376071929931640625000000000, 1.922099303977264694864857119682710617780685424804687500000000
 0.000755038137792060832544083215367436423548497259616851806641,-0.229752365755002296854314636220806278288364410400390625000000, 0.626872401314499727575935139611829072237014770507812500000000,-0.744476220506855690395298097428167238831520080566406250000000, 2.410546311084269532898360921535640954971313476562500000000000, 1.922099303977264694864857119682710617780685424804687500000000
 0.000755038137792060832544083215367436423548497259616851806641,-0.229752365755002407876617098736460320651531219482421875000000,-0.626872401314499949620540064643137156963348388671875000000000, 0.744476220506855579372995634912513196468353271484375000000000, 0.731046342505524027188812397071160376071929931640625000000000, 4.361086003202321315086464892374351620674133300781250000000000
 0.000755038137792060832544083215367436423548497259616851806641,-0.229752365755002296854314636220806278288364410400390625000000,-0.626872401314499727575935139611829072237014770507812500000000,-0.744476220506855690395298097428167238831520080566406250000000, 2.410546311084269532898360921535640954971313476562500000000000, 4.361086003202321315086464892374351620674133300781250000000000
 0.000755038137792060832544083215367436423548497259616851806641, 0.229752365755002213587587789334065746515989303588867187500000, 0.744476220506855690395298097428167238831520080566406250000000, 0.626872401314499838598237602127483114600181579589843750000000, 0.893263890645689562219899926276411861181259155273437500000000, 1.271459827696921340844937731162644922733306884765625000000000
 0.000755038137792060832544083215367436423548497259616851806641, 0.229752365755002102565285326818411704152822494506835937500000, 0.744476220506855468350693172396859154105186462402343750000000,-0.626872401314500060642842527158791199326515197753906250000000, 2.248328762944104219911878317361697554588317871093750000000000, 1.271459827696921562889542656193953007459640502929687500000000
 0.000755038137792060832544083215367436423548497259616851806641, 0.229752365755002213587587789334065746515989303588867187500000,-0.744476220506855690395298097428167238831520080566406250000000, 0.626872401314499838598237602127483114600181579589843750000000, 0.893263890645689562219899926276411861181259155273437500000000, 5.011725479482665335240199055988341569900512695312500000000000
 0.000755038137792060832544083215367436423548497259616851806641, 0.229752365755002102565285326818411704152822494506835937500000,-0.744476220506855468350693172396859154105186462402343750000000,-0.626872401314500060642842527158791199326515197753906250000000, 2.248328762944104219911878317361697554588317871093750000000000, 5.011725479482664447061779355863109230995178222656250000000000
 0.000755038137792060832544083215367436423548497259616851806641,-0.229752365755002407876617098736460320651531219482421875000000, 0.744476220506855690395298097428167238831520080566406250000000, 0.626872401314499838598237602127483114600181579589843750000000, 0.893263890645689562219899926276411861181259155273437500000000, 1.870132825892871997197630662412848323583602905273437500000000
 0.000755038137792060832544083215367436423548497259616851806641,-0.229752365755002296854314636220806278288364410400390625000000, 0.744476220506855468350693172396859154105186462402343750000000,-0.626872401314500060642842527158791199326515197753906250000000, 2.248328762944104219911878317361697554588317871093750000000000, 1.870132825892871997197630662412848323583602905273437500000000
 0.000755038137792060832544083215367436423548497259616851806641,-0.229752365755002407876617098736460320651531219482421875000000,-0.744476220506855690395298097428167238831520080566406250000000, 0.626872401314499838598237602127483114600181579589843750000000, 0.893263890645689562219899926276411861181259155273437500000000, 4.413052481286714012753691349644213914871215820312500000000000
 0.000755038137792060832544083215367436423548497259616851806641,-0.229752365755002296854314636220806278288364410400390625000000,-0.744476220506855468350693172396859154105186462402343750000000,-0.626872401314500060642842527158791199326515197753906250000000, 2.248328762944104219911878317361697554588317871093750000000000, 4.413052481286714012753691349644213914871215820312500000000000
 0.000755038137792060832544083215367436423548497259616851806641, 0.744476220506855579372995634912513196468353271484375000000000, 0.626872401314499838598237602127483114600181579589843750000000, 0.229752365755002213587587789334065746515989303588867187500000, 1.338973092336001480262552831845823675394058227539062500000000, 0.699849688629353816615719097171677276492118835449218750000000
 0.000755038137792060832544083215367436423548497259616851806641, 0.744476220506855579372995634912513196468353271484375000000000, 0.626872401314499838598237602127483114600181579589843750000000,-0.229752365755002213587587789334065746515989303588867187500000, 1.802619561253791635735410636698361486196517944335937500000000, 0.699849688629353816615719097171677276492118835449218750000000
 0.000755038137792060832544083215367436423548497259616851806641, 0.744476220506855579372995634912513196468353271484375000000000,-0.626872401314499838598237602127483114600181579589843750000000, 0.229752365755002213587587789334065746515989303588867187500000, 1.338973092336001480262552831845823675394058227539062500000000, 5.583335618550232304357905377401039004325866699218750000000000
 0.000755038137792060832544083215367436423548497259616851806641, 0.744476220506855579372995634912513196468353271484375000000000,-0.626872401314499838598237602127483114600181579589843750000000,-0.229752365755002213587587789334065746515989303588867187500000, 1.802619561253791635735410636698361486196517944335937500000000, 5.583335618550232304357905377401039004325866699218750000000000
 0.000755038137792060832544083215367436423548497259616851806641,-0.744476220506855690395298097428167238831520080566406250000000, 0.626872401314499727575935139611829072237014770507812500000000, 0.229752365755002213587587789334065746515989303588867187500000, 1.338973092336001480262552831845823675394058227539062500000000, 2.441742964960439632449151758919470012187957763671875000000000
 0.000755038137792060832544083215367436423548497259616851806641,-0.744476220506855690395298097428167238831520080566406250000000, 0.626872401314499727575935139611829072237014770507812500000000,-0.229752365755002213587587789334065746515989303588867187500000, 1.802619561253791635735410636698361486196517944335937500000000, 2.441742964960439632449151758919470012187957763671875000000000
 0.000755038137792060832544083215367436423548497259616851806641,-0.744476220506855690395298097428167238831520080566406250000000,-0.626872401314499727575935139611829072237014770507812500000000, 0.229752365755002213587587789334065746515989303588867187500000, 1.338973092336001480262552831845823675394058227539062500000000, 3.841442342219146599546775178168900310993194580078125000000000
 0.000755038137792060832544083215367436423548497259616851806641,-0.744476220506855690395298097428167238831520080566406250000000,-0.626872401314499727575935139611829072237014770507812500000000,-0.229752365755002213587587789334065746515989303588867187500000, 1.802619561253791635735410636698361486196517944335937500000000, 3.841442342219146599546775178168900310993194580078125000000000
 0.000755038137792060832544083215367436423548497259616851806641, 0.744476220506855579372995634912513196468353271484375000000000, 0.229752365755002602165646408138854894787073135375976562500000, 0.626872401314499838598237602127483114600181579589843750000000, 0.893263890645689562219899926276411861181259155273437500000000, 0.299336499097975716754405084429890848696231842041015625000000
 0.000755038137792060832544083215367436423548497259616851806641, 0.744476220506855357328390709881205111742019653320312500000000, 0.229752365755002491143343945623200852423906326293945312500000,-0.626872401314500060642842527158791199326515197753906250000000, 2.248328762944104219911878317361697554588317871093750000000000, 0.299336499097975661243253853172063827514648437500000000000000
 0.000755038137792060832544083215367436423548497259616851806641, 0.744476220506855579372995634912513196468353271484375000000000,-0.229752365755002602165646408138854894787073135375976562500000, 0.626872401314499838598237602127483114600181579589843750000000, 0.893263890645689562219899926276411861181259155273437500000000, 5.983848808081610570752673083916306495666503906250000000000000
 0.000755038137792060832544083215367436423548497259616851806641, 0.744476220506855357328390709881205111742019653320312500000000,-0.229752365755002491143343945623200852423906326293945312500000,-0.626872401314500060642842527158791199326515197753906250000000, 2.248328762944104219911878317361697554588317871093750000000000, 5.983848808081610570752673083916306495666503906250000000000000
 0.000755038137792060832544083215367436423548497259616851806641,-0.744476220506855579372995634912513196468353271484375000000000, 0.229752365755002602165646408138854894787073135375976562500000, 0.626872401314499838598237602127483114600181579589843750000000, 0.893263890645689562219899926276411861181259155273437500000000, 2.842256154491817454754709615372121334075927734375000000000000
 0.000755038137792060832544083215367436423548497259616851806641,-0.744476220506855357328390709881205111742019653320312500000000, 0.229752365755002491143343945623200852423906326293945312500000,-0.626872401314500060642842527158791199326515197753906250000000, 2.248328762944104219911878317361697554588317871093750000000000, 2.842256154491817454754709615372121334075927734375000000000000
 0.000755038137792060832544083215367436423548497259616851806641,-0.744476220506855579372995634912513196468353271484375000000000,-0.229752365755002602165646408138854894787073135375976562500000, 0.626872401314499838598237602127483114600181579589843750000000, 0.893263890645689562219899926276411861181259155273437500000000, 3.440929152687768777241217321716248989105224609375000000000000
 0.000755038137792060832544083215367436423548497259616851806641,-0.744476220506855357328390709881205111742019653320312500000000,-0.229752365755002491143343945623200852423906326293945312500000,-0.626872401314500060642842527158791199326515197753906250000000, 2.248328762944104219911878317361697554588317871093750000000000, 3.440929152687768777241217321716248989105224609375000000000000
 0.000747864664014060201956135554013371802284382283687591552734, 0.570732414483460681609017228765878826379776000976562500000000, 0.172308060709380012065494724993186537176370620727539062500000, 0.802853936449496319305296765378443524241447448730468750000000, 0.638729350177519972220352428848855197429656982421875000000000, 0.293205335342583139901506683600018732249736785888671875000000
 0.000747864664014060201956135554013371802284382283687591552734, 0.570732414483460681609017228765878826379776000976562500000000, 0.172308060709380012065494724993186537176370620727539062500000,-0.802853936449496319305296765378443524241447448730468750000000, 2.502863303412273143777611039695329964160919189453125000000000, 0.293205335342583139901506683600018732249736785888671875000000
 0.000747864664014060201956135554013371802284382283687591552734, 0.570732414483460681609017228765878826379776000976562500000000,-0.172308060709380012065494724993186537176370620727539062500000, 0.802853936449496319305296765378443524241447448730468750000000, 0.638729350177519972220352428848855197429656982421875000000000, 5.989979971837002814538664097199216485023498535156250000000000
 0.000747864664014060201956135554013371802284382283687591552734, 0.570732414483460681609017228765878826379776000976562500000000,-0.172308060709380012065494724993186537176370620727539062500000,-0.802853936449496319305296765378443524241447448730468750000000, 2.502863303412273143777611039695329964160919189453125000000000, 5.989979971837002814538664097199216485023498535156250000000000
 0.000747864664014060201956135554013371802284382283687591552734,-0.570732414483460792631319691281532868742942810058593750000000, 0.172308060709379901043192262477532494813203811645507812500000, 0.802853936449496319305296765378443524241447448730468750000000, 0.638729350177519972220352428848855197429656982421875000000000, 2.848387318247210142629910478717647492885589599609375000000000
 0.000747864664014060201956135554013371802284382283687591552734,-0.570732414483460792631319691281532868742942810058593750000000, 0.172308060709379901043192262477532494813203811645507812500000,-0.802853936449496319305296765378443524241447448730468750000000, 2.502863303412273143777611039695329964160919189453125000000000, 2.848387318247210142629910478717647492885589599609375000000000
 0.000747864664014060201956135554013371802284382283687591552734,-0.570732414483460792631319691281532868742942810058593750000000,-0.172308060709379901043192262477532494813203811645507812500000, 0.802853936449496319305296765378443524241447448730468750000000, 0.638729350177519972220352428848855197429656982421875000000000, 3.434797988932376089366016458370722830295562744140625000000000
 0.000747864664014060201956135554013371802284382283687591552734,-0.570732414483460792631319691281532868742942810058593750000000,-0.172308060709379901043192262477532494813203811645507812500000,-0.802853936449496319305296765378443524241447448730468750000000, 2.502863303412273143777611039695329964160919189453125000000000, 3.434797988932376089366016458370722830295562744140625000000000
 0.000747864664014060201956135554013371802284382283687591552734, 0.570732414483460681609017228765878826379776000976562500000000, 0.802853936449496319305296765378443524241447448730468750000000, 0.172308060709379901043192262477532494813203811645507812500000, 1.397624029219314722993772193149197846651077270507812500000000, 0.952805934795241449286606894020223990082740783691406250000000
 0.000747864664014060201956135554013371802284382283687591552734, 0.570732414483460681609017228765878826379776000976562500000000, 0.802853936449496319305296765378443524241447448730468750000000,-0.172308060709380095332221571879927068948745727539062500000000, 1.743968624370478837093401125457603484392166137695312500000000, 0.952805934795241449286606894020223990082740783691406250000000
 0.000747864664014060201956135554013371802284382283687591552734, 0.570732414483460681609017228765878826379776000976562500000000,-0.802853936449496319305296765378443524241447448730468750000000, 0.172308060709379901043192262477532494813203811645507812500000, 1.397624029219314722993772193149197846651077270507812500000000, 5.330379372384344449642412655521184206008911132812500000000000
 0.000747864664014060201956135554013371802284382283687591552734, 0.570732414483460681609017228765878826379776000976562500000000,-0.802853936449496319305296765378443524241447448730468750000000,-0.172308060709380095332221571879927068948745727539062500000000, 1.743968624370478837093401125457603484392166137695312500000000, 5.330379372384344449642412655521184206008911132812500000000000
 0.000747864664014060201956135554013371802284382283687591552734,-0.570732414483460681609017228765878826379776000976562500000000, 0.802853936449496319305296765378443524241447448730468750000000, 0.172308060709379901043192262477532494813203811645507812500000, 1.397624029219314722993772193149197846651077270507812500000000, 2.188786718794551777733659037039615213871002197265625000000000
 0.000747864664014060201956135554013371802284382283687591552734,-0.570732414483460681609017228765878826379776000976562500000000, 0.802853936449496319305296765378443524241447448730468750000000,-0.172308060709380095332221571879927068948745727539062500000000, 1.743968624370478837093401125457603484392166137695312500000000, 2.188786718794551777733659037039615213871002197265625000000000
 0.000747864664014060201956135554013371802284382283687591552734,-0.570732414483460681609017228765878826379776000976562500000000,-0.802853936449496319305296765378443524241447448730468750000000, 0.172308060709379901043192262477532494813203811645507812500000, 1.397624029219314722993772193149197846651077270507812500000000, 4.094398588385034898351477750111371278762817382812500000000000
 0.000747864664014060201956135554013371802284382283687591552734,-0.570732414483460681609017228765878826379776000976562500000000,-0.802853936449496319305296765378443524241447448730468750000000,-0.172308060709380095332221571879927068948745727539062500000000, 1.743968624370478837093401125457603484392166137695312500000000, 4.094398588385034898351477750111371278762817382812500000000000
 0.000747864664014060201956135554013371802284382283687591552734, 0.172308060709379901043192262477532494813203811645507812500000, 0.570732414483460792631319691281532868742942810058593750000000, 0.802853936449496319305296765378443524241447448730468750000000, 0.638729350177519972220352428848855197429656982421875000000000, 1.277590991452313806675533669476862996816635131835937500000000
 0.000747864664014060201956135554013371802284382283687591552734, 0.172308060709379901043192262477532494813203811645507812500000, 0.570732414483460792631319691281532868742942810058593750000000,-0.802853936449496319305296765378443524241447448730468750000000, 2.502863303412273143777611039695329964160919189453125000000000, 1.277590991452313806675533669476862996816635131835937500000000
 0.000747864664014060201956135554013371802284382283687591552734, 0.172308060709379901043192262477532494813203811645507812500000,-0.570732414483460792631319691281532868742942810058593750000000, 0.802853936449496319305296765378443524241447448730468750000000, 0.638729350177519972220352428848855197429656982421875000000000, 5.005594315727272203275788342580199241638183593750000000000000
 0.000747864664014060201956135554013371802284382283687591552734, 0.172308060709379901043192262477532494813203811645507812500000,-0.570732414483460792631319691281532868742942810058593750000000,-0.802853936449496319305296765378443524241447448730468750000000, 2.502863303412273143777611039695329964160919189453125000000000, 5.005594315727272203275788342580199241638183593750000000000000
 0.000747864664014060201956135554013371802284382283687591552734,-0.172308060709380012065494724993186537176370620727539062500000, 0.570732414483460681609017228765878826379776000976562500000000, 0.802853936449496319305296765378443524241447448730468750000000, 0.638729350177519972220352428848855197429656982421875000000000, 1.864001662137479753411639649129938334226608276367187500000000
 0.000747864664014060201956135554013371802284382283687591552734,-0.172308060709380012065494724993186537176370620727539062500000, 0.570732414483460681609017228765878826379776000976562500000000,-0.802853936449496319305296765378443524241447448730468750000000, 2.502863303412273143777611039695329964160919189453125000000000, 1.864001662137479753411639649129938334226608276367187500000000
 0.000747864664014060201956135554013371802284382283687591552734,-0.172308060709380012065494724993186537176370620727539062500000,-0.570732414483460681609017228765878826379776000976562500000000, 0.802853936449496319305296765378443524241447448730468750000000, 0.638729350177519972220352428848855197429656982421875000000000, 4.419183645042106256539682362927123904228210449218750000000000
 0.000747864664014060201956135554013371802284382283687591552734,-0.172308060709380012065494724993186537176370620727539062500000,-0.570732414483460681609017228765878826379776000976562500000000,-0.802853936449496319305296765378443524241447448730468750000000, 2.502863303412273143777611039695329964160919189453125000000000, 4.419183645042106256539682362927123904228210449218750000000000
 0.000747864664014060201956135554013371802284382283687591552734, 0.172308060709380012065494724993186537176370620727539062500000, 0.802853936449496319305296765378443524241447448730468750000000, 0.570732414483460570586714766250224784016609191894531250000000, 0.963398795182821121585448054247535765171051025390625000000000, 1.359383942881719598005929583450779318809509277343750000000000
 0.000747864664014060201956135554013371802284382283687591552734, 0.172308060709380012065494724993186537176370620727539062500000, 0.802853936449496430327599227894097566604614257812500000000000,-0.570732414483460459564412303734570741653442382812500000000000, 2.178193858406971994412515414296649396419525146484375000000000, 1.359383942881719598005929583450779318809509277343750000000000
 0.000747864664014060201956135554013371802284382283687591552734, 0.172308060709380012065494724993186537176370620727539062500000,-0.802853936449496319305296765378443524241447448730468750000000, 0.570732414483460570586714766250224784016609191894531250000000, 0.963398795182821121585448054247535765171051025390625000000000, 4.923801364297866633989997353637591004371643066406250000000000
 0.000747864664014060201956135554013371802284382283687591552734, 0.172308060709380012065494724993186537176370620727539062500000,-0.802853936449496430327599227894097566604614257812500000000000,-0.570732414483460459564412303734570741653442382812500000000000, 2.178193858406971994412515414296649396419525146484375000000000, 4.923801364297866633989997353637591004371643066406250000000000
 0.000747864664014060201956135554013371802284382283687591552734,-0.172308060709380012065494724993186537176370620727539062500000, 0.802853936449496319305296765378443524241447448730468750000000, 0.570732414483460570586714766250224784016609191894531250000000, 0.963398795182821121585448054247535765171051025390625000000000, 1.782208710708073517992033885093405842781066894531250000000000
 0.000747864664014060201956135554013371802284382283687591552734,-0.172308060709380012065494724993186537176370620727539062500000, 0.802853936449496430327599227894097566604614257812500000000000,-0.570732414483460459564412303734570741653442382812500000000000, 2.178193858406971994412515414296649396419525146484375000000000, 1.782208710708073517992033885093405842781066894531250000000000
 0.000747864664014060201956135554013371802284382283687591552734,-0.172308060709380012065494724993186537176370620727539062500000,-0.802853936449496319305296765378443524241447448730468750000000, 0.570732414483460570586714766250224784016609191894531250000000, 0.963398795182821121585448054247535765171051025390625000000000, 4.500976596471512714003893051994964480400085449218750000000000
 0.000747864664014060201956135554013371802284382283687591552734,-0.172308060709380012065494724993186537176370620727539062500000,-0.802853936449496430327599227894097566604614257812500000000000,-0.570732414483460459564412303734570741653442382812500000000000, 2.178193858406971994412515414296649396419525146484375000000000, 4.500976596471512714003893051994964480400085449218750000000000
 0.000747864664014060201956135554013371802284382283687591552734, 0.802853936449496319305296765378443524241447448730468750000000, 0.570732414483460681609017228765878826379776000976562500000000, 0.172308060709379901043192262477532494813203811645507812500000, 1.397624029219314722993772193149197846651077270507812500000000, 0.617990391999655108712374840251868590712547302246093750000000
 0.000747864664014060201956135554013371802284382283687591552734, 0.802853936449496319305296765378443524241447448730468750000000, 0.570732414483460681609017228765878826379776000976562500000000,-0.172308060709380095332221571879927068948745727539062500000000, 1.743968624370478837093401125457603484392166137695312500000000, 0.617990391999655108712374840251868590712547302246093750000000
 0.000747864664014060201956135554013371802284382283687591552734, 0.802853936449496319305296765378443524241447448730468750000000,-0.570732414483460681609017228765878826379776000976562500000000, 0.172308060709379901043192262477532494813203811645507812500000, 1.397624029219314722993772193149197846651077270507812500000000, 5.665194915179931456350459484383463859558105468750000000000000
 0.000747864664014060201956135554013371802284382283687591552734, 0.802853936449496319305296765378443524241447448730468750000000,-0.570732414483460681609017228765878826379776000976562500000000,-0.172308060709380095332221571879927068948745727539062500000000, 1.743968624370478837093401125457603484392166137695312500000000, 5.665194915179931456350459484383463859558105468750000000000000
 0.000747864664014060201956135554013371802284382283687591552734,-0.802853936449496319305296765378443524241447448730468750000000, 0.570732414483460681609017228765878826379776000976562500000000, 0.172308060709379901043192262477532494813203811645507812500000, 1.397624029219314722993772193149197846651077270507812500000000, 2.523602261590137896263286165776662528514862060546875000000000
 0.000747864664014060201956135554013371802284382283687591552734,-0.802853936449496319305296765378443524241447448730468750000000, 0.570732414483460681609017228765878826379776000976562500000000,-0.172308060709380095332221571879927068948745727539062500000000, 1.743968624370478837093401125457603484392166137695312500000000, 2.523602261590137896263286165776662528514862060546875000000000
 0.000747864664014060201956135554013371802284382283687591552734,-0.802853936449496319305296765378443524241447448730468750000000,-0.570732414483460681609017228765878826379776000976562500000000, 0.172308060709379901043192262477532494813203811645507812500000, 1.397624029219314722993772193149197846651077270507812500000000, 3.759583045589448335732640771311707794666290283203125000000000
 0.000747864664014060201956135554013371802284382283687591552734,-0.802853936449496319305296765378443524241447448730468750000000,-0.570732414483460681609017228765878826379776000976562500000000,-0.172308060709380095332221571879927068948745727539062500000000, 1.743968624370478837093401125457603484392166137695312500000000, 3.759583045589448335732640771311707794666290283203125000000000
 0.000747864664014060201956135554013371802284382283687591552734, 0.802853936449496319305296765378443524241447448730468750000000, 0.172308060709380012065494724993186537176370620727539062500000, 0.570732414483460570586714766250224784016609191894531250000000, 0.963398795182821121585448054247535765171051025390625000000000, 0.211412383913176987748627766450226772576570510864257812500000
 0.000747864664014060201956135554013371802284382283687591552734, 0.802853936449496430327599227894097566604614257812500000000000, 0.172308060709380012065494724993186537176370620727539062500000,-0.570732414483460459564412303734570741653442382812500000000000, 2.178193858406971994412515414296649396419525146484375000000000, 0.211412383913176959993052150821313261985778808593750000000000
 0.000747864664014060201956135554013371802284382283687591552734, 0.802853936449496319305296765378443524241447448730468750000000,-0.172308060709380012065494724993186537176370620727539062500000, 0.570732414483460570586714766250224784016609191894531250000000, 0.963398795182821121585448054247535765171051025390625000000000, 6.071772923266409272002874786267057061195373535156250000000000
 0.000747864664014060201956135554013371802284382283687591552734, 0.802853936449496430327599227894097566604614257812500000000000,-0.172308060709380012065494724993186537176370620727539062500000,-0.570732414483460459564412303734570741653442382812500000000000, 2.178193858406971994412515414296649396419525146484375000000000, 6.071772923266409272002874786267057061195373535156250000000000
 0.000747864664014060201956135554013371802284382283687591552734,-0.802853936449496319305296765378443524241447448730468750000000, 0.172308060709380012065494724993186537176370620727539062500000, 0.570732414483460570586714766250224784016609191894531250000000, 0.963398795182821121585448054247535765171051025390625000000000, 2.930180269676616156004911317722871899604797363281250000000000
 0.000747864664014060201956135554013371802284382283687591552734,-0.802853936449496430327599227894097566604614257812500000000000, 0.172308060709380012065494724993186537176370620727539062500000,-0.570732414483460459564412303734570741653442382812500000000000, 2.178193858406971994412515414296649396419525146484375000000000, 2.930180269676616156004911317722871899604797363281250000000000
 0.000747864664014060201956135554013371802284382283687591552734,-0.802853936449496319305296765378443524241447448730468750000000,-0.172308060709380012065494724993186537176370620727539062500000, 0.570732414483460570586714766250224784016609191894531250000000, 0.963398795182821121585448054247535765171051025390625000000000, 3.353005037502970075991015619365498423576354980468750000000000
 0.000747864664014060201956135554013371802284382283687591552734,-0.802853936449496430327599227894097566604614257812500000000000,-0.172308060709380012065494724993186537176370620727539062500000,-0.570732414483460459564412303734570741653442382812500000000000, 2.178193858406971994412515414296649396419525146484375000000000, 3.353005037502970075991015619365498423576354980468750000000000
 0.000733591872060059056563641188830615647020749747753143310547, 0.509636090196036506405619093129644170403480529785156250000000, 0.114023846539051301740563815201312536373734474182128906250000, 0.852801042441984957775957809644751250743865966796875000000000, 0.549470735489490658132183398265624418854713439941406250000000, 0.220110848609970016775960743871110025793313980102539062500000
 0.000733591872060059056563641188830615647020749747753143310547, 0.509636090196036617427921555645298212766647338867187500000000, 0.114023846539051301740563815201312536373734474182128906250000,-0.852801042441984957775957809644751250743865966796875000000000, 2.592121918100302568888082532794214785099029541015625000000000, 0.220110848609969961264809512613283004611730575561523437500000
 0.000733591872060059056563641188830615647020749747753143310547, 0.509636090196036506405619093129644170403480529785156250000000,-0.114023846539051301740563815201312536373734474182128906250000, 0.852801042441984957775957809644751250743865966796875000000000, 0.549470735489490658132183398265624418854713439941406250000000, 6.063074458569616353997844271361827850341796875000000000000000
 0.000733591872060059056563641188830615647020749747753143310547, 0.509636090196036617427921555645298212766647338867187500000000,-0.114023846539051301740563815201312536373734474182128906250000,-0.852801042441984957775957809644751250743865966796875000000000, 2.592121918100302568888082532794214785099029541015625000000000, 6.063074458569616353997844271361827850341796875000000000000000
 0.000733591872060059056563641188830615647020749747753143310547,-0.509636090196036506405619093129644170403480529785156250000000, 0.114023846539051204596049160500115249305963516235351562500000, 0.852801042441984957775957809644751250743865966796875000000000, 0.549470735489490658132183398265624418854713439941406250000000, 2.921481804979823237999880802817642688751220703125000000000000
 0.000733591872060059056563641188830615647020749747753143310547,-0.509636090196036617427921555645298212766647338867187500000000, 0.114023846539051204596049160500115249305963516235351562500000,-0.852801042441984957775957809644751250743865966796875000000000, 2.592121918100302568888082532794214785099029541015625000000000, 2.921481804979823237999880802817642688751220703125000000000000
 0.000733591872060059056563641188830615647020749747753143310547,-0.509636090196036506405619093129644170403480529785156250000000,-0.114023846539051204596049160500115249305963516235351562500000, 0.852801042441984957775957809644751250743865966796875000000000, 0.549470735489490658132183398265624418854713439941406250000000, 3.361703502199762993996046134270727634429931640625000000000000
 0.000733591872060059056563641188830615647020749747753143310547,-0.509636090196036617427921555645298212766647338867187500000000,-0.114023846539051204596049160500115249305963516235351562500000,-0.852801042441984957775957809644751250743865966796875000000000, 2.592121918100302568888082532794214785099029541015625000000000, 3.361703502199762993996046134270727634429931640625000000000000
 0.000733591872060059056563641188830615647020749747753143310547, 0.509636090196036395383316630613990128040313720703125000000000, 0.852801042441985068798260272160405293107032775878906250000000, 0.114023846539051204596049160500115249305963516235351562500000, 1.456523944409551463152752148744184523820877075195312500000000, 1.032141511214426987663728141342289745807647705078125000000000
 0.000733591872060059056563641188830615647020749747753143310547, 0.509636090196036395383316630613990128040313720703125000000000, 0.852801042441984957775957809644751250743865966796875000000000,-0.114023846539051398885078469902509823441505432128906250000000, 1.685068709180242096934421169862616807222366333007812500000000, 1.032141511214426765619123216310981661081314086914062500000000
 0.000733591872060059056563641188830615647020749747753143310547, 0.509636090196036395383316630613990128040313720703125000000000,-0.852801042441985068798260272160405293107032775878906250000000, 0.114023846539051204596049160500115249305963516235351562500000, 1.456523944409551463152752148744184523820877075195312500000000, 5.251043795965159688421408645808696746826171875000000000000000
 0.000733591872060059056563641188830615647020749747753143310547, 0.509636090196036395383316630613990128040313720703125000000000,-0.852801042441984957775957809644751250743865966796875000000000,-0.114023846539051398885078469902509823441505432128906250000000, 1.685068709180242096934421169862616807222366333007812500000000, 5.251043795965159688421408645808696746826171875000000000000000
 0.000733591872060059056563641188830615647020749747753143310547,-0.509636090196036617427921555645298212766647338867187500000000, 0.852801042441984957775957809644751250743865966796875000000000, 0.114023846539051204596049160500115249305963516235351562500000, 1.456523944409551463152752148744184523820877075195312500000000, 2.109451142375366572423445177264511585235595703125000000000000
 0.000733591872060059056563641188830615647020749747753143310547,-0.509636090196036617427921555645298212766647338867187500000000, 0.852801042441984846753655347129097208380699157714843750000000,-0.114023846539051398885078469902509823441505432128906250000000, 1.685068709180242096934421169862616807222366333007812500000000, 2.109451142375366572423445177264511585235595703125000000000000
 0.000733591872060059056563641188830615647020749747753143310547,-0.509636090196036617427921555645298212766647338867187500000000,-0.852801042441984957775957809644751250743865966796875000000000, 0.114023846539051204596049160500115249305963516235351562500000, 1.456523944409551463152752148744184523820877075195312500000000, 4.173734164804219659572481759823858737945556640625000000000000
 0.000733591872060059056563641188830615647020749747753143310547,-0.509636090196036617427921555645298212766647338867187500000000,-0.852801042441984846753655347129097208380699157714843750000000,-0.114023846539051398885078469902509823441505432128906250000000, 1.685068709180242096934421169862616807222366333007812500000000, 4.173734164804219659572481759823858737945556640625000000000000
 0.000733591872060059056563641188830615647020749747753143310547, 0.114023846539051204596049160500115249305963516235351562500000, 0.509636090196036506405619093129644170403480529785156250000000, 0.852801042441984957775957809644751250743865966796875000000000, 0.549470735489490658132183398265624418854713439941406250000000, 1.350685478184926680000899068545550107955932617187500000000000
 0.000733591872060059056563641188830615647020749747753143310547, 0.114023846539051204596049160500115249305963516235351562500000, 0.509636090196036617427921555645298212766647338867187500000000,-0.852801042441984957775957809644751250743865966796875000000000, 2.592121918100302568888082532794214785099029541015625000000000, 1.350685478184926902045503993576858192682266235351562500000000
 0.000733591872060059056563641188830615647020749747753143310547, 0.114023846539051204596049160500115249305963516235351562500000,-0.509636090196036506405619093129644170403480529785156250000000, 0.852801042441984957775957809644751250743865966796875000000000, 0.549470735489490658132183398265624418854713439941406250000000, 4.932499828994659551995027868542820215225219726562500000000000
 0.000733591872060059056563641188830615647020749747753143310547, 0.114023846539051204596049160500115249305963516235351562500000,-0.509636090196036617427921555645298212766647338867187500000000,-0.852801042441984957775957809644751250743865966796875000000000, 2.592121918100302568888082532794214785099029541015625000000000, 4.932499828994659551995027868542820215225219726562500000000000
 0.000733591872060059056563641188830615647020749747753143310547,-0.114023846539051301740563815201312536373734474182128906250000, 0.509636090196036506405619093129644170403480529785156250000000, 0.852801042441984957775957809644751250743865966796875000000000, 0.549470735489490658132183398265624418854713439941406250000000, 1.790907175404866658041669325029943138360977172851562500000000
 0.000733591872060059056563641188830615647020749747753143310547,-0.114023846539051301740563815201312536373734474182128906250000, 0.509636090196036617427921555645298212766647338867187500000000,-0.852801042441984957775957809644751250743865966796875000000000, 2.592121918100302568888082532794214785099029541015625000000000, 1.790907175404866658041669325029943138360977172851562500000000
 0.000733591872060059056563641188830615647020749747753143310547,-0.114023846539051301740563815201312536373734474182128906250000,-0.509636090196036506405619093129644170403480529785156250000000, 0.852801042441984957775957809644751250743865966796875000000000, 0.549470735489490658132183398265624418854713439941406250000000, 4.492278131774719795998862537089735269546508789062500000000000
 0.000733591872060059056563641188830615647020749747753143310547,-0.114023846539051301740563815201312536373734474182128906250000,-0.509636090196036617427921555645298212766647338867187500000000,-0.852801042441984957775957809644751250743865966796875000000000, 2.592121918100302568888082532794214785099029541015625000000000, 4.492278131774719795998862537089735269546508789062500000000000
 0.000733591872060059056563641188830615647020749747753143310547, 0.114023846539051204596049160500115249305963516235351562500000, 0.852801042441984957775957809644751250743865966796875000000000, 0.509636090196036506405619093129644170403480529785156250000000, 1.036034548625817564015960670076310634613037109375000000000000, 1.437879541820882289826499800255987793207168579101562500000000
 0.000733591872060059056563641188830615647020749747753143310547, 0.114023846539051204596049160500115249305963516235351562500000, 0.852801042441984957775957809644751250743865966796875000000000,-0.509636090196036617427921555645298212766647338867187500000000, 2.105558104963975551982002798467874526977539062500000000000000, 1.437879541820882289826499800255987793207168579101562500000000
 0.000733591872060059056563641188830615647020749747753143310547, 0.114023846539051204596049160500115249305963516235351562500000,-0.852801042441984957775957809644751250743865966796875000000000, 0.509636090196036506405619093129644170403480529785156250000000, 1.036034548625817564015960670076310634613037109375000000000000, 4.845305765358704164214032061863690614700317382812500000000000
 0.000733591872060059056563641188830615647020749747753143310547, 0.114023846539051204596049160500115249305963516235351562500000,-0.852801042441984957775957809644751250743865966796875000000000,-0.509636090196036617427921555645298212766647338867187500000000, 2.105558104963975551982002798467874526977539062500000000000000, 4.845305765358704164214032061863690614700317382812500000000000
 0.000733591872060059056563641188830615647020749747753143310547,-0.114023846539051204596049160500115249305963516235351562500000, 0.852801042441984957775957809644751250743865966796875000000000, 0.509636090196036506405619093129644170403480529785156250000000, 1.036034548625817564015960670076310634613037109375000000000000, 1.703713111768911048216068593319505453109741210937500000000000
 0.000733591872060059056563641188830615647020749747753143310547,-0.114023846539051204596049160500115249305963516235351562500000, 0.852801042441984957775957809644751250743865966796875000000000,-0.509636090196036617427921555645298212766647338867187500000000, 2.105558104963975551982002798467874526977539062500000000000000, 1.703713111768911048216068593319505453109741210937500000000000
 0.000733591872060059056563641188830615647020749747753143310547,-0.114023846539051204596049160500115249305963516235351562500000,-0.852801042441984957775957809644751250743865966796875000000000, 0.509636090196036506405619093129644170403480529785156250000000, 1.036034548625817564015960670076310634613037109375000000000000, 4.579472195410675183779858343768864870071411132812500000000000
 0.000733591872060059056563641188830615647020749747753143310547,-0.114023846539051204596049160500115249305963516235351562500000,-0.852801042441984957775957809644751250743865966796875000000000,-0.509636090196036617427921555645298212766647338867187500000000, 2.105558104963975551982002798467874526977539062500000000000000, 4.579472195410675183779858343768864870071411132812500000000000
 0.000733591872060059056563641188830615647020749747753143310547, 0.852801042441984957775957809644751250743865966796875000000000, 0.509636090196036506405619093129644170403480529785156250000000, 0.114023846539051204596049160500115249305963516235351562500000, 1.456523944409551463152752148744184523820877075195312500000000, 0.538654815580469903402160980476764962077140808105468750000000
 0.000733591872060059056563641188830615647020749747753143310547, 0.852801042441984846753655347129097208380699157714843750000000, 0.509636090196036506405619093129644170403480529785156250000000,-0.114023846539051398885078469902509823441505432128906250000000, 1.685068709180242096934421169862616807222366333007812500000000, 0.538654815580469903402160980476764962077140808105468750000000
 0.000733591872060059056563641188830615647020749747753143310547, 0.852801042441984957775957809644751250743865966796875000000000,-0.509636090196036506405619093129644170403480529785156250000000, 0.114023846539051204596049160500115249305963516235351562500000, 1.456523944409551463152752148744184523820877075195312500000000, 5.744530491599116217571463494095951318740844726562500000000000
 0.000733591872060059056563641188830615647020749747753143310547, 0.852801042441984846753655347129097208380699157714843750000000,-0.509636090196036506405619093129644170403480529785156250000000,-0.114023846539051398885078469902509823441505432128906250000000, 1.685068709180242096934421169862616807222366333007812500000000, 5.744530491599116217571463494095951318740844726562500000000000
 0.000733591872060059056563641188830615647020749747753143310547,-0.852801042441984846753655347129097208380699157714843750000000, 0.509636090196036839472526480676606297492980957031250000000000, 0.114023846539051204596049160500115249305963516235351562500000, 1.456523944409551463152752148744184523820877075195312500000000, 2.602937838009323101573500025551766157150268554687500000000000
 0.000733591872060059056563641188830615647020749747753143310547,-0.852801042441984735731352884613443166017532348632812500000000, 0.509636090196036839472526480676606297492980957031250000000000,-0.114023846539051398885078469902509823441505432128906250000000, 1.685068709180241874889816244831308722496032714843750000000000, 2.602937838009323101573500025551766157150268554687500000000000
 0.000733591872060059056563641188830615647020749747753143310547,-0.852801042441984846753655347129097208380699157714843750000000,-0.509636090196036839472526480676606297492980957031250000000000, 0.114023846539051204596049160500115249305963516235351562500000, 1.456523944409551463152752148744184523820877075195312500000000, 3.680247469170263130422426911536604166030883789062500000000000
 0.000733591872060059056563641188830615647020749747753143310547,-0.852801042441984735731352884613443166017532348632812500000000,-0.509636090196036839472526480676606297492980957031250000000000,-0.114023846539051398885078469902509823441505432128906250000000, 1.685068709180241874889816244831308722496032714843750000000000, 3.680247469170263130422426911536604166030883789062500000000000
 0.000733591872060059056563641188830615647020749747753143310547, 0.852801042441984957775957809644751250743865966796875000000000, 0.114023846539050996429232043283263919875025749206542968750000, 0.509636090196036506405619093129644170403480529785156250000000, 1.036034548625817564015960670076310634613037109375000000000000, 0.132916784974014129394603855871537234634160995483398437500000
 0.000733591872060059056563641188830615647020749747753143310547, 0.852801042441984957775957809644751250743865966796875000000000, 0.114023846539050996429232043283263919875025749206542968750000,-0.509636090196036617427921555645298212766647338867187500000000, 2.105558104963975551982002798467874526977539062500000000000000, 0.132916784974014129394603855871537234634160995483398437500000
 0.000733591872060059056563641188830615647020749747753143310547, 0.852801042441984957775957809644751250743865966796875000000000,-0.114023846539050996429232043283263919875025749206542968750000, 0.509636090196036506405619093129644170403480529785156250000000, 1.036034548625817564015960670076310634613037109375000000000000, 6.150268522205571741778840078040957450866699218750000000000000
 0.000733591872060059056563641188830615647020749747753143310547, 0.852801042441984957775957809644751250743865966796875000000000,-0.114023846539050996429232043283263919875025749206542968750000,-0.509636090196036617427921555645298212766647338867187500000000, 2.105558104963975551982002798467874526977539062500000000000000, 6.150268522205571741778840078040957450866699218750000000000000
 0.000733591872060059056563641188830615647020749747753143310547,-0.852801042441984957775957809644751250743865966796875000000000, 0.114023846539050802140202733880869345739483833312988281250000, 0.509636090196036506405619093129644170403480529785156250000000, 1.036034548625817564015960670076310634613037109375000000000000, 3.008675868615779513959296309622004628181457519531250000000000
 0.000733591872060059056563641188830615647020749747753143310547,-0.852801042441984957775957809644751250743865966796875000000000, 0.114023846539050802140202733880869345739483833312988281250000,-0.509636090196036617427921555645298212766647338867187500000000, 2.105558104963975551982002798467874526977539062500000000000000, 3.008675868615779513959296309622004628181457519531250000000000
 0.000733591872060059056563641188830615647020749747753143310547,-0.852801042441984957775957809644751250743865966796875000000000,-0.114023846539050802140202733880869345739483833312988281250000, 0.509636090196036506405619093129644170403480529785156250000000, 1.036034548625817564015960670076310634613037109375000000000000, 3.274509438563806718036630627466365694999694824218750000000000
 0.000733591872060059056563641188830615647020749747753143310547,-0.852801042441984957775957809644751250743865966796875000000000,-0.114023846539050802140202733880869345739483833312988281250000,-0.509636090196036617427921555645298212766647338867187500000000, 2.105558104963975551982002798467874526977539062500000000000000, 3.274509438563806718036630627466365694999694824218750000000000
 0.000711012052766057272602806538230879596085287630558013916016, 0.443872993831245621354497643551439978182315826416015625000000, 0.056115220958825602626252049276445177383720874786376953125000, 0.894330949550572795736513853626092895865440368652343750000000, 0.463862765133289167707175693067256361246109008789062500000000, 0.125754670658272615924033743795007467269897460937500000000000
 0.000711012052766057272602806538230879596085287630558013916016, 0.443872993831245399309892718520131893455982208251953125000000, 0.056115220958825602626252049276445177383720874786376953125000,-0.894330949550572906758816316141746938228607177734375000000000, 2.677729888456504170335392700508236885070800781250000000000000, 0.125754670658272671435184975052834488451480865478515625000000
 0.000711012052766057272602806538230879596085287630558013916016, 0.443872993831245621354497643551439978182315826416015625000000,-0.056115220958825602626252049276445177383720874786376953125000, 0.894330949550572795736513853626092895865440368652343750000000, 0.463862765133289167707175693067256361246109008789062500000000, 6.157430636521313616071893193293362855911254882812500000000000
 0.000711012052766057272602806538230879596085287630558013916016, 0.443872993831245399309892718520131893455982208251953125000000,-0.056115220958825602626252049276445177383720874786376953125000,-0.894330949550572906758816316141746938228607177734375000000000, 2.677729888456504170335392700508236885070800781250000000000000, 6.157430636521313616071893193293362855911254882812500000000000
 0.000711012052766057272602806538230879596085287630558013916016,-0.443872993831245621354497643551439978182315826416015625000000, 0.056115220958825602626252049276445177383720874786376953125000, 0.894330949550572795736513853626092895865440368652343750000000, 0.463862765133289167707175693067256361246109008789062500000000, 3.015837982931520500073929724749177694320678710937500000000000
 0.000711012052766057272602806538230879596085287630558013916016,-0.443872993831245399309892718520131893455982208251953125000000, 0.056115220958825498542843490668019512668251991271972656250000,-0.894330949550572906758816316141746938228607177734375000000000, 2.677729888456504170335392700508236885070800781250000000000000, 3.015837982931520944163139574811793863773345947265625000000000
 0.000711012052766057272602806538230879596085287630558013916016,-0.443872993831245621354497643551439978182315826416015625000000,-0.056115220958825602626252049276445177383720874786376953125000, 0.894330949550572795736513853626092895865440368652343750000000, 0.463862765133289167707175693067256361246109008789062500000000, 3.267347324248065731921997212339192628860473632812500000000000
 0.000711012052766057272602806538230879596085287630558013916016,-0.443872993831245399309892718520131893455982208251953125000000,-0.056115220958825498542843490668019512668251991271972656250000,-0.894330949550572906758816316141746938228607177734375000000000, 2.677729888456504170335392700508236885070800781250000000000000, 3.267347324248065287832787362276576459407806396484375000000000
 0.000711012052766057272602806538230879596085287630558013916016, 0.443872993831245621354497643551439978182315826416015625000000, 0.894330949550572795736513853626092895865440368652343750000000, 0.056115220958825498542843490668019512668251991271972656250000, 1.514651613654344419757080686395056545734405517578125000000000, 1.110098254131929529364697373239323496818542480468750000000000
 0.000711012052766057272602806538230879596085287630558013916016, 0.443872993831245621354497643551439978182315826416015625000000, 0.894330949550572795736513853626092895865440368652343750000000,-0.056115220958825200170405622657199273817241191864013671875000, 1.626941039935448696240882782149128615856170654296875000000000, 1.110098254131929529364697373239323496818542480468750000000000
 0.000711012052766057272602806538230879596085287630558013916016, 0.443872993831245621354497643551439978182315826416015625000000,-0.894330949550572795736513853626092895865440368652343750000000, 0.056115220958825498542843490668019512668251991271972656250000, 1.514651613654344419757080686395056545734405517578125000000000, 5.173087053047656702631229563849046826362609863281250000000000
 0.000711012052766057272602806538230879596085287630558013916016, 0.443872993831245621354497643551439978182315826416015625000000,-0.894330949550572795736513853626092895865440368652343750000000,-0.056115220958825200170405622657199273817241191864013671875000, 1.626941039935448696240882782149128615856170654296875000000000, 5.173087053047656702631229563849046826362609863281250000000000
 0.000711012052766057272602806538230879596085287630558013916016,-0.443872993831245621354497643551439978182315826416015625000000, 0.894330949550572795736513853626092895865440368652343750000000, 0.056115220958825498542843490668019512668251991271972656250000, 1.514651613654344419757080686395056545734405517578125000000000, 2.031494399457863586633266095304861664772033691406250000000000
 0.000711012052766057272602806538230879596085287630558013916016,-0.443872993831245621354497643551439978182315826416015625000000, 0.894330949550572795736513853626092895865440368652343750000000,-0.056115220958825200170405622657199273817241191864013671875000, 1.626941039935448696240882782149128615856170654296875000000000, 2.031494399457863586633266095304861664772033691406250000000000
 0.000711012052766057272602806538230879596085287630558013916016,-0.443872993831245621354497643551439978182315826416015625000000,-0.894330949550572795736513853626092895865440368652343750000000, 0.056115220958825498542843490668019512668251991271972656250000, 1.514651613654344419757080686395056545734405517578125000000000, 4.251690907721722645362660841783508658409118652343750000000000
 0.000711012052766057272602806538230879596085287630558013916016,-0.443872993831245621354497643551439978182315826416015625000000,-0.894330949550572795736513853626092895865440368652343750000000,-0.056115220958825200170405622657199273817241191864013671875000, 1.626941039935448696240882782149128615856170654296875000000000, 4.251690907721722645362660841783508658409118652343750000000000
 0.000711012052766057272602806538230879596085287630558013916016, 0.056115220958825297314920277358396560885012149810791015625000, 0.443872993831245621354497643551439978182315826416015625000000, 0.894330949550572795736513853626092895865440368652343750000000, 0.463862765133289167707175693067256361246109008789062500000000, 1.445041656136624608208762765571009367704391479492187500000000
 0.000711012052766057272602806538230879596085287630558013916016, 0.056115220958825297314920277358396560885012149810791015625000, 0.443872993831245399309892718520131893455982208251953125000000,-0.894330949550572906758816316141746938228607177734375000000000, 2.677729888456504170335392700508236885070800781250000000000000, 1.445041656136624608208762765571009367704391479492187500000000
 0.000711012052766057272602806538230879596085287630558013916016, 0.056115220958825297314920277358396560885012149810791015625000,-0.443872993831245621354497643551439978182315826416015625000000, 0.894330949550572795736513853626092895865440368652343750000000, 0.463862765133289167707175693067256361246109008789062500000000, 4.838143651042961401742559246486052870750427246093750000000000
 0.000711012052766057272602806538230879596085287630558013916016, 0.056115220958825297314920277358396560885012149810791015625000,-0.443872993831245399309892718520131893455982208251953125000000,-0.894330949550572906758816316141746938228607177734375000000000, 2.677729888456504170335392700508236885070800781250000000000000, 4.838143651042961401742559246486052870750427246093750000000000
 0.000711012052766057272602806538230879596085287630558013916016,-0.056115220958825498542843490668019512668251991271972656250000, 0.443872993831245621354497643551439978182315826416015625000000, 0.894330949550572795736513853626092895865440368652343750000000, 0.463862765133289167707175693067256361246109008789062500000000, 1.696550997453168951878410553035791963338851928710937500000000
 0.000711012052766057272602806538230879596085287630558013916016,-0.056115220958825401398328835966822225600481033325195312500000, 0.443872993831245399309892718520131893455982208251953125000000,-0.894330949550572906758816316141746938228607177734375000000000, 2.677729888456504170335392700508236885070800781250000000000000, 1.696550997453168951878410553035791963338851928710937500000000
 0.000711012052766057272602806538230879596085287630558013916016,-0.056115220958825498542843490668019512668251991271972656250000,-0.443872993831245621354497643551439978182315826416015625000000, 0.894330949550572795736513853626092895865440368652343750000000, 0.463862765133289167707175693067256361246109008789062500000000, 4.586634309726417058072911459021270275115966796875000000000000
 0.000711012052766057272602806538230879596085287630558013916016,-0.056115220958825401398328835966822225600481033325195312500000,-0.443872993831245399309892718520131893455982208251953125000000,-0.894330949550572906758816316141746938228607177734375000000000, 2.677729888456504170335392700508236885070800781250000000000000, 4.586634309726417058072911459021270275115966796875000000000000
 0.000711012052766057272602806538230879596085287630558013916016, 0.056115220958825200170405622657199273817241191864013671875000, 0.894330949550572795736513853626092895865440368652343750000000, 0.443872993831245621354497643551439978182315826416015625000000, 1.110880151765912149386394958128221333026885986328125000000000, 1.508132999892046077761165179254021495580673217773437500000000
 0.000711012052766057272602806538230879596085287630558013916016, 0.056115220958825200170405622657199273817241191864013671875000, 0.894330949550572795736513853626092895865440368652343750000000,-0.443872993831245676865648874809266999363899230957031250000000, 2.030712501823880966611568510415963828563690185546875000000000, 1.508132999892046077761165179254021495580673217773437500000000
 0.000711012052766057272602806538230879596085287630558013916016, 0.056115220958825200170405622657199273817241191864013671875000,-0.894330949550572795736513853626092895865440368652343750000000, 0.443872993831245621354497643551439978182315826416015625000000, 1.110880151765912149386394958128221333026885986328125000000000, 4.775052307287539932190156832803040742874145507812500000000000
 0.000711012052766057272602806538230879596085287630558013916016, 0.056115220958825200170405622657199273817241191864013671875000,-0.894330949550572795736513853626092895865440368652343750000000,-0.443872993831245676865648874809266999363899230957031250000000, 2.030712501823880966611568510415963828563690185546875000000000, 4.775052307287539932190156832803040742874145507812500000000000
 0.000711012052766057272602806538230879596085287630558013916016,-0.056115220958825498542843490668019512668251991271972656250000, 0.894330949550572795736513853626092895865440368652343750000000, 0.443872993831245621354497643551439978182315826416015625000000, 1.110880151765912149386394958128221333026885986328125000000000, 1.633459653697747482326008139352779835462570190429687500000000
 0.000711012052766057272602806538230879596085287630558013916016,-0.056115220958825498542843490668019512668251991271972656250000, 0.894330949550572795736513853626092895865440368652343750000000,-0.443872993831245676865648874809266999363899230957031250000000, 2.030712501823880966611568510415963828563690185546875000000000, 1.633459653697747482326008139352779835462570190429687500000000
 0.000711012052766057272602806538230879596085287630558013916016,-0.056115220958825498542843490668019512668251991271972656250000,-0.894330949550572795736513853626092895865440368652343750000000, 0.443872993831245621354497643551439978182315826416015625000000, 1.110880151765912149386394958128221333026885986328125000000000, 4.649725653481838527625313872704282402992248535156250000000000
 0.000711012052766057272602806538230879596085287630558013916016,-0.056115220958825498542843490668019512668251991271972656250000,-0.894330949550572795736513853626092895865440368652343750000000,-0.443872993831245676865648874809266999363899230957031250000000, 2.030712501823880966611568510415963828563690185546875000000000, 4.649725653481838527625313872704282402992248535156250000000000
 0.000711012052766057272602806538230879596085287630558013916016, 0.894330949550572795736513853626092895865440368652343750000000, 0.443872993831245621354497643551439978182315826416015625000000, 0.056115220958825498542843490668019512668251991271972656250000, 1.514651613654344419757080686395056545734405517578125000000000, 0.460698072662967084145435592290596105158329010009765625000000
 0.000711012052766057272602806538230879596085287630558013916016, 0.894330949550572795736513853626092895865440368652343750000000, 0.443872993831245621354497643551439978182315826416015625000000,-0.056115220958825200170405622657199273817241191864013671875000, 1.626941039935448696240882782149128615856170654296875000000000, 0.460698072662967084145435592290596105158329010009765625000000
 0.000711012052766057272602806538230879596085287630558013916016, 0.894330949550572795736513853626092895865440368652343750000000,-0.443872993831245621354497643551439978182315826416015625000000, 0.056115220958825498542843490668019512668251991271972656250000, 1.514651613654344419757080686395056545734405517578125000000000, 5.822487234516619203361642576055601239204406738281250000000000
 0.000711012052766057272602806538230879596085287630558013916016, 0.894330949550572795736513853626092895865440368652343750000000,-0.443872993831245621354497643551439978182315826416015625000000,-0.056115220958825200170405622657199273817241191864013671875000, 1.626941039935448696240882782149128615856170654296875000000000, 5.822487234516619203361642576055601239204406738281250000000000
 0.000711012052766057272602806538230879596085287630558013916016,-0.894330949550572684714211391110438853502273559570312500000000, 0.443872993831245676865648874809266999363899230957031250000000, 0.056115220958825498542843490668019512668251991271972656250000, 1.514651613654344419757080686395056545734405517578125000000000, 2.680894580926826087363679107511416077613830566406250000000000
 0.000711012052766057272602806538230879596085287630558013916016,-0.894330949550572684714211391110438853502273559570312500000000, 0.443872993831245676865648874809266999363899230957031250000000,-0.056115220958825200170405622657199273817241191864013671875000, 1.626941039935448696240882782149128615856170654296875000000000, 2.680894580926826087363679107511416077613830566406250000000000
 0.000711012052766057272602806538230879596085287630558013916016,-0.894330949550572684714211391110438853502273559570312500000000,-0.443872993831245676865648874809266999363899230957031250000000, 0.056115220958825498542843490668019512668251991271972656250000, 1.514651613654344419757080686395056545734405517578125000000000, 3.602290726252760144632247829576954245567321777343750000000000
 0.000711012052766057272602806538230879596085287630558013916016,-0.894330949550572684714211391110438853502273559570312500000000,-0.443872993831245676865648874809266999363899230957031250000000,-0.056115220958825200170405622657199273817241191864013671875000, 1.626941039935448696240882782149128615856170654296875000000000, 3.602290726252760144632247829576954245567321777343750000000000
 0.000711012052766057272602806538230879596085287630558013916016, 0.894330949550572795736513853626092895865440368652343750000000, 0.056115220958825200170405622657199273817241191864013671875000, 0.443872993831245621354497643551439978182315826416015625000000, 1.110880151765912149386394958128221333026885986328125000000000, 0.062663326902850577382331209719268372282385826110839843750000
 0.000711012052766057272602806538230879596085287630558013916016, 0.894330949550572795736513853626092895865440368652343750000000, 0.056115220958825200170405622657199273817241191864013671875000,-0.443872993831245676865648874809266999363899230957031250000000, 2.030712501823880966611568510415963828563690185546875000000000, 0.062663326902850577382331209719268372282385826110839843750000
 0.000711012052766057272602806538230879596085287630558013916016, 0.894330949550572795736513853626092895865440368652343750000000,-0.056115220958825200170405622657199273817241191864013671875000, 0.443872993831245621354497643551439978182315826416015625000000, 1.110880151765912149386394958128221333026885986328125000000000, 6.220521980276735973802715307101607322692871093750000000000000
 0.000711012052766057272602806538230879596085287630558013916016, 0.894330949550572795736513853626092895865440368652343750000000,-0.056115220958825200170405622657199273817241191864013671875000,-0.443872993831245676865648874809266999363899230957031250000000, 2.030712501823880966611568510415963828563690185546875000000000, 6.220521980276735973802715307101607322692871093750000000000000
 0.000711012052766057272602806538230879596085287630558013916016,-0.894330949550572795736513853626092895865440368652343750000000, 0.056115220958825200170405622657199273817241191864013671875000, 0.443872993831245621354497643551439978182315826416015625000000, 1.110880151765912149386394958128221333026885986328125000000000, 3.078929326686942857804751838557422161102294921875000000000000
 0.000711012052766057272602806538230879596085287630558013916016,-0.894330949550572795736513853626092895865440368652343750000000, 0.056115220958825200170405622657199273817241191864013671875000,-0.443872993831245676865648874809266999363899230957031250000000, 2.030712501823880966611568510415963828563690185546875000000000, 3.078929326686942857804751838557422161102294921875000000000000
 0.000711012052766057272602806538230879596085287630558013916016,-0.894330949550572795736513853626092895865440368652343750000000,-0.056115220958825200170405622657199273817241191864013671875000, 0.443872993831245621354497643551439978182315826416015625000000, 1.110880151765912149386394958128221333026885986328125000000000, 3.204255980492643374191175098530948162078857421875000000000000
 0.000711012052766057272602806538230879596085287630558013916016,-0.894330949550572795736513853626092895865440368652343750000000,-0.056115220958825200170405622657199273817241191864013671875000,-0.443872993831245676865648874809266999363899230957031250000000, 2.030712501823880966611568510415963828563690185546875000000000, 3.204255980492643374191175098530948162078857421875000000000000
 0.000757136397869060881471447999047086341306567192077636718750, 0.641997847108238928193202355032553896307945251464843750000000, 0.116417442314087599131156025578093249350786209106445312500000, 0.757816431224232811558749745017848908901214599609375000000000, 0.710836378239658284172719504567794501781463623046875000000000, 0.179386890250456565443215595223591662943363189697265625000000
 0.000757136397869060881471447999047086341306567192077636718750, 0.641997847108238817170899892516899853944778442382812500000000, 0.116417442314087599131156025578093249350786209106445312500000,-0.757816431224232922581052207533502951264381408691406250000000, 2.430756275350135275914453814039006829261779785156250000000000, 0.179386890250456620954366826481418684124946594238281250000000
 0.000757136397869060881471447999047086341306567192077636718750, 0.641997847108238928193202355032553896307945251464843750000000,-0.116417442314087599131156025578093249350786209106445312500000, 0.757816431224232811558749745017848908901214599609375000000000, 0.710836378239658284172719504567794501781463623046875000000000, 6.103798416929129722063862573122605681419372558593750000000000
 0.000757136397869060881471447999047086341306567192077636718750, 0.641997847108238817170899892516899853944778442382812500000000,-0.116417442314087599131156025578093249350786209106445312500000,-0.757816431224232922581052207533502951264381408691406250000000, 2.430756275350135275914453814039006829261779785156250000000000, 6.103798416929129722063862573122605681419372558593750000000000
 0.000757136397869060881471447999047086341306567192077636718750,-0.641997847108238928193202355032553896307945251464843750000000, 0.116417442314087599131156025578093249350786209106445312500000, 0.757816431224232811558749745017848908901214599609375000000000, 0.710836378239658284172719504567794501781463623046875000000000, 2.962205763339336606065899104578420519828796386718750000000000
 0.000757136397869060881471447999047086341306567192077636718750,-0.641997847108238817170899892516899853944778442382812500000000, 0.116417442314087599131156025578093249350786209106445312500000,-0.757816431224232922581052207533502951264381408691406250000000, 2.430756275350135275914453814039006829261779785156250000000000, 2.962205763339336606065899104578420519828796386718750000000000
 0.000757136397869060881471447999047086341306567192077636718750,-0.641997847108238928193202355032553896307945251464843750000000,-0.116417442314087599131156025578093249350786209106445312500000, 0.757816431224232811558749745017848908901214599609375000000000, 0.710836378239658284172719504567794501781463623046875000000000, 3.320979543840249625930027832509949803352355957031250000000000
 0.000757136397869060881471447999047086341306567192077636718750,-0.641997847108238817170899892516899853944778442382812500000000,-0.116417442314087599131156025578093249350786209106445312500000,-0.757816431224232922581052207533502951264381408691406250000000, 2.430756275350135275914453814039006829261779785156250000000000, 3.320979543840249625930027832509949803352355957031250000000000
 0.000757136397869060881471447999047086341306567192077636718750, 0.641997847108238928193202355032553896307945251464843750000000, 0.757816431224232811558749745017848908901214599609375000000000, 0.116417442314087196675309598958847345784306526184082031250000, 1.454114299612735416999953486083541065454483032226562500000000, 0.867948671032599206043300910096149891614913940429687500000000
 0.000757136397869060881471447999047086341306567192077636718750, 0.641997847108238928193202355032553896307945251464843750000000, 0.757816431224232811558749745017848908901214599609375000000000,-0.116417442314087196675309598958847345784306526184082031250000, 1.687478353977057921042614907491952180862426757812500000000000, 0.867948671032599206043300910096149891614913940429687500000000
 0.000757136397869060881471447999047086341306567192077636718750, 0.641997847108238928193202355032553896307945251464843750000000,-0.757816431224232811558749745017848908901214599609375000000000, 0.116417442314087196675309598958847345784306526184082031250000, 1.454114299612735416999953486083541065454483032226562500000000, 5.415236636146986803908021101960912346839904785156250000000000
 0.000757136397869060881471447999047086341306567192077636718750, 0.641997847108238928193202355032553896307945251464843750000000,-0.757816431224232811558749745017848908901214599609375000000000,-0.116417442314087196675309598958847345784306526184082031250000, 1.687478353977057921042614907491952180862426757812500000000000, 5.415236636146986803908021101960912346839904785156250000000000
 0.000757136397869060881471447999047086341306567192077636718750,-0.641997847108239039215504817548207938671112060546875000000000, 0.757816431224232700536447282502194866538047790527343750000000, 0.116417442314087196675309598958847345784306526184082031250000, 1.454114299612735416999953486083541065454483032226562500000000, 2.273643982557194131999267483479343354701995849609375000000000
 0.000757136397869060881471447999047086341306567192077636718750,-0.641997847108239039215504817548207938671112060546875000000000, 0.757816431224232700536447282502194866538047790527343750000000,-0.116417442314087196675309598958847345784306526184082031250000, 1.687478353977057921042614907491952180862426757812500000000000, 2.273643982557194131999267483479343354701995849609375000000000
 0.000757136397869060881471447999047086341306567192077636718750,-0.641997847108239039215504817548207938671112060546875000000000,-0.757816431224232700536447282502194866538047790527343750000000, 0.116417442314087196675309598958847345784306526184082031250000, 1.454114299612735416999953486083541065454483032226562500000000, 4.009541324622391655907449603546410799026489257812500000000000
 0.000757136397869060881471447999047086341306567192077636718750,-0.641997847108239039215504817548207938671112060546875000000000,-0.757816431224232700536447282502194866538047790527343750000000,-0.116417442314087196675309598958847345784306526184082031250000, 1.687478353977057921042614907491952180862426757812500000000000, 4.009541324622391655907449603546410799026489257812500000000000
 0.000757136397869060881471447999047086341306567192077636718750, 0.116417442314087196675309598958847345784306526184082031250000, 0.641997847108238928193202355032553896307945251464843750000000, 0.757816431224232811558749745017848908901214599609375000000000, 0.710836378239658284172719504567794501781463623046875000000000, 1.391409436544440714200732145400252193212509155273437500000000
 0.000757136397869060881471447999047086341306567192077636718750, 0.116417442314087196675309598958847345784306526184082031250000, 0.641997847108238928193202355032553896307945251464843750000000,-0.757816431224232922581052207533502951264381408691406250000000, 2.430756275350135275914453814039006829261779785156250000000000, 1.391409436544440714200732145400252193212509155273437500000000
 0.000757136397869060881471447999047086341306567192077636718750, 0.116417442314087196675309598958847345784306526184082031250000,-0.641997847108238928193202355032553896307945251464843750000000, 0.757816431224232811558749745017848908901214599609375000000000, 0.710836378239658284172719504567794501781463623046875000000000, 4.891775870635145295750589866656810045242309570312500000000000
 0.000757136397869060881471447999047086341306567192077636718750, 0.116417442314087196675309598958847345784306526184082031250000,-0.641997847108238928193202355032553896307945251464843750000000,-0.757816431224232922581052207533502951264381408691406250000000, 2.430756275350135275914453814039006829261779785156250000000000, 4.891775870635145295750589866656810045242309570312500000000000
 0.000757136397869060881471447999047086341306567192077636718750,-0.116417442314087196675309598958847345784306526184082031250000, 0.641997847108238928193202355032553896307945251464843750000000, 0.757816431224232811558749745017848908901214599609375000000000, 0.710836378239658284172719504567794501781463623046875000000000, 1.750183217045352623841836248175241053104400634765625000000000
 0.000757136397869060881471447999047086341306567192077636718750,-0.116417442314087196675309598958847345784306526184082031250000, 0.641997847108238928193202355032553896307945251464843750000000,-0.757816431224232922581052207533502951264381408691406250000000, 2.430756275350135275914453814039006829261779785156250000000000, 1.750183217045352623841836248175241053104400634765625000000000
 0.000757136397869060881471447999047086341306567192077636718750,-0.116417442314087196675309598958847345784306526184082031250000,-0.641997847108238928193202355032553896307945251464843750000000, 0.757816431224232811558749745017848908901214599609375000000000, 0.710836378239658284172719504567794501781463623046875000000000, 4.533002090134234052243300538975745439529418945312500000000000
 0.000757136397869060881471447999047086341306567192077636718750,-0.116417442314087196675309598958847345784306526184082031250000,-0.641997847108238928193202355032553896307945251464843750000000,-0.757816431224232922581052207533502951264381408691406250000000, 2.430756275350135275914453814039006829261779785156250000000000, 4.533002090134234052243300538975745439529418945312500000000000
 0.000757136397869060881471447999047086341306567192077636718750, 0.116417442314087196675309598958847345784306526184082031250000, 0.757816431224232811558749745017848908901214599609375000000000, 0.641997847108238817170899892516899853944778442382812500000000, 0.873695142459279372459945989248808473348617553710937500000000, 1.418365762205327618161732061707880347967147827148437500000000
 0.000757136397869060881471447999047086341306567192077636718750, 0.116417442314087196675309598958847345784306526184082031250000, 0.757816431224232700536447282502194866538047790527343750000000,-0.641997847108239150237807280063861981034278869628906250000000, 2.267897511130514409671832254389300942420959472656250000000000, 1.418365762205327618161732061707880347967147827148437500000000
 0.000757136397869060881471447999047086341306567192077636718750, 0.116417442314087196675309598958847345784306526184082031250000,-0.757816431224232811558749745017848908901214599609375000000000, 0.641997847108238817170899892516899853944778442382812500000000, 0.873695142459279372459945989248808473348617553710937500000000, 4.864819544974258391789589950349181890487670898437500000000000
 0.000757136397869060881471447999047086341306567192077636718750, 0.116417442314087196675309598958847345784306526184082031250000,-0.757816431224232700536447282502194866538047790527343750000000,-0.641997847108239150237807280063861981034278869628906250000000, 2.267897511130514409671832254389300942420959472656250000000000, 4.864819544974258391789589950349181890487670898437500000000000
 0.000757136397869060881471447999047086341306567192077636718750,-0.116417442314087404842126716175698675215244293212890625000000, 0.757816431224232811558749745017848908901214599609375000000000, 0.641997847108238817170899892516899853944778442382812500000000, 0.873695142459279372459945989248808473348617553710937500000000, 1.723226891384465719880836331867612898349761962890625000000000
 0.000757136397869060881471447999047086341306567192077636718750,-0.116417442314087293819824253660044632852077484130859375000000, 0.757816431224232700536447282502194866538047790527343750000000,-0.641997847108239150237807280063861981034278869628906250000000, 2.267897511130514409671832254389300942420959472656250000000000, 1.723226891384465719880836331867612898349761962890625000000000
 0.000757136397869060881471447999047086341306567192077636718750,-0.116417442314087404842126716175698675215244293212890625000000,-0.757816431224232811558749745017848908901214599609375000000000, 0.641997847108238817170899892516899853944778442382812500000000, 0.873695142459279372459945989248808473348617553710937500000000, 4.559958415795120956204300455283373594284057617187500000000000
 0.000757136397869060881471447999047086341306567192077636718750,-0.116417442314087293819824253660044632852077484130859375000000,-0.757816431224232700536447282502194866538047790527343750000000,-0.641997847108239150237807280063861981034278869628906250000000, 2.267897511130514409671832254389300942420959472656250000000000, 4.559958415795120956204300455283373594284057617187500000000000
 0.000757136397869060881471447999047086341306567192077636718750, 0.757816431224232811558749745017848908901214599609375000000000, 0.641997847108238928193202355032553896307945251464843750000000, 0.116417442314087196675309598958847345784306526184082031250000, 1.454114299612735416999953486083541065454483032226562500000000, 0.702847655762297462977983286691596731543540954589843750000000
 0.000757136397869060881471447999047086341306567192077636718750, 0.757816431224232811558749745017848908901214599609375000000000, 0.641997847108238928193202355032553896307945251464843750000000,-0.116417442314087196675309598958847345784306526184082031250000, 1.687478353977057921042614907491952180862426757812500000000000, 0.702847655762297462977983286691596731543540954589843750000000
 0.000757136397869060881471447999047086341306567192077636718750, 0.757816431224232811558749745017848908901214599609375000000000,-0.641997847108238928193202355032553896307945251464843750000000, 0.116417442314087196675309598958847345784306526184082031250000, 1.454114299612735416999953486083541065454483032226562500000000, 5.580337651417289102084851037943735718727111816406250000000000
 0.000757136397869060881471447999047086341306567192077636718750, 0.757816431224232811558749745017848908901214599609375000000000,-0.641997847108238928193202355032553896307945251464843750000000,-0.116417442314087196675309598958847345784306526184082031250000, 1.687478353977057921042614907491952180862426757812500000000000, 5.580337651417289102084851037943735718727111816406250000000000
 0.000757136397869060881471447999047086341306567192077636718750,-0.757816431224233033603354670049156993627548217773437500000000, 0.641997847108238595126294967485591769218444824218750000000000, 0.116417442314087196675309598958847345784306526184082031250000, 1.454114299612735416999953486083541065454483032226562500000000, 2.438744997827495986086887569399550557136535644531250000000000
 0.000757136397869060881471447999047086341306567192077636718750,-0.757816431224233033603354670049156993627548217773437500000000, 0.641997847108238595126294967485591769218444824218750000000000,-0.116417442314087196675309598958847345784306526184082031250000, 1.687478353977057921042614907491952180862426757812500000000000, 2.438744997827495986086887569399550557136535644531250000000000
 0.000757136397869060881471447999047086341306567192077636718750,-0.757816431224233033603354670049156993627548217773437500000000,-0.641997847108238595126294967485591769218444824218750000000000, 0.116417442314087196675309598958847345784306526184082031250000, 1.454114299612735416999953486083541065454483032226562500000000, 3.844440309352090245909039367688819766044616699218750000000000
 0.000757136397869060881471447999047086341306567192077636718750,-0.757816431224233033603354670049156993627548217773437500000000,-0.641997847108238595126294967485591769218444824218750000000000,-0.116417442314087196675309598958847345784306526184082031250000, 1.687478353977057921042614907491952180862426757812500000000000, 3.844440309352090245909039367688819766044616699218750000000000
 0.000757136397869060881471447999047086341306567192077636718750, 0.757816431224232811558749745017848908901214599609375000000000, 0.116417442314087404842126716175698675215244293212890625000000, 0.641997847108238817170899892516899853944778442382812500000000, 0.873695142459279372459945989248808473348617553710937500000000, 0.152430564589569189637430213224433828145265579223632812500000
 0.000757136397869060881471447999047086341306567192077636718750, 0.757816431224232700536447282502194866538047790527343750000000, 0.116417442314087404842126716175698675215244293212890625000000,-0.641997847108239150237807280063861981034278869628906250000000, 2.267897511130514409671832254389300942420959472656250000000000, 0.152430564589569217393005828853347338736057281494140625000000
 0.000757136397869060881471447999047086341306567192077636718750, 0.757816431224232811558749745017848908901214599609375000000000,-0.116417442314087404842126716175698675215244293212890625000000, 0.641997847108238817170899892516899853944778442382812500000000, 0.873695142459279372459945989248808473348617553710937500000000, 6.130754742590016626024862489430233836174011230468750000000000
 0.000757136397869060881471447999047086341306567192077636718750, 0.757816431224232700536447282502194866538047790527343750000000,-0.116417442314087404842126716175698675215244293212890625000000,-0.641997847108239150237807280063861981034278869628906250000000, 2.267897511130514409671832254389300942420959472656250000000000, 6.130754742590016626024862489430233836174011230468750000000000
 0.000757136397869060881471447999047086341306567192077636718750,-0.757816431224232811558749745017848908901214599609375000000000, 0.116417442314087501986641370876895962283015251159667968750000, 0.641997847108238817170899892516899853944778442382812500000000, 0.873695142459279372459945989248808473348617553710937500000000, 2.989162089000223954116108870948664844036102294921875000000000
 0.000757136397869060881471447999047086341306567192077636718750,-0.757816431224232700536447282502194866538047790527343750000000, 0.116417442314087501986641370876895962283015251159667968750000,-0.641997847108239150237807280063861981034278869628906250000000, 2.267897511130514409671832254389300942420959472656250000000000, 2.989162089000223954116108870948664844036102294921875000000000
 0.000757136397869060881471447999047086341306567192077636718750,-0.757816431224232811558749745017848908901214599609375000000000,-0.116417442314087501986641370876895962283015251159667968750000, 0.641997847108238817170899892516899853944778442382812500000000, 0.873695142459279372459945989248808473348617553710937500000000, 3.294023218179362277879818066139705479145050048828125000000000
 0.000757136397869060881471447999047086341306567192077636718750,-0.757816431224232700536447282502194866538047790527343750000000,-0.116417442314087501986641370876895962283015251159667968750000,-0.641997847108239150237807280063861981034278869628906250000000, 2.267897511130514409671832254389300942420959472656250000000000, 3.294023218179362277879818066139705479145050048828125000000000
 0.000748990832908060172670716703180460172006860375404357910156, 0.581721806180261147289911605184897780418395996093750000000000, 0.057975895314452199902355289395927684381604194641113281250000, 0.811319009870262064509915944654494524002075195312500000000000, 0.624391484887204195608489953883690759539604187011718750000000, 0.099334560888904022135648119729012250900268554687500000000000
 0.000748990832908060172670716703180460172006860375404357910156, 0.581721806180260703200701755122281610965728759765625000000000, 0.057975895314452199902355289395927684381604194641113281250000,-0.811319009870262286554520869685802608728408813476562500000000, 2.517201168702589697545590752270072698593139648437500000000000, 0.099334560888904105402374966615752782672643661499023437500000
 0.000748990832908060172670716703180460172006860375404357910156, 0.581721806180261147289911605184897780418395996093750000000000,-0.057975895314452199902355289395927684381604194641113281250000, 0.811319009870262064509915944654494524002075195312500000000000, 0.624391484887204195608489953883690759539604187011718750000000, 6.183850746290682209860278817359358072280883789062500000000000
 0.000748990832908060172670716703180460172006860375404357910156, 0.581721806180260703200701755122281610965728759765625000000000,-0.057975895314452199902355289395927684381604194641113281250000,-0.811319009870262286554520869685802608728408813476562500000000, 2.517201168702589697545590752270072698593139648437500000000000, 6.183850746290682209860278817359358072280883789062500000000000
 0.000748990832908060172670716703180460172006860375404357910156,-0.581721806180261147289911605184897780418395996093750000000000, 0.057975895314452102757840634694730397313833236694335937500000, 0.811319009870262064509915944654494524002075195312500000000000, 0.624391484887204195608489953883690759539604187011718750000000, 3.042258092700889537951525198877789080142974853515625000000000
 0.000748990832908060172670716703180460172006860375404357910156,-0.581721806180260703200701755122281610965728759765625000000000, 0.057975895314451998674432076086304732598364353179931640625000,-0.811319009870262286554520869685802608728408813476562500000000, 2.517201168702589697545590752270072698593139648437500000000000, 3.042258092700889537951525198877789080142974853515625000000000
 0.000748990832908060172670716703180460172006860375404357910156,-0.581721806180261147289911605184897780418395996093750000000000,-0.057975895314452102757840634694730397313833236694335937500000, 0.811319009870262064509915944654494524002075195312500000000000, 0.624391484887204195608489953883690759539604187011718750000000, 3.240927214478696694044401738210581243038177490234375000000000
 0.000748990832908060172670716703180460172006860375404357910156,-0.581721806180260703200701755122281610965728759765625000000000,-0.057975895314451998674432076086304732598364353179931640625000,-0.811319009870262286554520869685802608728408813476562500000000, 2.517201168702589697545590752270072698593139648437500000000000, 3.240927214478696694044401738210581243038177490234375000000000
 0.000748990832908060172670716703180460172006860375404357910156, 0.581721806180261147289911605184897780418395996093750000000000, 0.811319009870261953487613482138840481638908386230468750000000, 0.057975895314452297046869944097124971449375152587890625000000, 1.512787904117951498506045027170330286026000976562500000000000, 0.948746903524279816544151344714919105172157287597656250000000
 0.000748990832908060172670716703180460172006860375404357910156, 0.581721806180261147289911605184897780418395996093750000000000, 0.811319009870261953487613482138840481638908386230468750000000,-0.057975895314452102757840634694730397313833236694335937500000, 1.628804749471841617491918441373854875564575195312500000000000, 0.948746903524279816544151344714919105172157287597656250000000
 0.000748990832908060172670716703180460172006860375404357910156, 0.581721806180261147289911605184897780418395996093750000000000,-0.811319009870261953487613482138840481638908386230468750000000, 0.057975895314452297046869944097124971449375152587890625000000, 1.512787904117951498506045027170330286026000976562500000000000, 5.334438403655306082384868204826489090919494628906250000000000
 0.000748990832908060172670716703180460172006860375404357910156, 0.581721806180261147289911605184897780418395996093750000000000,-0.811319009870261953487613482138840481638908386230468750000000,-0.057975895314452102757840634694730397313833236694335937500000, 1.628804749471841617491918441373854875564575195312500000000000, 5.334438403655306082384868204826489090919494628906250000000000
 0.000748990832908060172670716703180460172006860375404357910156,-0.581721806180261147289911605184897780418395996093750000000000, 0.811319009870261953487613482138840481638908386230468750000000, 0.057975895314452297046869944097124971449375152587890625000000, 1.512787904117951498506045027170330286026000976562500000000000, 2.192845750065513410476114586344920098781585693359375000000000
 0.000748990832908060172670716703180460172006860375404357910156,-0.581721806180261147289911605184897780418395996093750000000000, 0.811319009870261953487613482138840481638908386230468750000000,-0.057975895314452102757840634694730397313833236694335937500000, 1.628804749471841617491918441373854875564575195312500000000000, 2.192845750065513410476114586344920098781585693359375000000000
 0.000748990832908060172670716703180460172006860375404357910156,-0.581721806180261147289911605184897780418395996093750000000000,-0.811319009870261953487613482138840481638908386230468750000000, 0.057975895314452297046869944097124971449375152587890625000000, 1.512787904117951498506045027170330286026000976562500000000000, 4.090339557114072377430602500680834054946899414062500000000000
 0.000748990832908060172670716703180460172006860375404357910156,-0.581721806180261147289911605184897780418395996093750000000000,-0.811319009870261953487613482138840481638908386230468750000000,-0.057975895314452102757840634694730397313833236694335937500000, 1.628804749471841617491918441373854875564575195312500000000000, 4.090339557114072377430602500680834054946899414062500000000000
 0.000748990832908060172670716703180460172006860375404357910156, 0.057975895314452199902355289395927684381604194641113281250000, 0.581721806180261147289911605184897780418395996093750000000000, 0.811319009870262064509915944654494524002075195312500000000000, 0.624391484887204195608489953883690759539604187011718750000000, 1.471461765905992535863333614543080329895019531250000000000000
 0.000748990832908060172670716703180460172006860375404357910156, 0.057975895314452199902355289395927684381604194641113281250000, 0.581721806180260703200701755122281610965728759765625000000000,-0.811319009870262286554520869685802608728408813476562500000000, 2.517201168702589697545590752270072698593139648437500000000000, 1.471461765905992535863333614543080329895019531250000000000000
 0.000748990832908060172670716703180460172006860375404357910156, 0.057975895314452199902355289395927684381604194641113281250000,-0.581721806180261147289911605184897780418395996093750000000000, 0.811319009870262064509915944654494524002075195312500000000000, 0.624391484887204195608489953883690759539604187011718750000000, 4.811723541273593696132593322545289993286132812500000000000000
 0.000748990832908060172670716703180460172006860375404357910156, 0.057975895314452199902355289395927684381604194641113281250000,-0.581721806180260703200701755122281610965728759765625000000000,-0.811319009870262286554520869685802608728408813476562500000000, 2.517201168702589697545590752270072698593139648437500000000000, 4.811723541273593696132593322545289993286132812500000000000000
 0.000748990832908060172670716703180460172006860375404357910156,-0.057975895314452199902355289395927684381604194641113281250000, 0.581721806180261147289911605184897780418395996093750000000000, 0.811319009870262064509915944654494524002075195312500000000000, 0.624391484887204195608489953883690759539604187011718750000000, 1.670130887683800580134629854001104831695556640625000000000000
 0.000748990832908060172670716703180460172006860375404357910156,-0.057975895314452199902355289395927684381604194641113281250000, 0.581721806180260703200701755122281610965728759765625000000000,-0.811319009870262286554520869685802608728408813476562500000000, 2.517201168702589697545590752270072698593139648437500000000000, 1.670130887683800802179234779032412916421890258789062500000000
 0.000748990832908060172670716703180460172006860375404357910156,-0.057975895314452199902355289395927684381604194641113281250000,-0.581721806180261147289911605184897780418395996093750000000000, 0.811319009870262064509915944654494524002075195312500000000000, 0.624391484887204195608489953883690759539604187011718750000000, 4.613054419495785651861297083087265491485595703125000000000000
 0.000748990832908060172670716703180460172006860375404357910156,-0.057975895314452199902355289395927684381604194641113281250000,-0.581721806180260703200701755122281610965728759765625000000000,-0.811319009870262286554520869685802608728408813476562500000000, 2.517201168702589697545590752270072698593139648437500000000000, 4.613054419495785651861297083087265491485595703125000000000000
 0.000748990832908060172670716703180460172006860375404357910156, 0.057975895314452199902355289395927684381604194641113281250000, 0.811319009870262175532218407170148566365242004394531250000000, 0.581721806180261036267609142669243738055229187011718750000000, 0.949952401478579622207121246901806443929672241210937500000000, 1.499458771677525836807376435899641364812850952148437500000000
 0.000748990832908060172670716703180460172006860375404357910156, 0.057975895314452199902355289395927684381604194641113281250000, 0.811319009870262064509915944654494524002075195312500000000000,-0.581721806180261147289911605184897780418395996093750000000000, 2.191640252111213715835447146673686802387237548828125000000000, 1.499458771677525836807376435899641364812850952148437500000000
 0.000748990832908060172670716703180460172006860375404357910156, 0.057975895314452199902355289395927684381604194641113281250000,-0.811319009870262175532218407170148566365242004394531250000000, 0.581721806180261036267609142669243738055229187011718750000000, 0.949952401478579622207121246901806443929672241210937500000000, 4.783726535502060173143945576157420873641967773437500000000000
 0.000748990832908060172670716703180460172006860375404357910156, 0.057975895314452199902355289395927684381604194641113281250000,-0.811319009870262064509915944654494524002075195312500000000000,-0.581721806180261147289911605184897780418395996093750000000000, 2.191640252111213715835447146673686802387237548828125000000000, 4.783726535502060173143945576157420873641967773437500000000000
 0.000748990832908060172670716703180460172006860375404357910156,-0.057975895314452199902355289395927684381604194641113281250000, 0.811319009870262175532218407170148566365242004394531250000000, 0.581721806180261036267609142669243738055229187011718750000000, 0.949952401478579622207121246901806443929672241210937500000000, 1.642133881912267279190587032644543796777725219726562500000000
 0.000748990832908060172670716703180460172006860375404357910156,-0.057975895314452199902355289395927684381604194641113281250000, 0.811319009870262064509915944654494524002075195312500000000000,-0.581721806180261147289911605184897780418395996093750000000000, 2.191640252111213715835447146673686802387237548828125000000000, 1.642133881912267279190587032644543796777725219726562500000000
 0.000748990832908060172670716703180460172006860375404357910156,-0.057975895314452199902355289395927684381604194641113281250000,-0.811319009870262175532218407170148566365242004394531250000000, 0.581721806180261036267609142669243738055229187011718750000000, 0.949952401478579622207121246901806443929672241210937500000000, 4.641051425267319174849944829475134611129760742187500000000000
 0.000748990832908060172670716703180460172006860375404357910156,-0.057975895314452199902355289395927684381604194641113281250000,-0.811319009870262064509915944654494524002075195312500000000000,-0.581721806180261147289911605184897780418395996093750000000000, 2.191640252111213715835447146673686802387237548828125000000000, 4.641051425267319174849944829475134611129760742187500000000000
 0.000748990832908060172670716703180460172006860375404357910156, 0.811319009870261953487613482138840481638908386230468750000000, 0.581721806180261147289911605184897780418395996093750000000000, 0.057975895314452297046869944097124971449375152587890625000000, 1.512787904117951498506045027170330286026000976562500000000000, 0.622049423270616852477132852072827517986297607421875000000000
 0.000748990832908060172670716703180460172006860375404357910156, 0.811319009870261953487613482138840481638908386230468750000000, 0.581721806180261147289911605184897780418395996093750000000000,-0.057975895314452102757840634694730397313833236694335937500000, 1.628804749471841617491918441373854875564575195312500000000000, 0.622049423270616852477132852072827517986297607421875000000000
 0.000748990832908060172670716703180460172006860375404357910156, 0.811319009870261953487613482138840481638908386230468750000000,-0.581721806180261147289911605184897780418395996093750000000000, 0.057975895314452297046869944097124971449375152587890625000000, 1.512787904117951498506045027170330286026000976562500000000000, 5.661135883908968935429584234952926635742187500000000000000000
 0.000748990832908060172670716703180460172006860375404357910156, 0.811319009870261953487613482138840481638908386230468750000000,-0.581721806180261147289911605184897780418395996093750000000000,-0.057975895314452102757840634694730397313833236694335937500000, 1.628804749471841617491918441373854875564575195312500000000000, 5.661135883908968935429584234952926635742187500000000000000000
 0.000748990832908060172670716703180460172006860375404357910156,-0.811319009870262064509915944654494524002075195312500000000000, 0.581721806180260925245306680153589695692062377929687500000000, 0.057975895314452297046869944097124971449375152587890625000000, 1.512787904117951498506045027170330286026000976562500000000000, 2.519543230319176707610040466533973813056945800781250000000000
 0.000748990832908060172670716703180460172006860375404357910156,-0.811319009870262064509915944654494524002075195312500000000000, 0.581721806180260925245306680153589695692062377929687500000000,-0.057975895314452102757840634694730397313833236694335937500000, 1.628804749471841617491918441373854875564575195312500000000000, 2.519543230319176707610040466533973813056945800781250000000000
 0.000748990832908060172670716703180460172006860375404357910156,-0.811319009870262064509915944654494524002075195312500000000000,-0.581721806180260925245306680153589695692062377929687500000000, 0.057975895314452297046869944097124971449375152587890625000000, 1.512787904117951498506045027170330286026000976562500000000000, 3.763642076860409524385886470554396510124206542968750000000000
 0.000748990832908060172670716703180460172006860375404357910156,-0.811319009870262064509915944654494524002075195312500000000000,-0.581721806180260925245306680153589695692062377929687500000000,-0.057975895314452102757840634694730397313833236694335937500000, 1.628804749471841617491918441373854875564575195312500000000000, 3.763642076860409524385886470554396510124206542968750000000000
 0.000748990832908060172670716703180460172006860375404357910156, 0.811319009870262064509915944654494524002075195312500000000000, 0.057975895314452900730639584025993826799094676971435546875000, 0.581721806180261036267609142669243738055229187011718750000000, 0.949952401478579622207121246901806443929672241210937500000000, 0.071337555117371623247812806312140310183167457580566406250000
 0.000748990832908060172670716703180460172006860375404357910156, 0.811319009870261953487613482138840481638908386230468750000000, 0.057975895314452900730639584025993826799094676971435546875000,-0.581721806180261147289911605184897780418395996093750000000000, 2.191640252111213715835447146673686802387237548828125000000000, 0.071337555117371637125600614126597065478563308715820312500000
 0.000748990832908060172670716703180460172006860375404357910156, 0.811319009870262064509915944654494524002075195312500000000000,-0.057975895314452900730639584025993826799094676971435546875000, 0.581721806180261036267609142669243738055229187011718750000000, 0.949952401478579622207121246901806443929672241210937500000000, 6.211847752062214844670506863621994853019714355468750000000000
 0.000748990832908060172670716703180460172006860375404357910156, 0.811319009870261953487613482138840481638908386230468750000000,-0.057975895314452900730639584025993826799094676971435546875000,-0.581721806180261147289911605184897780418395996093750000000000, 2.191640252111213715835447146673686802387237548828125000000000, 6.211847752062214844670506863621994853019714355468750000000000
 0.000748990832908060172670716703180460172006860375404357910156,-0.811319009870262064509915944654494524002075195312500000000000, 0.057975895314452796647231025417568162083625793457031250000000, 0.581721806180261036267609142669243738055229187011718750000000, 0.949952401478579622207121246901806443929672241210937500000000, 3.070255098472421728672543395077809691429138183593750000000000
 0.000748990832908060172670716703180460172006860375404357910156,-0.811319009870261953487613482138840481638908386230468750000000, 0.057975895314452796647231025417568162083625793457031250000000,-0.581721806180261147289911605184897780418395996093750000000000, 2.191640252111213715835447146673686802387237548828125000000000, 3.070255098472421728672543395077809691429138183593750000000000
 0.000748990832908060172670716703180460172006860375404357910156,-0.811319009870262064509915944654494524002075195312500000000000,-0.057975895314452796647231025417568162083625793457031250000000, 0.581721806180261036267609142669243738055229187011718750000000, 0.949952401478579622207121246901806443929672241210937500000000, 3.212930208707164503323383542010560631752014160156250000000000
 0.000748990832908060172670716703180460172006860375404357910156,-0.811319009870261953487613482138840481638908386230468750000000,-0.057975895314452796647231025417568162083625793457031250000000,-0.581721806180261147289911605184897780418395996093750000000000, 2.191640252111213715835447146673686802387237548828125000000000, 3.212930208707164503323383542010560631752014160156250000000000
