# count
2030
# w,cx,cy,cz,theta,phi
 0.000046560318991994983721903478279813271001330576837062835693, 1.000000000000000000000000000000000000000000000000000000000000, 0.000000000000000000000000000000000000000000000000000000000000, 0.000000000000000000000000000000000000000000000000000000000000, 1.570796326794896557998981734272092580795288085937500000000000, 0.000000000000000000000000000000000000000000000000000000000000
 0.000046560318991994983721903478279813271001330576837062835693,-1.000000000000000000000000000000000000000000000000000000000000, 0.000000000000000000000000000000000000000000000000000000000000, 0.000000000000000000000000000000000000000000000000000000000000, 1.570796326794896557998981734272092580795288085937500000000000, 3.141592653589793115997963468544185161590576171875000000000000
 0.000046560318991994983721903478279813271001330576837062835693, 0.000000000000000000000000000000000000000000000000000000000000, 1.000000000000000000000000000000000000000000000000000000000000, 0.000000000000000000000000000000000000000000000000000000000000, 1.570796326794896557998981734272092580795288085937500000000000, 1.570796326794896557998981734272092580795288085937500000000000
 0.000046560318991994983721903478279813271001330576837062835693, 0.000000000000000000000000000000000000000000000000000000000000,-1.000000000000000000000000000000000000000000000000000000000000, 0.000000000000000000000000000000000000000000000000000000000000, 1.570796326794896557998981734272092580795288085937500000000000, 4.712388980384689673996945202816277742385864257812500000000000
 0.000046560318991994983721903478279813271001330576837062835693, 0.000000000000000000000000000000000000000000000000000000000000, 0.000000000000000000000000000000000000000000000000000000000000, 1.000000000000000000000000000000000000000000000000000000000000, 0.000000000000000000000000000000000000000000000000000000000000, 0.000000000000000000000000000000000000000000000000000000000000
 0.000046560318991994983721903478279813271001330576837062835693, 0.000000000000000000000000000000000000000000000000000000000000, 0.000000000000000000000000000000000000000000000000000000000000,-1.000000000000000000000000000000000000000000000000000000000000, 3.141592653589793115997963468544185161590576171875000000000000, 0.000000000000000000000000000000000000000000000000000000000000
 0.000542154919529941434382103171429889698629267513751983642578, 0.577350269189625731058868041145615279674530029296875000000000, 0.577350269189625731058868041145615279674530029296875000000000, 0.577350269189625731058868041145615279674530029296875000000000, 0.955316618124509298048963046312564983963966369628906250000000, 0.785398163397448278999490867136046290397644042968750000000000
 0.000542154919529941434382103171429889698629267513751983642578, 0.577350269189625731058868041145615279674530029296875000000000, 0.577350269189625731058868041145615279674530029296875000000000,-0.577350269189625731058868041145615279674530029296875000000000, 2.186276035465283928971302884747274219989776611328125000000000, 0.785398163397448278999490867136046290397644042968750000000000
 0.000542154919529941434382103171429889698629267513751983642578, 0.577350269189625731058868041145615279674530029296875000000000,-0.577350269189625731058868041145615279674530029296875000000000, 0.577350269189625731058868041145615279674530029296875000000000, 0.955316618124509298048963046312564983963966369628906250000000, 5.497787143782137952996436069952324032783508300781250000000000
 0.000542154919529941434382103171429889698629267513751983642578, 0.577350269189625731058868041145615279674530029296875000000000,-0.577350269189625731058868041145615279674530029296875000000000,-0.577350269189625731058868041145615279674530029296875000000000, 2.186276035465283928971302884747274219989776611328125000000000, 5.497787143782137952996436069952324032783508300781250000000000
 0.000542154919529941434382103171429889698629267513751983642578,-0.577350269189625731058868041145615279674530029296875000000000, 0.577350269189625731058868041145615279674530029296875000000000, 0.577350269189625731058868041145615279674530029296875000000000, 0.955316618124509298048963046312564983963966369628906250000000, 2.356194490192344836998472601408138871192932128906250000000000
 0.000542154919529941434382103171429889698629267513751983642578,-0.577350269189625731058868041145615279674530029296875000000000, 0.577350269189625731058868041145615279674530029296875000000000,-0.577350269189625731058868041145615279674530029296875000000000, 2.186276035465283928971302884747274219989776611328125000000000, 2.356194490192344836998472601408138871192932128906250000000000
 0.000542154919529941434382103171429889698629267513751983642578,-0.577350269189625731058868041145615279674530029296875000000000,-0.577350269189625731058868041145615279674530029296875000000000, 0.577350269189625731058868041145615279674530029296875000000000, 0.955316618124509298048963046312564983963966369628906250000000, 3.926990816987241394997454335680231451988220214843750000000000
 0.000542154919529941434382103171429889698629267513751983642578,-0.577350269189625731058868041145615279674530029296875000000000,-0.577350269189625731058868041145615279674530029296875000000000,-0.577350269189625731058868041145615279674530029296875000000000, 2.186276035465283928971302884747274219989776611328125000000000, 3.926990816987241394997454335680231451988220214843750000000000
 0.000177852213334980802095230956183513626456260681152343750000, 0.025408353368143399286793737701373174786567687988281250000000, 0.025408353368143399286793737701373174786567687988281250000000, 0.999354207054855558922668024024460464715957641601562500000000, 0.035940574987192816514003368411067640408873558044433593750000, 0.785398163397448278999490867136046290397644042968750000000000
 0.000177852213334980802095230956183513626456260681152343750000, 0.025408353368143100914355869690552935935556888580322265625000, 0.025408353368143100914355869690552935935556888580322265625000,-0.999354207054855558922668024024460464715957641601562500000000, 3.105652078602600507650777217349968850612640380859375000000000, 0.785398163397448278999490867136046290397644042968750000000000
 0.000177852213334980802095230956183513626456260681152343750000, 0.025408353368143399286793737701373174786567687988281250000000,-0.025408353368143399286793737701373174786567687988281250000000, 0.999354207054855558922668024024460464715957641601562500000000, 0.035940574987192816514003368411067640408873558044433593750000, 5.497787143782137952996436069952324032783508300781250000000000
 0.000177852213334980802095230956183513626456260681152343750000, 0.025408353368143100914355869690552935935556888580322265625000,-0.025408353368143100914355869690552935935556888580322265625000,-0.999354207054855558922668024024460464715957641601562500000000, 3.105652078602600507650777217349968850612640380859375000000000, 5.497787143782137952996436069952324032783508300781250000000000
 0.000177852213334980802095230956183513626456260681152343750000,-0.025408353368143399286793737701373174786567687988281250000000, 0.025408353368143399286793737701373174786567687988281250000000, 0.999354207054855558922668024024460464715957641601562500000000, 0.035940574987192816514003368411067640408873558044433593750000, 2.356194490192344836998472601408138871192932128906250000000000
 0.000177852213334980802095230956183513626456260681152343750000,-0.025408353368143100914355869690552935935556888580322265625000, 0.025408353368143100914355869690552935935556888580322265625000,-0.999354207054855558922668024024460464715957641601562500000000, 3.105652078602600507650777217349968850612640380859375000000000, 2.356194490192344836998472601408138871192932128906250000000000
 0.000177852213334980802095230956183513626456260681152343750000,-0.025408353368143399286793737701373174786567687988281250000000,-0.025408353368143399286793737701373174786567687988281250000000, 0.999354207054855558922668024024460464715957641601562500000000, 0.035940574987192816514003368411067640408873558044433593750000, 3.926990816987241394997454335680231451988220214843750000000000
 0.000177852213334980802095230956183513626456260681152343750000,-0.025408353368143100914355869690552935935556888580322265625000,-0.025408353368143100914355869690552935935556888580322265625000,-0.999354207054855558922668024024460464715957641601562500000000, 3.105652078602600507650777217349968850612640380859375000000000, 3.926990816987241394997454335680231451988220214843750000000000
 0.000177852213334980802095230956183513626456260681152343750000, 0.025408353368143499900755344356184650678187608718872070312500, 0.999354207054855447900365561508806422352790832519531250000000, 0.025408353368143399286793737701373174786567687988281250000000, 1.545385238759373169870059427921660244464874267578125000000000, 1.545377030516719596420216475962661206722259521484375000000000
 0.000177852213334980802095230956183513626456260681152343750000, 0.025408353368143499900755344356184650678187608718872070312500,-0.999354207054855447900365561508806422352790832519531250000000, 0.025408353368143399286793737701373174786567687988281250000000, 1.545385238759373169870059427921660244464874267578125000000000, 4.737808276662866191486500611063092947006225585937500000000000
 0.000177852213334980802095230956183513626456260681152343750000, 0.025408353368143499900755344356184650678187608718872070312500, 0.999354207054855447900365561508806422352790832519531250000000,-0.025408353368143701128678557665807602461427450180053710937500, 1.596207414830420390217113890685141086578369140625000000000000, 1.545377030516719596420216475962661206722259521484375000000000
 0.000177852213334980802095230956183513626456260681152343750000, 0.025408353368143499900755344356184650678187608718872070312500,-0.999354207054855447900365561508806422352790832519531250000000,-0.025408353368143701128678557665807602461427450180053710937500, 1.596207414830420390217113890685141086578369140625000000000000, 4.737808276662866191486500611063092947006225585937500000000000
 0.000177852213334980802095230956183513626456260681152343750000,-0.025408353368143499900755344356184650678187608718872070312500, 0.999354207054855447900365561508806422352790832519531250000000, 0.025408353368143399286793737701373174786567687988281250000000, 1.545385238759373169870059427921660244464874267578125000000000, 1.596215623073073519577746992581523954868316650390625000000000
 0.000177852213334980802095230956183513626456260681152343750000,-0.025408353368143499900755344356184650678187608718872070312500,-0.999354207054855447900365561508806422352790832519531250000000, 0.025408353368143399286793737701373174786567687988281250000000, 1.545385238759373169870059427921660244464874267578125000000000, 4.686969684106513156507389794569462537765502929687500000000000
 0.000177852213334980802095230956183513626456260681152343750000,-0.025408353368143499900755344356184650678187608718872070312500, 0.999354207054855447900365561508806422352790832519531250000000,-0.025408353368143701128678557665807602461427450180053710937500, 1.596207414830420390217113890685141086578369140625000000000000, 1.596215623073073519577746992581523954868316650390625000000000
 0.000177852213334980802095230956183513626456260681152343750000,-0.025408353368143499900755344356184650678187608718872070312500,-0.999354207054855447900365561508806422352790832519531250000000,-0.025408353368143701128678557665807602461427450180053710937500, 1.596207414830420390217113890685141086578369140625000000000000, 4.686969684106513156507389794569462537765502929687500000000000
 0.000177852213334980802095230956183513626456260681152343750000, 0.999354207054855558922668024024460464715957641601562500000000, 0.025408353368141199657426199109977460466325283050537109375000, 0.025408353368143399286793737701373174786567687988281250000000, 1.545385238759373169870059427921660244464874267578125000000000, 0.025419296278174664804883065016838372685015201568603515625000
 0.000177852213334980802095230956183513626456260681152343750000,-0.999354207054855558922668024024460464715957641601562500000000, 0.025408353368141099043464592455165984574705362319946289062500, 0.025408353368143399286793737701373174786567687988281250000000, 1.545385238759373169870059427921660244464874267578125000000000, 3.116173357311618818954457310610450804233551025390625000000000
 0.000177852213334980802095230956183513626456260681152343750000, 0.999354207054855558922668024024460464715957641601562500000000, 0.025408353368141199657426199109977460466325283050537109375000,-0.025408353368143701128678557665807602461427450180053710937500, 1.596207414830420390217113890685141086578369140625000000000000, 0.025419296278174664804883065016838372685015201568603515625000
 0.000177852213334980802095230956183513626456260681152343750000,-0.999354207054855558922668024024460464715957641601562500000000, 0.025408353368141099043464592455165984574705362319946289062500,-0.025408353368143701128678557665807602461427450180053710937500, 1.596207414830420390217113890685141086578369140625000000000000, 3.116173357311618818954457310610450804233551025390625000000000
 0.000177852213334980802095230956183513626456260681152343750000, 0.999354207054855558922668024024460464715957641601562500000000,-0.025408353368141199657426199109977460466325283050537109375000, 0.025408353368143399286793737701373174786567687988281250000000, 1.545385238759373169870059427921660244464874267578125000000000, 6.257766010901411490863210929092019796371459960937500000000000
 0.000177852213334980802095230956183513626456260681152343750000,-0.999354207054855558922668024024460464715957641601562500000000,-0.025408353368141099043464592455165984574705362319946289062500, 0.025408353368143399286793737701373174786567687988281250000000, 1.545385238759373169870059427921660244464874267578125000000000, 3.167011949867967413041469626477919518947601318359375000000000
 0.000177852213334980802095230956183513626456260681152343750000, 0.999354207054855558922668024024460464715957641601562500000000,-0.025408353368141199657426199109977460466325283050537109375000,-0.025408353368143701128678557665807602461427450180053710937500, 1.596207414830420390217113890685141086578369140625000000000000, 6.257766010901411490863210929092019796371459960937500000000000
 0.000177852213334980802095230956183513626456260681152343750000,-0.999354207054855558922668024024460464715957641601562500000000,-0.025408353368141099043464592455165984574705362319946289062500,-0.025408353368143701128678557665807602461427450180053710937500, 1.596207414830420390217113890685141086578369140625000000000000, 3.167011949867967413041469626477919518947601318359375000000000
 0.000281132540567969636813305811529062339104712009429931640625, 0.063993228005049099249568200775684090331196784973144531250000, 0.063993228005049099249568200775684090331196784973144531250000, 0.995896447196689016401194294303422793745994567871093750000000, 0.090624085129301576446714250323566375300288200378417968750000, 0.785398163397448278999490867136046290397644042968750000000000
 0.000281132540567969636813305811529062339104712009429931640625, 0.063993228005049002105053546074486803263425827026367187500000, 0.063993228005049099249568200775684090331196784973144531250000,-0.995896447196689016401194294303422793745994567871093750000000, 3.050968568460491692206915104179643094539642333984375000000000, 0.785398163397449056155608104745624586939811706542968750000000
 0.000281132540567969636813305811529062339104712009429931640625, 0.063993228005049099249568200775684090331196784973144531250000,-0.063993228005049099249568200775684090331196784973144531250000, 0.995896447196689016401194294303422793745994567871093750000000, 0.090624085129301576446714250323566375300288200378417968750000, 5.497787143782137952996436069952324032783508300781250000000000
 0.000281132540567969636813305811529062339104712009429931640625, 0.063993228005049002105053546074486803263425827026367187500000,-0.063993228005049099249568200775684090331196784973144531250000,-0.995896447196689016401194294303422793745994567871093750000000, 3.050968568460491692206915104179643094539642333984375000000000, 5.497787143782137064818016369827091693878173828125000000000000
 0.000281132540567969636813305811529062339104712009429931640625,-0.063993228005049099249568200775684090331196784973144531250000, 0.063993228005049099249568200775684090331196784973144531250000, 0.995896447196689016401194294303422793745994567871093750000000, 0.090624085129301576446714250323566375300288200378417968750000, 2.356194490192344836998472601408138871192932128906250000000000
 0.000281132540567969636813305811529062339104712009429931640625,-0.063993228005049002105053546074486803263425827026367187500000, 0.063993228005049002105053546074486803263425827026367187500000,-0.995896447196689016401194294303422793745994567871093750000000, 3.050968568460491692206915104179643094539642333984375000000000, 2.356194490192344836998472601408138871192932128906250000000000
 0.000281132540567969636813305811529062339104712009429931640625,-0.063993228005049099249568200775684090331196784973144531250000,-0.063993228005049099249568200775684090331196784973144531250000, 0.995896447196689016401194294303422793745994567871093750000000, 0.090624085129301576446714250323566375300288200378417968750000, 3.926990816987241394997454335680231451988220214843750000000000
 0.000281132540567969636813305811529062339104712009429931640625,-0.063993228005049002105053546074486803263425827026367187500000,-0.063993228005049002105053546074486803263425827026367187500000,-0.995896447196689016401194294303422793745994567871093750000000, 3.050968568460491692206915104179643094539642333984375000000000, 3.926990816987241394997454335680231451988220214843750000000000
 0.000281132540567969636813305811529062339104712009429931640625, 0.063993228005048904960538891373289516195654869079589843750000, 0.995896447196689016401194294303422793745994567871093750000000, 0.063993228005049002105053546074486803263425827026367187500000, 1.506759341305974553293367534934077411890029907226562500000000, 1.506627636583953488980114343576133251190185546875000000000000
 0.000281132540567969636813305811529062339104712009429931640625, 0.063993228005048904960538891373289516195654869079589843750000,-0.995896447196689016401194294303422793745994567871093750000000, 0.063993228005049002105053546074486803263425827026367187500000, 1.506759341305974553293367534934077411890029907226562500000000, 4.776557670595632743015812593512237071990966796875000000000000
 0.000281132540567969636813305811529062339104712009429931640625, 0.063993228005048904960538891373289516195654869079589843750000, 0.995896447196689016401194294303422793745994567871093750000000,-0.063993228005049293538597510178078664466738700866699218750000, 1.634833312283819006793805783672723919153213500976562500000000, 1.506627636583953488980114343576133251190185546875000000000000
 0.000281132540567969636813305811529062339104712009429931640625, 0.063993228005048904960538891373289516195654869079589843750000,-0.995896447196689016401194294303422793745994567871093750000000,-0.063993228005049293538597510178078664466738700866699218750000, 1.634833312283819006793805783672723919153213500976562500000000, 4.776557670595632743015812593512237071990966796875000000000000
 0.000281132540567969636813305811529062339104712009429931640625,-0.063993228005049196394082855476881377398967742919921875000000, 0.995896447196689016401194294303422793745994567871093750000000, 0.063993228005049002105053546074486803263425827026367187500000, 1.506759341305974553293367534934077411890029907226562500000000, 1.634965017005840071107058975030668079853057861328125000000000
 0.000281132540567969636813305811529062339104712009429931640625,-0.063993228005049196394082855476881377398967742919921875000000,-0.995896447196689016401194294303422793745994567871093750000000, 0.063993228005049002105053546074486803263425827026367187500000, 1.506759341305974553293367534934077411890029907226562500000000, 4.648220290173746604978077812120318412780761718750000000000000
 0.000281132540567969636813305811529062339104712009429931640625,-0.063993228005049196394082855476881377398967742919921875000000, 0.995896447196689016401194294303422793745994567871093750000000,-0.063993228005049293538597510178078664466738700866699218750000, 1.634833312283819006793805783672723919153213500976562500000000, 1.634965017005840071107058975030668079853057861328125000000000
 0.000281132540567969636813305811529062339104712009429931640625,-0.063993228005049196394082855476881377398967742919921875000000,-0.995896447196689016401194294303422793745994567871093750000000,-0.063993228005049293538597510178078664466738700866699218750000, 1.634833312283819006793805783672723919153213500976562500000000, 4.648220290173746604978077812120318412780761718750000000000000
 0.000281132540567969636813305811529062339104712009429931640625, 0.995896447196689016401194294303422793745994567871093750000000, 0.063993228005048904960538891373289516195654869079589843750000, 0.063993228005049002105053546074486803263425827026367187500000, 1.506759341305974553293367534934077411890029907226562500000000, 0.064168690210943166163382045397156616672873497009277343750000
 0.000281132540567969636813305811529062339104712009429931640625,-0.995896447196689016401194294303422793745994567871093750000000, 0.063993228005048696793721774156438186764717102050781250000000, 0.063993228005049002105053546074486803263425827026367187500000, 1.506759341305974553293367534934077411890029907226562500000000, 3.077423963378850491068305927910842001438140869140625000000000
 0.000281132540567969636813305811529062339104712009429931640625, 0.995896447196689016401194294303422793745994567871093750000000, 0.063993228005048904960538891373289516195654869079589843750000,-0.063993228005049293538597510178078664466738700866699218750000, 1.634833312283819006793805783672723919153213500976562500000000, 0.064168690210943166163382045397156616672873497009277343750000
 0.000281132540567969636813305811529062339104712009429931640625,-0.995896447196689016401194294303422793745994567871093750000000, 0.063993228005048696793721774156438186764717102050781250000000,-0.063993228005049293538597510178078664466738700866699218750000, 1.634833312283819006793805783672723919153213500976562500000000, 3.077423963378850491068305927910842001438140869140625000000000
 0.000281132540567969636813305811529062339104712009429931640625, 0.995896447196689016401194294303422793745994567871093750000000,-0.063993228005048904960538891373289516195654869079589843750000, 0.063993228005049002105053546074486803263425827026367187500000, 1.506759341305974553293367534934077411890029907226562500000000, 6.219016616968643162977059546392410993576049804687500000000000
 0.000281132540567969636813305811529062339104712009429931640625,-0.995896447196689016401194294303422793745994567871093750000000,-0.063993228005048696793721774156438186764717102050781250000000, 0.063993228005049002105053546074486803263425827026367187500000, 1.506759341305974553293367534934077411890029907226562500000000, 3.205761343800735740927621009177528321743011474609375000000000
 0.000281132540567969636813305811529062339104712009429931640625, 0.995896447196689016401194294303422793745994567871093750000000,-0.063993228005048904960538891373289516195654869079589843750000,-0.063993228005049293538597510178078664466738700866699218750000, 1.634833312283819006793805783672723919153213500976562500000000, 6.219016616968643162977059546392410993576049804687500000000000
 0.000281132540567969636813305811529062339104712009429931640625,-0.995896447196689016401194294303422793745994567871093750000000,-0.063993228005048696793721774156438186764717102050781250000000,-0.063993228005049293538597510178078664466738700866699218750000, 1.634833312283819006793805783672723919153213500976562500000000, 3.205761343800735740927621009177528321743011474609375000000000
 0.000354889631262961767477204233500742702744901180267333984375, 0.108826946980412397891768705449067056179046630859375000000000, 0.108826946980412397891768705449067056179046630859375000000000, 0.988085720583920301685054710105760022997856140136718750000000, 0.154518692806966673192192729402449913322925567626953125000000, 0.785398163397448278999490867136046290397644042968750000000000
 0.000354889631262961767477204233500742702744901180267333984375, 0.108826946980412203602739396046672482043504714965820312500000, 0.108826946980412203602739396046672482043504714965820312500000,-0.988085720583920301685054710105760022997856140136718750000000, 2.987073960782827164450736745493486523628234863281250000000000, 0.785398163397448278999490867136046290397644042968750000000000
 0.000354889631262961767477204233500742702744901180267333984375, 0.108826946980412397891768705449067056179046630859375000000000,-0.108826946980412397891768705449067056179046630859375000000000, 0.988085720583920301685054710105760022997856140136718750000000, 0.154518692806966673192192729402449913322925567626953125000000, 5.497787143782137952996436069952324032783508300781250000000000
 0.000354889631262961767477204233500742702744901180267333984375, 0.108826946980412203602739396046672482043504714965820312500000,-0.108826946980412203602739396046672482043504714965820312500000,-0.988085720583920301685054710105760022997856140136718750000000, 2.987073960782827164450736745493486523628234863281250000000000, 5.497787143782137952996436069952324032783508300781250000000000
 0.000354889631262961767477204233500742702744901180267333984375,-0.108826946980412397891768705449067056179046630859375000000000, 0.108826946980412397891768705449067056179046630859375000000000, 0.988085720583920301685054710105760022997856140136718750000000, 0.154518692806966673192192729402449913322925567626953125000000, 2.356194490192344836998472601408138871192932128906250000000000
 0.000354889631262961767477204233500742702744901180267333984375,-0.108826946980412203602739396046672482043504714965820312500000, 0.108826946980412203602739396046672482043504714965820312500000,-0.988085720583920301685054710105760022997856140136718750000000, 2.987073960782827164450736745493486523628234863281250000000000, 2.356194490192344836998472601408138871192932128906250000000000
 0.000354889631262961767477204233500742702744901180267333984375,-0.108826946980412397891768705449067056179046630859375000000000,-0.108826946980412397891768705449067056179046630859375000000000, 0.988085720583920301685054710105760022997856140136718750000000, 0.154518692806966673192192729402449913322925567626953125000000, 3.926990816987241394997454335680231451988220214843750000000000
 0.000354889631262961767477204233500742702744901180267333984375,-0.108826946980412203602739396046672482043504714965820312500000,-0.108826946980412203602739396046672482043504714965820312500000,-0.988085720583920301685054710105760022997856140136718750000000, 2.987073960782827164450736745493486523628234863281250000000000, 3.926990816987241394997454335680231451988220214843750000000000
 0.000354889631262961767477204233500742702744901180267333984375, 0.108826946980412606058585822665918385609984397888183593750000, 0.988085720583920301685054710105760022997856140136718750000000, 0.108826946980412397891768705449067056179046630859375000000000, 1.461753415065203176581576371972914785146713256835937500000000, 1.461099290100353442767300293780863285064697265625000000000000
 0.000354889631262961767477204233500742702744901180267333984375, 0.108826946980412606058585822665918385609984397888183593750000,-0.988085720583920301685054710105760022997856140136718750000000, 0.108826946980412397891768705449067056179046630859375000000000, 1.461753415065203176581576371972914785146713256835937500000000, 4.822086017079232789228626643307507038116455078125000000000000
 0.000354889631262961767477204233500742702744901180267333984375, 0.108826946980412606058585822665918385609984397888183593750000, 0.988085720583920301685054710105760022997856140136718750000000,-0.108826946980412606058585822665918385609984397888183593750000, 1.679839238524590383505596946633886545896530151367187500000000, 1.461099290100353442767300293780863285064697265625000000000000
 0.000354889631262961767477204233500742702744901180267333984375, 0.108826946980412606058585822665918385609984397888183593750000,-0.988085720583920301685054710105760022997856140136718750000000,-0.108826946980412606058585822665918385609984397888183593750000, 1.679839238524590383505596946633886545896530151367187500000000, 4.822086017079232789228626643307507038116455078125000000000000
 0.000354889631262961767477204233500742702744901180267333984375,-0.108826946980412606058585822665918385609984397888183593750000, 0.988085720583920301685054710105760022997856140136718750000000, 0.108826946980412397891768705449067056179046630859375000000000, 1.461753415065203176581576371972914785146713256835937500000000, 1.680493363489439895275268099794629961252212524414062500000000
 0.000354889631262961767477204233500742702744901180267333984375,-0.108826946980412606058585822665918385609984397888183593750000,-0.988085720583920301685054710105760022997856140136718750000000, 0.108826946980412397891768705449067056179046630859375000000000, 1.461753415065203176581576371972914785146713256835937500000000, 4.602691943690146558765263762325048446655273437500000000000000
 0.000354889631262961767477204233500742702744901180267333984375,-0.108826946980412606058585822665918385609984397888183593750000, 0.988085720583920301685054710105760022997856140136718750000000,-0.108826946980412606058585822665918385609984397888183593750000, 1.679839238524590383505596946633886545896530151367187500000000, 1.680493363489439895275268099794629961252212524414062500000000
 0.000354889631262961767477204233500742702744901180267333984375,-0.108826946980412606058585822665918385609984397888183593750000,-0.988085720583920301685054710105760022997856140136718750000000,-0.108826946980412606058585822665918385609984397888183593750000, 1.679839238524590383505596946633886545896530151367187500000000, 4.602691943690146558765263762325048446655273437500000000000000
 0.000354889631262961767477204233500742702744901180267333984375, 0.988085720583920301685054710105760022997856140136718750000000, 0.108826946980412703203100477367115672677755355834960937500000, 0.108826946980412397891768705449067056179046630859375000000000, 1.461753415065203176581576371972914785146713256835937500000000, 0.109697036694543323398498557708080625161528587341308593750000
 0.000354889631262961767477204233500742702744901180267333984375,-0.988085720583920301685054710105760022997856140136718750000000, 0.108826946980412606058585822665918385609984397888183593750000, 0.108826946980412397891768705449067056179046630859375000000000, 1.461753415065203176581576371972914785146713256835937500000000, 3.031895616895250000766282028052955865859985351562500000000000
 0.000354889631262961767477204233500742702744901180267333984375, 0.988085720583920301685054710105760022997856140136718750000000, 0.108826946980412703203100477367115672677755355834960937500000,-0.108826946980412606058585822665918385609984397888183593750000, 1.679839238524590383505596946633886545896530151367187500000000, 0.109697036694543323398498557708080625161528587341308593750000
 0.000354889631262961767477204233500742702744901180267333984375,-0.988085720583920301685054710105760022997856140136718750000000, 0.108826946980412606058585822665918385609984397888183593750000,-0.108826946980412606058585822665918385609984397888183593750000, 1.679839238524590383505596946633886545896530151367187500000000, 3.031895616895250000766282028052955865859985351562500000000000
 0.000354889631262961767477204233500742702744901180267333984375, 0.988085720583920301685054710105760022997856140136718750000000,-0.108826946980412703203100477367115672677755355834960937500000, 0.108826946980412397891768705449067056179046630859375000000000, 1.461753415065203176581576371972914785146713256835937500000000, 6.173488270485043116764245496597141027450561523437500000000000
 0.000354889631262961767477204233500742702744901180267333984375,-0.988085720583920301685054710105760022997856140136718750000000,-0.108826946980412606058585822665918385609984397888183593750000, 0.108826946980412397891768705449067056179046630859375000000000, 1.461753415065203176581576371972914785146713256835937500000000, 3.251289690284336231229644909035414457321166992187500000000000
 0.000354889631262961767477204233500742702744901180267333984375, 0.988085720583920301685054710105760022997856140136718750000000,-0.108826946980412703203100477367115672677755355834960937500000,-0.108826946980412606058585822665918385609984397888183593750000, 1.679839238524590383505596946633886545896530151367187500000000, 6.173488270485043116764245496597141027450561523437500000000000
 0.000354889631262961767477204233500742702744901180267333984375,-0.988085720583920301685054710105760022997856140136718750000000,-0.108826946980412606058585822665918385609984397888183593750000,-0.108826946980412606058585822665918385609984397888183593750000, 1.679839238524590383505596946633886545896530151367187500000000, 3.251289690284336231229644909035414457321166992187500000000000
 0.000409031089716955836756845377166769139876123517751693725586, 0.157067079881828691734213521158380899578332901000976562500000, 0.157067079881828691734213521158380899578332901000976562500000, 0.975017879238524787233188817481277510523796081542968750000000, 0.223994808232903769296129325994115788489580154418945312500000, 0.785398163397448278999490867136046290397644042968750000000000
 0.000409031089716955836756845377166769139876123517751693725586, 0.157067079881828497445184211755986325442790985107421875000000, 0.157067079881828497445184211755986325442790985107421875000000,-0.975017879238524787233188817481277510523796081542968750000000, 2.917597845356890040591224533272907137870788574218750000000000, 0.785398163397448278999490867136046290397644042968750000000000
 0.000409031089716955836756845377166769139876123517751693725586, 0.157067079881828691734213521158380899578332901000976562500000,-0.157067079881828691734213521158380899578332901000976562500000, 0.975017879238524787233188817481277510523796081542968750000000, 0.223994808232903769296129325994115788489580154418945312500000, 5.497787143782137952996436069952324032783508300781250000000000
 0.000409031089716955836756845377166769139876123517751693725586, 0.157067079881828497445184211755986325442790985107421875000000,-0.157067079881828497445184211755986325442790985107421875000000,-0.975017879238524787233188817481277510523796081542968750000000, 2.917597845356890040591224533272907137870788574218750000000000, 5.497787143782137952996436069952324032783508300781250000000000
 0.000409031089716955836756845377166769139876123517751693725586,-0.157067079881828691734213521158380899578332901000976562500000, 0.157067079881828691734213521158380899578332901000976562500000, 0.975017879238524787233188817481277510523796081542968750000000, 0.223994808232903769296129325994115788489580154418945312500000, 2.356194490192344836998472601408138871192932128906250000000000
 0.000409031089716955836756845377166769139876123517751693725586,-0.157067079881828497445184211755986325442790985107421875000000, 0.157067079881828497445184211755986325442790985107421875000000,-0.975017879238524787233188817481277510523796081542968750000000, 2.917597845356890040591224533272907137870788574218750000000000, 2.356194490192344836998472601408138871192932128906250000000000
 0.000409031089716955836756845377166769139876123517751693725586,-0.157067079881828691734213521158380899578332901000976562500000,-0.157067079881828691734213521158380899578332901000976562500000, 0.975017879238524787233188817481277510523796081542968750000000, 0.223994808232903769296129325994115788489580154418945312500000, 3.926990816987241394997454335680231451988220214843750000000000
 0.000409031089716955836756845377166769139876123517751693725586,-0.157067079881828497445184211755986325442790985107421875000000,-0.157067079881828497445184211755986325442790985107421875000000,-0.975017879238524787233188817481277510523796081542968750000000, 2.917597845356890040591224533272907137870788574218750000000000, 3.926990816987241394997454335680231451988220214843750000000000
 0.000409031089716955836756845377166769139876123517751693725586, 0.157067079881828691734213521158380899578332901000976562500000, 0.975017879238524676210886354965623468160629272460937500000000, 0.157067079881828608467486674271640367805957794189453125000000, 1.413076161115250473088167382229585200548171997070312500000000, 1.411077003938680851646836345025803893804550170898437500000000
 0.000409031089716955836756845377166769139876123517751693725586, 0.157067079881828691734213521158380899578332901000976562500000,-0.975017879238524676210886354965623468160629272460937500000000, 0.157067079881828608467486674271640367805957794189453125000000, 1.413076161115250473088167382229585200548171997070312500000000, 4.872108303240905158304485667031258344650268554687500000000000
 0.000409031089716955836756845377166769139876123517751693725586, 0.157067079881828691734213521158380899578332901000976562500000, 0.975017879238524676210886354965623468160629272460937500000000,-0.157067079881828802756515983674034941941499710083007812500000, 1.728516492474542864954401011345908045768737792968750000000000, 1.411077003938680851646836345025803893804550170898437500000000
 0.000409031089716955836756845377166769139876123517751693725586, 0.157067079881828691734213521158380899578332901000976562500000,-0.975017879238524676210886354965623468160629272460937500000000,-0.157067079881828802756515983674034941941499710083007812500000, 1.728516492474542864954401011345908045768737792968750000000000, 4.872108303240905158304485667031258344650268554687500000000000
 0.000409031089716955836756845377166769139876123517751693725586,-0.157067079881828691734213521158380899578332901000976562500000, 0.975017879238524676210886354965623468160629272460937500000000, 0.157067079881828608467486674271640367805957794189453125000000, 1.413076161115250473088167382229585200548171997070312500000000, 1.730515649651112264351127123518381267786026000976562500000000
 0.000409031089716955836756845377166769139876123517751693725586,-0.157067079881828691734213521158380899578332901000976562500000,-0.975017879238524676210886354965623468160629272460937500000000, 0.157067079881828608467486674271640367805957794189453125000000, 1.413076161115250473088167382229585200548171997070312500000000, 4.552669657528474189689404738601297140121459960937500000000000
 0.000409031089716955836756845377166769139876123517751693725586,-0.157067079881828691734213521158380899578332901000976562500000, 0.975017879238524676210886354965623468160629272460937500000000,-0.157067079881828802756515983674034941941499710083007812500000, 1.728516492474542864954401011345908045768737792968750000000000, 1.730515649651112264351127123518381267786026000976562500000000
 0.000409031089716955836756845377166769139876123517751693725586,-0.157067079881828691734213521158380899578332901000976562500000,-0.975017879238524676210886354965623468160629272460937500000000,-0.157067079881828802756515983674034941941499710083007812500000, 1.728516492474542864954401011345908045768737792968750000000000, 4.552669657528474189689404738601297140121459960937500000000000
 0.000409031089716955836756845377166769139876123517751693725586, 0.975017879238524787233188817481277510523796081542968750000000, 0.157067079881828303156154902353591751307249069213867187500000, 0.157067079881828608467486674271640367805957794189453125000000, 1.413076161115250473088167382229585200548171997070312500000000, 0.159719322856215345529662386070413049310445785522460937500000
 0.000409031089716955836756845377166769139876123517751693725586,-0.975017879238524787233188817481277510523796081542968750000000, 0.157067079881828192133852439837937708944082260131835937500000, 0.157067079881828608467486674271640367805957794189453125000000, 1.413076161115250473088167382229585200548171997070312500000000, 2.981873330733578075779632854391820728778839111328125000000000
 0.000409031089716955836756845377166769139876123517751693725586, 0.975017879238524787233188817481277510523796081542968750000000, 0.157067079881828303156154902353591751307249069213867187500000,-0.157067079881828802756515983674034941941499710083007812500000, 1.728516492474542864954401011345908045768737792968750000000000, 0.159719322856215345529662386070413049310445785522460937500000
 0.000409031089716955836756845377166769139876123517751693725586,-0.975017879238524787233188817481277510523796081542968750000000, 0.157067079881828192133852439837937708944082260131835937500000,-0.157067079881828802756515983674034941941499710083007812500000, 1.728516492474542864954401011345908045768737792968750000000000, 2.981873330733578075779632854391820728778839111328125000000000
 0.000409031089716955836756845377166769139876123517751693725586, 0.975017879238524787233188817481277510523796081542968750000000,-0.157067079881828303156154902353591751307249069213867187500000, 0.157067079881828608467486674271640367805957794189453125000000, 1.413076161115250473088167382229585200548171997070312500000000, 6.123465984323370747688386472873389720916748046875000000000000
 0.000409031089716955836756845377166769139876123517751693725586,-0.975017879238524787233188817481277510523796081542968750000000,-0.157067079881828192133852439837937708944082260131835937500000, 0.157067079881828608467486674271640367805957794189453125000000, 1.413076161115250473088167382229585200548171997070312500000000, 3.301311976446008156216294082696549594402313232421875000000000
 0.000409031089716955836756845377166769139876123517751693725586, 0.975017879238524787233188817481277510523796081542968750000000,-0.157067079881828303156154902353591751307249069213867187500000,-0.157067079881828802756515983674034941941499710083007812500000, 1.728516492474542864954401011345908045768737792968750000000000, 6.123465984323370747688386472873389720916748046875000000000000
 0.000409031089716955836756845377166769139876123517751693725586,-0.975017879238524787233188817481277510523796081542968750000000,-0.157067079881828192133852439837937708944082260131835937500000,-0.157067079881828802756515983674034941941499710083007812500000, 1.728516492474542864954401011345908045768737792968750000000000, 3.301311976446008156216294082696549594402313232421875000000000
 0.000449328613416951488934714120659918989986181259155273437500, 0.207116393228251399749595407229207921773195266723632812500000, 0.207116393228251510771897869744861964136362075805664062500000, 0.956140993427350482924964580888627097010612487792968750000000, 0.297265578314549860916571333291358314454555511474609375000000, 0.785398163397448612066398254683008417487144470214843750000000
 0.000449328613416951488934714120659918989986181259155273437500, 0.207116393228251594038624716631602495908737182617187500000000, 0.207116393228251594038624716631602495908737182617187500000000,-0.956140993427350371902662118372973054647445678710937500000000, 2.844327075275243199570240903994999825954437255859375000000000, 0.785398163397448278999490867136046290397644042968750000000000
 0.000449328613416951488934714120659918989986181259155273437500, 0.207116393228251399749595407229207921773195266723632812500000,-0.207116393228251510771897869744861964136362075805664062500000, 0.956140993427350482924964580888627097010612487792968750000000, 0.297265578314549860916571333291358314454555511474609375000000, 5.497787143782137952996436069952324032783508300781250000000000
 0.000449328613416951488934714120659918989986181259155273437500, 0.207116393228251594038624716631602495908737182617187500000000,-0.207116393228251594038624716631602495908737182617187500000000,-0.956140993427350371902662118372973054647445678710937500000000, 2.844327075275243199570240903994999825954437255859375000000000, 5.497787143782137952996436069952324032783508300781250000000000
 0.000449328613416951488934714120659918989986181259155273437500,-0.207116393228251399749595407229207921773195266723632812500000, 0.207116393228251399749595407229207921773195266723632812500000, 0.956140993427350482924964580888627097010612487792968750000000, 0.297265578314549860916571333291358314454555511474609375000000, 2.356194490192344836998472601408138871192932128906250000000000
 0.000449328613416951488934714120659918989986181259155273437500,-0.207116393228251594038624716631602495908737182617187500000000, 0.207116393228251594038624716631602495908737182617187500000000,-0.956140993427350371902662118372973054647445678710937500000000, 2.844327075275243199570240903994999825954437255859375000000000, 2.356194490192344836998472601408138871192932128906250000000000
 0.000449328613416951488934714120659918989986181259155273437500,-0.207116393228251399749595407229207921773195266723632812500000,-0.207116393228251399749595407229207921773195266723632812500000, 0.956140993427350482924964580888627097010612487792968750000000, 0.297265578314549860916571333291358314454555511474609375000000, 3.926990816987241394997454335680231451988220214843750000000000
 0.000449328613416951488934714120659918989986181259155273437500,-0.207116393228251594038624716631602495908737182617187500000000,-0.207116393228251594038624716631602495908737182617187500000000,-0.956140993427350371902662118372973054647445678710937500000000, 2.844327075275243199570240903994999825954437255859375000000000, 3.926990816987241394997454335680231451988220214843750000000000
 0.000449328613416951488934714120659918989986181259155273437500, 0.207116393228251288727292944713553879410028457641601562500000, 0.956140993427350482924964580888627097010612487792968750000000, 0.207116393228251288727292944713553879410028457641601562500000, 1.362169811410133046791770539130084216594696044921875000000000, 1.357475125114486536048730158654507249593734741210937500000000
 0.000449328613416951488934714120659918989986181259155273437500, 0.207116393228251288727292944713553879410028457641601562500000,-0.956140993427350482924964580888627097010612487792968750000000, 0.207116393228251288727292944713553879410028457641601562500000, 1.362169811410133046791770539130084216594696044921875000000000, 4.925710182065099473902591853402554988861083984375000000000000
 0.000449328613416951488934714120659918989986181259155273437500, 0.207116393228251288727292944713553879410028457641601562500000, 0.956140993427350482924964580888627097010612487792968750000000,-0.207116393228251510771897869744861964136362075805664062500000, 1.779422842179660291250797854445409029722213745117187500000000, 1.357475125114486536048730158654507249593734741210937500000000
 0.000449328613416951488934714120659918989986181259155273437500, 0.207116393228251288727292944713553879410028457641601562500000,-0.956140993427350482924964580888627097010612487792968750000000,-0.207116393228251510771897869744861964136362075805664062500000, 1.779422842179660291250797854445409029722213745117187500000000, 4.925710182065099473902591853402554988861083984375000000000000
 0.000449328613416951488934714120659918989986181259155273437500,-0.207116393228251510771897869744861964136362075805664062500000, 0.956140993427350482924964580888627097010612487792968750000000, 0.207116393228251288727292944713553879410028457641601562500000, 1.362169811410133046791770539130084216594696044921875000000000, 1.784117528475306801993838234920985996723175048828125000000000
 0.000449328613416951488934714120659918989986181259155273437500,-0.207116393228251510771897869744861964136362075805664062500000,-0.956140993427350482924964580888627097010612487792968750000000, 0.207116393228251288727292944713553879410028457641601562500000, 1.362169811410133046791770539130084216594696044921875000000000, 4.499067778704279874091298552230000495910644531250000000000000
 0.000449328613416951488934714120659918989986181259155273437500,-0.207116393228251510771897869744861964136362075805664062500000, 0.956140993427350482924964580888627097010612487792968750000000,-0.207116393228251510771897869744861964136362075805664062500000, 1.779422842179660291250797854445409029722213745117187500000000, 1.784117528475306801993838234920985996723175048828125000000000
 0.000449328613416951488934714120659918989986181259155273437500,-0.207116393228251510771897869744861964136362075805664062500000,-0.956140993427350482924964580888627097010612487792968750000000,-0.207116393228251510771897869744861964136362075805664062500000, 1.779422842179660291250797854445409029722213745117187500000000, 4.499067778704279874091298552230000495910644531250000000000000
 0.000449328613416951488934714120659918989986181259155273437500, 0.956140993427350482924964580888627097010612487792968750000000, 0.207116393228251288727292944713553879410028457641601562500000, 0.207116393228251288727292944713553879410028457641601562500000, 1.362169811410133046791770539130084216594696044921875000000000, 0.213321201680410049705827191246498841792345046997070312500000
 0.000449328613416951488934714120659918989986181259155273437500,-0.956140993427350482924964580888627097010612487792968750000000, 0.207116393228251011171536788424418773502111434936523437500000, 0.207116393228251288727292944713553879410028457641601562500000, 1.362169811410133046791770539130084216594696044921875000000000, 2.928271451909383316092316817957907915115356445312500000000000
 0.000449328613416951488934714120659918989986181259155273437500, 0.956140993427350482924964580888627097010612487792968750000000, 0.207116393228251288727292944713553879410028457641601562500000,-0.207116393228251510771897869744861964136362075805664062500000, 1.779422842179660291250797854445409029722213745117187500000000, 0.213321201680410049705827191246498841792345046997070312500000
 0.000449328613416951488934714120659918989986181259155273437500,-0.956140993427350482924964580888627097010612487792968750000000, 0.207116393228251011171536788424418773502111434936523437500000,-0.207116393228251510771897869744861964136362075805664062500000, 1.779422842179660513295402779476717114448547363281250000000000, 2.928271451909383316092316817957907915115356445312500000000000
 0.000449328613416951488934714120659918989986181259155273437500, 0.956140993427350482924964580888627097010612487792968750000000,-0.207116393228251288727292944713553879410028457641601562500000, 0.207116393228251288727292944713553879410028457641601562500000, 1.362169811410133046791770539130084216594696044921875000000000, 6.069864105499176432090280286502093076705932617187500000000000
 0.000449328613416951488934714120659918989986181259155273437500,-0.956140993427350482924964580888627097010612487792968750000000,-0.207116393228251011171536788424418773502111434936523437500000, 0.207116393228251288727292944713553879410028457641601562500000, 1.362169811410133046791770539130084216594696044921875000000000, 3.354913855270202915903610119130462408065795898437500000000000
 0.000449328613416951488934714120659918989986181259155273437500, 0.956140993427350482924964580888627097010612487792968750000000,-0.207116393228251288727292944713553879410028457641601562500000,-0.207116393228251510771897869744861964136362075805664062500000, 1.779422842179660291250797854445409029722213745117187500000000, 6.069864105499176432090280286502093076705932617187500000000000
 0.000449328613416951488934714120659918989986181259155273437500,-0.956140993427350482924964580888627097010612487792968750000000,-0.207116393228251011171536788424418773502111434936523437500000,-0.207116393228251510771897869744861964136362075805664062500000, 1.779422842179660513295402779476717114448547363281250000000000, 3.354913855270202915903610119130462408065795898437500000000000
 0.000479372844795948301402366276136035594390705227851867675781, 0.257891404445084515550945525319548323750495910644531250000000, 0.257891404445084515550945525319548323750495910644531250000000, 0.931119781245508537637078916304744780063629150390625000000000, 0.373325113894144633430727253653458319604396820068359375000000, 0.785398163397448278999490867136046290397644042968750000000000
 0.000479372844795948301402366276136035594390705227851867675781, 0.257891404445084626573247987835202366113662719726562500000000, 0.257891404445084626573247987835202366113662719726562500000000,-0.931119781245508537637078916304744780063629150390625000000000, 2.768267539695648427056084983632899820804595947265625000000000, 0.785398163397448278999490867136046290397644042968750000000000
 0.000479372844795948301402366276136035594390705227851867675781, 0.257891404445084515550945525319548323750495910644531250000000,-0.257891404445084515550945525319548323750495910644531250000000, 0.931119781245508537637078916304744780063629150390625000000000, 0.373325113894144633430727253653458319604396820068359375000000, 5.497787143782137952996436069952324032783508300781250000000000
 0.000479372844795948301402366276136035594390705227851867675781, 0.257891404445084626573247987835202366113662719726562500000000,-0.257891404445084626573247987835202366113662719726562500000000,-0.931119781245508537637078916304744780063629150390625000000000, 2.768267539695648427056084983632899820804595947265625000000000, 5.497787143782137952996436069952324032783508300781250000000000
 0.000479372844795948301402366276136035594390705227851867675781,-0.257891404445084515550945525319548323750495910644531250000000, 0.257891404445084515550945525319548323750495910644531250000000, 0.931119781245508537637078916304744780063629150390625000000000, 0.373325113894144633430727253653458319604396820068359375000000, 2.356194490192344836998472601408138871192932128906250000000000
 0.000479372844795948301402366276136035594390705227851867675781,-0.257891404445084626573247987835202366113662719726562500000000, 0.257891404445084626573247987835202366113662719726562500000000,-0.931119781245508537637078916304744780063629150390625000000000, 2.768267539695648427056084983632899820804595947265625000000000, 2.356194490192344836998472601408138871192932128906250000000000
 0.000479372844795948301402366276136035594390705227851867675781,-0.257891404445084515550945525319548323750495910644531250000000,-0.257891404445084515550945525319548323750495910644531250000000, 0.931119781245508537637078916304744780063629150390625000000000, 0.373325113894144633430727253653458319604396820068359375000000, 3.926990816987241394997454335680231451988220214843750000000000
 0.000479372844795948301402366276136035594390705227851867675781,-0.257891404445084626573247987835202366113662719726562500000000,-0.257891404445084626573247987835202366113662719726562500000000,-0.931119781245508537637078916304744780063629150390625000000000, 2.768267539695648427056084983632899820804595947265625000000000, 3.926990816987241394997454335680231451988220214843750000000000
 0.000479372844795948301402366276136035594390705227851867675781, 0.257891404445084404528643062803894281387329101562500000000000, 0.931119781245508648659381378820398822426795959472656250000000, 0.257891404445084515550945525319548323750495910644531250000000, 1.309957179886986899930434447014704346656799316406250000000000, 1.300600385830820604482482849562074989080429077148437500000000
 0.000479372844795948301402366276136035594390705227851867675781, 0.257891404445084404528643062803894281387329101562500000000000,-0.931119781245508648659381378820398822426795959472656250000000, 0.257891404445084515550945525319548323750495910644531250000000, 1.309957179886986899930434447014704346656799316406250000000000, 4.982584921348765405468839162494987249374389648437500000000000
 0.000479372844795948301402366276136035594390705227851867675781, 0.257891404445084404528643062803894281387329101562500000000000, 0.931119781245508648659381378820398822426795959472656250000000,-0.257891404445084515550945525319548323750495910644531250000000, 1.831635473702806216067529021529480814933776855468750000000000, 1.300600385830820604482482849562074989080429077148437500000000
 0.000479372844795948301402366276136035594390705227851867675781, 0.257891404445084404528643062803894281387329101562500000000000,-0.931119781245508648659381378820398822426795959472656250000000,-0.257891404445084515550945525319548323750495910644531250000000, 1.831635473702806216067529021529480814933776855468750000000000, 4.982584921348765405468839162494987249374389648437500000000000
 0.000479372844795948301402366276136035594390705227851867675781,-0.257891404445084404528643062803894281387329101562500000000000, 0.931119781245508648659381378820398822426795959472656250000000, 0.257891404445084515550945525319548323750495910644531250000000, 1.309957179886986899930434447014704346656799316406250000000000, 1.840992267758972511515480618982110172510147094726562500000000
 0.000479372844795948301402366276136035594390705227851867675781,-0.257891404445084404528643062803894281387329101562500000000000,-0.931119781245508648659381378820398822426795959472656250000000, 0.257891404445084515550945525319548323750495910644531250000000, 1.309957179886986899930434447014704346656799316406250000000000, 4.442193039420613942525051243137568235397338867187500000000000
 0.000479372844795948301402366276136035594390705227851867675781,-0.257891404445084404528643062803894281387329101562500000000000, 0.931119781245508648659381378820398822426795959472656250000000,-0.257891404445084515550945525319548323750495910644531250000000, 1.831635473702806216067529021529480814933776855468750000000000, 1.840992267758972511515480618982110172510147094726562500000000
 0.000479372844795948301402366276136035594390705227851867675781,-0.257891404445084404528643062803894281387329101562500000000000,-0.931119781245508648659381378820398822426795959472656250000000,-0.257891404445084515550945525319548323750495910644531250000000, 1.831635473702806216067529021529480814933776855468750000000000, 4.442193039420613942525051243137568235397338867187500000000000
 0.000479372844795948301402366276136035594390705227851867675781, 0.931119781245508648659381378820398822426795959472656250000000, 0.257891404445084293506340600288240239024162292480468750000000, 0.257891404445084515550945525319548323750495910644531250000000, 1.309957179886986899930434447014704346656799316406250000000000, 0.270195940964075842494196422194363549351692199707031250000000
 0.000479372844795948301402366276136035594390705227851867675781,-0.931119781245508648659381378820398822426795959472656250000000, 0.257891404445084404528643062803894281387329101562500000000000, 0.257891404445084515550945525319548323750495910644531250000000, 1.309957179886986899930434447014704346656799316406250000000000, 2.871396712625717384526069508865475654602050781250000000000000
 0.000479372844795948301402366276136035594390705227851867675781, 0.931119781245508648659381378820398822426795959472656250000000, 0.257891404445084293506340600288240239024162292480468750000000,-0.257891404445084515550945525319548323750495910644531250000000, 1.831635473702806216067529021529480814933776855468750000000000, 0.270195940964075842494196422194363549351692199707031250000000
 0.000479372844795948301402366276136035594390705227851867675781,-0.931119781245508648659381378820398822426795959472656250000000, 0.257891404445084404528643062803894281387329101562500000000000,-0.257891404445084515550945525319548323750495910644531250000000, 1.831635473702806216067529021529480814933776855468750000000000, 2.871396712625717384526069508865475654602050781250000000000000
 0.000479372844795948301402366276136035594390705227851867675781, 0.931119781245508648659381378820398822426795959472656250000000,-0.257891404445084293506340600288240239024162292480468750000000, 0.257891404445084515550945525319548323750495910644531250000000, 1.309957179886986899930434447014704346656799316406250000000000, 6.012989366215510500524032977409660816192626953125000000000000
 0.000479372844795948301402366276136035594390705227851867675781,-0.931119781245508648659381378820398822426795959472656250000000,-0.257891404445084404528643062803894281387329101562500000000000, 0.257891404445084515550945525319548323750495910644531250000000, 1.309957179886986899930434447014704346656799316406250000000000, 3.411788594553868847469857428222894668579101562500000000000000
 0.000479372844795948301402366276136035594390705227851867675781, 0.931119781245508648659381378820398822426795959472656250000000,-0.257891404445084293506340600288240239024162292480468750000000,-0.257891404445084515550945525319548323750495910644531250000000, 1.831635473702806216067529021529480814933776855468750000000000, 6.012989366215510500524032977409660816192626953125000000000000
 0.000479372844795948301402366276136035594390705227851867675781,-0.931119781245508648659381378820398822426795959472656250000000,-0.257891404445084404528643062803894281387329101562500000000000,-0.257891404445084515550945525319548323750495910644531250000000, 1.831635473702806216067529021529480814933776855468750000000000, 3.411788594553868847469857428222894668579101562500000000000000
 0.000501541531915945847444615601773421076359227299690246582031, 0.308568755816962192461971881130011752247810363769531250000000, 0.308568755816962414506576806161319836974143981933593750000000, 0.899761438308590677515041988954180851578712463378906250000000, 0.451573800996189322898288764918106608092784881591796875000000, 0.785398163397448723088700717198662459850311279296875000000000
 0.000501541531915945847444615601773421076359227299690246582031, 0.308568755816962192461971881130011752247810363769531250000000, 0.308568755816962303484274343645665794610977172851562500000000,-0.899761438308590677515041988954180851578712463378906250000000, 2.690018852593603959633128397399559617042541503906250000000000, 0.785398163397448501044095792167354375123977661132812500000000
 0.000501541531915945847444615601773421076359227299690246582031, 0.308568755816962192461971881130011752247810363769531250000000,-0.308568755816962414506576806161319836974143981933593750000000, 0.899761438308590677515041988954180851578712463378906250000000, 0.451573800996189322898288764918106608092784881591796875000000, 5.497787143782137064818016369827091693878173828125000000000000
 0.000501541531915945847444615601773421076359227299690246582031, 0.308568755816962192461971881130011752247810363769531250000000,-0.308568755816962303484274343645665794610977172851562500000000,-0.899761438308590677515041988954180851578712463378906250000000, 2.690018852593603959633128397399559617042541503906250000000000, 5.497787143782137952996436069952324032783508300781250000000000
 0.000501541531915945847444615601773421076359227299690246582031,-0.308568755816962192461971881130011752247810363769531250000000, 0.308568755816962192461971881130011752247810363769531250000000, 0.899761438308590677515041988954180851578712463378906250000000, 0.451573800996189100853683839886798523366451263427734375000000, 2.356194490192344836998472601408138871192932128906250000000000
 0.000501541531915945847444615601773421076359227299690246582031,-0.308568755816962192461971881130011752247810363769531250000000, 0.308568755816962192461971881130011752247810363769531250000000,-0.899761438308590677515041988954180851578712463378906250000000, 2.690018852593603959633128397399559617042541503906250000000000, 2.356194490192344836998472601408138871192932128906250000000000
 0.000501541531915945847444615601773421076359227299690246582031,-0.308568755816962192461971881130011752247810363769531250000000,-0.308568755816962192461971881130011752247810363769531250000000, 0.899761438308590677515041988954180851578712463378906250000000, 0.451573800996189100853683839886798523366451263427734375000000, 3.926990816987241394997454335680231451988220214843750000000000
 0.000501541531915945847444615601773421076359227299690246582031,-0.308568755816962192461971881130011752247810363769531250000000,-0.308568755816962192461971881130011752247810363769531250000000,-0.899761438308590677515041988954180851578712463378906250000000, 2.690018852593603959633128397399559617042541503906250000000000, 3.926990816987241394997454335680231451988220214843750000000000
 0.000501541531915945847444615601773421076359227299690246582031, 0.308568755816962525528879268676973879337310791015625000000000, 0.899761438308590677515041988954180851578712463378906250000000, 0.308568755816962414506576806161319836974143981933593750000000, 1.257108331282967172981557268940377980470657348632812500000000, 1.240420289335696590882207601680420339107513427734375000000000
 0.000501541531915945847444615601773421076359227299690246582031, 0.308568755816962525528879268676973879337310791015625000000000,-0.899761438308590677515041988954180851578712463378906250000000, 0.308568755816962414506576806161319836974143981933593750000000, 1.257108331282967172981557268940377980470657348632812500000000, 5.042765017843889197024509485345333814620971679687500000000000
 0.000501541531915945847444615601773421076359227299690246582031, 0.308568755816962525528879268676973879337310791015625000000000, 0.899761438308590677515041988954180851578712463378906250000000,-0.308568755816962414506576806161319836974143981933593750000000, 1.884484322306826165061011124635115265846252441406250000000000, 1.240420289335696590882207601680420339107513427734375000000000
 0.000501541531915945847444615601773421076359227299690246582031, 0.308568755816962525528879268676973879337310791015625000000000,-0.899761438308590677515041988954180851578712463378906250000000,-0.308568755816962414506576806161319836974143981933593750000000, 1.884484322306826165061011124635115265846252441406250000000000, 5.042765017843889197024509485345333814620971679687500000000000
 0.000501541531915945847444615601773421076359227299690246582031,-0.308568755816962525528879268676973879337310791015625000000000, 0.899761438308590677515041988954180851578712463378906250000000, 0.308568755816962414506576806161319836974143981933593750000000, 1.257108331282967172981557268940377980470657348632812500000000, 1.901172364254096525115755866863764822483062744140625000000000
 0.000501541531915945847444615601773421076359227299690246582031,-0.308568755816962525528879268676973879337310791015625000000000,-0.899761438308590677515041988954180851578712463378906250000000, 0.308568755816962414506576806161319836974143981933593750000000, 1.257108331282967172981557268940377980470657348632812500000000, 4.382012942925490150969380920287221670150756835937500000000000
 0.000501541531915945847444615601773421076359227299690246582031,-0.308568755816962525528879268676973879337310791015625000000000, 0.899761438308590677515041988954180851578712463378906250000000,-0.308568755816962414506576806161319836974143981933593750000000, 1.884484322306826165061011124635115265846252441406250000000000, 1.901172364254096525115755866863764822483062744140625000000000
 0.000501541531915945847444615601773421076359227299690246582031,-0.308568755816962525528879268676973879337310791015625000000000,-0.899761438308590677515041988954180851578712463378906250000000,-0.308568755816962414506576806161319836974143981933593750000000, 1.884484322306826165061011124635115265846252441406250000000000, 4.382012942925490150969380920287221670150756835937500000000000
 0.000501541531915945847444615601773421076359227299690246582031, 0.899761438308590677515041988954180851578712463378906250000000, 0.308568755816962525528879268676973879337310791015625000000000, 0.308568755816962414506576806161319836974143981933593750000000, 1.257108331282967172981557268940377980470657348632812500000000, 0.330376037459199967116774132591672241687774658203125000000000
 0.000501541531915945847444615601773421076359227299690246582031,-0.899761438308590899559646913985488936305046081542968750000000, 0.308568755816961914906215724840876646339893341064453125000000, 0.308568755816962414506576806161319836974143981933593750000000, 1.257108331282967172981557268940377980470657348632812500000000, 2.811216616130594037059609036077745258808135986328125000000000
 0.000501541531915945847444615601773421076359227299690246582031, 0.899761438308590677515041988954180851578712463378906250000000, 0.308568755816962525528879268676973879337310791015625000000000,-0.308568755816962414506576806161319836974143981933593750000000, 1.884484322306826165061011124635115265846252441406250000000000, 0.330376037459199967116774132591672241687774658203125000000000
 0.000501541531915945847444615601773421076359227299690246582031,-0.899761438308590899559646913985488936305046081542968750000000, 0.308568755816961914906215724840876646339893341064453125000000,-0.308568755816962414506576806161319836974143981933593750000000, 1.884484322306826165061011124635115265846252441406250000000000, 2.811216616130594037059609036077745258808135986328125000000000
 0.000501541531915945847444615601773421076359227299690246582031, 0.899761438308590677515041988954180851578712463378906250000000,-0.308568755816962525528879268676973879337310791015625000000000, 0.308568755816962414506576806161319836974143981933593750000000, 1.257108331282967172981557268940377980470657348632812500000000, 5.952809269720386708968362654559314250946044921875000000000000
 0.000501541531915945847444615601773421076359227299690246582031,-0.899761438308590899559646913985488936305046081542968750000000,-0.308568755816961914906215724840876646339893341064453125000000, 0.308568755816962414506576806161319836974143981933593750000000, 1.257108331282967172981557268940377980470657348632812500000000, 3.471968691048992194936317901010625064373016357421875000000000
 0.000501541531915945847444615601773421076359227299690246582031, 0.899761438308590677515041988954180851578712463378906250000000,-0.308568755816962525528879268676973879337310791015625000000000,-0.308568755816962414506576806161319836974143981933593750000000, 1.884484322306826165061011124635115265846252441406250000000000, 5.952809269720386708968362654559314250946044921875000000000000
 0.000501541531915945847444615601773421076359227299690246582031,-0.899761438308590899559646913985488936305046081542968750000000,-0.308568755816961914906215724840876646339893341064453125000000,-0.308568755816962414506576806161319836974143981933593750000000, 1.884484322306826165061011124635115265846252441406250000000000, 3.471968691048992194936317901010625064373016357421875000000000
 0.000517512737267944206327741074602499793400056660175323486328, 0.358471970626702274298480688230483792722225189208984375000000, 0.358471970626702385320783150746137835085391998291015625000000, 0.861971978981925679441644660983001813292503356933593750000000, 0.531649580639185326269569031865103170275688171386718750000000, 0.785398163397448501044095792167354375123977661132812500000000
 0.000517512737267944206327741074602499793400056660175323486328, 0.358471970626702107765026994457002729177474975585937500000000, 0.358471970626702218787329456972656771540641784667968750000000,-0.861971978981925790463947123498655855655670166015625000000000, 2.609943072950608122795301824226044118404388427734375000000000, 0.785398163397448501044095792167354375123977661132812500000000
 0.000517512737267944206327741074602499793400056660175323486328, 0.358471970626702274298480688230483792722225189208984375000000,-0.358471970626702385320783150746137835085391998291015625000000, 0.861971978981925679441644660983001813292503356933593750000000, 0.531649580639185326269569031865103170275688171386718750000000, 5.497787143782137952996436069952324032783508300781250000000000
 0.000517512737267944206327741074602499793400056660175323486328, 0.358471970626702107765026994457002729177474975585937500000000,-0.358471970626702218787329456972656771540641784667968750000000,-0.861971978981925790463947123498655855655670166015625000000000, 2.609943072950608122795301824226044118404388427734375000000000, 5.497787143782137952996436069952324032783508300781250000000000
 0.000517512737267944206327741074602499793400056660175323486328,-0.358471970626702274298480688230483792722225189208984375000000, 0.358471970626702274298480688230483792722225189208984375000000, 0.861971978981925679441644660983001813292503356933593750000000, 0.531649580639185104224964106833795085549354553222656250000000, 2.356194490192344836998472601408138871192932128906250000000000
 0.000517512737267944206327741074602499793400056660175323486328,-0.358471970626702107765026994457002729177474975585937500000000, 0.358471970626702107765026994457002729177474975585937500000000,-0.861971978981925790463947123498655855655670166015625000000000, 2.609943072950608566884511674288660287857055664062500000000000, 2.356194490192344836998472601408138871192932128906250000000000
 0.000517512737267944206327741074602499793400056660175323486328,-0.358471970626702274298480688230483792722225189208984375000000,-0.358471970626702274298480688230483792722225189208984375000000, 0.861971978981925679441644660983001813292503356933593750000000, 0.531649580639185104224964106833795085549354553222656250000000, 3.926990816987241394997454335680231451988220214843750000000000
 0.000517512737267944206327741074602499793400056660175323486328,-0.358471970626702107765026994457002729177474975585937500000000,-0.358471970626702107765026994457002729177474975585937500000000,-0.861971978981925790463947123498655855655670166015625000000000, 2.609943072950608566884511674288660287857055664062500000000000, 3.926990816987241394997454335680231451988220214843750000000000
 0.000517512737267944206327741074602499793400056660175323486328, 0.358471970626702218787329456972656771540641784667968750000000, 0.861971978981925679441644660983001813292503356933593750000000, 0.358471970626702385320783150746137835085391998291015625000000, 1.204165759832383386651599721517413854598999023437500000000000, 1.176680572141593161816786050621885806322097778320312500000000
 0.000517512737267944206327741074602499793400056660175323486328, 0.358471970626702218787329456972656771540641784667968750000000,-0.861971978981925679441644660983001813292503356933593750000000, 0.358471970626702385320783150746137835085391998291015625000000, 1.204165759832383386651599721517413854598999023437500000000000, 5.106504735037993292223745811497792601585388183593750000000000
 0.000517512737267944206327741074602499793400056660175323486328, 0.358471970626702218787329456972656771540641784667968750000000, 0.861971978981925679441644660983001813292503356933593750000000,-0.358471970626702385320783150746137835085391998291015625000000, 1.937426893757409951390968672058079391717910766601562500000000, 1.176680572141593161816786050621885806322097778320312500000000
 0.000517512737267944206327741074602499793400056660175323486328, 0.358471970626702218787329456972656771540641784667968750000000,-0.861971978981925679441644660983001813292503356933593750000000,-0.358471970626702385320783150746137835085391998291015625000000, 1.937426893757409951390968672058079391717910766601562500000000, 5.106504735037993292223745811497792601585388183593750000000000
 0.000517512737267944206327741074602499793400056660175323486328,-0.358471970626702385320783150746137835085391998291015625000000, 0.861971978981925568419342198467347770929336547851562500000000, 0.358471970626702385320783150746137835085391998291015625000000, 1.204165759832383386651599721517413854598999023437500000000000, 1.964912081448200176225782342953607439994812011718750000000000
 0.000517512737267944206327741074602499793400056660175323486328,-0.358471970626702385320783150746137835085391998291015625000000,-0.861971978981925568419342198467347770929336547851562500000000, 0.358471970626702385320783150746137835085391998291015625000000, 1.204165759832383386651599721517413854598999023437500000000000, 4.318273225731386055770144594134762883186340332031250000000000
 0.000517512737267944206327741074602499793400056660175323486328,-0.358471970626702385320783150746137835085391998291015625000000, 0.861971978981925568419342198467347770929336547851562500000000,-0.358471970626702385320783150746137835085391998291015625000000, 1.937426893757409951390968672058079391717910766601562500000000, 1.964912081448200176225782342953607439994812011718750000000000
 0.000517512737267944206327741074602499793400056660175323486328,-0.358471970626702385320783150746137835085391998291015625000000,-0.861971978981925568419342198467347770929336547851562500000000,-0.358471970626702385320783150746137835085391998291015625000000, 1.937426893757409951390968672058079391717910766601562500000000, 4.318273225731386055770144594134762883186340332031250000000000
 0.000517512737267944206327741074602499793400056660175323486328, 0.861971978981925568419342198467347770929336547851562500000000, 0.358471970626702496343085613261791877448558807373046875000000, 0.358471970626702385320783150746137835085391998291015625000000, 1.204165759832383386651599721517413854598999023437500000000000, 0.394115754653303729249103071197168901562690734863281250000000
 0.000517512737267944206327741074602499793400056660175323486328,-0.861971978981925568419342198467347770929336547851562500000000, 0.358471970626702607365388075777445919811725616455078125000000, 0.358471970626702385320783150746137835085391998291015625000000, 1.204165759832383386651599721517413854598999023437500000000000, 2.747476898936489497771162859862670302391052246093750000000000
 0.000517512737267944206327741074602499793400056660175323486328, 0.861971978981925568419342198467347770929336547851562500000000, 0.358471970626702496343085613261791877448558807373046875000000,-0.358471970626702385320783150746137835085391998291015625000000, 1.937426893757409951390968672058079391717910766601562500000000, 0.394115754653303729249103071197168901562690734863281250000000
 0.000517512737267944206327741074602499793400056660175323486328,-0.861971978981925568419342198467347770929336547851562500000000, 0.358471970626702607365388075777445919811725616455078125000000,-0.358471970626702385320783150746137835085391998291015625000000, 1.937426893757409951390968672058079391717910766601562500000000, 2.747476898936489497771162859862670302391052246093750000000000
 0.000517512737267944206327741074602499793400056660175323486328, 0.861971978981925568419342198467347770929336547851562500000000,-0.358471970626702496343085613261791877448558807373046875000000, 0.358471970626702385320783150746137835085391998291015625000000, 1.204165759832383386651599721517413854598999023437500000000000, 5.889069552526282613769126328406855463981628417968750000000000
 0.000517512737267944206327741074602499793400056660175323486328,-0.861971978981925568419342198467347770929336547851562500000000,-0.358471970626702607365388075777445919811725616455078125000000, 0.358471970626702385320783150746137835085391998291015625000000, 1.204165759832383386651599721517413854598999023437500000000000, 3.535708408243096734224764077225700020790100097656250000000000
 0.000517512737267944206327741074602499793400056660175323486328, 0.861971978981925568419342198467347770929336547851562500000000,-0.358471970626702496343085613261791877448558807373046875000000,-0.358471970626702385320783150746137835085391998291015625000000, 1.937426893757409951390968672058079391717910766601562500000000, 5.889069552526282613769126328406855463981628417968750000000000
 0.000517512737267944206327741074602499793400056660175323486328,-0.861971978981925568419342198467347770929336547851562500000000,-0.358471970626702607365388075777445919811725616455078125000000,-0.358471970626702385320783150746137835085391998291015625000000, 1.937426893757409951390968672058079391717910766601562500000000, 3.535708408243096734224764077225700020790100097656250000000000
 0.000528552226207942951914653395562027071719057857990264892578, 0.407013559442870820337390114218578673899173736572265625000000, 0.407013559442870820337390114218578673899173736572265625000000, 0.817728515376154208027514869172591716051101684570312500000000, 0.613342704783730763296034638187848031520843505859375000000000, 0.785398163397448278999490867136046290397644042968750000000000
 0.000528552226207942951914653395562027071719057857990264892578, 0.407013559442870709315087651702924631536006927490234375000000, 0.407013559442870709315087651702924631536006927490234375000000,-0.817728515376154319049817331688245758414268493652343750000000, 2.528249948806062796791138680418953299522399902343750000000000, 0.785398163397448278999490867136046290397644042968750000000000
 0.000528552226207942951914653395562027071719057857990264892578, 0.407013559442870820337390114218578673899173736572265625000000,-0.407013559442870820337390114218578673899173736572265625000000, 0.817728515376154208027514869172591716051101684570312500000000, 0.613342704783730763296034638187848031520843505859375000000000, 5.497787143782137952996436069952324032783508300781250000000000
 0.000528552226207942951914653395562027071719057857990264892578, 0.407013559442870709315087651702924631536006927490234375000000,-0.407013559442870709315087651702924631536006927490234375000000,-0.817728515376154319049817331688245758414268493652343750000000, 2.528249948806062796791138680418953299522399902343750000000000, 5.497787143782137952996436069952324032783508300781250000000000
 0.000528552226207942951914653395562027071719057857990264892578,-0.407013559442870820337390114218578673899173736572265625000000, 0.407013559442870820337390114218578673899173736572265625000000, 0.817728515376154208027514869172591716051101684570312500000000, 0.613342704783730763296034638187848031520843505859375000000000, 2.356194490192344836998472601408138871192932128906250000000000
 0.000528552226207942951914653395562027071719057857990264892578,-0.407013559442870709315087651702924631536006927490234375000000, 0.407013559442870709315087651702924631536006927490234375000000,-0.817728515376154319049817331688245758414268493652343750000000, 2.528249948806062796791138680418953299522399902343750000000000, 2.356194490192344836998472601408138871192932128906250000000000
 0.000528552226207942951914653395562027071719057857990264892578,-0.407013559442870820337390114218578673899173736572265625000000,-0.407013559442870820337390114218578673899173736572265625000000, 0.817728515376154208027514869172591716051101684570312500000000, 0.613342704783730763296034638187848031520843505859375000000000, 3.926990816987241394997454335680231451988220214843750000000000
 0.000528552226207942951914653395562027071719057857990264892578,-0.407013559442870709315087651702924631536006927490234375000000,-0.407013559442870709315087651702924631536006927490234375000000,-0.817728515376154319049817331688245758414268493652343750000000, 2.528249948806062796791138680418953299522399902343750000000000, 3.926990816987241394997454335680231451988220214843750000000000
 0.000528552226207942951914653395562027071719057857990264892578, 0.407013559442870875848541345476405695080757141113281250000000, 0.817728515376154097005212406656937673687934875488281250000000, 0.407013559442870875848541345476405695080757141113281250000000, 1.151614163152788972155349256354384124279022216796875000000000, 1.108960931128392557454276357020717114210128784179687500000000
 0.000528552226207942951914653395562027071719057857990264892578, 0.407013559442870875848541345476405695080757141113281250000000,-0.817728515376154097005212406656937673687934875488281250000000, 0.407013559442870875848541345476405695080757141113281250000000, 1.151614163152788972155349256354384124279022216796875000000000, 5.174224376051193452497045655036345124244689941406250000000000
 0.000528552226207942951914653395562027071719057857990264892578, 0.407013559442870875848541345476405695080757141113281250000000, 0.817728515376154097005212406656937673687934875488281250000000,-0.407013559442870875848541345476405695080757141113281250000000, 1.989978490437004365887219137221109122037887573242187500000000, 1.108960931128392557454276357020717114210128784179687500000000
 0.000528552226207942951914653395562027071719057857990264892578, 0.407013559442870875848541345476405695080757141113281250000000,-0.817728515376154097005212406656937673687934875488281250000000,-0.407013559442870875848541345476405695080757141113281250000000, 1.989978490437004365887219137221109122037887573242187500000000, 5.174224376051193452497045655036345124244689941406250000000000
 0.000528552226207942951914653395562027071719057857990264892578,-0.407013559442870986870843807992059737443923950195312500000000, 0.817728515376154097005212406656937673687934875488281250000000, 0.407013559442870875848541345476405695080757141113281250000000, 1.151614163152788972155349256354384124279022216796875000000000, 2.032631722461400780588292036554776132106781005859375000000000
 0.000528552226207942951914653395562027071719057857990264892578,-0.407013559442870986870843807992059737443923950195312500000000,-0.817728515376154097005212406656937673687934875488281250000000, 0.407013559442870875848541345476405695080757141113281250000000, 1.151614163152788972155349256354384124279022216796875000000000, 4.250553584718185007318425050470978021621704101562500000000000
 0.000528552226207942951914653395562027071719057857990264892578,-0.407013559442870986870843807992059737443923950195312500000000, 0.817728515376154097005212406656937673687934875488281250000000,-0.407013559442870875848541345476405695080757141113281250000000, 1.989978490437004143842614212189801037311553955078125000000000, 2.032631722461400780588292036554776132106781005859375000000000
 0.000528552226207942951914653395562027071719057857990264892578,-0.407013559442870986870843807992059737443923950195312500000000,-0.817728515376154097005212406656937673687934875488281250000000,-0.407013559442870875848541345476405695080757141113281250000000, 1.989978490437004143842614212189801037311553955078125000000000, 4.250553584718185007318425050470978021621704101562500000000000
 0.000528552226207942951914653395562027071719057857990264892578, 0.817728515376154097005212406656937673687934875488281250000000, 0.407013559442870875848541345476405695080757141113281250000000, 0.407013559442870875848541345476405695080757141113281250000000, 1.151614163152788972155349256354384124279022216796875000000000, 0.461835395666504056055856608509202487766742706298828125000000
 0.000528552226207942951914653395562027071719057857990264892578,-0.817728515376154097005212406656937673687934875488281250000000, 0.407013559442870986870843807992059737443923950195312500000000, 0.407013559442870875848541345476405695080757141113281250000000, 1.151614163152788972155349256354384124279022216796875000000000, 2.679757257923288893408653166261501610279083251953125000000000
 0.000528552226207942951914653395562027071719057857990264892578, 0.817728515376154097005212406656937673687934875488281250000000, 0.407013559442870875848541345476405695080757141113281250000000,-0.407013559442870875848541345476405695080757141113281250000000, 1.989978490437004365887219137221109122037887573242187500000000, 0.461835395666504056055856608509202487766742706298828125000000
 0.000528552226207942951914653395562027071719057857990264892578,-0.817728515376154097005212406656937673687934875488281250000000, 0.407013559442870986870843807992059737443923950195312500000000,-0.407013559442870875848541345476405695080757141113281250000000, 1.989978490437004143842614212189801037311553955078125000000000, 2.679757257923288893408653166261501610279083251953125000000000
 0.000528552226207942951914653395562027071719057857990264892578, 0.817728515376154097005212406656937673687934875488281250000000,-0.407013559442870875848541345476405695080757141113281250000000, 0.407013559442870875848541345476405695080757141113281250000000, 1.151614163152788972155349256354384124279022216796875000000000, 5.821349911513082453495826484868302941322326660156250000000000
 0.000528552226207942951914653395562027071719057857990264892578,-0.817728515376154097005212406656937673687934875488281250000000,-0.407013559442870986870843807992059737443923950195312500000000, 0.407013559442870875848541345476405695080757141113281250000000, 1.151614163152788972155349256354384124279022216796875000000000, 3.603428049256297338587273770826868712902069091796875000000000
 0.000528552226207942951914653395562027071719057857990264892578, 0.817728515376154097005212406656937673687934875488281250000000,-0.407013559442870875848541345476405695080757141113281250000000,-0.407013559442870875848541345476405695080757141113281250000000, 1.989978490437004365887219137221109122037887573242187500000000, 5.821349911513082453495826484868302941322326660156250000000000
 0.000528552226207942951914653395562027071719057857990264892578,-0.817728515376154097005212406656937673687934875488281250000000,-0.407013559442870986870843807992059737443923950195312500000000,-0.407013559442870875848541345476405695080757141113281250000000, 1.989978490437004143842614212189801037311553955078125000000000, 3.603428049256297338587273770826868712902069091796875000000000
 0.000535683270370942228762178860534959312644787132740020751953, 0.453661862622263822863999394030543044209480285644531250000000, 0.453661862622263878375150625288370065391063690185546875000000, 0.767060511826933022483387958345701918005943298339843750000000, 0.696549486119265148786894314980600029230117797851562500000000, 0.785398163397448390021793329651700332760810852050781250000000
 0.000535683270370942228762178860534959312644787132740020751953, 0.453661862622263822863999394030543044209480285644531250000000, 0.453661862622263878375150625288370065391063690185546875000000,-0.767060511826933133505690420861355960369110107421875000000000, 2.445043167470528189255674078594893217086791992187500000000000, 0.785398163397448390021793329651700332760810852050781250000000
 0.000535683270370942228762178860534959312644787132740020751953, 0.453661862622263822863999394030543044209480285644531250000000,-0.453661862622263878375150625288370065391063690185546875000000, 0.767060511826933022483387958345701918005943298339843750000000, 0.696549486119265148786894314980600029230117797851562500000000, 5.497787143782137952996436069952324032783508300781250000000000
 0.000535683270370942228762178860534959312644787132740020751953, 0.453661862622263822863999394030543044209480285644531250000000,-0.453661862622263878375150625288370065391063690185546875000000,-0.767060511826933133505690420861355960369110107421875000000000, 2.445043167470528189255674078594893217086791992187500000000000, 5.497787143782137952996436069952324032783508300781250000000000
 0.000535683270370942228762178860534959312644787132740020751953,-0.453661862622263822863999394030543044209480285644531250000000, 0.453661862622263822863999394030543044209480285644531250000000, 0.767060511826933022483387958345701918005943298339843750000000, 0.696549486119265148786894314980600029230117797851562500000000, 2.356194490192344836998472601408138871192932128906250000000000
 0.000535683270370942228762178860534959312644787132740020751953,-0.453661862622263822863999394030543044209480285644531250000000, 0.453661862622263822863999394030543044209480285644531250000000,-0.767060511826933133505690420861355960369110107421875000000000, 2.445043167470528189255674078594893217086791992187500000000000, 2.356194490192344836998472601408138871192932128906250000000000
 0.000535683270370942228762178860534959312644787132740020751953,-0.453661862622263822863999394030543044209480285644531250000000,-0.453661862622263822863999394030543044209480285644531250000000, 0.767060511826933022483387958345701918005943298339843750000000, 0.696549486119265148786894314980600029230117797851562500000000, 3.926990816987241394997454335680231451988220214843750000000000
 0.000535683270370942228762178860534959312644787132740020751953,-0.453661862622263822863999394030543044209480285644531250000000,-0.453661862622263822863999394030543044209480285644531250000000,-0.767060511826933133505690420861355960369110107421875000000000, 2.445043167470528189255674078594893217086791992187500000000000, 3.926990816987241394997454335680231451988220214843750000000000
 0.000535683270370942228762178860534959312644787132740020751953, 0.453661862622263822863999394030543044209480285644531250000000, 0.767060511826933022483387958345701918005943298339843750000000, 0.453661862622263822863999394030543044209480285644531250000000, 1.099926232172379281237795112247113138437271118164062500000000, 1.036702839043265544916039289091713726520538330078125000000000
 0.000535683270370942228762178860534959312644787132740020751953, 0.453661862622263822863999394030543044209480285644531250000000,-0.767060511826933022483387958345701918005943298339843750000000, 0.453661862622263822863999394030543044209480285644531250000000, 1.099926232172379281237795112247113138437271118164062500000000, 5.246482468136321131169097498059272766113281250000000000000000
 0.000535683270370942228762178860534959312644787132740020751953, 0.453661862622263711841696931514889001846313476562500000000000, 0.767060511826932911461085495830047875642776489257812500000000,-0.453661862622263989397453087804024107754230499267578125000000, 2.041666421417414056804773281328380107879638671875000000000000, 1.036702839043265544916039289091713726520538330078125000000000
 0.000535683270370942228762178860534959312644787132740020751953, 0.453661862622263711841696931514889001846313476562500000000000,-0.767060511826932911461085495830047875642776489257812500000000,-0.453661862622263989397453087804024107754230499267578125000000, 2.041666421417414056804773281328380107879638671875000000000000, 5.246482468136321131169097498059272766113281250000000000000000
 0.000535683270370942228762178860534959312644787132740020751953,-0.453661862622263822863999394030543044209480285644531250000000, 0.767060511826933022483387958345701918005943298339843750000000, 0.453661862622263822863999394030543044209480285644531250000000, 1.099926232172379281237795112247113138437271118164062500000000, 2.104889814546527571081924179452471435070037841796875000000000
 0.000535683270370942228762178860534959312644787132740020751953,-0.453661862622263822863999394030543044209480285644531250000000,-0.767060511826933022483387958345701918005943298339843750000000, 0.453661862622263822863999394030543044209480285644531250000000, 1.099926232172379281237795112247113138437271118164062500000000, 4.178295492633058216824792907573282718658447265625000000000000
 0.000535683270370942228762178860534959312644787132740020751953,-0.453661862622263711841696931514889001846313476562500000000000, 0.767060511826932911461085495830047875642776489257812500000000,-0.453661862622263989397453087804024107754230499267578125000000, 2.041666421417414056804773281328380107879638671875000000000000, 2.104889814546527571081924179452471435070037841796875000000000
 0.000535683270370942228762178860534959312644787132740020751953,-0.453661862622263711841696931514889001846313476562500000000000,-0.767060511826932911461085495830047875642776489257812500000000,-0.453661862622263989397453087804024107754230499267578125000000, 2.041666421417414056804773281328380107879638671875000000000000, 4.178295492633058216824792907573282718658447265625000000000000
 0.000535683270370942228762178860534959312644787132740020751953, 0.767060511826933022483387958345701918005943298339843750000000, 0.453661862622263822863999394030543044209480285644531250000000, 0.453661862622263822863999394030543044209480285644531250000000, 1.099926232172379281237795112247113138437271118164062500000000, 0.534093487751631124105244907696032896637916564941406250000000
 0.000535683270370942228762178860534959312644787132740020751953,-0.767060511826932911461085495830047875642776489257812500000000, 0.453661862622263989397453087804024107754230499267578125000000, 0.453661862622263822863999394030543044209480285644531250000000, 1.099926232172379281237795112247113138437271118164062500000000, 2.607499165838162102915021023363806307315826416015625000000000
 0.000535683270370942228762178860534959312644787132740020751953, 0.767060511826932911461085495830047875642776489257812500000000, 0.453661862622263711841696931514889001846313476562500000000000,-0.453661862622263989397453087804024107754230499267578125000000, 2.041666421417414056804773281328380107879638671875000000000000, 0.534093487751631013082942445180378854274749755859375000000000
 0.000535683270370942228762178860534959312644787132740020751953,-0.767060511826932911461085495830047875642776489257812500000000, 0.453661862622263878375150625288370065391063690185546875000000,-0.453661862622263989397453087804024107754230499267578125000000, 2.041666421417414056804773281328380107879638671875000000000000, 2.607499165838162102915021023363806307315826416015625000000000
 0.000535683270370942228762178860534959312644787132740020751953, 0.767060511826933022483387958345701918005943298339843750000000,-0.453661862622263822863999394030543044209480285644531250000000, 0.453661862622263822863999394030543044209480285644531250000000, 1.099926232172379281237795112247113138437271118164062500000000, 5.749091819427954774823774641845375299453735351562500000000000
 0.000535683270370942228762178860534959312644787132740020751953,-0.767060511826932911461085495830047875642776489257812500000000,-0.453661862622263989397453087804024107754230499267578125000000, 0.453661862622263822863999394030543044209480285644531250000000, 1.099926232172379281237795112247113138437271118164062500000000, 3.675686141341424129080905913724564015865325927734375000000000
 0.000535683270370942228762178860534959312644787132740020751953, 0.767060511826932911461085495830047875642776489257812500000000,-0.453661862622263711841696931514889001846313476562500000000000,-0.453661862622263989397453087804024107754230499267578125000000, 2.041666421417414056804773281328380107879638671875000000000000, 5.749091819427954774823774641845375299453735351562500000000000
 0.000535683270370942228762178860534959312644787132740020751953,-0.767060511826932911461085495830047875642776489257812500000000,-0.453661862622263878375150625288370065391063690185546875000000,-0.453661862622263989397453087804024107754230499267578125000000, 2.041666421417414056804773281328380107879638671875000000000000, 3.675686141341424129080905913724564015865325927734375000000000
 0.000539791473617941817454701780576442615711130201816558837891, 0.497919568646357613150854604100459255278110504150390625000000, 0.497919568646357724173157066616113297641277313232421875000000, 0.710036764060883229809917338570812717080116271972656250000000, 0.781245909352963119332002861483488231897354125976562500000000, 0.785398163397448390021793329651700332760810852050781250000000
 0.000539791473617941817454701780576442615711130201816558837891, 0.497919568646357724173157066616113297641277313232421875000000, 0.497919568646357779684308297873940318822860717773437500000000,-0.710036764060883007765312413539504632353782653808593750000000, 2.360346744236829774621355682029388844966888427734375000000000, 0.785398163397448390021793329651700332760810852050781250000000
 0.000539791473617941817454701780576442615711130201816558837891, 0.497919568646357613150854604100459255278110504150390625000000,-0.497919568646357724173157066616113297641277313232421875000000, 0.710036764060883229809917338570812717080116271972656250000000, 0.781245909352963119332002861483488231897354125976562500000000, 5.497787143782137952996436069952324032783508300781250000000000
 0.000539791473617941817454701780576442615711130201816558837891, 0.497919568646357724173157066616113297641277313232421875000000,-0.497919568646357779684308297873940318822860717773437500000000,-0.710036764060883007765312413539504632353782653808593750000000, 2.360346744236829774621355682029388844966888427734375000000000, 5.497787143782137952996436069952324032783508300781250000000000
 0.000539791473617941817454701780576442615711130201816558837891,-0.497919568646357613150854604100459255278110504150390625000000, 0.497919568646357613150854604100459255278110504150390625000000, 0.710036764060883229809917338570812717080116271972656250000000, 0.781245909352963119332002861483488231897354125976562500000000, 2.356194490192344836998472601408138871192932128906250000000000
 0.000539791473617941817454701780576442615711130201816558837891,-0.497919568646357724173157066616113297641277313232421875000000, 0.497919568646357724173157066616113297641277313232421875000000,-0.710036764060883007765312413539504632353782653808593750000000, 2.360346744236829774621355682029388844966888427734375000000000, 2.356194490192344836998472601408138871192932128906250000000000
 0.000539791473617941817454701780576442615711130201816558837891,-0.497919568646357613150854604100459255278110504150390625000000,-0.497919568646357613150854604100459255278110504150390625000000, 0.710036764060883229809917338570812717080116271972656250000000, 0.781245909352963119332002861483488231897354125976562500000000, 3.926990816987241394997454335680231451988220214843750000000000
 0.000539791473617941817454701780576442615711130201816558837891,-0.497919568646357724173157066616113297641277313232421875000000,-0.497919568646357724173157066616113297641277313232421875000000,-0.710036764060883007765312413539504632353782653808593750000000, 2.360346744236829774621355682029388844966888427734375000000000, 3.926990816987241394997454335680231451988220214843750000000000
 0.000539791473617941817454701780576442615711130201816558837891, 0.497919568646357613150854604100459255278110504150390625000000, 0.710036764060883229809917338570812717080116271972656250000000, 0.497919568646357724173157066616113297641277313232421875000000, 1.049598165087759715774495816731359809637069702148437500000000, 0.959225992399526994347525032935664057731628417968750000000000
 0.000539791473617941817454701780576442615711130201816558837891, 0.497919568646357613150854604100459255278110504150390625000000,-0.710036764060883229809917338570812717080116271972656250000000, 0.497919568646357724173157066616113297641277313232421875000000, 1.049598165087759715774495816731359809637069702148437500000000, 5.323959314780059237648401904152706265449523925781250000000000
 0.000539791473617941817454701780576442615711130201816558837891, 0.497919568646357502128552141584805212914943695068359375000000, 0.710036764060883118787614876055158674716949462890625000000000,-0.497919568646357779684308297873940318822860717773437500000000, 2.091994488502033622268072576844133436679840087890625000000000, 0.959225992399526994347525032935664057731628417968750000000000
 0.000539791473617941817454701780576442615711130201816558837891, 0.497919568646357502128552141584805212914943695068359375000000,-0.710036764060883118787614876055158674716949462890625000000000,-0.497919568646357779684308297873940318822860717773437500000000, 2.091994488502033622268072576844133436679840087890625000000000, 5.323959314780059237648401904152706265449523925781250000000000
 0.000539791473617941817454701780576442615711130201816558837891,-0.497919568646357779684308297873940318822860717773437500000000, 0.710036764060883007765312413539504632353782653808593750000000, 0.497919568646357724173157066616113297641277313232421875000000, 1.049598165087759715774495816731359809637069702148437500000000, 2.182366661190266565739648285671137273311614990234375000000000
 0.000539791473617941817454701780576442615711130201816558837891,-0.497919568646357779684308297873940318822860717773437500000000,-0.710036764060883007765312413539504632353782653808593750000000, 0.497919568646357724173157066616113297641277313232421875000000, 1.049598165087759715774495816731359809637069702148437500000000, 4.100818645989319222167068801354616880416870117187500000000000
 0.000539791473617941817454701780576442615711130201816558837891,-0.497919568646357779684308297873940318822860717773437500000000, 0.710036764060882896743009951023850589990615844726562500000000,-0.497919568646357779684308297873940318822860717773437500000000, 2.091994488502033622268072576844133436679840087890625000000000, 2.182366661190266565739648285671137273311614990234375000000000
 0.000539791473617941817454701780576442615711130201816558837891,-0.497919568646357779684308297873940318822860717773437500000000,-0.710036764060882896743009951023850589990615844726562500000000,-0.497919568646357779684308297873940318822860717773437500000000, 2.091994488502033622268072576844133436679840087890625000000000, 4.100818645989319222167068801354616880416870117187500000000000
 0.000539791473617941817454701780576442615711130201816558837891, 0.710036764060883007765312413539504632353782653808593750000000, 0.497919568646357779684308297873940318822860717773437500000000, 0.497919568646357724173157066616113297641277313232421875000000, 1.049598165087759715774495816731359809637069702148437500000000, 0.611570334395369896718364088883390650153160095214843750000000
 0.000539791473617941817454701780576442615711130201816558837891,-0.710036764060883007765312413539504632353782653808593750000000, 0.497919568646357779684308297873940318822860717773437500000000, 0.497919568646357724173157066616113297641277313232421875000000, 1.049598165087759715774495816731359809637069702148437500000000, 2.530022319194423108257296917145140469074249267578125000000000
 0.000539791473617941817454701780576442615711130201816558837891, 0.710036764060882896743009951023850589990615844726562500000000, 0.497919568646357779684308297873940318822860717773437500000000,-0.497919568646357779684308297873940318822860717773437500000000, 2.091994488502033622268072576844133436679840087890625000000000, 0.611570334395370007740666551399044692516326904296875000000000
 0.000539791473617941817454701780576442615711130201816558837891,-0.710036764060882896743009951023850589990615844726562500000000, 0.497919568646357779684308297873940318822860717773437500000000,-0.497919568646357779684308297873940318822860717773437500000000, 2.091994488502033622268072576844133436679840087890625000000000, 2.530022319194423108257296917145140469074249267578125000000000
 0.000539791473617941817454701780576442615711130201816558837891, 0.710036764060883007765312413539504632353782653808593750000000,-0.497919568646357779684308297873940318822860717773437500000000, 0.497919568646357724173157066616113297641277313232421875000000, 1.049598165087759715774495816731359809637069702148437500000000, 5.671614972784216668344470235751941800117492675781250000000000
 0.000539791473617941817454701780576442615711130201816558837891,-0.710036764060883007765312413539504632353782653808593750000000,-0.497919568646357779684308297873940318822860717773437500000000, 0.497919568646357724173157066616113297641277313232421875000000, 1.049598165087759715774495816731359809637069702148437500000000, 3.753162987985163123738630019943229854106903076171875000000000
 0.000539791473617941817454701780576442615711130201816558837891, 0.710036764060882896743009951023850589990615844726562500000000,-0.497919568646357779684308297873940318822860717773437500000000,-0.497919568646357779684308297873940318822860717773437500000000, 2.091994488502033622268072576844133436679840087890625000000000, 5.671614972784215780166050535626709461212158203125000000000000
 0.000539791473617941817454701780576442615711130201816558837891,-0.710036764060882896743009951023850589990615844726562500000000,-0.497919568646357779684308297873940318822860717773437500000000,-0.497919568646357779684308297873940318822860717773437500000000, 2.091994488502033622268072576844133436679840087890625000000000, 3.753162987985163123738630019943229854106903076171875000000000
 0.000541689944159941564813531833522119995905086398124694824219, 0.539307511112699922151136888714972883462905883789062500000000, 0.539307511112699922151136888714972883462905883789062500000000, 0.646757154513848409038700992823578417301177978515625000000000, 0.867471414902528437096407287754118442535400390625000000000000, 0.785398163397448278999490867136046290397644042968750000000000
 0.000541689944159941564813531833522119995905086398124694824219, 0.539307511112699922151136888714972883462905883789062500000000, 0.539307511112699922151136888714972883462905883789062500000000,-0.646757154513848409038700992823578417301177978515625000000000, 2.274121238687264678901556180790066719055175781250000000000000, 0.785398163397448278999490867136046290397644042968750000000000
 0.000541689944159941564813531833522119995905086398124694824219, 0.539307511112699922151136888714972883462905883789062500000000,-0.539307511112699922151136888714972883462905883789062500000000, 0.646757154513848409038700992823578417301177978515625000000000, 0.867471414902528437096407287754118442535400390625000000000000, 5.497787143782137952996436069952324032783508300781250000000000
 0.000541689944159941564813531833522119995905086398124694824219, 0.539307511112699922151136888714972883462905883789062500000000,-0.539307511112699922151136888714972883462905883789062500000000,-0.646757154513848409038700992823578417301177978515625000000000, 2.274121238687264678901556180790066719055175781250000000000000, 5.497787143782137952996436069952324032783508300781250000000000
 0.000541689944159941564813531833522119995905086398124694824219,-0.539307511112699922151136888714972883462905883789062500000000, 0.539307511112699922151136888714972883462905883789062500000000, 0.646757154513848409038700992823578417301177978515625000000000, 0.867471414902528437096407287754118442535400390625000000000000, 2.356194490192344836998472601408138871192932128906250000000000
 0.000541689944159941564813531833522119995905086398124694824219,-0.539307511112699922151136888714972883462905883789062500000000, 0.539307511112699922151136888714972883462905883789062500000000,-0.646757154513848409038700992823578417301177978515625000000000, 2.274121238687264678901556180790066719055175781250000000000000, 2.356194490192344836998472601408138871192932128906250000000000
 0.000541689944159941564813531833522119995905086398124694824219,-0.539307511112699922151136888714972883462905883789062500000000,-0.539307511112699922151136888714972883462905883789062500000000, 0.646757154513848409038700992823578417301177978515625000000000, 0.867471414902528437096407287754118442535400390625000000000000, 3.926990816987241394997454335680231451988220214843750000000000
 0.000541689944159941564813531833522119995905086398124694824219,-0.539307511112699922151136888714972883462905883789062500000000,-0.539307511112699922151136888714972883462905883789062500000000,-0.646757154513848409038700992823578417301177978515625000000000, 2.274121238687264678901556180790066719055175781250000000000000, 3.926990816987241394997454335680231451988220214843750000000000
 0.000541689944159941564813531833522119995905086398124694824219, 0.539307511112699922151136888714972883462905883789062500000000, 0.646757154513848520061003455339232459664344787597656250000000, 0.539307511112699811128834426199318841099739074707031250000000, 1.001181761133505432326273876242339611053466796875000000000000, 0.875744949056392663067072135163471102714538574218750000000000
 0.000541689944159941564813531833522119995905086398124694824219, 0.539307511112699922151136888714972883462905883789062500000000,-0.646757154513848520061003455339232459664344787597656250000000, 0.539307511112699811128834426199318841099739074707031250000000, 1.001181761133505432326273876242339611053466796875000000000000, 5.407440358123193568928854801924899220466613769531250000000000
 0.000541689944159941564813531833522119995905086398124694824219, 0.539307511112699922151136888714972883462905883789062500000000, 0.646757154513848520061003455339232459664344787597656250000000,-0.539307511112699811128834426199318841099739074707031250000000, 2.140410892456287683671689592301845550537109375000000000000000, 0.875744949056392663067072135163471102714538574218750000000000
 0.000541689944159941564813531833522119995905086398124694824219, 0.539307511112699922151136888714972883462905883789062500000000,-0.646757154513848520061003455339232459664344787597656250000000,-0.539307511112699811128834426199318841099739074707031250000000, 2.140410892456287683671689592301845550537109375000000000000000, 5.407440358123193568928854801924899220466613769531250000000000
 0.000541689944159941564813531833522119995905086398124694824219,-0.539307511112699922151136888714972883462905883789062500000000, 0.646757154513848520061003455339232459664344787597656250000000, 0.539307511112699811128834426199318841099739074707031250000000, 1.001181761133505432326273876242339611053466796875000000000000, 2.265847704533400452930891333380714058876037597656250000000000
 0.000541689944159941564813531833522119995905086398124694824219,-0.539307511112699922151136888714972883462905883789062500000000,-0.646757154513848520061003455339232459664344787597656250000000, 0.539307511112699811128834426199318841099739074707031250000000, 1.001181761133505432326273876242339611053466796875000000000000, 4.017337602646185779065035603707656264305114746093750000000000
 0.000541689944159941564813531833522119995905086398124694824219,-0.539307511112699922151136888714972883462905883789062500000000, 0.646757154513848520061003455339232459664344787597656250000000,-0.539307511112699811128834426199318841099739074707031250000000, 2.140410892456287683671689592301845550537109375000000000000000, 2.265847704533400452930891333380714058876037597656250000000000
 0.000541689944159941564813531833522119995905086398124694824219,-0.539307511112699922151136888714972883462905883789062500000000,-0.646757154513848520061003455339232459664344787597656250000000,-0.539307511112699811128834426199318841099739074707031250000000, 2.140410892456287683671689592301845550537109375000000000000000, 4.017337602646185779065035603707656264305114746093750000000000
 0.000541689944159941564813531833522119995905086398124694824219, 0.646757154513848520061003455339232459664344787597656250000000, 0.539307511112700033173439351230626925826072692871093750000000, 0.539307511112699811128834426199318841099739074707031250000000, 1.001181761133505654370878801273647695779800415039062500000000, 0.695051377738504005954212061624275520443916320800781250000000
 0.000541689944159941564813531833522119995905086398124694824219,-0.646757154513848520061003455339232459664344787597656250000000, 0.539307511112699922151136888714972883462905883789062500000000, 0.539307511112699811128834426199318841099739074707031250000000, 1.001181761133505432326273876242339611053466796875000000000000, 2.446541275851289221066053869435563683509826660156250000000000
 0.000541689944159941564813531833522119995905086398124694824219, 0.646757154513848520061003455339232459664344787597656250000000, 0.539307511112700033173439351230626925826072692871093750000000,-0.539307511112699811128834426199318841099739074707031250000000, 2.140410892456287683671689592301845550537109375000000000000000, 0.695051377738504005954212061624275520443916320800781250000000
 0.000541689944159941564813531833522119995905086398124694824219,-0.646757154513848520061003455339232459664344787597656250000000, 0.539307511112699922151136888714972883462905883789062500000000,-0.539307511112699811128834426199318841099739074707031250000000, 2.140410892456287683671689592301845550537109375000000000000000, 2.446541275851289221066053869435563683509826660156250000000000
 0.000541689944159941564813531833522119995905086398124694824219, 0.646757154513848520061003455339232459664344787597656250000000,-0.539307511112700033173439351230626925826072692871093750000000, 0.539307511112699811128834426199318841099739074707031250000000, 1.001181761133505654370878801273647695779800415039062500000000, 5.588133929441082337064017337979748845100402832031250000000000
 0.000541689944159941564813531833522119995905086398124694824219,-0.646757154513848520061003455339232459664344787597656250000000,-0.539307511112699922151136888714972883462905883789062500000000, 0.539307511112699811128834426199318841099739074707031250000000, 1.001181761133505432326273876242339611053466796875000000000000, 3.836644031328297010929873067652806639671325683593750000000000
 0.000541689944159941564813531833522119995905086398124694824219, 0.646757154513848520061003455339232459664344787597656250000000,-0.539307511112700033173439351230626925826072692871093750000000,-0.539307511112699811128834426199318841099739074707031250000000, 2.140410892456287683671689592301845550537109375000000000000000, 5.588133929441082337064017337979748845100402832031250000000000
 0.000541689944159941564813531833522119995905086398124694824219,-0.646757154513848520061003455339232459664344787597656250000000,-0.539307511112699922151136888714972883462905883789062500000000,-0.539307511112699811128834426199318841099739074707031250000000, 2.140410892456287683671689592301845550537109375000000000000000, 3.836644031328297010929873067652806639671325683593750000000000
 0.000541930847688941539491702670261474850121885538101196289062, 0.611561767684391632826645945897325873374938964843750000000000, 0.611561767684391632826645945897325873374938964843750000000000, 0.501980486287549210189240511681418865919113159179687500000000, 1.044909168914320396481798525201156735420227050781250000000000, 0.785398163397448278999490867136046290397644042968750000000000
 0.000541930847688941539491702670261474850121885538101196289062, 0.611561767684391521804343483381671831011772155761718750000000, 0.611561767684391521804343483381671831011772155761718750000000,-0.501980486287549321211542974197072908282279968261718750000000, 2.096683484675473163605374793405644595623016357421875000000000, 0.785398163397448278999490867136046290397644042968750000000000
 0.000541930847688941539491702670261474850121885538101196289062, 0.611561767684391632826645945897325873374938964843750000000000,-0.611561767684391632826645945897325873374938964843750000000000, 0.501980486287549210189240511681418865919113159179687500000000, 1.044909168914320396481798525201156735420227050781250000000000, 5.497787143782137952996436069952324032783508300781250000000000
 0.000541930847688941539491702670261474850121885538101196289062, 0.611561767684391521804343483381671831011772155761718750000000,-0.611561767684391521804343483381671831011772155761718750000000,-0.501980486287549321211542974197072908282279968261718750000000, 2.096683484675473163605374793405644595623016357421875000000000, 5.497787143782137952996436069952324032783508300781250000000000
 0.000541930847688941539491702670261474850121885538101196289062,-0.611561767684391632826645945897325873374938964843750000000000, 0.611561767684391632826645945897325873374938964843750000000000, 0.501980486287549210189240511681418865919113159179687500000000, 1.044909168914320396481798525201156735420227050781250000000000, 2.356194490192344836998472601408138871192932128906250000000000
 0.000541930847688941539491702670261474850121885538101196289062,-0.611561767684391521804343483381671831011772155761718750000000, 0.611561767684391521804343483381671831011772155761718750000000,-0.501980486287549321211542974197072908282279968261718750000000, 2.096683484675473163605374793405644595623016357421875000000000, 2.356194490192344836998472601408138871192932128906250000000000
 0.000541930847688941539491702670261474850121885538101196289062,-0.611561767684391632826645945897325873374938964843750000000000,-0.611561767684391632826645945897325873374938964843750000000000, 0.501980486287549210189240511681418865919113159179687500000000, 1.044909168914320396481798525201156735420227050781250000000000, 3.926990816987241394997454335680231451988220214843750000000000
 0.000541930847688941539491702670261474850121885538101196289062,-0.611561767684391521804343483381671831011772155761718750000000,-0.611561767684391521804343483381671831011772155761718750000000,-0.501980486287549321211542974197072908282279968261718750000000, 2.096683484675473163605374793405644595623016357421875000000000, 3.926990816987241394997454335680231451988220214843750000000000
 0.000541930847688941539491702670261474850121885538101196289062, 0.611561767684391632826645945897325873374938964843750000000000, 0.501980486287549321211542974197072908282279968261718750000000, 0.611561767684391632826645945897325873374938964843750000000000, 0.912763307166748805165923386084614321589469909667968750000000, 0.687306160020400014332153659779578447341918945312500000000000
 0.000541930847688941539491702670261474850121885538101196289062, 0.611561767684391632826645945897325873374938964843750000000000,-0.501980486287549321211542974197072908282279968261718750000000, 0.611561767684391632826645945897325873374938964843750000000000, 0.912763307166748805165923386084614321589469909667968750000000, 5.595879147159186217663773277308791875839233398437500000000000
 0.000541930847688941539491702670261474850121885538101196289062, 0.611561767684391632826645945897325873374938964843750000000000, 0.501980486287549321211542974197072908282279968261718750000000,-0.611561767684391632826645945897325873374938964843750000000000, 2.228829346423044199809737619943916797637939453125000000000000, 0.687306160020400014332153659779578447341918945312500000000000
 0.000541930847688941539491702670261474850121885538101196289062, 0.611561767684391632826645945897325873374938964843750000000000,-0.501980486287549321211542974197072908282279968261718750000000,-0.611561767684391632826645945897325873374938964843750000000000, 2.228829346423044199809737619943916797637939453125000000000000, 5.595879147159186217663773277308791875839233398437500000000000
 0.000541930847688941539491702670261474850121885538101196289062,-0.611561767684391632826645945897325873374938964843750000000000, 0.501980486287549321211542974197072908282279968261718750000000, 0.611561767684391632826645945897325873374938964843750000000000, 0.912763307166748805165923386084614321589469909667968750000000, 2.454286493569393101665809808764606714248657226562500000000000
 0.000541930847688941539491702670261474850121885538101196289062,-0.611561767684391632826645945897325873374938964843750000000000,-0.501980486287549321211542974197072908282279968261718750000000, 0.611561767684391632826645945897325873374938964843750000000000, 0.912763307166748805165923386084614321589469909667968750000000, 3.828898813610193130330117128323763608932495117187500000000000
 0.000541930847688941539491702670261474850121885538101196289062,-0.611561767684391632826645945897325873374938964843750000000000, 0.501980486287549321211542974197072908282279968261718750000000,-0.611561767684391632826645945897325873374938964843750000000000, 2.228829346423044199809737619943916797637939453125000000000000, 2.454286493569393101665809808764606714248657226562500000000000
 0.000541930847688941539491702670261474850121885538101196289062,-0.611561767684391632826645945897325873374938964843750000000000,-0.501980486287549321211542974197072908282279968261718750000000,-0.611561767684391632826645945897325873374938964843750000000000, 2.228829346423044199809737619943916797637939453125000000000000, 3.828898813610193130330117128323763608932495117187500000000000
 0.000541930847688941539491702670261474850121885538101196289062, 0.501980486287549099166938049165764823555946350097656250000000, 0.611561767684391743848948408412979915738105773925781250000000, 0.611561767684391632826645945897325873374938964843750000000000, 0.912763307166748805165923386084614321589469909667968750000000, 0.883490166774496876733735462039476260542869567871093750000000
 0.000541930847688941539491702670261474850121885538101196289062,-0.501980486287549321211542974197072908282279968261718750000000, 0.611561767684391632826645945897325873374938964843750000000000, 0.611561767684391632826645945897325873374938964843750000000000, 0.912763307166748805165923386084614321589469909667968750000000, 2.258102486815296572331135394051671028137207031250000000000000
 0.000541930847688941539491702670261474850121885538101196289062, 0.501980486287549099166938049165764823555946350097656250000000, 0.611561767684391743848948408412979915738105773925781250000000,-0.611561767684391632826645945897325873374938964843750000000000, 2.228829346423044199809737619943916797637939453125000000000000, 0.883490166774496876733735462039476260542869567871093750000000
 0.000541930847688941539491702670261474850121885538101196289062,-0.501980486287549321211542974197072908282279968261718750000000, 0.611561767684391632826645945897325873374938964843750000000000,-0.611561767684391632826645945897325873374938964843750000000000, 2.228829346423044199809737619943916797637939453125000000000000, 2.258102486815296572331135394051671028137207031250000000000000
 0.000541930847688941539491702670261474850121885538101196289062, 0.501980486287549099166938049165764823555946350097656250000000,-0.611561767684391743848948408412979915738105773925781250000000, 0.611561767684391632826645945897325873374938964843750000000000, 0.912763307166748805165923386084614321589469909667968750000000, 5.399695140405089688329098862595856189727783203125000000000000
 0.000541930847688941539491702670261474850121885538101196289062,-0.501980486287549321211542974197072908282279968261718750000000,-0.611561767684391632826645945897325873374938964843750000000000, 0.611561767684391632826645945897325873374938964843750000000000, 0.912763307166748805165923386084614321589469909667968750000000, 4.025082820364289659664791543036699295043945312500000000000000
 0.000541930847688941539491702670261474850121885538101196289062, 0.501980486287549099166938049165764823555946350097656250000000,-0.611561767684391743848948408412979915738105773925781250000000,-0.611561767684391632826645945897325873374938964843750000000000, 2.228829346423044199809737619943916797637939453125000000000000, 5.399695140405089688329098862595856189727783203125000000000000
 0.000541930847688941539491702670261474850121885538101196289062,-0.501980486287549321211542974197072908282279968261718750000000,-0.611561767684391632826645945897325873374938964843750000000000,-0.611561767684391632826645945897325873374938964843750000000000, 2.228829346423044199809737619943916797637939453125000000000000, 4.025082820364289659664791543036699295043945312500000000000000
 0.000541693690202941558788085618658669773139990866184234619141, 0.641430843516015869454349740408360958099365234375000000000000, 0.641430843516015869454349740408360958099365234375000000000000, 0.420871650236345484774602709876489825546741485595703125000000, 1.136390322399091434846241099876351654529571533203125000000000, 0.785398163397448278999490867136046290397644042968750000000000
 0.000541693690202941558788085618658669773139990866184234619141, 0.641430843516015869454349740408360958099365234375000000000000, 0.641430843516015869454349740408360958099365234375000000000000,-0.420871650236345484774602709876489825546741485595703125000000, 2.005202331190701681151722368667833507061004638671875000000000, 0.785398163397448278999490867136046290397644042968750000000000
 0.000541693690202941558788085618658669773139990866184234619141, 0.641430843516015869454349740408360958099365234375000000000000,-0.641430843516015869454349740408360958099365234375000000000000, 0.420871650236345484774602709876489825546741485595703125000000, 1.136390322399091434846241099876351654529571533203125000000000, 5.497787143782137952996436069952324032783508300781250000000000
 0.000541693690202941558788085618658669773139990866184234619141, 0.641430843516015869454349740408360958099365234375000000000000,-0.641430843516015869454349740408360958099365234375000000000000,-0.420871650236345484774602709876489825546741485595703125000000, 2.005202331190701681151722368667833507061004638671875000000000, 5.497787143782137952996436069952324032783508300781250000000000
 0.000541693690202941558788085618658669773139990866184234619141,-0.641430843516015869454349740408360958099365234375000000000000, 0.641430843516015869454349740408360958099365234375000000000000, 0.420871650236345484774602709876489825546741485595703125000000, 1.136390322399091434846241099876351654529571533203125000000000, 2.356194490192344836998472601408138871192932128906250000000000
 0.000541693690202941558788085618658669773139990866184234619141,-0.641430843516015869454349740408360958099365234375000000000000, 0.641430843516015869454349740408360958099365234375000000000000,-0.420871650236345484774602709876489825546741485595703125000000, 2.005202331190701681151722368667833507061004638671875000000000, 2.356194490192344836998472601408138871192932128906250000000000
 0.000541693690202941558788085618658669773139990866184234619141,-0.641430843516015869454349740408360958099365234375000000000000,-0.641430843516015869454349740408360958099365234375000000000000, 0.420871650236345484774602709876489825546741485595703125000000, 1.136390322399091434846241099876351654529571533203125000000000, 3.926990816987241394997454335680231451988220214843750000000000
 0.000541693690202941558788085618658669773139990866184234619141,-0.641430843516015869454349740408360958099365234375000000000000,-0.641430843516015869454349740408360958099365234375000000000000,-0.420871650236345484774602709876489825546741485595703125000000, 2.005202331190701681151722368667833507061004638671875000000000, 3.926990816987241394997454335680231451988220214843750000000000
 0.000541693690202941558788085618658669773139990866184234619141, 0.641430843516015869454349740408360958099365234375000000000000, 0.420871650236345595796905172392143867909908294677734375000000, 0.641430843516015758432047277892706915736198425292968750000000, 0.874434445231194734660107314994093030691146850585937500000000, 0.580682967804702632186319988250033929944038391113281250000000
 0.000541693690202941558788085618658669773139990866184234619141, 0.641430843516015869454349740408360958099365234375000000000000,-0.420871650236345595796905172392143867909908294677734375000000, 0.641430843516015758432047277892706915736198425292968750000000, 0.874434445231194734660107314994093030691146850585937500000000, 5.702502339374883710831909411353990435600280761718750000000000
 0.000541693690202941558788085618658669773139990866184234619141, 0.641430843516015869454349740408360958099365234375000000000000, 0.420871650236345595796905172392143867909908294677734375000000,-0.641430843516015758432047277892706915736198425292968750000000, 2.267158208358598603382461078581400215625762939453125000000000, 0.580682967804702632186319988250033929944038391113281250000000
 0.000541693690202941558788085618658669773139990866184234619141, 0.641430843516015869454349740408360958099365234375000000000000,-0.420871650236345595796905172392143867909908294677734375000000,-0.641430843516015758432047277892706915736198425292968750000000, 2.267158208358598603382461078581400215625762939453125000000000, 5.702502339374883710831909411353990435600280761718750000000000
 0.000541693690202941558788085618658669773139990866184234619141,-0.641430843516015869454349740408360958099365234375000000000000, 0.420871650236345484774602709876489825546741485595703125000000, 0.641430843516015758432047277892706915736198425292968750000000, 0.874434445231194623637804852478438988327980041503906250000000, 2.560909685785090594833945942809805274009704589843750000000000
 0.000541693690202941558788085618658669773139990866184234619141,-0.641430843516015869454349740408360958099365234375000000000000,-0.420871650236345484774602709876489825546741485595703125000000, 0.641430843516015758432047277892706915736198425292968750000000, 0.874434445231194623637804852478438988327980041503906250000000, 3.722275621394495637161980994278565049171447753906250000000000
 0.000541693690202941558788085618658669773139990866184234619141,-0.641430843516015869454349740408360958099365234375000000000000, 0.420871650236345484774602709876489825546741485595703125000000,-0.641430843516015758432047277892706915736198425292968750000000, 2.267158208358598603382461078581400215625762939453125000000000, 2.560909685785090594833945942809805274009704589843750000000000
 0.000541693690202941558788085618658669773139990866184234619141,-0.641430843516015869454349740408360958099365234375000000000000,-0.420871650236345484774602709876489825546741485595703125000000,-0.641430843516015758432047277892706915736198425292968750000000, 2.267158208358598603382461078581400215625762939453125000000000, 3.722275621394495637161980994278565049171447753906250000000000
 0.000541693690202941558788085618658669773139990866184234619141, 0.420871650236345484774602709876489825546741485595703125000000, 0.641430843516015869454349740408360958099365234375000000000000, 0.641430843516015758432047277892706915736198425292968750000000, 0.874434445231194623637804852478438988327980041503906250000000, 0.990113358990194147857266671053366735577583312988281250000000
 0.000541693690202941558788085618658669773139990866184234619141,-0.420871650236345484774602709876489825546741485595703125000000, 0.641430843516015869454349740408360958099365234375000000000000, 0.641430843516015758432047277892706915736198425292968750000000, 0.874434445231194623637804852478438988327980041503906250000000, 2.151479294599599079162999260006472468376159667968750000000000
 0.000541693690202941558788085618658669773139990866184234619141, 0.420871650236345484774602709876489825546741485595703125000000, 0.641430843516015869454349740408360958099365234375000000000000,-0.641430843516015758432047277892706915736198425292968750000000, 2.267158208358598603382461078581400215625762939453125000000000, 0.990113358990194147857266671053366735577583312988281250000000
 0.000541693690202941558788085618658669773139990866184234619141,-0.420871650236345484774602709876489825546741485595703125000000, 0.641430843516015869454349740408360958099365234375000000000000,-0.641430843516015758432047277892706915736198425292968750000000, 2.267158208358598603382461078581400215625762939453125000000000, 2.151479294599599079162999260006472468376159667968750000000000
 0.000541693690202941558788085618658669773139990866184234619141, 0.420871650236345484774602709876489825546741485595703125000000,-0.641430843516015869454349740408360958099365234375000000000000, 0.641430843516015758432047277892706915736198425292968750000000, 0.874434445231194623637804852478438988327980041503906250000000, 5.293071948189392195160962728550657629966735839843750000000000
 0.000541693690202941558788085618658669773139990866184234619141,-0.420871650236345484774602709876489825546741485595703125000000,-0.641430843516015869454349740408360958099365234375000000000000, 0.641430843516015758432047277892706915736198425292968750000000, 0.874434445231194623637804852478438988327980041503906250000000, 4.131706012579987152832927677081897854804992675781250000000000
 0.000541693690202941558788085618658669773139990866184234619141, 0.420871650236345484774602709876489825546741485595703125000000,-0.641430843516015869454349740408360958099365234375000000000000,-0.641430843516015758432047277892706915736198425292968750000000, 2.267158208358598603382461078581400215625762939453125000000000, 5.293071948189392195160962728550657629966735839843750000000000
 0.000541693690202941558788085618658669773139990866184234619141,-0.420871650236345484774602709876489825546741485595703125000000,-0.641430843516015869454349740408360958099365234375000000000000,-0.641430843516015758432047277892706915736198425292968750000000, 2.267158208358598603382461078581400215625762939453125000000000, 4.131706012579987152832927677081897854804992675781250000000000
 0.000541954433869941583357121572817050036974251270294189453125, 0.666409941272160688541248418914619833230972290039062500000000, 0.666409941272160799563550881430273875594139099121093750000000, 0.334358460857910211316834647732321172952651977539062500000000, 1.229871896115888096900903292407747358083724975585937500000000, 0.785398163397448390021793329651700332760810852050781250000000
 0.000541954433869941583357121572817050036974251270294189453125, 0.666409941272160688541248418914619833230972290039062500000000, 0.666409941272160799563550881430273875594139099121093750000000,-0.334358460857910211316834647732321172952651977539062500000000, 1.911720757473905241141665101167745888233184814453125000000000, 0.785398163397448390021793329651700332760810852050781250000000
 0.000541954433869941583357121572817050036974251270294189453125, 0.666409941272160688541248418914619833230972290039062500000000,-0.666409941272160799563550881430273875594139099121093750000000, 0.334358460857910211316834647732321172952651977539062500000000, 1.229871896115888096900903292407747358083724975585937500000000, 5.497787143782137952996436069952324032783508300781250000000000
 0.000541954433869941583357121572817050036974251270294189453125, 0.666409941272160688541248418914619833230972290039062500000000,-0.666409941272160799563550881430273875594139099121093750000000,-0.334358460857910211316834647732321172952651977539062500000000, 1.911720757473905241141665101167745888233184814453125000000000, 5.497787143782137952996436069952324032783508300781250000000000
 0.000541954433869941583357121572817050036974251270294189453125,-0.666409941272160688541248418914619833230972290039062500000000, 0.666409941272160688541248418914619833230972290039062500000000, 0.334358460857910211316834647732321172952651977539062500000000, 1.229871896115888096900903292407747358083724975585937500000000, 2.356194490192344836998472601408138871192932128906250000000000
 0.000541954433869941583357121572817050036974251270294189453125,-0.666409941272160688541248418914619833230972290039062500000000, 0.666409941272160688541248418914619833230972290039062500000000,-0.334358460857910211316834647732321172952651977539062500000000, 1.911720757473905241141665101167745888233184814453125000000000, 2.356194490192344836998472601408138871192932128906250000000000
 0.000541954433869941583357121572817050036974251270294189453125,-0.666409941272160688541248418914619833230972290039062500000000,-0.666409941272160688541248418914619833230972290039062500000000, 0.334358460857910211316834647732321172952651977539062500000000, 1.229871896115888096900903292407747358083724975585937500000000, 3.926990816987241394997454335680231451988220214843750000000000
 0.000541954433869941583357121572817050036974251270294189453125,-0.666409941272160688541248418914619833230972290039062500000000,-0.666409941272160688541248418914619833230972290039062500000000,-0.334358460857910211316834647732321172952651977539062500000000, 1.911720757473905241141665101167745888233184814453125000000000, 3.926990816987241394997454335680231451988220214843750000000000
 0.000541954433869941583357121572817050036974251270294189453125, 0.666409941272160577518945956398965790867805480957031250000000, 0.334358460857910488872590804021456278860569000244140625000000, 0.666409941272160688541248418914619833230972290039062500000000, 0.841413050796414929699551521480316296219825744628906250000000, 0.465031371560056083769296719765407033264636993408203125000000
 0.000541954433869941583357121572817050036974251270294189453125, 0.666409941272160577518945956398965790867805480957031250000000,-0.334358460857910488872590804021456278860569000244140625000000, 0.666409941272160688541248418914619833230972290039062500000000, 0.841413050796414929699551521480316296219825744628906250000000, 5.818153935619529981693176523549482226371765136718750000000000
 0.000541954433869941583357121572817050036974251270294189453125, 0.666409941272160577518945956398965790867805480957031250000000, 0.334358460857910488872590804021456278860569000244140625000000,-0.666409941272160688541248418914619833230972290039062500000000, 2.300179602793378297320714409579522907733917236328125000000000, 0.465031371560056083769296719765407033264636993408203125000000
 0.000541954433869941583357121572817050036974251270294189453125, 0.666409941272160577518945956398965790867805480957031250000000,-0.334358460857910488872590804021456278860569000244140625000000,-0.666409941272160688541248418914619833230972290039062500000000, 2.300179602793378297320714409579522907733917236328125000000000, 5.818153935619529981693176523549482226371765136718750000000000
 0.000541954433869941583357121572817050036974251270294189453125,-0.666409941272160688541248418914619833230972290039062500000000, 0.334358460857910322339137110247975215315818786621093750000000, 0.666409941272160688541248418914619833230972290039062500000000, 0.841413050796414929699551521480316296219825744628906250000000, 2.676561282029737309784422905067913234233856201171875000000000
 0.000541954433869941583357121572817050036974251270294189453125,-0.666409941272160688541248418914619833230972290039062500000000,-0.334358460857910322339137110247975215315818786621093750000000, 0.666409941272160688541248418914619833230972290039062500000000, 0.841413050796414929699551521480316296219825744628906250000000, 3.606624025149848922211504032020457088947296142578125000000000
 0.000541954433869941583357121572817050036974251270294189453125,-0.666409941272160688541248418914619833230972290039062500000000, 0.334358460857910322339137110247975215315818786621093750000000,-0.666409941272160688541248418914619833230972290039062500000000, 2.300179602793378297320714409579522907733917236328125000000000, 2.676561282029737309784422905067913234233856201171875000000000
 0.000541954433869941583357121572817050036974251270294189453125,-0.666409941272160688541248418914619833230972290039062500000000,-0.334358460857910322339137110247975215315818786621093750000000,-0.666409941272160688541248418914619833230972290039062500000000, 2.300179602793378297320714409579522907733917236328125000000000, 3.606624025149848922211504032020457088947296142578125000000000
 0.000541954433869941583357121572817050036974251270294189453125, 0.334358460857910211316834647732321172952651977539062500000000, 0.666409941272160688541248418914619833230972290039062500000000, 0.666409941272160688541248418914619833230972290039062500000000, 0.841413050796414929699551521480316296219825744628906250000000, 1.105764955234840973830046095827128738164901733398437500000000
 0.000541954433869941583357121572817050036974251270294189453125,-0.334358460857910322339137110247975215315818786621093750000000, 0.666409941272160688541248418914619833230972290039062500000000, 0.666409941272160688541248418914619833230972290039062500000000, 0.841413050796414929699551521480316296219825744628906250000000, 2.035827698354952364212522297748364508152008056640625000000000
 0.000541954433869941583357121572817050036974251270294189453125, 0.334358460857910211316834647732321172952651977539062500000000, 0.666409941272160688541248418914619833230972290039062500000000,-0.666409941272160688541248418914619833230972290039062500000000, 2.300179602793378297320714409579522907733917236328125000000000, 1.105764955234840973830046095827128738164901733398437500000000
 0.000541954433869941583357121572817050036974251270294189453125,-0.334358460857910322339137110247975215315818786621093750000000, 0.666409941272160688541248418914619833230972290039062500000000,-0.666409941272160688541248418914619833230972290039062500000000, 2.300179602793378297320714409579522907733917236328125000000000, 2.035827698354952364212522297748364508152008056640625000000000
 0.000541954433869941583357121572817050036974251270294189453125, 0.334358460857910211316834647732321172952651977539062500000000,-0.666409941272160688541248418914619833230972290039062500000000, 0.666409941272160688541248418914619833230972290039062500000000, 0.841413050796414929699551521480316296219825744628906250000000, 5.177420351944745036121275916229933500289916992187500000000000
 0.000541954433869941583357121572817050036974251270294189453125,-0.334358460857910322339137110247975215315818786621093750000000,-0.666409941272160688541248418914619833230972290039062500000000, 0.666409941272160688541248418914619833230972290039062500000000, 0.841413050796414929699551521480316296219825744628906250000000, 4.247357608824634311872614489402621984481811523437500000000000
 0.000541954433869941583357121572817050036974251270294189453125, 0.334358460857910211316834647732321172952651977539062500000000,-0.666409941272160688541248418914619833230972290039062500000000,-0.666409941272160688541248418914619833230972290039062500000000, 2.300179602793378297320714409579522907733917236328125000000000, 5.177420351944745036121275916229933500289916992187500000000000
 0.000541954433869941583357121572817050036974251270294189453125,-0.334358460857910322339137110247975215315818786621093750000000,-0.666409941272160688541248418914619833230972290039062500000000,-0.666409941272160688541248418914619833230972290039062500000000, 2.300179602793378297320714409579522907733917236328125000000000, 4.247357608824634311872614489402621984481811523437500000000000
 0.000542898365662941432586985346375740846269764006137847900391, 0.685916177121491332790981232392368838191032409667968750000000, 0.685916177121491443813283694908022880554199218750000000000000, 0.242977356817621586992927973369660321623086929321289062500000, 1.325362311035933160496824712026864290237426757812500000000000, 0.785398163397448390021793329651700332760810852050781250000000
 0.000542898365662941432586985346375740846269764006137847900391, 0.685916177121491332790981232392368838191032409667968750000000, 0.685916177121491443813283694908022880554199218750000000000000,-0.242977356817621809037532898400968406349420547485351562500000, 1.816230342553860177545743681548628956079483032226562500000000, 0.785398163397448390021793329651700332760810852050781250000000
 0.000542898365662941432586985346375740846269764006137847900391, 0.685916177121491332790981232392368838191032409667968750000000,-0.685916177121491443813283694908022880554199218750000000000000, 0.242977356817621586992927973369660321623086929321289062500000, 1.325362311035933160496824712026864290237426757812500000000000, 5.497787143782137952996436069952324032783508300781250000000000
 0.000542898365662941432586985346375740846269764006137847900391, 0.685916177121491332790981232392368838191032409667968750000000,-0.685916177121491443813283694908022880554199218750000000000000,-0.242977356817621809037532898400968406349420547485351562500000, 1.816230342553860177545743681548628956079483032226562500000000, 5.497787143782137952996436069952324032783508300781250000000000
 0.000542898365662941432586985346375740846269764006137847900391,-0.685916177121491332790981232392368838191032409667968750000000, 0.685916177121491332790981232392368838191032409667968750000000, 0.242977356817621586992927973369660321623086929321289062500000, 1.325362311035933160496824712026864290237426757812500000000000, 2.356194490192344836998472601408138871192932128906250000000000
 0.000542898365662941432586985346375740846269764006137847900391,-0.685916177121491332790981232392368838191032409667968750000000, 0.685916177121491332790981232392368838191032409667968750000000,-0.242977356817621809037532898400968406349420547485351562500000, 1.816230342553860177545743681548628956079483032226562500000000, 2.356194490192344836998472601408138871192932128906250000000000
 0.000542898365662941432586985346375740846269764006137847900391,-0.685916177121491332790981232392368838191032409667968750000000,-0.685916177121491332790981232392368838191032409667968750000000, 0.242977356817621586992927973369660321623086929321289062500000, 1.325362311035933160496824712026864290237426757812500000000000, 3.926990816987241394997454335680231451988220214843750000000000
 0.000542898365662941432586985346375740846269764006137847900391,-0.685916177121491332790981232392368838191032409667968750000000,-0.685916177121491332790981232392368838191032409667968750000000,-0.242977356817621809037532898400968406349420547485351562500000, 1.816230342553860177545743681548628956079483032226562500000000, 3.926990816987241394997454335680231451988220214843750000000000
 0.000542898365662941432586985346375740846269764006137847900391, 0.685916177121491332790981232392368838191032409667968750000000, 0.242977356817621503726201126482919789850711822509765625000000, 0.685916177121491332790981232392368838191032409667968750000000, 0.814934336316440743885891606623772531747817993164062500000000, 0.340445037871407396590228700006264261901378631591796875000000
 0.000542898365662941432586985346375740846269764006137847900391, 0.685916177121491332790981232392368838191032409667968750000000,-0.242977356817621503726201126482919789850711822509765625000000, 0.685916177121491332790981232392368838191032409667968750000000, 0.814934336316440743885891606623772531747817993164062500000000, 5.942740269308179001939151930855587124824523925781250000000000
 0.000542898365662941432586985346375740846269764006137847900391, 0.685916177121491332790981232392368838191032409667968750000000, 0.242977356817621503726201126482919789850711822509765625000000,-0.685916177121491443813283694908022880554199218750000000000000, 2.326658317273352594156676786951720714569091796875000000000000, 0.340445037871407396590228700006264261901378631591796875000000
 0.000542898365662941432586985346375740846269764006137847900391, 0.685916177121491332790981232392368838191032409667968750000000,-0.242977356817621503726201126482919789850711822509765625000000,-0.685916177121491443813283694908022880554199218750000000000000, 2.326658317273352594156676786951720714569091796875000000000000, 5.942740269308179001939151930855587124824523925781250000000000
 0.000542898365662941432586985346375740846269764006137847900391,-0.685916177121491443813283694908022880554199218750000000000000, 0.242977356817621309437171817080525215715169906616210937500000, 0.685916177121491332790981232392368838191032409667968750000000, 0.814934336316440854908194069139426574110984802246093750000000, 2.801147615718386330030398312374018132686614990234375000000000
 0.000542898365662941432586985346375740846269764006137847900391,-0.685916177121491443813283694908022880554199218750000000000000,-0.242977356817621309437171817080525215715169906616210937500000, 0.685916177121491332790981232392368838191032409667968750000000, 0.814934336316440854908194069139426574110984802246093750000000, 3.482037691461199901965528624714352190494537353515625000000000
 0.000542898365662941432586985346375740846269764006137847900391,-0.685916177121491443813283694908022880554199218750000000000000, 0.242977356817621309437171817080525215715169906616210937500000,-0.685916177121491443813283694908022880554199218750000000000000, 2.326658317273352594156676786951720714569091796875000000000000, 2.801147615718386330030398312374018132686614990234375000000000
 0.000542898365662941432586985346375740846269764006137847900391,-0.685916177121491443813283694908022880554199218750000000000000,-0.242977356817621309437171817080525215715169906616210937500000,-0.685916177121491443813283694908022880554199218750000000000000, 2.326658317273352594156676786951720714569091796875000000000000, 3.482037691461199901965528624714352190494537353515625000000000
 0.000542898365662941432586985346375740846269764006137847900391, 0.242977356817621698015230435885314363986253738403320312500000, 0.685916177121491221768678769876714795827865600585937500000000, 0.685916177121491332790981232392368838191032409667968750000000, 0.814934336316440743885891606623772531747817993164062500000000, 1.230351288923488883852996877976693212985992431640625000000000
 0.000542898365662941432586985346375740846269764006137847900391,-0.242977356817621698015230435885314363986253738403320312500000, 0.685916177121491221768678769876714795827865600585937500000000, 0.685916177121491332790981232392368838191032409667968750000000, 0.814934336316440743885891606623772531747817993164062500000000, 1.911241364666304232144966590567491948604583740234375000000000
 0.000542898365662941432586985346375740846269764006137847900391, 0.242977356817621698015230435885314363986253738403320312500000, 0.685916177121491221768678769876714795827865600585937500000000,-0.685916177121491443813283694908022880554199218750000000000000, 2.326658317273352594156676786951720714569091796875000000000000, 1.230351288923488883852996877976693212985992431640625000000000
 0.000542898365662941432586985346375740846269764006137847900391,-0.242977356817621698015230435885314363986253738403320312500000, 0.685916177121491221768678769876714795827865600585937500000000,-0.685916177121491443813283694908022880554199218750000000000000, 2.326658317273352594156676786951720714569091796875000000000000, 1.911241364666304232144966590567491948604583740234375000000000
 0.000542898365662941432586985346375740846269764006137847900391, 0.242977356817621698015230435885314363986253738403320312500000,-0.685916177121491221768678769876714795827865600585937500000000, 0.685916177121491332790981232392368838191032409667968750000000, 0.814934336316440743885891606623772531747817993164062500000000, 5.052834018256097792232139909174293279647827148437500000000000
 0.000542898365662941432586985346375740846269764006137847900391,-0.242977356817621698015230435885314363986253738403320312500000,-0.685916177121491221768678769876714795827865600585937500000000, 0.685916177121491332790981232392368838191032409667968750000000, 0.814934336316440743885891606623772531747817993164062500000000, 4.371943942513281555761750496458262205123901367187500000000000
 0.000542898365662941432586985346375740846269764006137847900391, 0.242977356817621698015230435885314363986253738403320312500000,-0.685916177121491221768678769876714795827865600585937500000000,-0.685916177121491443813283694908022880554199218750000000000000, 2.326658317273352594156676786951720714569091796875000000000000, 5.052834018256097792232139909174293279647827148437500000000000
 0.000542898365662941432586985346375740846269764006137847900391,-0.242977356817621698015230435885314363986253738403320312500000,-0.685916177121491221768678769876714795827865600585937500000000,-0.685916177121491443813283694908022880554199218750000000000000, 2.326658317273352594156676786951720714569091796875000000000000, 4.371943942513281555761750496458262205123901367187500000000000
 0.000544228650009941279132308356025760076590813696384429931641, 0.699362559350388934831244114320725202560424804687500000000000, 0.699362559350388934831244114320725202560424804687500000000000, 0.147594109495423703171113061216601636260747909545898437500000, 1.422661029637625418331481341738253831863403320312500000000000, 0.785398163397448278999490867136046290397644042968750000000000
 0.000544228650009941279132308356025760076590813696384429931641, 0.699362559350388934831244114320725202560424804687500000000000, 0.699362559350388934831244114320725202560424804687500000000000,-0.147594109495423703171113061216601636260747909545898437500000, 1.718931623952167697666482126805931329727172851562500000000000, 0.785398163397448278999490867136046290397644042968750000000000
 0.000544228650009941279132308356025760076590813696384429931641, 0.699362559350388934831244114320725202560424804687500000000000,-0.699362559350388934831244114320725202560424804687500000000000, 0.147594109495423703171113061216601636260747909545898437500000, 1.422661029637625418331481341738253831863403320312500000000000, 5.497787143782137952996436069952324032783508300781250000000000
 0.000544228650009941279132308356025760076590813696384429931641, 0.699362559350388934831244114320725202560424804687500000000000,-0.699362559350388934831244114320725202560424804687500000000000,-0.147594109495423703171113061216601636260747909545898437500000, 1.718931623952167697666482126805931329727172851562500000000000, 5.497787143782137952996436069952324032783508300781250000000000
 0.000544228650009941279132308356025760076590813696384429931641,-0.699362559350388934831244114320725202560424804687500000000000, 0.699362559350388934831244114320725202560424804687500000000000, 0.147594109495423703171113061216601636260747909545898437500000, 1.422661029637625418331481341738253831863403320312500000000000, 2.356194490192344836998472601408138871192932128906250000000000
 0.000544228650009941279132308356025760076590813696384429931641,-0.699362559350388934831244114320725202560424804687500000000000, 0.699362559350388934831244114320725202560424804687500000000000,-0.147594109495423703171113061216601636260747909545898437500000, 1.718931623952167697666482126805931329727172851562500000000000, 2.356194490192344836998472601408138871192932128906250000000000
 0.000544228650009941279132308356025760076590813696384429931641,-0.699362559350388934831244114320725202560424804687500000000000,-0.699362559350388934831244114320725202560424804687500000000000, 0.147594109495423703171113061216601636260747909545898437500000, 1.422661029637625418331481341738253831863403320312500000000000, 3.926990816987241394997454335680231451988220214843750000000000
 0.000544228650009941279132308356025760076590813696384429931641,-0.699362559350388934831244114320725202560424804687500000000000,-0.699362559350388934831244114320725202560424804687500000000000,-0.147594109495423703171113061216601636260747909545898437500000, 1.718931623952167697666482126805931329727172851562500000000000, 3.926990816987241394997454335680231451988220214843750000000000
 0.000544228650009941279132308356025760076590813696384429931641, 0.699362559350389045853546576836379244923591613769531250000000, 0.147594109495423786437839908103342168033123016357421875000000, 0.699362559350389045853546576836379244923591613769531250000000, 0.796291035615944609027394562872359529137611389160156250000000, 0.207988927967119568984699640168400947004556655883789062500000
 0.000544228650009941279132308356025760076590813696384429931641, 0.699362559350389045853546576836379244923591613769531250000000,-0.147594109495423786437839908103342168033123016357421875000000, 0.699362559350389045853546576836379244923591613769531250000000, 0.796291035615944609027394562872359529137611389160156250000000, 6.075196379212466801789105375064536929130554199218750000000000
 0.000544228650009941279132308356025760076590813696384429931641, 0.699362559350388934831244114320725202560424804687500000000000, 0.147594109495423786437839908103342168033123016357421875000000,-0.699362559350389045853546576836379244923591613769531250000000, 2.345301617973848617992871368187479674816131591796875000000000, 0.207988927967119596740275255797314457595348358154296875000000
 0.000544228650009941279132308356025760076590813696384429931641, 0.699362559350388934831244114320725202560424804687500000000000,-0.147594109495423786437839908103342168033123016357421875000000,-0.699362559350389045853546576836379244923591613769531250000000, 2.345301617973848617992871368187479674816131591796875000000000, 6.075196379212466801789105375064536929130554199218750000000000
 0.000544228650009941279132308356025760076590813696384429931641,-0.699362559350389045853546576836379244923591613769531250000000, 0.147594109495423703171113061216601636260747909545898437500000, 0.699362559350389045853546576836379244923591613769531250000000, 0.796291035615944609027394562872359529137611389160156250000000, 2.933603725622673685791141906520351767539978027343750000000000
 0.000544228650009941279132308356025760076590813696384429931641,-0.699362559350389045853546576836379244923591613769531250000000,-0.147594109495423703171113061216601636260747909545898437500000, 0.699362559350389045853546576836379244923591613769531250000000, 0.796291035615944609027394562872359529137611389160156250000000, 3.349581581556912546204785030568018555641174316406250000000000
 0.000544228650009941279132308356025760076590813696384429931641,-0.699362559350388934831244114320725202560424804687500000000000, 0.147594109495423592148810598700947593897581100463867187500000,-0.699362559350389045853546576836379244923591613769531250000000, 2.345301617973848617992871368187479674816131591796875000000000, 2.933603725622673685791141906520351767539978027343750000000000
 0.000544228650009941279132308356025760076590813696384429931641,-0.699362559350388934831244114320725202560424804687500000000000,-0.147594109495423592148810598700947593897581100463867187500000,-0.699362559350389045853546576836379244923591613769531250000000, 2.345301617973848617992871368187479674816131591796875000000000, 3.349581581556912546204785030568018555641174316406250000000000
 0.000544228650009941279132308356025760076590813696384429931641, 0.147594109495423703171113061216601636260747909545898437500000, 0.699362559350389045853546576836379244923591613769531250000000, 0.699362559350389045853546576836379244923591613769531250000000, 0.796291035615944609027394562872359529137611389160156250000000, 1.362807398827777127792160172248259186744689941406250000000000
 0.000544228650009941279132308356025760076590813696384429931641,-0.147594109495423703171113061216601636260747909545898437500000, 0.699362559350389045853546576836379244923591613769531250000000, 0.699362559350389045853546576836379244923591613769531250000000, 0.796291035615944609027394562872359529137611389160156250000000, 1.778785254762015988205803296295925974845886230468750000000000
 0.000544228650009941279132308356025760076590813696384429931641, 0.147594109495423592148810598700947593897581100463867187500000, 0.699362559350388934831244114320725202560424804687500000000000,-0.699362559350389045853546576836379244923591613769531250000000, 2.345301617973848617992871368187479674816131591796875000000000, 1.362807398827777349836765097279567271471023559570312500000000
 0.000544228650009941279132308356025760076590813696384429931641,-0.147594109495423592148810598700947593897581100463867187500000, 0.699362559350388934831244114320725202560424804687500000000000,-0.699362559350389045853546576836379244923591613769531250000000, 2.345301617973848617992871368187479674816131591796875000000000, 1.778785254762015988205803296295925974845886230468750000000000
 0.000544228650009941279132308356025760076590813696384429931641, 0.147594109495423703171113061216601636260747909545898437500000,-0.699362559350389045853546576836379244923591613769531250000000, 0.699362559350389045853546576836379244923591613769531250000000, 0.796291035615944609027394562872359529137611389160156250000000, 4.920377908351809104203766764840111136436462402343750000000000
 0.000544228650009941279132308356025760076590813696384429931641,-0.147594109495423703171113061216601636260747909545898437500000,-0.699362559350389045853546576836379244923591613769531250000000, 0.699362559350389045853546576836379244923591613769531250000000, 0.796291035615944609027394562872359529137611389160156250000000, 4.504400052417570243790123640792444348335266113281250000000000
 0.000544228650009941279132308356025760076590813696384429931641, 0.147594109495423592148810598700947593897581100463867187500000,-0.699362559350388934831244114320725202560424804687500000000000,-0.699362559350389045853546576836379244923591613769531250000000, 2.345301617973848617992871368187479674816131591796875000000000, 4.920377908351809104203766764840111136436462402343750000000000
 0.000544228650009941279132308356025760076590813696384429931641,-0.147594109495423592148810598700947593897581100463867187500000,-0.699362559350388934831244114320725202560424804687500000000000,-0.699362559350389045853546576836379244923591613769531250000000, 2.345301617973848617992871368187479674816131591796875000000000, 4.504400052417570243790123640792444348335266113281250000000000
 0.000545225034505941166459996871651583205675706267356872558594, 0.706239338771937896765962250356096774339675903320312500000000, 0.706239338771937896765962250356096774339675903320312500000000, 0.049517600325051501497508610327713540755212306976318359375000, 1.521258467975952877182521660870406776666641235351562500000000, 0.785398163397448278999490867136046290397644042968750000000000
 0.000545225034505941166459996871651583205675706267356872558594, 0.706239338771937896765962250356096774339675903320312500000000, 0.706239338771937896765962250356096774339675903320312500000000,-0.049517600325051702725431823637336492538452148437500000000000, 1.620334185613840460860046732705086469650268554687500000000000, 0.785398163397448278999490867136046290397644042968750000000000
 0.000545225034505941166459996871651583205675706267356872558594, 0.706239338771937896765962250356096774339675903320312500000000,-0.706239338771937896765962250356096774339675903320312500000000, 0.049517600325051501497508610327713540755212306976318359375000, 1.521258467975952877182521660870406776666641235351562500000000, 5.497787143782137952996436069952324032783508300781250000000000
 0.000545225034505941166459996871651583205675706267356872558594, 0.706239338771937896765962250356096774339675903320312500000000,-0.706239338771937896765962250356096774339675903320312500000000,-0.049517600325051702725431823637336492538452148437500000000000, 1.620334185613840460860046732705086469650268554687500000000000, 5.497787143782137952996436069952324032783508300781250000000000
 0.000545225034505941166459996871651583205675706267356872558594,-0.706239338771937896765962250356096774339675903320312500000000, 0.706239338771937896765962250356096774339675903320312500000000, 0.049517600325051501497508610327713540755212306976318359375000, 1.521258467975952877182521660870406776666641235351562500000000, 2.356194490192344836998472601408138871192932128906250000000000
 0.000545225034505941166459996871651583205675706267356872558594,-0.706239338771937896765962250356096774339675903320312500000000, 0.706239338771937896765962250356096774339675903320312500000000,-0.049517600325051702725431823637336492538452148437500000000000, 1.620334185613840460860046732705086469650268554687500000000000, 2.356194490192344836998472601408138871192932128906250000000000
 0.000545225034505941166459996871651583205675706267356872558594,-0.706239338771937896765962250356096774339675903320312500000000,-0.706239338771937896765962250356096774339675903320312500000000, 0.049517600325051501497508610327713540755212306976318359375000, 1.521258467975952877182521660870406776666641235351562500000000, 3.926990816987241394997454335680231451988220214843750000000000
 0.000545225034505941166459996871651583205675706267356872558594,-0.706239338771937896765962250356096774339675903320312500000000,-0.706239338771937896765962250356096774339675903320312500000000,-0.049517600325051702725431823637336492538452148437500000000000, 1.620334185613840460860046732705086469650268554687500000000000, 3.926990816987241394997454335680231451988220214843750000000000
 0.000545225034505941166459996871651583205675706267356872558594, 0.706239338771938007788264712871750816702842712402343750000000, 0.049517600325052001097869691648156731389462947845458984375000, 0.706239338771938007788264712871750816702842712402343750000000, 0.786624160996930665845638941391371190547943115234375000000000, 0.069999917339962525186791708620148710906505584716796875000000
 0.000545225034505941166459996871651583205675706267356872558594, 0.706239338771938007788264712871750816702842712402343750000000,-0.049517600325052001097869691648156731389462947845458984375000, 0.706239338771938007788264712871750816702842712402343750000000, 0.786624160996930665845638941391371190547943115234375000000000, 6.213185389839623873342588922241702675819396972656250000000000
 0.000545225034505941166459996871651583205675706267356872558594, 0.706239338771938118810567175387404859066009521484375000000000, 0.049517600325052001097869691648156731389462947845458984375000,-0.706239338771937896765962250356096774339675903320312500000000, 2.354968492592862450152324527152813971042633056640625000000000, 0.069999917339962511309003900805691955611109733581542968750000
 0.000545225034505941166459996871651583205675706267356872558594, 0.706239338771938118810567175387404859066009521484375000000000,-0.049517600325052001097869691648156731389462947845458984375000,-0.706239338771937896765962250356096774339675903320312500000000, 2.354968492592862450152324527152813971042633056640625000000000, 6.213185389839623873342588922241702675819396972656250000000000
 0.000545225034505941166459996871651583205675706267356872558594,-0.706239338771938007788264712871750816702842712402343750000000, 0.049517600325051897014461133039731066673994064331054687500000, 0.706239338771938007788264712871750816702842712402343750000000, 0.786624160996930665845638941391371190547943115234375000000000, 3.071592736249830757344625453697517514228820800781250000000000
 0.000545225034505941166459996871651583205675706267356872558594,-0.706239338771938007788264712871750816702842712402343750000000,-0.049517600325051897014461133039731066673994064331054687500000, 0.706239338771938007788264712871750816702842712402343750000000, 0.786624160996930665845638941391371190547943115234375000000000, 3.211592570929755474651301483390852808952331542968750000000000
 0.000545225034505941166459996871651583205675706267356872558594,-0.706239338771938118810567175387404859066009521484375000000000, 0.049517600325051897014461133039731066673994064331054687500000,-0.706239338771937896765962250356096774339675903320312500000000, 2.354968492592862450152324527152813971042633056640625000000000, 3.071592736249830757344625453697517514228820800781250000000000
 0.000545225034505941166459996871651583205675706267356872558594,-0.706239338771938118810567175387404859066009521484375000000000,-0.049517600325051897014461133039731066673994064331054687500000,-0.706239338771937896765962250356096774339675903320312500000000, 2.354968492592862450152324527152813971042633056640625000000000, 3.211592570929755474651301483390852808952331542968750000000000
 0.000545225034505941166459996871651583205675706267356872558594, 0.049517600325051702725431823637336492538452148437500000000000, 0.706239338771938007788264712871750816702842712402343750000000, 0.706239338771938007788264712871750816702842712402343750000000, 0.786624160996930665845638941391371190547943115234375000000000, 1.500796409454934421390248644456733018159866333007812500000000
 0.000545225034505941166459996871651583205675706267356872558594,-0.049517600325051702725431823637336492538452148437500000000000, 0.706239338771938007788264712871750816702842712402343750000000, 0.706239338771938007788264712871750816702842712402343750000000, 0.786624160996930665845638941391371190547943115234375000000000, 1.640796244134858694607714824087452143430709838867187500000000
 0.000545225034505941166459996871651583205675706267356872558594, 0.049517600325051702725431823637336492538452148437500000000000, 0.706239338771938118810567175387404859066009521484375000000000,-0.706239338771937896765962250356096774339675903320312500000000, 2.354968492592862450152324527152813971042633056640625000000000, 1.500796409454934421390248644456733018159866333007812500000000
 0.000545225034505941166459996871651583205675706267356872558594,-0.049517600325051702725431823637336492538452148437500000000000, 0.706239338771938118810567175387404859066009521484375000000000,-0.706239338771937896765962250356096774339675903320312500000000, 2.354968492592862450152324527152813971042633056640625000000000, 1.640796244134858694607714824087452143430709838867187500000000
 0.000545225034505941166459996871651583205675706267356872558594, 0.049517600325051702725431823637336492538452148437500000000000,-0.706239338771938007788264712871750816702842712402343750000000, 0.706239338771938007788264712871750816702842712402343750000000, 0.786624160996930665845638941391371190547943115234375000000000, 4.782388897724652032650283217662945389747619628906250000000000
 0.000545225034505941166459996871651583205675706267356872558594,-0.049517600325051702725431823637336492538452148437500000000000,-0.706239338771938007788264712871750816702842712402343750000000, 0.706239338771938007788264712871750816702842712402343750000000, 0.786624160996930665845638941391371190547943115234375000000000, 4.642389063044727315343607187969610095024108886718750000000000
 0.000545225034505941166459996871651583205675706267356872558594, 0.049517600325051702725431823637336492538452148437500000000000,-0.706239338771938118810567175387404859066009521484375000000000,-0.706239338771937896765962250356096774339675903320312500000000, 2.354968492592862450152324527152813971042633056640625000000000, 4.782388897724652032650283217662945389747619628906250000000000
 0.000545225034505941166459996871651583205675706267356872558594,-0.049517600325051702725431823637336492538452148437500000000000,-0.706239338771938118810567175387404859066009521484375000000000,-0.706239338771937896765962250356096774339675903320312500000000, 2.354968492592862450152324527152813971042633056640625000000000, 4.642389063044727315343607187969610095024108886718750000000000
 0.000256800249772972278162336268181320519943255931138992309570, 0.074790281683497494835677343871793709695339202880859375000000, 0.997199284880260550245623107912251725792884826660156250000000, 0.000000000000000000000000000000000000000000000000000000000000, 1.570796326794896557998981734272092580795288085937500000000000, 1.495936144705772186114245414501056075096130371093750000000000
 0.000256800249772972278162336268181320519943255931138992309570, 0.074790281683497494835677343871793709695339202880859375000000,-0.997199284880260550245623107912251725792884826660156250000000, 0.000000000000000000000000000000000000000000000000000000000000, 1.570796326794896557998981734272092580795288085937500000000000, 4.787249162473814045881681522587314248085021972656250000000000
 0.000256800249772972278162336268181320519943255931138992309570,-0.074790281683497494835677343871793709695339202880859375000000, 0.997199284880260550245623107912251725792884826660156250000000, 0.000000000000000000000000000000000000000000000000000000000000, 1.570796326794896557998981734272092580795288085937500000000000, 1.645656508884021151928322979074437171220779418945312500000000
 0.000256800249772972278162336268181320519943255931138992309570,-0.074790281683497494835677343871793709695339202880859375000000,-0.997199284880260550245623107912251725792884826660156250000000, 0.000000000000000000000000000000000000000000000000000000000000, 1.570796326794896557998981734272092580795288085937500000000000, 4.637528798295565302112208883045241236686706542968750000000000
 0.000256800249772972278162336268181320519943255931138992309570, 0.997199284880260550245623107912251725792884826660156250000000, 0.074790281683497897291523770491039613261818885803222656250000, 0.000000000000000000000000000000000000000000000000000000000000, 1.570796326794896557998981734272092580795288085937500000000000, 0.074860182089124871485097401091479696333408355712890625000000
 0.000256800249772972278162336268181320519943255931138992309570, 0.997199284880260550245623107912251725792884826660156250000000,-0.074790281683497897291523770491039613261818885803222656250000, 0.000000000000000000000000000000000000000000000000000000000000, 1.570796326794896557998981734272092580795288085937500000000000, 6.208325125090460971932770917192101478576660156250000000000000
 0.000256800249772972278162336268181320519943255931138992309570,-0.997199284880260550245623107912251725792884826660156250000000, 0.074790281683497800147009115789842326194047927856445312500000, 0.000000000000000000000000000000000000000000000000000000000000, 1.570796326794896557998981734272092580795288085937500000000000, 3.066732471500668300024017298710532486438751220703125000000000
 0.000256800249772972278162336268181320519943255931138992309570,-0.997199284880260550245623107912251725792884826660156250000000,-0.074790281683497800147009115789842326194047927856445312500000, 0.000000000000000000000000000000000000000000000000000000000000, 1.570796326794896557998981734272092580795288085937500000000000, 3.216452835678917931971909638377837836742401123046875000000000
 0.000256800249772972278162336268181320519943255931138992309570, 0.074790281683497897291523770491039613261818885803222656250000, 0.000000000000000000000000000000000000000000000000000000000000, 0.997199284880260550245623107912251725792884826660156250000000, 0.074860182089124885362885208905936451628804206848144531250000, 0.000000000000000000000000000000000000000000000000000000000000
 0.000256800249772972278162336268181320519943255931138992309570, 0.074790281683497800147009115789842326194047927856445312500000, 0.000000000000000000000000000000000000000000000000000000000000,-0.997199284880260550245623107912251725792884826660156250000000, 3.066732471500668300024017298710532486438751220703125000000000, 0.000000000000000000000000000000000000000000000000000000000000
 0.000256800249772972278162336268181320519943255931138992309570,-0.074790281683497897291523770491039613261818885803222656250000, 0.000000000000000000000000000000000000000000000000000000000000, 0.997199284880260550245623107912251725792884826660156250000000, 0.074860182089124885362885208905936451628804206848144531250000, 3.141592653589793115997963468544185161590576171875000000000000
 0.000256800249772972278162336268181320519943255931138992309570,-0.074790281683497800147009115789842326194047927856445312500000, 0.000000000000000000000000000000000000000000000000000000000000,-0.997199284880260550245623107912251725792884826660156250000000, 3.066732471500668300024017298710532486438751220703125000000000, 3.141592653589793115997963468544185161590576171875000000000000
 0.000256800249772972278162336268181320519943255931138992309570, 0.997199284880260550245623107912251725792884826660156250000000, 0.000000000000000000000000000000000000000000000000000000000000, 0.074790281683497494835677343871793709695339202880859375000000, 1.495936144705772186114245414501056075096130371093750000000000, 0.000000000000000000000000000000000000000000000000000000000000
 0.000256800249772972278162336268181320519943255931138992309570, 0.997199284880260550245623107912251725792884826660156250000000, 0.000000000000000000000000000000000000000000000000000000000000,-0.074790281683497494835677343871793709695339202880859375000000, 1.645656508884021151928322979074437171220779418945312500000000, 0.000000000000000000000000000000000000000000000000000000000000
 0.000256800249772972278162336268181320519943255931138992309570,-0.997199284880260550245623107912251725792884826660156250000000, 0.000000000000000000000000000000000000000000000000000000000000, 0.074790281683497494835677343871793709695339202880859375000000, 1.495936144705772186114245414501056075096130371093750000000000, 3.141592653589793115997963468544185161590576171875000000000000
 0.000256800249772972278162336268181320519943255931138992309570,-0.997199284880260550245623107912251725792884826660156250000000, 0.000000000000000000000000000000000000000000000000000000000000,-0.074790281683497494835677343871793709695339202880859375000000, 1.645656508884021151928322979074437171220779418945312500000000, 3.141592653589793115997963468544185161590576171875000000000000
 0.000256800249772972278162336268181320519943255931138992309570, 0.000000000000000000000000000000000000000000000000000000000000, 0.074790281683497897291523770491039613261818885803222656250000, 0.997199284880260550245623107912251725792884826660156250000000, 0.074860182089124885362885208905936451628804206848144531250000, 1.570796326794896557998981734272092580795288085937500000000000
 0.000256800249772972278162336268181320519943255931138992309570, 0.000000000000000000000000000000000000000000000000000000000000, 0.074790281683497800147009115789842326194047927856445312500000,-0.997199284880260550245623107912251725792884826660156250000000, 3.066732471500668300024017298710532486438751220703125000000000, 1.570796326794896557998981734272092580795288085937500000000000
 0.000256800249772972278162336268181320519943255931138992309570, 0.000000000000000000000000000000000000000000000000000000000000,-0.074790281683497897291523770491039613261818885803222656250000, 0.997199284880260550245623107912251725792884826660156250000000, 0.074860182089124885362885208905936451628804206848144531250000, 4.712388980384689673996945202816277742385864257812500000000000
 0.000256800249772972278162336268181320519943255931138992309570, 0.000000000000000000000000000000000000000000000000000000000000,-0.074790281683497800147009115789842326194047927856445312500000,-0.997199284880260550245623107912251725792884826660156250000000, 3.066732471500668300024017298710532486438751220703125000000000, 4.712388980384689673996945202816277742385864257812500000000000
 0.000256800249772972278162336268181320519943255931138992309570, 0.000000000000000000000000000000000000000000000000000000000000, 0.997199284880260550245623107912251725792884826660156250000000, 0.074790281683497494835677343871793709695339202880859375000000, 1.495936144705772186114245414501056075096130371093750000000000, 1.570796326794896557998981734272092580795288085937500000000000
 0.000256800249772972278162336268181320519943255931138992309570, 0.000000000000000000000000000000000000000000000000000000000000, 0.997199284880260550245623107912251725792884826660156250000000,-0.074790281683497494835677343871793709695339202880859375000000, 1.645656508884021151928322979074437171220779418945312500000000, 1.570796326794896557998981734272092580795288085937500000000000
 0.000256800249772972278162336268181320519943255931138992309570, 0.000000000000000000000000000000000000000000000000000000000000,-0.997199284880260550245623107912251725792884826660156250000000, 0.074790281683497494835677343871793709695339202880859375000000, 1.495936144705772186114245414501056075096130371093750000000000, 4.712388980384689673996945202816277742385864257812500000000000
 0.000256800249772972278162336268181320519943255931138992309570, 0.000000000000000000000000000000000000000000000000000000000000,-0.997199284880260550245623107912251725792884826660156250000000,-0.074790281683497494835677343871793709695339202880859375000000, 1.645656508884021151928322979074437171220779418945312500000000, 4.712388980384689673996945202816277742385864257812500000000000
 0.000382721170028958669519919544299568769929464906454086303711, 0.184895115396936510210323945102572906762361526489257812500000, 0.982758259340695383698971454577986150979995727539062500000000, 0.000000000000000000000000000000000000000000000000000000000000, 1.570796326794896557998981734272092580795288085937500000000000, 1.384831190258724920028043925412930548191070556640625000000000
 0.000382721170028958669519919544299568769929464906454086303711, 0.184895115396936510210323945102572906762361526489257812500000,-0.982758259340695383698971454577986150979995727539062500000000, 0.000000000000000000000000000000000000000000000000000000000000, 1.570796326794896557998981734272092580795288085937500000000000, 4.898354116920861756057092861738055944442749023437500000000000
 0.000382721170028958669519919544299568769929464906454086303711,-0.184895115396936787766080101391708012670278549194335937500000, 0.982758259340695383698971454577986150979995727539062500000000, 0.000000000000000000000000000000000000000000000000000000000000, 1.570796326794896557998981734272092580795288085937500000000000, 1.756761463331068640059129393193870782852172851562500000000000
 0.000382721170028958669519919544299568769929464906454086303711,-0.184895115396936787766080101391708012670278549194335937500000,-0.982758259340695383698971454577986150979995727539062500000000, 0.000000000000000000000000000000000000000000000000000000000000, 1.570796326794896557998981734272092580795288085937500000000000, 4.526423843848517591936797543894499540328979492187500000000000
 0.000382721170028958669519919544299568769929464906454086303711, 0.982758259340695383698971454577986150979995727539062500000000, 0.184895115396936593477050791989313438534736633300781250000000, 0.000000000000000000000000000000000000000000000000000000000000, 1.570796326794896557998981734272092580795288085937500000000000, 0.185965136536171804504391502632643096148967742919921875000000
 0.000382721170028958669519919544299568769929464906454086303711, 0.982758259340695383698971454577986150979995727539062500000000,-0.184895115396936593477050791989313438534736633300781250000000, 0.000000000000000000000000000000000000000000000000000000000000, 1.570796326794896557998981734272092580795288085937500000000000, 6.097220170643414149935779278166592121124267578125000000000000
 0.000382721170028958669519919544299568769929464906454086303711,-0.982758259340695494721273917093640193343162536621093750000000, 0.184895115396936288165719020071264822036027908325195312500000, 0.000000000000000000000000000000000000000000000000000000000000, 1.570796326794896557998981734272092580795288085937500000000000, 2.955627517053621922116235509747639298439025878906250000000000
 0.000382721170028958669519919544299568769929464906454086303711,-0.982758259340695494721273917093640193343162536621093750000000,-0.184895115396936288165719020071264822036027908325195312500000, 0.000000000000000000000000000000000000000000000000000000000000, 1.570796326794896557998981734272092580795288085937500000000000, 3.327557790125964309879691427340731024742126464843750000000000
 0.000382721170028958669519919544299568769929464906454086303711, 0.184895115396936593477050791989313438534736633300781250000000, 0.000000000000000000000000000000000000000000000000000000000000, 0.982758259340695383698971454577986150979995727539062500000000, 0.185965136536171832259967118261556606739759445190429687500000, 0.000000000000000000000000000000000000000000000000000000000000
 0.000382721170028958669519919544299568769929464906454086303711, 0.184895115396936288165719020071264822036027908325195312500000, 0.000000000000000000000000000000000000000000000000000000000000,-0.982758259340695494721273917093640193343162536621093750000000, 2.955627517053621922116235509747639298439025878906250000000000, 0.000000000000000000000000000000000000000000000000000000000000
 0.000382721170028958669519919544299568769929464906454086303711,-0.184895115396936593477050791989313438534736633300781250000000, 0.000000000000000000000000000000000000000000000000000000000000, 0.982758259340695383698971454577986150979995727539062500000000, 0.185965136536171832259967118261556606739759445190429687500000, 3.141592653589793115997963468544185161590576171875000000000000
 0.000382721170028958669519919544299568769929464906454086303711,-0.184895115396936288165719020071264822036027908325195312500000, 0.000000000000000000000000000000000000000000000000000000000000,-0.982758259340695494721273917093640193343162536621093750000000, 2.955627517053621922116235509747639298439025878906250000000000, 3.141592653589793115997963468544185161590576171875000000000000
 0.000382721170028958669519919544299568769929464906454086303711, 0.982758259340695383698971454577986150979995727539062500000000, 0.000000000000000000000000000000000000000000000000000000000000, 0.184895115396936510210323945102572906762361526489257812500000, 1.384831190258724920028043925412930548191070556640625000000000, 0.000000000000000000000000000000000000000000000000000000000000
 0.000382721170028958669519919544299568769929464906454086303711, 0.982758259340695383698971454577986150979995727539062500000000, 0.000000000000000000000000000000000000000000000000000000000000,-0.184895115396936787766080101391708012670278549194335937500000, 1.756761463331068640059129393193870782852172851562500000000000, 0.000000000000000000000000000000000000000000000000000000000000
 0.000382721170028958669519919544299568769929464906454086303711,-0.982758259340695383698971454577986150979995727539062500000000, 0.000000000000000000000000000000000000000000000000000000000000, 0.184895115396936510210323945102572906762361526489257812500000, 1.384831190258724920028043925412930548191070556640625000000000, 3.141592653589793115997963468544185161590576171875000000000000
 0.000382721170028958669519919544299568769929464906454086303711,-0.982758259340695383698971454577986150979995727539062500000000, 0.000000000000000000000000000000000000000000000000000000000000,-0.184895115396936787766080101391708012670278549194335937500000, 1.756761463331068640059129393193870782852172851562500000000000, 3.141592653589793115997963468544185161590576171875000000000000
 0.000382721170028958669519919544299568769929464906454086303711, 0.000000000000000000000000000000000000000000000000000000000000, 0.184895115396936593477050791989313438534736633300781250000000, 0.982758259340695383698971454577986150979995727539062500000000, 0.185965136536171832259967118261556606739759445190429687500000, 1.570796326794896557998981734272092580795288085937500000000000
 0.000382721170028958669519919544299568769929464906454086303711, 0.000000000000000000000000000000000000000000000000000000000000, 0.184895115396936288165719020071264822036027908325195312500000,-0.982758259340695494721273917093640193343162536621093750000000, 2.955627517053621922116235509747639298439025878906250000000000, 1.570796326794896557998981734272092580795288085937500000000000
 0.000382721170028958669519919544299568769929464906454086303711, 0.000000000000000000000000000000000000000000000000000000000000,-0.184895115396936593477050791989313438534736633300781250000000, 0.982758259340695383698971454577986150979995727539062500000000, 0.185965136536171832259967118261556606739759445190429687500000, 4.712388980384689673996945202816277742385864257812500000000000
 0.000382721170028958669519919544299568769929464906454086303711, 0.000000000000000000000000000000000000000000000000000000000000,-0.184895115396936288165719020071264822036027908325195312500000,-0.982758259340695494721273917093640193343162536621093750000000, 2.955627517053621922116235509747639298439025878906250000000000, 4.712388980384689673996945202816277742385864257812500000000000
 0.000382721170028958669519919544299568769929464906454086303711, 0.000000000000000000000000000000000000000000000000000000000000, 0.982758259340695383698971454577986150979995727539062500000000, 0.184895115396936510210323945102572906762361526489257812500000, 1.384831190258724920028043925412930548191070556640625000000000, 1.570796326794896557998981734272092580795288085937500000000000
 0.000382721170028958669519919544299568769929464906454086303711, 0.000000000000000000000000000000000000000000000000000000000000, 0.982758259340695383698971454577986150979995727539062500000000,-0.184895115396936787766080101391708012670278549194335937500000, 1.756761463331068640059129393193870782852172851562500000000000, 1.570796326794896557998981734272092580795288085937500000000000
 0.000382721170028958669519919544299568769929464906454086303711, 0.000000000000000000000000000000000000000000000000000000000000,-0.982758259340695383698971454577986150979995727539062500000000, 0.184895115396936510210323945102572906762361526489257812500000, 1.384831190258724920028043925412930548191070556640625000000000, 4.712388980384689673996945202816277742385864257812500000000000
 0.000382721170028958669519919544299568769929464906454086303711, 0.000000000000000000000000000000000000000000000000000000000000,-0.982758259340695383698971454577986150979995727539062500000000,-0.184895115396936787766080101391708012670278549194335937500000, 1.756761463331068640059129393193870782852172851562500000000000, 4.712388980384689673996945202816277742385864257812500000000000
 0.000457949156191950570472803949684248436824418604373931884766, 0.305952906658130574513165811367798596620559692382812500000000, 0.952046647442992277632356490357778966426849365234375000000000, 0.000000000000000000000000000000000000000000000000000000000000, 1.570796326794896557998981734272092580795288085937500000000000, 1.259857154941694590277734278060961514711380004882812500000000
 0.000457949156191950570472803949684248436824418604373931884766, 0.305952906658130574513165811367798596620559692382812500000000,-0.952046647442992277632356490357778966426849365234375000000000, 0.000000000000000000000000000000000000000000000000000000000000, 1.570796326794896557998981734272092580795288085937500000000000, 5.023328152237891863762797584058716893196105957031250000000000
 0.000457949156191950570472803949684248436824418604373931884766,-0.305952906658130574513165811367798596620559692382812500000000, 0.952046647442992277632356490357778966426849365234375000000000, 0.000000000000000000000000000000000000000000000000000000000000, 1.570796326794896557998981734272092580795288085937500000000000, 1.881735498648098747764834115514531731605529785156250000000000
 0.000457949156191950570472803949684248436824418604373931884766,-0.305952906658130574513165811367798596620559692382812500000000,-0.952046647442992277632356490357778966426849365234375000000000, 0.000000000000000000000000000000000000000000000000000000000000, 1.570796326794896557998981734272092580795288085937500000000000, 4.401449808531487484231092821573838591575622558593750000000000
 0.000457949156191950570472803949684248436824418604373931884766, 0.952046647442992277632356490357778966426849365234375000000000, 0.305952906658130574513165811367798596620559692382812500000000, 0.000000000000000000000000000000000000000000000000000000000000, 1.570796326794896557998981734272092580795288085937500000000000, 0.310939171853202023232398687468958087265491485595703125000000
 0.000457949156191950570472803949684248436824418604373931884766, 0.952046647442992277632356490357778966426849365234375000000000,-0.305952906658130574513165811367798596620559692382812500000000, 0.000000000000000000000000000000000000000000000000000000000000, 1.570796326794896557998981734272092580795288085937500000000000, 5.972246135326384042230074555845931172370910644531250000000000
 0.000457949156191950570472803949684248436824418604373931884766,-0.952046647442992388654658952873433008790016174316406250000000, 0.305952906658130407979712117594317533075809478759765625000000, 0.000000000000000000000000000000000000000000000000000000000000, 1.570796326794896557998981734272092580795288085937500000000000, 2.830653481736591370321320937364362180233001708984375000000000
 0.000457949156191950570472803949684248436824418604373931884766,-0.952046647442992388654658952873433008790016174316406250000000,-0.305952906658130407979712117594317533075809478759765625000000, 0.000000000000000000000000000000000000000000000000000000000000, 1.570796326794896557998981734272092580795288085937500000000000, 3.452531825442994861674605999724008142948150634765625000000000
 0.000457949156191950570472803949684248436824418604373931884766, 0.305952906658130574513165811367798596620559692382812500000000, 0.000000000000000000000000000000000000000000000000000000000000, 0.952046647442992277632356490357778966426849365234375000000000, 0.310939171853202023232398687468958087265491485595703125000000, 0.000000000000000000000000000000000000000000000000000000000000
 0.000457949156191950570472803949684248436824418604373931884766, 0.305952906658130407979712117594317533075809478759765625000000, 0.000000000000000000000000000000000000000000000000000000000000,-0.952046647442992388654658952873433008790016174316406250000000, 2.830653481736591370321320937364362180233001708984375000000000, 0.000000000000000000000000000000000000000000000000000000000000
 0.000457949156191950570472803949684248436824418604373931884766,-0.305952906658130574513165811367798596620559692382812500000000, 0.000000000000000000000000000000000000000000000000000000000000, 0.952046647442992277632356490357778966426849365234375000000000, 0.310939171853202023232398687468958087265491485595703125000000, 3.141592653589793115997963468544185161590576171875000000000000
 0.000457949156191950570472803949684248436824418604373931884766,-0.305952906658130407979712117594317533075809478759765625000000, 0.000000000000000000000000000000000000000000000000000000000000,-0.952046647442992388654658952873433008790016174316406250000000, 2.830653481736591370321320937364362180233001708984375000000000, 3.141592653589793115997963468544185161590576171875000000000000
 0.000457949156191950570472803949684248436824418604373931884766, 0.952046647442992277632356490357778966426849365234375000000000, 0.000000000000000000000000000000000000000000000000000000000000, 0.305952906658130574513165811367798596620559692382812500000000, 1.259857154941694590277734278060961514711380004882812500000000, 0.000000000000000000000000000000000000000000000000000000000000
 0.000457949156191950570472803949684248436824418604373931884766, 0.952046647442992277632356490357778966426849365234375000000000, 0.000000000000000000000000000000000000000000000000000000000000,-0.305952906658130574513165811367798596620559692382812500000000, 1.881735498648098747764834115514531731605529785156250000000000, 0.000000000000000000000000000000000000000000000000000000000000
 0.000457949156191950570472803949684248436824418604373931884766,-0.952046647442992277632356490357778966426849365234375000000000, 0.000000000000000000000000000000000000000000000000000000000000, 0.305952906658130574513165811367798596620559692382812500000000, 1.259857154941694590277734278060961514711380004882812500000000, 3.141592653589793115997963468544185161590576171875000000000000
 0.000457949156191950570472803949684248436824418604373931884766,-0.952046647442992277632356490357778966426849365234375000000000, 0.000000000000000000000000000000000000000000000000000000000000,-0.305952906658130574513165811367798596620559692382812500000000, 1.881735498648098747764834115514531731605529785156250000000000, 3.141592653589793115997963468544185161590576171875000000000000
 0.000457949156191950570472803949684248436824418604373931884766, 0.000000000000000000000000000000000000000000000000000000000000, 0.305952906658130574513165811367798596620559692382812500000000, 0.952046647442992277632356490357778966426849365234375000000000, 0.310939171853202023232398687468958087265491485595703125000000, 1.570796326794896557998981734272092580795288085937500000000000
 0.000457949156191950570472803949684248436824418604373931884766, 0.000000000000000000000000000000000000000000000000000000000000, 0.305952906658130407979712117594317533075809478759765625000000,-0.952046647442992388654658952873433008790016174316406250000000, 2.830653481736591370321320937364362180233001708984375000000000, 1.570796326794896557998981734272092580795288085937500000000000
 0.000457949156191950570472803949684248436824418604373931884766, 0.000000000000000000000000000000000000000000000000000000000000,-0.305952906658130574513165811367798596620559692382812500000000, 0.952046647442992277632356490357778966426849365234375000000000, 0.310939171853202023232398687468958087265491485595703125000000, 4.712388980384689673996945202816277742385864257812500000000000
 0.000457949156191950570472803949684248436824418604373931884766, 0.000000000000000000000000000000000000000000000000000000000000,-0.305952906658130407979712117594317533075809478759765625000000,-0.952046647442992388654658952873433008790016174316406250000000, 2.830653481736591370321320937364362180233001708984375000000000, 4.712388980384689673996945202816277742385864257812500000000000
 0.000457949156191950570472803949684248436824418604373931884766, 0.000000000000000000000000000000000000000000000000000000000000, 0.952046647442992277632356490357778966426849365234375000000000, 0.305952906658130574513165811367798596620559692382812500000000, 1.259857154941694590277734278060961514711380004882812500000000, 1.570796326794896557998981734272092580795288085937500000000000
 0.000457949156191950570472803949684248436824418604373931884766, 0.000000000000000000000000000000000000000000000000000000000000, 0.952046647442992277632356490357778966426849365234375000000000,-0.305952906658130574513165811367798596620559692382812500000000, 1.881735498648098747764834115514531731605529785156250000000000, 1.570796326794896557998981734272092580795288085937500000000000
 0.000457949156191950570472803949684248436824418604373931884766, 0.000000000000000000000000000000000000000000000000000000000000,-0.952046647442992277632356490357778966426849365234375000000000, 0.305952906658130574513165811367798596620559692382812500000000, 1.259857154941694590277734278060961514711380004882812500000000, 4.712388980384689673996945202816277742385864257812500000000000
 0.000457949156191950570472803949684248436824418604373931884766, 0.000000000000000000000000000000000000000000000000000000000000,-0.952046647442992277632356490357778966426849365234375000000000,-0.305952906658130574513165811367798596620559692382812500000000, 1.881735498648098747764834115514531731605529785156250000000000, 4.712388980384689673996945202816277742385864257812500000000000
 0.000504200396907945533331307785829267231747508049011230468750, 0.428555610102136275152417965728091076016426086425781250000000, 0.903515406094431705597003201546613126993179321289062500000000, 0.000000000000000000000000000000000000000000000000000000000000, 1.570796326794896557998981734272092580795288085937500000000000, 1.127902790485781903129236525273881852626800537109375000000000
 0.000504200396907945533331307785829267231747508049011230468750, 0.428555610102136275152417965728091076016426086425781250000000,-0.903515406094431705597003201546613126993179321289062500000000, 0.000000000000000000000000000000000000000000000000000000000000, 1.570796326794896557998981734272092580795288085937500000000000, 5.155282516693803884777480561751872301101684570312500000000000
 0.000504200396907945533331307785829267231747508049011230468750,-0.428555610102136275152417965728091076016426086425781250000000, 0.903515406094431705597003201546613126993179321289062500000000, 0.000000000000000000000000000000000000000000000000000000000000, 1.570796326794896557998981734272092580795288085937500000000000, 2.013689863104011212868726943270303308963775634765625000000000
 0.000504200396907945533331307785829267231747508049011230468750,-0.428555610102136275152417965728091076016426086425781250000000,-0.903515406094431705597003201546613126993179321289062500000000, 0.000000000000000000000000000000000000000000000000000000000000, 1.570796326794896557998981734272092580795288085937500000000000, 4.269495444075575463216409843880683183670043945312500000000000
 0.000504200396907945533331307785829267231747508049011230468750, 0.903515406094431705597003201546613126993179321289062500000000, 0.428555610102136219641266734470264054834842681884765625000000, 0.000000000000000000000000000000000000000000000000000000000000, 1.570796326794896557998981734272092580795288085937500000000000, 0.442893536309114599358593977740383706986904144287109375000000
 0.000504200396907945533331307785829267231747508049011230468750, 0.903515406094431705597003201546613126993179321289062500000000,-0.428555610102136219641266734470264054834842681884765625000000, 0.000000000000000000000000000000000000000000000000000000000000, 1.570796326794896557998981734272092580795288085937500000000000, 5.840291770870472021215391578152775764465332031250000000000000
 0.000504200396907945533331307785829267231747508049011230468750,-0.903515406094431816619305664062267169356346130371093750000000, 0.428555610102136108618964271954610012471675872802734375000000, 0.000000000000000000000000000000000000000000000000000000000000, 1.570796326794896557998981734272092580795288085937500000000000, 2.698699117280678905217428109608590602874755859375000000000000
 0.000504200396907945533331307785829267231747508049011230468750,-0.903515406094431816619305664062267169356346130371093750000000,-0.428555610102136108618964271954610012471675872802734375000000, 0.000000000000000000000000000000000000000000000000000000000000, 1.570796326794896557998981734272092580795288085937500000000000, 3.584486189898907326778498827479779720306396484375000000000000
 0.000504200396907945533331307785829267231747508049011230468750, 0.428555610102136219641266734470264054834842681884765625000000, 0.000000000000000000000000000000000000000000000000000000000000, 0.903515406094431705597003201546613126993179321289062500000000, 0.442893536309114599358593977740383706986904144287109375000000, 0.000000000000000000000000000000000000000000000000000000000000
 0.000504200396907945533331307785829267231747508049011230468750, 0.428555610102136108618964271954610012471675872802734375000000, 0.000000000000000000000000000000000000000000000000000000000000,-0.903515406094431816619305664062267169356346130371093750000000, 2.698699117280678905217428109608590602874755859375000000000000, 0.000000000000000000000000000000000000000000000000000000000000
 0.000504200396907945533331307785829267231747508049011230468750,-0.428555610102136219641266734470264054834842681884765625000000, 0.000000000000000000000000000000000000000000000000000000000000, 0.903515406094431705597003201546613126993179321289062500000000, 0.442893536309114599358593977740383706986904144287109375000000, 3.141592653589793115997963468544185161590576171875000000000000
 0.000504200396907945533331307785829267231747508049011230468750,-0.428555610102136108618964271954610012471675872802734375000000, 0.000000000000000000000000000000000000000000000000000000000000,-0.903515406094431816619305664062267169356346130371093750000000, 2.698699117280678905217428109608590602874755859375000000000000, 3.141592653589793115997963468544185161590576171875000000000000
 0.000504200396907945533331307785829267231747508049011230468750, 0.903515406094431705597003201546613126993179321289062500000000, 0.000000000000000000000000000000000000000000000000000000000000, 0.428555610102136275152417965728091076016426086425781250000000, 1.127902790485781903129236525273881852626800537109375000000000, 0.000000000000000000000000000000000000000000000000000000000000
 0.000504200396907945533331307785829267231747508049011230468750, 0.903515406094431705597003201546613126993179321289062500000000, 0.000000000000000000000000000000000000000000000000000000000000,-0.428555610102136275152417965728091076016426086425781250000000, 2.013689863104011212868726943270303308963775634765625000000000, 0.000000000000000000000000000000000000000000000000000000000000
 0.000504200396907945533331307785829267231747508049011230468750,-0.903515406094431705597003201546613126993179321289062500000000, 0.000000000000000000000000000000000000000000000000000000000000, 0.428555610102136275152417965728091076016426086425781250000000, 1.127902790485781903129236525273881852626800537109375000000000, 3.141592653589793115997963468544185161590576171875000000000000
 0.000504200396907945533331307785829267231747508049011230468750,-0.903515406094431705597003201546613126993179321289062500000000, 0.000000000000000000000000000000000000000000000000000000000000,-0.428555610102136275152417965728091076016426086425781250000000, 2.013689863104011212868726943270303308963775634765625000000000, 3.141592653589793115997963468544185161590576171875000000000000
 0.000504200396907945533331307785829267231747508049011230468750, 0.000000000000000000000000000000000000000000000000000000000000, 0.428555610102136219641266734470264054834842681884765625000000, 0.903515406094431705597003201546613126993179321289062500000000, 0.442893536309114599358593977740383706986904144287109375000000, 1.570796326794896557998981734272092580795288085937500000000000
 0.000504200396907945533331307785829267231747508049011230468750, 0.000000000000000000000000000000000000000000000000000000000000, 0.428555610102136108618964271954610012471675872802734375000000,-0.903515406094431816619305664062267169356346130371093750000000, 2.698699117280678905217428109608590602874755859375000000000000, 1.570796326794896557998981734272092580795288085937500000000000
 0.000504200396907945533331307785829267231747508049011230468750, 0.000000000000000000000000000000000000000000000000000000000000,-0.428555610102136219641266734470264054834842681884765625000000, 0.903515406094431705597003201546613126993179321289062500000000, 0.442893536309114599358593977740383706986904144287109375000000, 4.712388980384689673996945202816277742385864257812500000000000
 0.000504200396907945533331307785829267231747508049011230468750, 0.000000000000000000000000000000000000000000000000000000000000,-0.428555610102136108618964271954610012471675872802734375000000,-0.903515406094431816619305664062267169356346130371093750000000, 2.698699117280678905217428109608590602874755859375000000000000, 4.712388980384689673996945202816277742385864257812500000000000
 0.000504200396907945533331307785829267231747508049011230468750, 0.000000000000000000000000000000000000000000000000000000000000, 0.903515406094431705597003201546613126993179321289062500000000, 0.428555610102136275152417965728091076016426086425781250000000, 1.127902790485781903129236525273881852626800537109375000000000, 1.570796326794896557998981734272092580795288085937500000000000
 0.000504200396907945533331307785829267231747508049011230468750, 0.000000000000000000000000000000000000000000000000000000000000, 0.903515406094431705597003201546613126993179321289062500000000,-0.428555610102136275152417965728091076016426086425781250000000, 2.013689863104011212868726943270303308963775634765625000000000, 1.570796326794896557998981734272092580795288085937500000000000
 0.000504200396907945533331307785829267231747508049011230468750, 0.000000000000000000000000000000000000000000000000000000000000,-0.903515406094431705597003201546613126993179321289062500000000, 0.428555610102136275152417965728091076016426086425781250000000, 1.127902790485781903129236525273881852626800537109375000000000, 4.712388980384689673996945202816277742385864257812500000000000
 0.000504200396907945533331307785829267231747508049011230468750, 0.000000000000000000000000000000000000000000000000000000000000,-0.903515406094431705597003201546613126993179321289062500000000,-0.428555610102136275152417965728091076016426086425781250000000, 2.013689863104011212868726943270303308963775634765625000000000, 4.712388980384689673996945202816277742385864257812500000000000
 0.000531270888997942671364005384759821026818826794624328613281, 0.546875865349652601210550528776366263628005981445312500000000, 0.837213705034782984526486870890948921442031860351562500000000, 0.000000000000000000000000000000000000000000000000000000000000, 1.570796326794896557998981734272092580795288085937500000000000, 0.992168242289496293828676698467461392283439636230468750000000
 0.000531270888997942671364005384759821026818826794624328613281, 0.546875865349652601210550528776366263628005981445312500000000,-0.837213705034782984526486870890948921442031860351562500000000, 0.000000000000000000000000000000000000000000000000000000000000, 1.570796326794896557998981734272092580795288085937500000000000, 5.291017064890089827144947776105254888534545898437500000000000
 0.000531270888997942671364005384759821026818826794624328613281,-0.546875865349652379165945603745058178901672363281250000000000, 0.837213705034783095548789333406602963805198669433593750000000, 0.000000000000000000000000000000000000000000000000000000000000, 1.570796326794896557998981734272092580795288085937500000000000, 2.149424411300296711146984307561069726943969726562500000000000
 0.000531270888997942671364005384759821026818826794624328613281,-0.546875865349652379165945603745058178901672363281250000000000,-0.837213705034783095548789333406602963805198669433593750000000, 0.000000000000000000000000000000000000000000000000000000000000, 1.570796326794896557998981734272092580795288085937500000000000, 4.133760895879289520848942629527300596237182617187500000000000
 0.000531270888997942671364005384759821026818826794624328613281, 0.837213705034782984526486870890948921442031860351562500000000, 0.546875865349652601210550528776366263628005981445312500000000, 0.000000000000000000000000000000000000000000000000000000000000, 1.570796326794896557998981734272092580795288085937500000000000, 0.578628084505400264170305035804631188511848449707031250000000
 0.000531270888997942671364005384759821026818826794624328613281, 0.837213705034782984526486870890948921442031860351562500000000,-0.546875865349652601210550528776366263628005981445312500000000, 0.000000000000000000000000000000000000000000000000000000000000, 1.570796326794896557998981734272092580795288085937500000000000, 5.704557222674186078847924363799393177032470703125000000000000
 0.000531270888997942671364005384759821026818826794624328613281,-0.837213705034782984526486870890948921442031860351562500000000, 0.546875865349652601210550528776366263628005981445312500000000, 0.000000000000000000000000000000000000000000000000000000000000, 1.570796326794896557998981734272092580795288085937500000000000, 2.562964569084392962849960895255208015441894531250000000000000
 0.000531270888997942671364005384759821026818826794624328613281,-0.837213705034782984526486870890948921442031860351562500000000,-0.546875865349652601210550528776366263628005981445312500000000, 0.000000000000000000000000000000000000000000000000000000000000, 1.570796326794896557998981734272092580795288085937500000000000, 3.720220738095193269145966041833162307739257812500000000000000
 0.000531270888997942671364005384759821026818826794624328613281, 0.546875865349652601210550528776366263628005981445312500000000, 0.000000000000000000000000000000000000000000000000000000000000, 0.837213705034782984526486870890948921442031860351562500000000, 0.578628084505400264170305035804631188511848449707031250000000, 0.000000000000000000000000000000000000000000000000000000000000
 0.000531270888997942671364005384759821026818826794624328613281, 0.546875865349652601210550528776366263628005981445312500000000, 0.000000000000000000000000000000000000000000000000000000000000,-0.837213705034782984526486870890948921442031860351562500000000, 2.562964569084392962849960895255208015441894531250000000000000, 0.000000000000000000000000000000000000000000000000000000000000
 0.000531270888997942671364005384759821026818826794624328613281,-0.546875865349652601210550528776366263628005981445312500000000, 0.000000000000000000000000000000000000000000000000000000000000, 0.837213705034782984526486870890948921442031860351562500000000, 0.578628084505400264170305035804631188511848449707031250000000, 3.141592653589793115997963468544185161590576171875000000000000
 0.000531270888997942671364005384759821026818826794624328613281,-0.546875865349652601210550528776366263628005981445312500000000, 0.000000000000000000000000000000000000000000000000000000000000,-0.837213705034782984526486870890948921442031860351562500000000, 2.562964569084392962849960895255208015441894531250000000000000, 3.141592653589793115997963468544185161590576171875000000000000
 0.000531270888997942671364005384759821026818826794624328613281, 0.837213705034782984526486870890948921442031860351562500000000, 0.000000000000000000000000000000000000000000000000000000000000, 0.546875865349652601210550528776366263628005981445312500000000, 0.992168242289496293828676698467461392283439636230468750000000, 0.000000000000000000000000000000000000000000000000000000000000
 0.000531270888997942671364005384759821026818826794624328613281, 0.837213705034783095548789333406602963805198669433593750000000, 0.000000000000000000000000000000000000000000000000000000000000,-0.546875865349652379165945603745058178901672363281250000000000, 2.149424411300296711146984307561069726943969726562500000000000, 0.000000000000000000000000000000000000000000000000000000000000
 0.000531270888997942671364005384759821026818826794624328613281,-0.837213705034782984526486870890948921442031860351562500000000, 0.000000000000000000000000000000000000000000000000000000000000, 0.546875865349652601210550528776366263628005981445312500000000, 0.992168242289496293828676698467461392283439636230468750000000, 3.141592653589793115997963468544185161590576171875000000000000
 0.000531270888997942671364005384759821026818826794624328613281,-0.837213705034783095548789333406602963805198669433593750000000, 0.000000000000000000000000000000000000000000000000000000000000,-0.546875865349652379165945603745058178901672363281250000000000, 2.149424411300296711146984307561069726943969726562500000000000, 3.141592653589793115997963468544185161590576171875000000000000
 0.000531270888997942671364005384759821026818826794624328613281, 0.000000000000000000000000000000000000000000000000000000000000, 0.546875865349652601210550528776366263628005981445312500000000, 0.837213705034782984526486870890948921442031860351562500000000, 0.578628084505400264170305035804631188511848449707031250000000, 1.570796326794896557998981734272092580795288085937500000000000
 0.000531270888997942671364005384759821026818826794624328613281, 0.000000000000000000000000000000000000000000000000000000000000, 0.546875865349652601210550528776366263628005981445312500000000,-0.837213705034782984526486870890948921442031860351562500000000, 2.562964569084392962849960895255208015441894531250000000000000, 1.570796326794896557998981734272092580795288085937500000000000
 0.000531270888997942671364005384759821026818826794624328613281, 0.000000000000000000000000000000000000000000000000000000000000,-0.546875865349652601210550528776366263628005981445312500000000, 0.837213705034782984526486870890948921442031860351562500000000, 0.578628084505400264170305035804631188511848449707031250000000, 4.712388980384689673996945202816277742385864257812500000000000
 0.000531270888997942671364005384759821026818826794624328613281, 0.000000000000000000000000000000000000000000000000000000000000,-0.546875865349652601210550528776366263628005981445312500000000,-0.837213705034782984526486870890948921442031860351562500000000, 2.562964569084392962849960895255208015441894531250000000000000, 4.712388980384689673996945202816277742385864257812500000000000
 0.000531270888997942671364005384759821026818826794624328613281, 0.000000000000000000000000000000000000000000000000000000000000, 0.837213705034782984526486870890948921442031860351562500000000, 0.546875865349652601210550528776366263628005981445312500000000, 0.992168242289496293828676698467461392283439636230468750000000, 1.570796326794896557998981734272092580795288085937500000000000
 0.000531270888997942671364005384759821026818826794624328613281, 0.000000000000000000000000000000000000000000000000000000000000, 0.837213705034783095548789333406602963805198669433593750000000,-0.546875865349652379165945603745058178901672363281250000000000, 2.149424411300296711146984307561069726943969726562500000000000, 1.570796326794896557998981734272092580795288085937500000000000
 0.000531270888997942671364005384759821026818826794624328613281, 0.000000000000000000000000000000000000000000000000000000000000,-0.837213705034782984526486870890948921442031860351562500000000, 0.546875865349652601210550528776366263628005981445312500000000, 0.992168242289496293828676698467461392283439636230468750000000, 4.712388980384689673996945202816277742385864257812500000000000
 0.000531270888997942671364005384759821026818826794624328613281, 0.000000000000000000000000000000000000000000000000000000000000,-0.837213705034783095548789333406602963805198669433593750000000,-0.546875865349652379165945603745058178901672363281250000000000, 2.149424411300296711146984307561069726943969726562500000000000, 4.712388980384689673996945202816277742385864257812500000000000
 0.000543840179074941369036233496103704965207725763320922851562, 0.656582197834344016840191216033417731523513793945312500000000, 0.754254477936341038990519791695987805724143981933593750000000, 0.000000000000000000000000000000000000000000000000000000000000, 1.570796326794896557998981734272092580795288085937500000000000, 0.854517918919008190314912098983768373727798461914062500000000
 0.000543840179074941369036233496103704965207725763320922851562, 0.656582197834344016840191216033417731523513793945312500000000,-0.754254477936341038990519791695987805724143981933593750000000, 0.000000000000000000000000000000000000000000000000000000000000, 1.570796326794896557998981734272092580795288085937500000000000, 5.428667388260578263725619763135910034179687500000000000000000
 0.000543840179074941369036233496103704965207725763320922851562,-0.656582197834343794795586291002109646797180175781250000000000, 0.754254477936341261035124716727295890450477600097656250000000, 0.000000000000000000000000000000000000000000000000000000000000, 1.570796326794896557998981734272092580795288085937500000000000, 2.287074734670784703638446444529108703136444091796875000000000
 0.000543840179074941369036233496103704965207725763320922851562,-0.656582197834343794795586291002109646797180175781250000000000,-0.754254477936341261035124716727295890450477600097656250000000, 0.000000000000000000000000000000000000000000000000000000000000, 1.570796326794896557998981734272092580795288085937500000000000, 3.996110572508801528357480492559261620044708251953125000000000
 0.000543840179074941369036233496103704965207725763320922851562, 0.754254477936340927968217329180333763360977172851562500000000, 0.656582197834344016840191216033417731523513793945312500000000, 0.000000000000000000000000000000000000000000000000000000000000, 1.570796326794896557998981734272092580795288085937500000000000, 0.716278407875888478706372097803978249430656433105468750000000
 0.000543840179074941369036233496103704965207725763320922851562, 0.754254477936340927968217329180333763360977172851562500000000,-0.656582197834344016840191216033417731523513793945312500000000, 0.000000000000000000000000000000000000000000000000000000000000, 1.570796326794896557998981734272092580795288085937500000000000, 5.566906899303697642267252376768738031387329101562500000000000
 0.000543840179074941369036233496103704965207725763320922851562,-0.754254477936341261035124716727295890450477600097656250000000, 0.656582197834343794795586291002109646797180175781250000000000, 0.000000000000000000000000000000000000000000000000000000000000, 1.570796326794896557998981734272092580795288085937500000000000, 2.425314245713904970358498758287169039249420166015625000000000
 0.000543840179074941369036233496103704965207725763320922851562,-0.754254477936341261035124716727295890450477600097656250000000,-0.656582197834343794795586291002109646797180175781250000000000, 0.000000000000000000000000000000000000000000000000000000000000, 1.570796326794896557998981734272092580795288085937500000000000, 3.857871061465681261637428178801201283931732177734375000000000
 0.000543840179074941369036233496103704965207725763320922851562, 0.656582197834344016840191216033417731523513793945312500000000, 0.000000000000000000000000000000000000000000000000000000000000, 0.754254477936340927968217329180333763360977172851562500000000, 0.716278407875888367684069635288324207067489624023437500000000, 0.000000000000000000000000000000000000000000000000000000000000
 0.000543840179074941369036233496103704965207725763320922851562, 0.656582197834343794795586291002109646797180175781250000000000, 0.000000000000000000000000000000000000000000000000000000000000,-0.754254477936341261035124716727295890450477600097656250000000, 2.425314245713905414447708608349785208702087402343750000000000, 0.000000000000000000000000000000000000000000000000000000000000
 0.000543840179074941369036233496103704965207725763320922851562,-0.656582197834344016840191216033417731523513793945312500000000, 0.000000000000000000000000000000000000000000000000000000000000, 0.754254477936340927968217329180333763360977172851562500000000, 0.716278407875888367684069635288324207067489624023437500000000, 3.141592653589793115997963468544185161590576171875000000000000
 0.000543840179074941369036233496103704965207725763320922851562,-0.656582197834343794795586291002109646797180175781250000000000, 0.000000000000000000000000000000000000000000000000000000000000,-0.754254477936341261035124716727295890450477600097656250000000, 2.425314245713905414447708608349785208702087402343750000000000, 3.141592653589793115997963468544185161590576171875000000000000
 0.000543840179074941369036233496103704965207725763320922851562, 0.754254477936341038990519791695987805724143981933593750000000, 0.000000000000000000000000000000000000000000000000000000000000, 0.656582197834344016840191216033417731523513793945312500000000, 0.854517918919008190314912098983768373727798461914062500000000, 0.000000000000000000000000000000000000000000000000000000000000
 0.000543840179074941369036233496103704965207725763320922851562, 0.754254477936341261035124716727295890450477600097656250000000, 0.000000000000000000000000000000000000000000000000000000000000,-0.656582197834343794795586291002109646797180175781250000000000, 2.287074734670784703638446444529108703136444091796875000000000, 0.000000000000000000000000000000000000000000000000000000000000
 0.000543840179074941369036233496103704965207725763320922851562,-0.754254477936341038990519791695987805724143981933593750000000, 0.000000000000000000000000000000000000000000000000000000000000, 0.656582197834344016840191216033417731523513793945312500000000, 0.854517918919008190314912098983768373727798461914062500000000, 3.141592653589793115997963468544185161590576171875000000000000
 0.000543840179074941369036233496103704965207725763320922851562,-0.754254477936341261035124716727295890450477600097656250000000, 0.000000000000000000000000000000000000000000000000000000000000,-0.656582197834343794795586291002109646797180175781250000000000, 2.287074734670784703638446444529108703136444091796875000000000, 3.141592653589793115997963468544185161590576171875000000000000
 0.000543840179074941369036233496103704965207725763320922851562, 0.000000000000000000000000000000000000000000000000000000000000, 0.656582197834344016840191216033417731523513793945312500000000, 0.754254477936340927968217329180333763360977172851562500000000, 0.716278407875888367684069635288324207067489624023437500000000, 1.570796326794896557998981734272092580795288085937500000000000
 0.000543840179074941369036233496103704965207725763320922851562, 0.000000000000000000000000000000000000000000000000000000000000, 0.656582197834343794795586291002109646797180175781250000000000,-0.754254477936341261035124716727295890450477600097656250000000, 2.425314245713905414447708608349785208702087402343750000000000, 1.570796326794896557998981734272092580795288085937500000000000
 0.000543840179074941369036233496103704965207725763320922851562, 0.000000000000000000000000000000000000000000000000000000000000,-0.656582197834344016840191216033417731523513793945312500000000, 0.754254477936340927968217329180333763360977172851562500000000, 0.716278407875888367684069635288324207067489624023437500000000, 4.712388980384689673996945202816277742385864257812500000000000
 0.000543840179074941369036233496103704965207725763320922851562, 0.000000000000000000000000000000000000000000000000000000000000,-0.656582197834343794795586291002109646797180175781250000000000,-0.754254477936341261035124716727295890450477600097656250000000, 2.425314245713905414447708608349785208702087402343750000000000, 4.712388980384689673996945202816277742385864257812500000000000
 0.000543840179074941369036233496103704965207725763320922851562, 0.000000000000000000000000000000000000000000000000000000000000, 0.754254477936341038990519791695987805724143981933593750000000, 0.656582197834344016840191216033417731523513793945312500000000, 0.854517918919008190314912098983768373727798461914062500000000, 1.570796326794896557998981734272092580795288085937500000000000
 0.000543840179074941369036233496103704965207725763320922851562, 0.000000000000000000000000000000000000000000000000000000000000, 0.754254477936341261035124716727295890450477600097656250000000,-0.656582197834343794795586291002109646797180175781250000000000, 2.287074734670784703638446444529108703136444091796875000000000, 1.570796326794896557998981734272092580795288085937500000000000
 0.000543840179074941369036233496103704965207725763320922851562, 0.000000000000000000000000000000000000000000000000000000000000,-0.754254477936341038990519791695987805724143981933593750000000, 0.656582197834344016840191216033417731523513793945312500000000, 0.854517918919008190314912098983768373727798461914062500000000, 4.712388980384689673996945202816277742385864257812500000000000
 0.000543840179074941369036233496103704965207725763320922851562, 0.000000000000000000000000000000000000000000000000000000000000,-0.754254477936341261035124716727295890450477600097656250000000,-0.656582197834343794795586291002109646797180175781250000000000, 2.287074734670784703638446444529108703136444091796875000000000, 4.712388980384689673996945202816277742385864257812500000000000
 0.000331604187319964219086976253692000682349316775798797607422, 0.125390157236711596855371908532106317579746246337890625000000, 0.036819172264396397842300956426697666756808757781982421875000, 0.991424055095455836195128540566656738519668579101562500000000, 0.131059000605259462490792543576390016824007034301757812500000, 0.285608877916463166357630143465939909219741821289062500000000
 0.000331604187319964219086976253692000682349316775798797607422, 0.125390157236711707877674371047760359942913055419921875000000, 0.036819172264396397842300956426697666756808757781982421875000,-0.991424055095455836195128540566656738519668579101562500000000, 3.010533652984533681262746540596708655357360839843750000000000, 0.285608877916462888801873987176804803311824798583984375000000
 0.000331604187319964219086976253692000682349316775798797607422, 0.125390157236711596855371908532106317579746246337890625000000,-0.036819172264396397842300956426697666756808757781982421875000, 0.991424055095455836195128540566656738519668579101562500000000, 0.131059000605259462490792543576390016824007034301757812500000, 5.997576429263123287682901718653738498687744140625000000000000
 0.000331604187319964219086976253692000682349316775798797607422, 0.125390157236711707877674371047760359942913055419921875000000,-0.036819172264396397842300956426697666756808757781982421875000,-0.991424055095455836195128540566656738519668579101562500000000, 3.010533652984533681262746540596708655357360839843750000000000, 5.997576429263123287682901718653738498687744140625000000000000
 0.000331604187319964219086976253692000682349316775798797607422,-0.125390157236711596855371908532106317579746246337890625000000, 0.036819172264396397842300956426697666756808757781982421875000, 0.991424055095455836195128540566656738519668579101562500000000, 0.131059000605259462490792543576390016824007034301757812500000, 2.855983775673330171684938250109553337097167968750000000000000
 0.000331604187319964219086976253692000682349316775798797607422,-0.125390157236711707877674371047760359942913055419921875000000, 0.036819172264396397842300956426697666756808757781982421875000,-0.991424055095455836195128540566656738519668579101562500000000, 3.010533652984533681262746540596708655357360839843750000000000, 2.855983775673330171684938250109553337097167968750000000000000
 0.000331604187319964219086976253692000682349316775798797607422,-0.125390157236711596855371908532106317579746246337890625000000,-0.036819172264396397842300956426697666756808757781982421875000, 0.991424055095455836195128540566656738519668579101562500000000, 0.131059000605259462490792543576390016824007034301757812500000, 3.427201531506256060310988686978816986083984375000000000000000
 0.000331604187319964219086976253692000682349316775798797607422,-0.125390157236711707877674371047760359942913055419921875000000,-0.036819172264396397842300956426697666756808757781982421875000,-0.991424055095455836195128540566656738519668579101562500000000, 3.010533652984533681262746540596708655357360839843750000000000, 3.427201531506256060310988686978816986083984375000000000000000
 0.000331604187319964219086976253692000682349316775798797607422, 0.125390157236711596855371908532106317579746246337890625000000, 0.991424055095455836195128540566656738519668579101562500000000, 0.036819172264396397842300956426697666756808757781982421875000, 1.533968830457434373570890784321818500757217407226562500000000, 1.444989487862700094922274729469791054725646972656250000000000
 0.000331604187319964219086976253692000682349316775798797607422, 0.125390157236711596855371908532106317579746246337890625000000, 0.991424055095455836195128540566656738519668579101562500000000,-0.036819172264396599070224169736320618540048599243164062500000, 1.607623823132358964471677609253674745559692382812500000000000, 1.444989487862700094922274729469791054725646972656250000000000
 0.000331604187319964219086976253692000682349316775798797607422, 0.125390157236711596855371908532106317579746246337890625000000,-0.991424055095455836195128540566656738519668579101562500000000, 0.036819172264396397842300956426697666756808757781982421875000, 1.533968830457434373570890784321818500757217407226562500000000, 4.838195819316886137073652207618579268455505371093750000000000
 0.000331604187319964219086976253692000682349316775798797607422, 0.125390157236711596855371908532106317579746246337890625000000,-0.991424055095455836195128540566656738519668579101562500000000,-0.036819172264396599070224169736320618540048599243164062500000, 1.607623823132358964471677609253674745559692382812500000000000, 4.838195819316886137073652207618579268455505371093750000000000
 0.000331604187319964219086976253692000682349316775798797607422,-0.125390157236711902166703680450154934078454971313476562500000, 0.991424055095455836195128540566656738519668579101562500000000, 0.036819172264396397842300956426697666756808757781982421875000, 1.533968830457434373570890784321818500757217407226562500000000, 1.696603165727093465164898589137010276317596435546875000000000
 0.000331604187319964219086976253692000682349316775798797607422,-0.125390157236711902166703680450154934078454971313476562500000, 0.991424055095455836195128540566656738519668579101562500000000,-0.036819172264396599070224169736320618540048599243164062500000, 1.607623823132358964471677609253674745559692382812500000000000, 1.696603165727093465164898589137010276317596435546875000000000
 0.000331604187319964219086976253692000682349316775798797607422,-0.125390157236711902166703680450154934078454971313476562500000,-0.991424055095455836195128540566656738519668579101562500000000, 0.036819172264396397842300956426697666756808757781982421875000, 1.533968830457434373570890784321818500757217407226562500000000, 4.586582141452492322741818497888743877410888671875000000000000
 0.000331604187319964219086976253692000682349316775798797607422,-0.125390157236711902166703680450154934078454971313476562500000,-0.991424055095455836195128540566656738519668579101562500000000,-0.036819172264396599070224169736320618540048599243164062500000, 1.607623823132358964471677609253674745559692382812500000000000, 4.586582141452492322741818497888743877410888671875000000000000
 0.000331604187319964219086976253692000682349316775798797607422, 0.036819172264396397842300956426697666756808757781982421875000, 0.125390157236711596855371908532106317579746246337890625000000, 0.991424055095455836195128540566656738519668579101562500000000, 0.131059000605259462490792543576390016824007034301757812500000, 1.285187448878433391641351590806152671575546264648437500000000
 0.000331604187319964219086976253692000682349316775798797607422, 0.036819172264396397842300956426697666756808757781982421875000, 0.125390157236711707877674371047760359942913055419921875000000,-0.991424055095455836195128540566656738519668579101562500000000, 3.010533652984533681262746540596708655357360839843750000000000, 1.285187448878433613685956515837460756301879882812500000000000
 0.000331604187319964219086976253692000682349316775798797607422, 0.036819172264396397842300956426697666756808757781982421875000,-0.125390157236711596855371908532106317579746246337890625000000, 0.991424055095455836195128540566656738519668579101562500000000, 0.131059000605259462490792543576390016824007034301757812500000, 4.997997858301152618309970421250909566879272460937500000000000
 0.000331604187319964219086976253692000682349316775798797607422, 0.036819172264396397842300956426697666756808757781982421875000,-0.125390157236711707877674371047760359942913055419921875000000,-0.991424055095455836195128540566656738519668579101562500000000, 3.010533652984533681262746540596708655357360839843750000000000, 4.997997858301152618309970421250909566879272460937500000000000
 0.000331604187319964219086976253692000682349316775798797607422,-0.036819172264396397842300956426697666756808757781982421875000, 0.125390157236711596855371908532106317579746246337890625000000, 0.991424055095455836195128540566656738519668579101562500000000, 0.131059000605259462490792543576390016824007034301757812500000, 1.856405204711359724356611877738032490015029907226562500000000
 0.000331604187319964219086976253692000682349316775798797607422,-0.036819172264396397842300956426697666756808757781982421875000, 0.125390157236711707877674371047760359942913055419921875000000,-0.991424055095455836195128540566656738519668579101562500000000, 3.010533652984533681262746540596708655357360839843750000000000, 1.856405204711359502312006952706724405288696289062500000000000
 0.000331604187319964219086976253692000682349316775798797607422,-0.036819172264396397842300956426697666756808757781982421875000,-0.125390157236711596855371908532106317579746246337890625000000, 0.991424055095455836195128540566656738519668579101562500000000, 0.131059000605259462490792543576390016824007034301757812500000, 4.426780102468226729683919984381645917892456054687500000000000
 0.000331604187319964219086976253692000682349316775798797607422,-0.036819172264396397842300956426697666756808757781982421875000,-0.125390157236711707877674371047760359942913055419921875000000,-0.991424055095455836195128540566656738519668579101562500000000, 3.010533652984533681262746540596708655357360839843750000000000, 4.426780102468226729683919984381645917892456054687500000000000
 0.000331604187319964219086976253692000682349316775798797607422, 0.036819172264396397842300956426697666756808757781982421875000, 0.991424055095455836195128540566656738519668579101562500000000, 0.125390157236711596855371908532106317579746246337890625000000, 1.445075244343238640709614628576673567295074462890625000000000, 1.533675723361287213108994365029502660036087036132812500000000
 0.000331604187319964219086976253692000682349316775798797607422, 0.036819172264396397842300956426697666756808757781982421875000, 0.991424055095455836195128540566656738519668579101562500000000,-0.125390157236711791144401217934500891715288162231445312500000, 1.696517409246554697332953764998819679021835327148437500000000, 1.533675723361287213108994365029502660036087036132812500000000
 0.000331604187319964219086976253692000682349316775798797607422, 0.036819172264396397842300956426697666756808757781982421875000,-0.991424055095455836195128540566656738519668579101562500000000, 0.125390157236711596855371908532106317579746246337890625000000, 1.445075244343238640709614628576673567295074462890625000000000, 4.749509583818299240931537497090175747871398925781250000000000
 0.000331604187319964219086976253692000682349316775798797607422, 0.036819172264396397842300956426697666756808757781982421875000,-0.991424055095455836195128540566656738519668579101562500000000,-0.125390157236711791144401217934500891715288162231445312500000, 1.696517409246554697332953764998819679021835327148437500000000, 4.749509583818299240931537497090175747871398925781250000000000
 0.000331604187319964219086976253692000682349316775798797607422,-0.036819172264396397842300956426697666756808757781982421875000, 0.991424055095455836195128540566656738519668579101562500000000, 0.125390157236711596855371908532106317579746246337890625000000, 1.445075244343238640709614628576673567295074462890625000000000, 1.607916930228506124933574028545990586280822753906250000000000
 0.000331604187319964219086976253692000682349316775798797607422,-0.036819172264396397842300956426697666756808757781982421875000, 0.991424055095455836195128540566656738519668579101562500000000,-0.125390157236711791144401217934500891715288162231445312500000, 1.696517409246554697332953764998819679021835327148437500000000, 1.607916930228506124933574028545990586280822753906250000000000
 0.000331604187319964219086976253692000682349316775798797607422,-0.036819172264396397842300956426697666756808757781982421875000,-0.991424055095455836195128540566656738519668579101562500000000, 0.125390157236711596855371908532106317579746246337890625000000, 1.445075244343238640709614628576673567295074462890625000000000, 4.675268376951080107062352908542379736900329589843750000000000
 0.000331604187319964219086976253692000682349316775798797607422,-0.036819172264396397842300956426697666756808757781982421875000,-0.991424055095455836195128540566656738519668579101562500000000,-0.125390157236711791144401217934500891715288162231445312500000, 1.696517409246554697332953764998819679021835327148437500000000, 4.675268376951080107062352908542379736900329589843750000000000
 0.000331604187319964219086976253692000682349316775798797607422, 0.991424055095455836195128540566656738519668579101562500000000, 0.125390157236711707877674371047760359942913055419921875000000, 0.036819172264396397842300956426697666756808757781982421875000, 1.533968830457434373570890784321818500757217407226562500000000, 0.125806838932196629610160698575782589614391326904296875000000
 0.000331604187319964219086976253692000682349316775798797607422, 0.991424055095455836195128540566656738519668579101562500000000, 0.125390157236711707877674371047760359942913055419921875000000,-0.036819172264396599070224169736320618540048599243164062500000, 1.607623823132358964471677609253674745559692382812500000000000, 0.125806838932196629610160698575782589614391326904296875000000
 0.000331604187319964219086976253692000682349316775798797607422, 0.991424055095455836195128540566656738519668579101562500000000,-0.125390157236711707877674371047760359942913055419921875000000, 0.036819172264396397842300956426697666756808757781982421875000, 1.533968830457434373570890784321818500757217407226562500000000, 6.157378468247389768919219932286068797111511230468750000000000
 0.000331604187319964219086976253692000682349316775798797607422, 0.991424055095455836195128540566656738519668579101562500000000,-0.125390157236711707877674371047760359942913055419921875000000,-0.036819172264396599070224169736320618540048599243164062500000, 1.607623823132358964471677609253674745559692382812500000000000, 6.157378468247389768919219932286068797111511230468750000000000
 0.000331604187319964219086976253692000682349316775798797607422,-0.991424055095455836195128540566656738519668579101562500000000, 0.125390157236711402566342599129711743444204330444335937500000, 0.036819172264396397842300956426697666756808757781982421875000, 1.533968830457434373570890784321818500757217407226562500000000, 3.015785814657597097010466313804499804973602294921875000000000
 0.000331604187319964219086976253692000682349316775798797607422,-0.991424055095455836195128540566656738519668579101562500000000, 0.125390157236711402566342599129711743444204330444335937500000,-0.036819172264396599070224169736320618540048599243164062500000, 1.607623823132358964471677609253674745559692382812500000000000, 3.015785814657597097010466313804499804973602294921875000000000
 0.000331604187319964219086976253692000682349316775798797607422,-0.991424055095455836195128540566656738519668579101562500000000,-0.125390157236711402566342599129711743444204330444335937500000, 0.036819172264396397842300956426697666756808757781982421875000, 1.533968830457434373570890784321818500757217407226562500000000, 3.267399492521989134985460623283870518207550048828125000000000
 0.000331604187319964219086976253692000682349316775798797607422,-0.991424055095455836195128540566656738519668579101562500000000,-0.125390157236711402566342599129711743444204330444335937500000,-0.036819172264396599070224169736320618540048599243164062500000, 1.607623823132358964471677609253674745559692382812500000000000, 3.267399492521989134985460623283870518207550048828125000000000
 0.000331604187319964219086976253692000682349316775798797607422, 0.991424055095455836195128540566656738519668579101562500000000, 0.036819172264396599070224169736320618540048599243164062500000, 0.125390157236711596855371908532106317579746246337890625000000, 1.445075244343238640709614628576673567295074462890625000000000, 0.037120603433609712651364276325693936087191104888916015625000
 0.000331604187319964219086976253692000682349316775798797607422, 0.991424055095455836195128540566656738519668579101562500000000, 0.036819172264396599070224169736320618540048599243164062500000,-0.125390157236711791144401217934500891715288162231445312500000, 1.696517409246554697332953764998819679021835327148437500000000, 0.037120603433609712651364276325693936087191104888916015625000
 0.000331604187319964219086976253692000682349316775798797607422, 0.991424055095455836195128540566656738519668579101562500000000,-0.036819172264396599070224169736320618540048599243164062500000, 0.125390157236711596855371908532106317579746246337890625000000, 1.445075244343238640709614628576673567295074462890625000000000, 6.246064703745976665061334642814472317695617675781250000000000
 0.000331604187319964219086976253692000682349316775798797607422, 0.991424055095455836195128540566656738519668579101562500000000,-0.036819172264396599070224169736320618540048599243164062500000,-0.125390157236711791144401217934500891715288162231445312500000, 1.696517409246554697332953764998819679021835327148437500000000, 6.246064703745976665061334642814472317695617675781250000000000
 0.000331604187319964219086976253692000682349316775798797607422,-0.991424055095455836195128540566656738519668579101562500000000, 0.036819172264396703153632728344746283255517482757568359375000, 0.125390157236711596855371908532106317579746246337890625000000, 1.445075244343238640709614628576673567295074462890625000000000, 3.104472050156183549063371174270287156105041503906250000000000
 0.000331604187319964219086976253692000682349316775798797607422,-0.991424055095455836195128540566656738519668579101562500000000, 0.036819172264396703153632728344746283255517482757568359375000,-0.125390157236711791144401217934500891715288162231445312500000, 1.696517409246554697332953764998819679021835327148437500000000, 3.104472050156183549063371174270287156105041503906250000000000
 0.000331604187319964219086976253692000682349316775798797607422,-0.991424055095455836195128540566656738519668579101562500000000,-0.036819172264396703153632728344746283255517482757568359375000, 0.125390157236711596855371908532106317579746246337890625000000, 1.445075244343238640709614628576673567295074462890625000000000, 3.178713257023402682932555762818083167076110839843750000000000
 0.000331604187319964219086976253692000682349316775798797607422,-0.991424055095455836195128540566656738519668579101562500000000,-0.036819172264396703153632728344746283255517482757568359375000,-0.125390157236711791144401217934500891715288162231445312500000, 1.696517409246554697332953764998819679021835327148437500000000, 3.178713257023402682932555762818083167076110839843750000000000
 0.000389911356714957920300418381387430599716026335954666137695, 0.177572151038393910571500100559205748140811920166015625000000, 0.079824876072132899818001305902726016938686370849609375000000, 0.980864985783296505772455020633060485124588012695312500000000, 0.195940564096899111357075184969289693981409072875976562500000, 0.422467066809904978619272242212900891900062561035156250000000
 0.000389911356714957920300418381387430599716026335954666137695, 0.177572151038393993838226947445946279913187026977539062500000, 0.079824876072132996962515960603923304006457328796386718750000,-0.980864985783296505772455020633060485124588012695312500000000, 2.945652089492893921374161436688154935836791992187500000000000, 0.422467066809905256175028398502035997807979583740234375000000
 0.000389911356714957920300418381387430599716026335954666137695, 0.177572151038393910571500100559205748140811920166015625000000,-0.079824876072132899818001305902726016938686370849609375000000, 0.980864985783296505772455020633060485124588012695312500000000, 0.195940564096899111357075184969289693981409072875976562500000, 5.860718240369680920309747307328507304191589355468750000000000
 0.000389911356714957920300418381387430599716026335954666137695, 0.177572151038393993838226947445946279913187026977539062500000,-0.079824876072132996962515960603923304006457328796386718750000,-0.980864985783296505772455020633060485124588012695312500000000, 2.945652089492893921374161436688154935836791992187500000000000, 5.860718240369680920309747307328507304191589355468750000000000
 0.000389911356714957920300418381387430599716026335954666137695,-0.177572151038393910571500100559205748140811920166015625000000, 0.079824876072132899818001305902726016938686370849609375000000, 0.980864985783296505772455020633060485124588012695312500000000, 0.195940564096899111357075184969289693981409072875976562500000, 2.719125586779888248400993688846938312053680419921875000000000
 0.000389911356714957920300418381387430599716026335954666137695,-0.177572151038393993838226947445946279913187026977539062500000, 0.079824876072132996962515960603923304006457328796386718750000,-0.980864985783296505772455020633060485124588012695312500000000, 2.945652089492893921374161436688154935836791992187500000000000, 2.719125586779887804311783838784322142601013183593750000000000
 0.000389911356714957920300418381387430599716026335954666137695,-0.177572151038393910571500100559205748140811920166015625000000,-0.079824876072132899818001305902726016938686370849609375000000, 0.980864985783296505772455020633060485124588012695312500000000, 0.195940564096899111357075184969289693981409072875976562500000, 3.564059720399697983594933248241432011127471923828125000000000
 0.000389911356714957920300418381387430599716026335954666137695,-0.177572151038393993838226947445946279913187026977539062500000,-0.079824876072132996962515960603923304006457328796386718750000,-0.980864985783296505772455020633060485124588012695312500000000, 2.945652089492893921374161436688154935836791992187500000000000, 3.564059720399698427684143098304048180580139160156250000000000
 0.000389911356714957920300418381387430599716026335954666137695, 0.177572151038393993838226947445946279913187026977539062500000, 0.980864985783296394750152558117406442761421203613281250000000, 0.079824876072132802673486651201528729870915412902832031250000, 1.490886432552318563438120690989308059215545654296875000000000, 1.391699809196541570699423573387321084737777709960937500000000
 0.000389911356714957920300418381387430599716026335954666137695, 0.177572151038393993838226947445946279913187026977539062500000, 0.980864985783296394750152558117406442761421203613281250000000,-0.079824876072133094107030615305120591074228286743164062500000, 1.650706221037474996649052627617493271827697753906250000000000, 1.391699809196541570699423573387321084737777709960937500000000
 0.000389911356714957920300418381387430599716026335954666137695, 0.177572151038393993838226947445946279913187026977539062500000,-0.980864985783296394750152558117406442761421203613281250000000, 0.079824876072132802673486651201528729870915412902832031250000, 1.490886432552318563438120690989308059215545654296875000000000, 4.891485497983044439251898438669741153717041015625000000000000
 0.000389911356714957920300418381387430599716026335954666137695, 0.177572151038393993838226947445946279913187026977539062500000,-0.980864985783296394750152558117406442761421203613281250000000,-0.079824876072133094107030615305120591074228286743164062500000, 1.650706221037474996649052627617493271827697753906250000000000, 4.891485497983044439251898438669741153717041015625000000000000
 0.000389911356714957920300418381387430599716026335954666137695,-0.177572151038393993838226947445946279913187026977539062500000, 0.980864985783296394750152558117406442761421203613281250000000, 0.079824876072132802673486651201528729870915412902832031250000, 1.490886432552318563438120690989308059215545654296875000000000, 1.749892844393251767343144820188172161579132080078125000000000
 0.000389911356714957920300418381387430599716026335954666137695,-0.177572151038393993838226947445946279913187026977539062500000, 0.980864985783296394750152558117406442761421203613281250000000,-0.079824876072133094107030615305120591074228286743164062500000, 1.650706221037474996649052627617493271827697753906250000000000, 1.749892844393251767343144820188172161579132080078125000000000
 0.000389911356714957920300418381387430599716026335954666137695,-0.177572151038393993838226947445946279913187026977539062500000,-0.980864985783296394750152558117406442761421203613281250000000, 0.079824876072132802673486651201528729870915412902832031250000, 1.490886432552318563438120690989308059215545654296875000000000, 4.533292462786334908741991966962814331054687500000000000000000
 0.000389911356714957920300418381387430599716026335954666137695,-0.177572151038393993838226947445946279913187026977539062500000,-0.980864985783296394750152558117406442761421203613281250000000,-0.079824876072133094107030615305120591074228286743164062500000, 1.650706221037474996649052627617493271827697753906250000000000, 4.533292462786334908741991966962814331054687500000000000000000
 0.000389911356714957920300418381387430599716026335954666137695, 0.079824876072132899818001305902726016938686370849609375000000, 0.177572151038393910571500100559205748140811920166015625000000, 0.980864985783296505772455020633060485124588012695312500000000, 0.195940564096899111357075184969289693981409072875976562500000, 1.148329259984991690402011954574845731258392333984375000000000
 0.000389911356714957920300418381387430599716026335954666137695, 0.079824876072132996962515960603923304006457328796386718750000, 0.177572151038393993838226947445946279913187026977539062500000,-0.980864985783296505772455020633060485124588012695312500000000, 2.945652089492893921374161436688154935836791992187500000000000, 1.148329259984991468357407029543537646532058715820312500000000
 0.000389911356714957920300418381387430599716026335954666137695, 0.079824876072132899818001305902726016938686370849609375000000,-0.177572151038393910571500100559205748140811920166015625000000, 0.980864985783296505772455020633060485124588012695312500000000, 0.195940564096899111357075184969289693981409072875976562500000, 5.134856047194594097504705132450908422470092773437500000000000
 0.000389911356714957920300418381387430599716026335954666137695, 0.079824876072132996962515960603923304006457328796386718750000,-0.177572151038393993838226947445946279913187026977539062500000,-0.980864985783296505772455020633060485124588012695312500000000, 2.945652089492893921374161436688154935836791992187500000000000, 5.134856047194594985683124832576140761375427246093750000000000
 0.000389911356714957920300418381387430599716026335954666137695,-0.079824876072132899818001305902726016938686370849609375000000, 0.177572151038393910571500100559205748140811920166015625000000, 0.980864985783296505772455020633060485124588012695312500000000, 0.195940564096899111357075184969289693981409072875976562500000, 1.993263393604801647640556439000647515058517456054687500000000
 0.000389911356714957920300418381387430599716026335954666137695,-0.079824876072132996962515960603923304006457328796386718750000, 0.177572151038393993838226947445946279913187026977539062500000,-0.980864985783296505772455020633060485124588012695312500000000, 2.945652089492893921374161436688154935836791992187500000000000, 1.993263393604801869685161364031955599784851074218750000000000
 0.000389911356714957920300418381387430599716026335954666137695,-0.079824876072132899818001305902726016938686370849609375000000,-0.177572151038393910571500100559205748140811920166015625000000, 0.980864985783296505772455020633060485124588012695312500000000, 0.195940564096899111357075184969289693981409072875976562500000, 4.289921913574784362310765573056414723396301269531250000000000
 0.000389911356714957920300418381387430599716026335954666137695,-0.079824876072132996962515960603923304006457328796386718750000,-0.177572151038393993838226947445946279913187026977539062500000,-0.980864985783296505772455020633060485124588012695312500000000, 2.945652089492893921374161436688154935836791992187500000000000, 4.289921913574784362310765573056414723396301269531250000000000
 0.000389911356714957920300418381387430599716026335954666137695, 0.079824876072133094107030615305120591074228286743164062500000, 0.980864985783296505772455020633060485124588012695312500000000, 0.177572151038393993838226947445946279913187026977539062500000, 1.392277483355851552815352079051081091165542602539062500000000, 1.489593157980790838479379090131260454654693603515625000000000
 0.000389911356714957920300418381387430599716026335954666137695, 0.079824876072133094107030615305120591074228286743164062500000, 0.980864985783296394750152558117406442761421203613281250000000,-0.177572151038394299149558719363994896411895751953125000000000, 1.749315170233942007271821239555720239877700805664062500000000, 1.489593157980790838479379090131260454654693603515625000000000
 0.000389911356714957920300418381387430599716026335954666137695, 0.079824876072133094107030615305120591074228286743164062500000,-0.980864985783296505772455020633060485124588012695312500000000, 0.177572151038393993838226947445946279913187026977539062500000, 1.392277483355851552815352079051081091165542602539062500000000, 4.793592149198795837605757697019726037979125976562500000000000
 0.000389911356714957920300418381387430599716026335954666137695, 0.079824876072133094107030615305120591074228286743164062500000,-0.980864985783296394750152558117406442761421203613281250000000,-0.177572151038394299149558719363994896411895751953125000000000, 1.749315170233942007271821239555720239877700805664062500000000, 4.793592149198795837605757697019726037979125976562500000000000
 0.000389911356714957920300418381387430599716026335954666137695,-0.079824876072133094107030615305120591074228286743164062500000, 0.980864985783296505772455020633060485124588012695312500000000, 0.177572151038393993838226947445946279913187026977539062500000, 1.392277483355851552815352079051081091165542602539062500000000, 1.651999495609002499563189303444232791662216186523437500000000
 0.000389911356714957920300418381387430599716026335954666137695,-0.079824876072133094107030615305120591074228286743164062500000, 0.980864985783296394750152558117406442761421203613281250000000,-0.177572151038394299149558719363994896411895751953125000000000, 1.749315170233942007271821239555720239877700805664062500000000, 1.651999495609002499563189303444232791662216186523437500000000
 0.000389911356714957920300418381387430599716026335954666137695,-0.079824876072133094107030615305120591074228286743164062500000,-0.980864985783296505772455020633060485124588012695312500000000, 0.177572151038393993838226947445946279913187026977539062500000, 1.392277483355851552815352079051081091165542602539062500000000, 4.631185811570583510388132708612829446792602539062500000000000
 0.000389911356714957920300418381387430599716026335954666137695,-0.079824876072133094107030615305120591074228286743164062500000,-0.980864985783296394750152558117406442761421203613281250000000,-0.177572151038394299149558719363994896411895751953125000000000, 1.749315170233942007271821239555720239877700805664062500000000, 4.631185811570583510388132708612829446792602539062500000000000
 0.000389911356714957920300418381387430599716026335954666137695, 0.980864985783296394750152558117406442761421203613281250000000, 0.177572151038394104860529409961600322276353836059570312500000, 0.079824876072132802673486651201528729870915412902832031250000, 1.490886432552318563438120690989308059215545654296875000000000, 0.179096517598355209344163085916079580783843994140625000000000
 0.000389911356714957920300418381387430599716026335954666137695, 0.980864985783296394750152558117406442761421203613281250000000, 0.177572151038394104860529409961600322276353836059570312500000,-0.079824876072133094107030615305120591074228286743164062500000, 1.650706221037474996649052627617493271827697753906250000000000, 0.179096517598355209344163085916079580783843994140625000000000
 0.000389911356714957920300418381387430599716026335954666137695, 0.980864985783296394750152558117406442761421203613281250000000,-0.177572151038394104860529409961600322276353836059570312500000, 0.079824876072132802673486651201528729870915412902832031250000, 1.490886432552318563438120690989308059215545654296875000000000, 6.104088789581231466740973701234906911849975585937500000000000
 0.000389911356714957920300418381387430599716026335954666137695, 0.980864985783296394750152558117406442761421203613281250000000,-0.177572151038394104860529409961600322276353836059570312500000,-0.079824876072133094107030615305120591074228286743164062500000, 1.650706221037474996649052627617493271827697753906250000000000, 6.104088789581231466740973701234906911849975585937500000000000
 0.000389911356714957920300418381387430599716026335954666137695,-0.980864985783296394750152558117406442761421203613281250000000, 0.177572151038394188127256256848340854048728942871093750000000, 0.079824876072132802673486651201528729870915412902832031250000, 1.490886432552318563438120690989308059215545654296875000000000, 2.962496135991437906653800382628105580806732177734375000000000
 0.000389911356714957920300418381387430599716026335954666137695,-0.980864985783296394750152558117406442761421203613281250000000, 0.177572151038394188127256256848340854048728942871093750000000,-0.079824876072133094107030615305120591074228286743164062500000, 1.650706221037474996649052627617493271827697753906250000000000, 2.962496135991437906653800382628105580806732177734375000000000
 0.000389911356714957920300418381387430599716026335954666137695,-0.980864985783296394750152558117406442761421203613281250000000,-0.177572151038394188127256256848340854048728942871093750000000, 0.079824876072132802673486651201528729870915412902832031250000, 1.490886432552318563438120690989308059215545654296875000000000, 3.320689171188148325342126554460264742374420166015625000000000
 0.000389911356714957920300418381387430599716026335954666137695,-0.980864985783296394750152558117406442761421203613281250000000,-0.177572151038394188127256256848340854048728942871093750000000,-0.079824876072133094107030615305120591074228286743164062500000, 1.650706221037474996649052627617493271827697753906250000000000, 3.320689171188148325342126554460264742374420166015625000000000
 0.000389911356714957920300418381387430599716026335954666137695, 0.980864985783296505772455020633060485124588012695312500000000, 0.079824876072133593707391696625563781708478927612304687500000, 0.177572151038393993838226947445946279913187026977539062500000, 1.392277483355851552815352079051081091165542602539062500000000, 0.081203168814106302386690572348015848547220230102539062500000
 0.000389911356714957920300418381387430599716026335954666137695, 0.980864985783296394750152558117406442761421203613281250000000, 0.079824876072133496562877041924366494640707969665527343750000,-0.177572151038394299149558719363994896411895751953125000000000, 1.749315170233942007271821239555720239877700805664062500000000, 0.081203168814106205242175917646818561479449272155761718750000
 0.000389911356714957920300418381387430599716026335954666137695, 0.980864985783296505772455020633060485124588012695312500000000,-0.079824876072133593707391696625563781708478927612304687500000, 0.177572151038393993838226947445946279913187026977539062500000, 1.392277483355851552815352079051081091165542602539062500000000, 6.201982138365480068387114442884922027587890625000000000000000
 0.000389911356714957920300418381387430599716026335954666137695, 0.980864985783296394750152558117406442761421203613281250000000,-0.079824876072133496562877041924366494640707969665527343750000,-0.177572151038394299149558719363994896411895751953125000000000, 1.749315170233942007271821239555720239877700805664062500000000, 6.201982138365480068387114442884922027587890625000000000000000
 0.000389911356714957920300418381387430599716026335954666137695,-0.980864985783296505772455020633060485124588012695312500000000, 0.079824876072133302273847732521971920505166053771972656250000, 0.177572151038393993838226947445946279913187026977539062500000, 1.392277483355851552815352079051081091165542602539062500000000, 3.060389484775687396478360824403353035449981689453125000000000
 0.000389911356714957920300418381387430599716026335954666137695,-0.980864985783296394750152558117406442761421203613281250000000, 0.079824876072133302273847732521971920505166053771972656250000,-0.177572151038394299149558719363994896411895751953125000000000, 1.749315170233942007271821239555720239877700805664062500000000, 3.060389484775687396478360824403353035449981689453125000000000
 0.000389911356714957920300418381387430599716026335954666137695,-0.980864985783296505772455020633060485124588012695312500000000,-0.079824876072133302273847732521971920505166053771972656250000, 0.177572151038393993838226947445946279913187026977539062500000, 1.392277483355851552815352079051081091165542602539062500000000, 3.222795822403898835517566112685017287731170654296875000000000
 0.000389911356714957920300418381387430599716026335954666137695,-0.980864985783296394750152558117406442761421203613281250000000,-0.079824876072133302273847732521971920505166053771972656250000,-0.177572151038394299149558719363994896411895751953125000000000, 1.749315170233942007271821239555720239877700805664062500000000, 3.222795822403898835517566112685017287731170654296875000000000
 0.000434334332719953130144685538027715665521100163459777832031, 0.230569335821611209880188653187360614538192749023437500000000, 0.126464096659233304897895777685334905982017517089843750000000, 0.964802888488081378248750752391060814261436462402343750000000, 0.266103530315082992263597816418041475117206573486328125000000, 0.501680234290476589897878056945046409964561462402343750000000
 0.000434334332719953130144685538027715665521100163459777832031, 0.230569335821610904568856881269311998039484024047851562500000, 0.126464096659233193875593315169680863618850708007812500000000,-0.964802888488081489271053214906714856624603271484375000000000, 2.875489123274710845379331658477894961833953857421875000000000, 0.501680234290476811942482981976354494690895080566406250000000
 0.000434334332719953130144685538027715665521100163459777832031, 0.230569335821611209880188653187360614538192749023437500000000,-0.126464096659233304897895777685334905982017517089843750000000, 0.964802888488081378248750752391060814261436462402343750000000, 0.266103530315082992263597816418041475117206573486328125000000, 5.781505072889109975164956267690286040306091308593750000000000
 0.000434334332719953130144685538027715665521100163459777832031, 0.230569335821610904568856881269311998039484024047851562500000,-0.126464096659233193875593315169680863618850708007812500000000,-0.964802888488081489271053214906714856624603271484375000000000, 2.875489123274710845379331658477894961833953857421875000000000, 5.781505072889109086986536567565053701400756835937500000000000
 0.000434334332719953130144685538027715665521100163459777832031,-0.230569335821611209880188653187360614538192749023437500000000, 0.126464096659233304897895777685334905982017517089843750000000, 0.964802888488081378248750752391060814261436462402343750000000, 0.266103530315082992263597816418041475117206573486328125000000, 2.639912419299316859166992799146100878715515136718750000000000
 0.000434334332719953130144685538027715665521100163459777832031,-0.230569335821610904568856881269311998039484024047851562500000, 0.126464096659233193875593315169680863618850708007812500000000,-0.964802888488081489271053214906714856624603271484375000000000, 2.875489123274710845379331658477894961833953857421875000000000, 2.639912419299316415077782949083484709262847900390625000000000
 0.000434334332719953130144685538027715665521100163459777832031,-0.230569335821611209880188653187360614538192749023437500000000,-0.126464096659233304897895777685334905982017517089843750000000, 0.964802888488081378248750752391060814261436462402343750000000, 0.266103530315082992263597816418041475117206573486328125000000, 3.643272887880269372828934137942269444465637207031250000000000
 0.000434334332719953130144685538027715665521100163459777832031,-0.230569335821610904568856881269311998039484024047851562500000,-0.126464096659233193875593315169680863618850708007812500000000,-0.964802888488081489271053214906714856624603271484375000000000, 2.875489123274710845379331658477894961833953857421875000000000, 3.643272887880269816918143988004885613918304443359375000000000
 0.000434334332719953130144685538027715665521100163459777832031, 0.230569335821611404169217962589755188673734664916992187500000, 0.964802888488081267226448289875406771898269653320312500000000, 0.126464096659233388164622624572075437754392623901367187500000, 1.443992687163384358584039546258281916379928588867187500000000, 1.336215289812038742311983696708921343088150024414062500000000
 0.000434334332719953130144685538027715665521100163459777832031, 0.230569335821611404169217962589755188673734664916992187500000, 0.964802888488081267226448289875406771898269653320312500000000,-0.126464096659233693475954396490124054253101348876953125000000, 1.697599966426409201503133772348519414663314819335937500000000, 1.336215289812038742311983696708921343088150024414062500000000
 0.000434334332719953130144685538027715665521100163459777832031, 0.230569335821611404169217962589755188673734664916992187500000,-0.964802888488081267226448289875406771898269653320312500000000, 0.126464096659233388164622624572075437754392623901367187500000, 1.443992687163384358584039546258281916379928588867187500000000, 4.946970017367547711728548165410757064819335937500000000000000
 0.000434334332719953130144685538027715665521100163459777832031, 0.230569335821611404169217962589755188673734664916992187500000,-0.964802888488081267226448289875406771898269653320312500000000,-0.126464096659233693475954396490124054253101348876953125000000, 1.697599966426409201503133772348519414663314819335937500000000, 4.946970017367547711728548165410757064819335937500000000000000
 0.000434334332719953130144685538027715665521100163459777832031,-0.230569335821611404169217962589755188673734664916992187500000, 0.964802888488081267226448289875406771898269653320312500000000, 0.126464096659233388164622624572075437754392623901367187500000, 1.443992687163384358584039546258281916379928588867187500000000, 1.805377363777754595730584696866571903228759765625000000000000
 0.000434334332719953130144685538027715665521100163459777832031,-0.230569335821611404169217962589755188673734664916992187500000, 0.964802888488081267226448289875406771898269653320312500000000,-0.126464096659233693475954396490124054253101348876953125000000, 1.697599966426409201503133772348519414663314819335937500000000, 1.805377363777754595730584696866571903228759765625000000000000
 0.000434334332719953130144685538027715665521100163459777832031,-0.230569335821611404169217962589755188673734664916992187500000,-0.964802888488081267226448289875406771898269653320312500000000, 0.126464096659233388164622624572075437754392623901367187500000, 1.443992687163384358584039546258281916379928588867187500000000, 4.477807943401831636265342240221798419952392578125000000000000
 0.000434334332719953130144685538027715665521100163459777832031,-0.230569335821611404169217962589755188673734664916992187500000,-0.964802888488081267226448289875406771898269653320312500000000,-0.126464096659233693475954396490124054253101348876953125000000, 1.697599966426409201503133772348519414663314819335937500000000, 4.477807943401831636265342240221798419952392578125000000000000
 0.000434334332719953130144685538027715665521100163459777832031, 0.126464096659233388164622624572075437754392623901367187500000, 0.230569335821611098857886190671706572175025939941406250000000, 0.964802888488081378248750752391060814261436462402343750000000, 0.266103530315082992263597816418041475117206573486328125000000, 1.069116092504419635034196289780084043741226196289062500000000
 0.000434334332719953130144685538027715665521100163459777832031, 0.126464096659233193875593315169680863618850708007812500000000, 0.230569335821610793546554418753657955676317214965820312500000,-0.964802888488081489271053214906714856624603271484375000000000, 2.875489123274710845379331658477894961833953857421875000000000, 1.069116092504419635034196289780084043741226196289062500000000
 0.000434334332719953130144685538027715665521100163459777832031, 0.126464096659233388164622624572075437754392623901367187500000,-0.230569335821611098857886190671706572175025939941406250000000, 0.964802888488081378248750752391060814261436462402343750000000, 0.266103530315082992263597816418041475117206573486328125000000, 5.214069214675166819006335572339594364166259765625000000000000
 0.000434334332719953130144685538027715665521100163459777832031, 0.126464096659233193875593315169680863618850708007812500000000,-0.230569335821610793546554418753657955676317214965820312500000,-0.964802888488081489271053214906714856624603271484375000000000, 2.875489123274710845379331658477894961833953857421875000000000, 5.214069214675166819006335572339594364166259765625000000000000
 0.000434334332719953130144685538027715665521100163459777832031,-0.126464096659233388164622624572075437754392623901367187500000, 0.230569335821611098857886190671706572175025939941406250000000, 0.964802888488081378248750752391060814261436462402343750000000, 0.266103530315082992263597816418041475117206573486328125000000, 2.072476561085373703008372103795409202575683593750000000000000
 0.000434334332719953130144685538027715665521100163459777832031,-0.126464096659233193875593315169680863618850708007812500000000, 0.230569335821610793546554418753657955676317214965820312500000,-0.964802888488081489271053214906714856624603271484375000000000, 2.875489123274710845379331658477894961833953857421875000000000, 2.072476561085373703008372103795409202575683593750000000000000
 0.000434334332719953130144685538027715665521100163459777832031,-0.126464096659233388164622624572075437754392623901367187500000,-0.230569335821611098857886190671706572175025939941406250000000, 0.964802888488081378248750752391060814261436462402343750000000, 0.266103530315082992263597816418041475117206573486328125000000, 4.210708746094212528987554833292961120605468750000000000000000
 0.000434334332719953130144685538027715665521100163459777832031,-0.126464096659233193875593315169680863618850708007812500000000,-0.230569335821610793546554418753657955676317214965820312500000,-0.964802888488081489271053214906714856624603271484375000000000, 2.875489123274710845379331658477894961833953857421875000000000, 4.210708746094212528987554833292961120605468750000000000000000
 0.000434334332719953130144685538027715665521100163459777832031, 0.126464096659233499186925087087729480117559432983398437500000, 0.964802888488081267226448289875406771898269653320312500000000, 0.230569335821611293146915500074101146310567855834960937500000, 1.338133583614883548307261662557721138000488281250000000000000, 1.440461727384093837400769189116545021533966064453125000000000
 0.000434334332719953130144685538027715665521100163459777832031, 0.126464096659233499186925087087729480117559432983398437500000, 0.964802888488081267226448289875406771898269653320312500000000,-0.230569335821611598458247271992149762809276580810546875000000, 1.803459069974910011779911656049080193042755126953125000000000, 1.440461727384093837400769189116545021533966064453125000000000
 0.000434334332719953130144685538027715665521100163459777832031, 0.126464096659233499186925087087729480117559432983398437500000,-0.964802888488081267226448289875406771898269653320312500000000, 0.230569335821611293146915500074101146310567855834960937500000, 1.338133583614883548307261662557721138000488281250000000000000, 4.842723579795492838684367598034441471099853515625000000000000
 0.000434334332719953130144685538027715665521100163459777832031, 0.126464096659233499186925087087729480117559432983398437500000,-0.964802888488081267226448289875406771898269653320312500000000,-0.230569335821611598458247271992149762809276580810546875000000, 1.803459069974910011779911656049080193042755126953125000000000, 4.842723579795492838684367598034441471099853515625000000000000
 0.000434334332719953130144685538027715665521100163459777832031,-0.126464096659233499186925087087729480117559432983398437500000, 0.964802888488081267226448289875406771898269653320312500000000, 0.230569335821611293146915500074101146310567855834960937500000, 1.338133583614883548307261662557721138000488281250000000000000, 1.701130926205699500641799204458948224782943725585937500000000
 0.000434334332719953130144685538027715665521100163459777832031,-0.126464096659233499186925087087729480117559432983398437500000, 0.964802888488081267226448289875406771898269653320312500000000,-0.230569335821611598458247271992149762809276580810546875000000, 1.803459069974910011779911656049080193042755126953125000000000, 1.701130926205699500641799204458948224782943725585937500000000
 0.000434334332719953130144685538027715665521100163459777832031,-0.126464096659233499186925087087729480117559432983398437500000,-0.964802888488081267226448289875406771898269653320312500000000, 0.230569335821611293146915500074101146310567855834960937500000, 1.338133583614883548307261662557721138000488281250000000000000, 4.582054380973886509309522807598114013671875000000000000000000
 0.000434334332719953130144685538027715665521100163459777832031,-0.126464096659233499186925087087729480117559432983398437500000,-0.964802888488081267226448289875406771898269653320312500000000,-0.230569335821611598458247271992149762809276580810546875000000, 1.803459069974910011779911656049080193042755126953125000000000, 4.582054380973886509309522807598114013671875000000000000000000
 0.000434334332719953130144685538027715665521100163459777832031, 0.964802888488081267226448289875406771898269653320312500000000, 0.230569335821611598458247271992149762809276580810546875000000, 0.126464096659233388164622624572075437754392623901367187500000, 1.443992687163384358584039546258281916379928588867187500000000, 0.234581036982858065487178578223392833024263381958007812500000
 0.000434334332719953130144685538027715665521100163459777832031, 0.964802888488081267226448289875406771898269653320312500000000, 0.230569335821611598458247271992149762809276580810546875000000,-0.126464096659233693475954396490124054253101348876953125000000, 1.697599966426409201503133772348519414663314819335937500000000, 0.234581036982858065487178578223392833024263381958007812500000
 0.000434334332719953130144685538027715665521100163459777832031, 0.964802888488081267226448289875406771898269653320312500000000,-0.230569335821611598458247271992149762809276580810546875000000, 0.126464096659233388164622624572075437754392623901367187500000, 1.443992687163384358584039546258281916379928588867187500000000, 6.048604270196728194264323974493891000747680664062500000000000
 0.000434334332719953130144685538027715665521100163459777832031, 0.964802888488081267226448289875406771898269653320312500000000,-0.230569335821611598458247271992149762809276580810546875000000,-0.126464096659233693475954396490124054253101348876953125000000, 1.697599966426409201503133772348519414663314819335937500000000, 6.048604270196728194264323974493891000747680664062500000000000
 0.000434334332719953130144685538027715665521100163459777832031,-0.964802888488081267226448289875406771898269653320312500000000, 0.230569335821611404169217962589755188673734664916992187500000, 0.126464096659233388164622624572075437754392623901367187500000, 1.443992687163384358584039546258281916379928588867187500000000, 2.907011616606935522355570356012322008609771728515625000000000
 0.000434334332719953130144685538027715665521100163459777832031,-0.964802888488081267226448289875406771898269653320312500000000, 0.230569335821611404169217962589755188673734664916992187500000,-0.126464096659233693475954396490124054253101348876953125000000, 1.697599966426409201503133772348519414663314819335937500000000, 2.907011616606935522355570356012322008609771728515625000000000
 0.000434334332719953130144685538027715665521100163459777832031,-0.964802888488081267226448289875406771898269653320312500000000,-0.230569335821611404169217962589755188673734664916992187500000, 0.126464096659233388164622624572075437754392623901367187500000, 1.443992687163384358584039546258281916379928588867187500000000, 3.376173690572650709640356581076048314571380615234375000000000
 0.000434334332719953130144685538027715665521100163459777832031,-0.964802888488081267226448289875406771898269653320312500000000,-0.230569335821611404169217962589755188673734664916992187500000,-0.126464096659233693475954396490124054253101348876953125000000, 1.697599966426409201503133772348519414663314819335937500000000, 3.376173690572650709640356581076048314571380615234375000000000
 0.000434334332719953130144685538027715665521100163459777832031, 0.964802888488081267226448289875406771898269653320312500000000, 0.126464096659233804498256859005778096616268157958984375000000, 0.230569335821611293146915500074101146310567855834960937500000, 1.338133583614883548307261662557721138000488281250000000000000, 0.130334599410803136931846779589250218123197555541992187500000
 0.000434334332719953130144685538027715665521100163459777832031, 0.964802888488081267226448289875406771898269653320312500000000, 0.126464096659233804498256859005778096616268157958984375000000,-0.230569335821611598458247271992149762809276580810546875000000, 1.803459069974910011779911656049080193042755126953125000000000, 0.130334599410803136931846779589250218123197555541992187500000
 0.000434334332719953130144685538027715665521100163459777832031, 0.964802888488081267226448289875406771898269653320312500000000,-0.126464096659233804498256859005778096616268157958984375000000, 0.230569335821611293146915500074101146310567855834960937500000, 1.338133583614883548307261662557721138000488281250000000000000, 6.152850707768783067308504541870206594467163085937500000000000
 0.000434334332719953130144685538027715665521100163459777832031, 0.964802888488081267226448289875406771898269653320312500000000,-0.126464096659233804498256859005778096616268157958984375000000,-0.230569335821611598458247271992149762809276580810546875000000, 1.803459069974910011779911656049080193042755126953125000000000, 6.152850707768783067308504541870206594467163085937500000000000
 0.000434334332719953130144685538027715665521100163459777832031,-0.964802888488081267226448289875406771898269653320312500000000, 0.126464096659233693475954396490124054253101348876953125000000, 0.230569335821611293146915500074101146310567855834960937500000, 1.338133583614883548307261662557721138000488281250000000000000, 3.011258054178990395399750923388637602329254150390625000000000
 0.000434334332719953130144685538027715665521100163459777832031,-0.964802888488081267226448289875406771898269653320312500000000, 0.126464096659233693475954396490124054253101348876953125000000,-0.230569335821611598458247271992149762809276580810546875000000, 1.803459069974910011779911656049080193042755126953125000000000, 3.011258054178990395399750923388637602329254150390625000000000
 0.000434334332719953130144685538027715665521100163459777832031,-0.964802888488081267226448289875406771898269653320312500000000,-0.126464096659233693475954396490124054253101348876953125000000, 0.230569335821611293146915500074101146310567855834960937500000, 1.338133583614883548307261662557721138000488281250000000000000, 3.271927253000595836596176013699732720851898193359375000000000
 0.000434334332719953130144685538027715665521100163459777832031,-0.964802888488081267226448289875406771898269653320312500000000,-0.126464096659233693475954396490124054253101348876953125000000,-0.230569335821611598458247271992149762809276580810546875000000, 1.803459069974910011779911656049080193042755126953125000000000, 3.271927253000595836596176013699732720851898193359375000000000
 0.000467941526231949493034451004191964784695301204919815063477, 0.283650284599206214952715754407108761370182037353515625000000, 0.175158568341895609643543707534263376146554946899414062500000, 0.942794777235855696595479003008222207427024841308593750000000, 0.339879699903301080166073688815231435000896453857421875000000, 0.553199398792921459566684916353551670908927917480468750000000
 0.000467941526231949493034451004191964784695301204919815063477, 0.283650284599206325975018216922762803733348846435546875000000, 0.175158568341895692910270554421003907918930053710937500000000,-0.942794777235855696595479003008222207427024841308593750000000, 2.801712953686492202365343473502434790134429931640625000000000, 0.553199398792921570588987378869205713272094726562500000000000
 0.000467941526231949493034451004191964784695301204919815063477, 0.283650284599206214952715754407108761370182037353515625000000,-0.175158568341895609643543707534263376146554946899414062500000, 0.942794777235855696595479003008222207427024841308593750000000, 0.339879699903301080166073688815231435000896453857421875000000, 5.729985908386664661406939558219164609909057617187500000000000
 0.000467941526231949493034451004191964784695301204919815063477, 0.283650284599206325975018216922762803733348846435546875000000,-0.175158568341895692910270554421003907918930053710937500000000,-0.942794777235855696595479003008222207427024841308593750000000, 2.801712953686492202365343473502434790134429931640625000000000, 5.729985908386664661406939558219164609909057617187500000000000
 0.000467941526231949493034451004191964784695301204919815063477,-0.283650284599206214952715754407108761370182037353515625000000, 0.175158568341895609643543707534263376146554946899414062500000, 0.942794777235855696595479003008222207427024841308593750000000, 0.339879699903301080166073688815231435000896453857421875000000, 2.588393254796871545408976089674979448318481445312500000000000
 0.000467941526231949493034451004191964784695301204919815063477,-0.283650284599206325975018216922762803733348846435546875000000, 0.175158568341895692910270554421003907918930053710937500000000,-0.942794777235855696595479003008222207427024841308593750000000, 2.801712953686492202365343473502434790134429931640625000000000, 2.588393254796871545408976089674979448318481445312500000000000
 0.000467941526231949493034451004191964784695301204919815063477,-0.283650284599206214952715754407108761370182037353515625000000,-0.175158568341895609643543707534263376146554946899414062500000, 0.942794777235855696595479003008222207427024841308593750000000, 0.339879699903301080166073688815231435000896453857421875000000, 3.694792052382714686586950847413390874862670898437500000000000
 0.000467941526231949493034451004191964784695301204919815063477,-0.283650284599206325975018216922762803733348846435546875000000,-0.175158568341895692910270554421003907918930053710937500000000,-0.942794777235855696595479003008222207427024841308593750000000, 2.801712953686492202365343473502434790134429931640625000000000, 3.694792052382714686586950847413390874862670898437500000000000
 0.000467941526231949493034451004191964784695301204919815063477, 0.283650284599206214952715754407108761370182037353515625000000, 0.942794777235855807617781465523876249790191650390625000000000, 0.175158568341895692910270554421003907918930053710937500000000, 1.394729502673188736849851920851506292819976806640625000000000, 1.278549709117910770928006058966275304555892944335937500000000
 0.000467941526231949493034451004191964784695301204919815063477, 0.283650284599206214952715754407108761370182037353515625000000, 0.942794777235855807617781465523876249790191650390625000000000,-0.175158568341895692910270554421003907918930053710937500000000, 1.746863150916604601192716472723986953496932983398437500000000, 1.278549709117910770928006058966275304555892944335937500000000
 0.000467941526231949493034451004191964784695301204919815063477, 0.283650284599206214952715754407108761370182037353515625000000,-0.942794777235855807617781465523876249790191650390625000000000, 0.175158568341895692910270554421003907918930053710937500000000, 1.394729502673188736849851920851506292819976806640625000000000, 5.004635598061675239023315953090786933898925781250000000000000
 0.000467941526231949493034451004191964784695301204919815063477, 0.283650284599206214952715754407108761370182037353515625000000,-0.942794777235855807617781465523876249790191650390625000000000,-0.175158568341895692910270554421003907918930053710937500000000, 1.746863150916604601192716472723986953496932983398437500000000, 5.004635598061675239023315953090786933898925781250000000000000
 0.000467941526231949493034451004191964784695301204919815063477,-0.283650284599206381486169448180589824914932250976562500000000, 0.942794777235855696595479003008222207427024841308593750000000, 0.175158568341895692910270554421003907918930053710937500000000, 1.394729502673188736849851920851506292819976806640625000000000, 1.863042944471882789159167259640526026487350463867187500000000
 0.000467941526231949493034451004191964784695301204919815063477,-0.283650284599206381486169448180589824914932250976562500000000, 0.942794777235855696595479003008222207427024841308593750000000,-0.175158568341895692910270554421003907918930053710937500000000, 1.746863150916604601192716472723986953496932983398437500000000, 1.863042944471882789159167259640526026487350463867187500000000
 0.000467941526231949493034451004191964784695301204919815063477,-0.283650284599206381486169448180589824914932250976562500000000,-0.942794777235855696595479003008222207427024841308593750000000, 0.175158568341895692910270554421003907918930053710937500000000, 1.394729502673188736849851920851506292819976806640625000000000, 4.420142362707703220792154752416536211967468261718750000000000
 0.000467941526231949493034451004191964784695301204919815063477,-0.283650284599206381486169448180589824914932250976562500000000,-0.942794777235855696595479003008222207427024841308593750000000,-0.175158568341895692910270554421003907918930053710937500000000, 1.746863150916604601192716472723986953496932983398437500000000, 4.420142362707703220792154752416536211967468261718750000000000
 0.000467941526231949493034451004191964784695301204919815063477, 0.175158568341895609643543707534263376146554946899414062500000, 0.283650284599206214952715754407108761370182037353515625000000, 0.942794777235855696595479003008222207427024841308593750000000, 0.339879699903301080166073688815231435000896453857421875000000, 1.017596928001975209454599280434194952249526977539062500000000
 0.000467941526231949493034451004191964784695301204919815063477, 0.175158568341895609643543707534263376146554946899414062500000, 0.283650284599206325975018216922762803733348846435546875000000,-0.942794777235855696595479003008222207427024841308593750000000, 2.801712953686492202365343473502434790134429931640625000000000, 1.017596928001975209454599280434194952249526977539062500000000
 0.000467941526231949493034451004191964784695301204919815063477, 0.175158568341895609643543707534263376146554946899414062500000,-0.283650284599206214952715754407108761370182037353515625000000, 0.942794777235855696595479003008222207427024841308593750000000, 0.339879699903301080166073688815231435000896453857421875000000, 5.265588379177611244585932581685483455657958984375000000000000
 0.000467941526231949493034451004191964784695301204919815063477, 0.175158568341895609643543707534263376146554946899414062500000,-0.283650284599206325975018216922762803733348846435546875000000,-0.942794777235855696595479003008222207427024841308593750000000, 2.801712953686492202365343473502434790134429931640625000000000, 5.265588379177611244585932581685483455657958984375000000000000
 0.000467941526231949493034451004191964784695301204919815063477,-0.175158568341895609643543707534263376146554946899414062500000, 0.283650284599206214952715754407108761370182037353515625000000, 0.942794777235855696595479003008222207427024841308593750000000, 0.339879699903301080166073688815231435000896453857421875000000, 2.123995725587818128587969113141298294067382812500000000000000
 0.000467941526231949493034451004191964784695301204919815063477,-0.175158568341895692910270554421003907918930053710937500000000, 0.283650284599206325975018216922762803733348846435546875000000,-0.942794777235855696595479003008222207427024841308593750000000, 2.801712953686492202365343473502434790134429931640625000000000, 2.123995725587818128587969113141298294067382812500000000000000
 0.000467941526231949493034451004191964784695301204919815063477,-0.175158568341895609643543707534263376146554946899414062500000,-0.283650284599206214952715754407108761370182037353515625000000, 0.942794777235855696595479003008222207427024841308593750000000, 0.339879699903301080166073688815231435000896453857421875000000, 4.159189581591768103407957823947072029113769531250000000000000
 0.000467941526231949493034451004191964784695301204919815063477,-0.175158568341895692910270554421003907918930053710937500000000,-0.283650284599206325975018216922762803733348846435546875000000,-0.942794777235855696595479003008222207427024841308593750000000, 2.801712953686492202365343473502434790134429931640625000000000, 4.159189581591768103407957823947072029113769531250000000000000
 0.000467941526231949493034451004191964784695301204919815063477, 0.175158568341895609643543707534263376146554946899414062500000, 0.942794777235855807617781465523876249790191650390625000000000, 0.283650284599206325975018216922762803733348846435546875000000, 1.283197717796868086992390090017579495906829833984375000000000, 1.387104167732637671761608544329646974802017211914062500000000
 0.000467941526231949493034451004191964784695301204919815063477, 0.175158568341895609643543707534263376146554946899414062500000, 0.942794777235855807617781465523876249790191650390625000000000,-0.283650284599206325975018216922762803733348846435546875000000, 1.858394935792925029005573378526605665683746337890625000000000, 1.387104167732637671761608544329646974802017211914062500000000
 0.000467941526231949493034451004191964784695301204919815063477, 0.175158568341895609643543707534263376146554946899414062500000,-0.942794777235855807617781465523876249790191650390625000000000, 0.283650284599206325975018216922762803733348846435546875000000, 1.283197717796868086992390090017579495906829833984375000000000, 4.896081139446948782278923317790031433105468750000000000000000
 0.000467941526231949493034451004191964784695301204919815063477, 0.175158568341895609643543707534263376146554946899414062500000,-0.942794777235855807617781465523876249790191650390625000000000,-0.283650284599206325975018216922762803733348846435546875000000, 1.858394935792925029005573378526605665683746337890625000000000, 4.896081139446948782278923317790031433105468750000000000000000
 0.000467941526231949493034451004191964784695301204919815063477,-0.175158568341895803932573016936657950282096862792968750000000, 0.942794777235855696595479003008222207427024841308593750000000, 0.283650284599206325975018216922762803733348846435546875000000, 1.283197717796868086992390090017579495906829833984375000000000, 1.754488485857155666280959849245846271514892578125000000000000
 0.000467941526231949493034451004191964784695301204919815063477,-0.175158568341895803932573016936657950282096862792968750000000, 0.942794777235855696595479003008222207427024841308593750000000,-0.283650284599206325975018216922762803733348846435546875000000, 1.858394935792925029005573378526605665683746337890625000000000, 1.754488485857155666280959849245846271514892578125000000000000
 0.000467941526231949493034451004191964784695301204919815063477,-0.175158568341895803932573016936657950282096862792968750000000,-0.942794777235855696595479003008222207427024841308593750000000, 0.283650284599206325975018216922762803733348846435546875000000, 1.283197717796868086992390090017579495906829833984375000000000, 4.528696821322430565714967087842524051666259765625000000000000
 0.000467941526231949493034451004191964784695301204919815063477,-0.175158568341895803932573016936657950282096862792968750000000,-0.942794777235855696595479003008222207427024841308593750000000,-0.283650284599206325975018216922762803733348846435546875000000, 1.858394935792925029005573378526605665683746337890625000000000, 4.528696821322430565714967087842524051666259765625000000000000
 0.000467941526231949493034451004191964784695301204919815063477, 0.942794777235855696595479003008222207427024841308593750000000, 0.283650284599206381486169448180589824914932250976562500000000, 0.175158568341895692910270554421003907918930053710937500000000, 1.394729502673188736849851920851506292819976806640625000000000, 0.292246617676986120137883062852779403328895568847656250000000
 0.000467941526231949493034451004191964784695301204919815063477, 0.942794777235855696595479003008222207427024841308593750000000, 0.283650284599206381486169448180589824914932250976562500000000,-0.175158568341895692910270554421003907918930053710937500000000, 1.746863150916604601192716472723986953496932983398437500000000, 0.292246617676986120137883062852779403328895568847656250000000
 0.000467941526231949493034451004191964784695301204919815063477, 0.942794777235855696595479003008222207427024841308593750000000,-0.283650284599206381486169448180589824914932250976562500000000, 0.175158568341895692910270554421003907918930053710937500000000, 1.394729502673188736849851920851506292819976806640625000000000, 5.990938689502599778791136486688628792762756347656250000000000
 0.000467941526231949493034451004191964784695301204919815063477, 0.942794777235855696595479003008222207427024841308593750000000,-0.283650284599206381486169448180589824914932250976562500000000,-0.175158568341895692910270554421003907918930053710937500000000, 1.746863150916604601192716472723986953496932983398437500000000, 5.990938689502599778791136486688628792762756347656250000000000
 0.000467941526231949493034451004191964784695301204919815063477,-0.942794777235855696595479003008222207427024841308593750000000, 0.283650284599206381486169448180589824914932250976562500000000, 0.175158568341895692910270554421003907918930053710937500000000, 1.394729502673188736849851920851506292819976806640625000000000, 2.849346035912807106882382868207059800624847412109375000000000
 0.000467941526231949493034451004191964784695301204919815063477,-0.942794777235855696595479003008222207427024841308593750000000, 0.283650284599206381486169448180589824914932250976562500000000,-0.175158568341895692910270554421003907918930053710937500000000, 1.746863150916604601192716472723986953496932983398437500000000, 2.849346035912807106882382868207059800624847412109375000000000
 0.000467941526231949493034451004191964784695301204919815063477,-0.942794777235855696595479003008222207427024841308593750000000,-0.283650284599206381486169448180589824914932250976562500000000, 0.175158568341895692910270554421003907918930053710937500000000, 1.394729502673188736849851920851506292819976806640625000000000, 3.433839271266779125113544068881310522556304931640625000000000
 0.000467941526231949493034451004191964784695301204919815063477,-0.942794777235855696595479003008222207427024841308593750000000,-0.283650284599206381486169448180589824914932250976562500000000,-0.175158568341895692910270554421003907918930053710937500000000, 1.746863150916604601192716472723986953496932983398437500000000, 3.433839271266779125113544068881310522556304931640625000000000
 0.000467941526231949493034451004191964784695301204919815063477, 0.942794777235855807617781465523876249790191650390625000000000, 0.175158568341895387598938782502955291420221328735351562500000, 0.283650284599206325975018216922762803733348846435546875000000, 1.283197717796868086992390090017579495906829833984375000000000, 0.183692159062258636437192649282224010676145553588867187500000
 0.000467941526231949493034451004191964784695301204919815063477, 0.942794777235855807617781465523876249790191650390625000000000, 0.175158568341895387598938782502955291420221328735351562500000,-0.283650284599206325975018216922762803733348846435546875000000, 1.858394935792925029005573378526605665683746337890625000000000, 0.183692159062258636437192649282224010676145553588867187500000
 0.000467941526231949493034451004191964784695301204919815063477, 0.942794777235855807617781465523876249790191650390625000000000,-0.175158568341895387598938782502955291420221328735351562500000, 0.283650284599206325975018216922762803733348846435546875000000, 1.283197717796868086992390090017579495906829833984375000000000, 6.099493148117328011892368522239848971366882324218750000000000
 0.000467941526231949493034451004191964784695301204919815063477, 0.942794777235855807617781465523876249790191650390625000000000,-0.175158568341895387598938782502955291420221328735351562500000,-0.283650284599206325975018216922762803733348846435546875000000, 1.858394935792925029005573378526605665683746337890625000000000, 6.099493148117328011892368522239848971366882324218750000000000
 0.000467941526231949493034451004191964784695301204919815063477,-0.942794777235855807617781465523876249790191650390625000000000, 0.175158568341895609643543707534263376146554946899414062500000, 0.283650284599206325975018216922762803733348846435546875000000, 1.283197717796868086992390090017579495906829833984375000000000, 2.957900494527534451805195203633047640323638916015625000000000
 0.000467941526231949493034451004191964784695301204919815063477,-0.942794777235855807617781465523876249790191650390625000000000, 0.175158568341895609643543707534263376146554946899414062500000,-0.283650284599206325975018216922762803733348846435546875000000, 1.858394935792925029005573378526605665683746337890625000000000, 2.957900494527534451805195203633047640323638916015625000000000
 0.000467941526231949493034451004191964784695301204919815063477,-0.942794777235855807617781465523876249790191650390625000000000,-0.175158568341895609643543707534263376146554946899414062500000, 0.283650284599206325975018216922762803733348846435546875000000, 1.283197717796868086992390090017579495906829833984375000000000, 3.325284812652051780190731733455322682857513427734375000000000
 0.000467941526231949493034451004191964784695301204919815063477,-0.942794777235855807617781465523876249790191650390625000000000,-0.175158568341895609643543707534263376146554946899414062500000,-0.283650284599206325975018216922762803733348846435546875000000, 1.858394935792925029005573378526605665683746337890625000000000, 3.325284812652051780190731733455322682857513427734375000000000
 0.000493084798162946730260003391776990611106157302856445312500, 0.336179474623258978116524531287723220884799957275390625000000, 0.224799590763266998738600932483677752315998077392578125000000, 0.914575587272422940721128270524786785244941711425781250000000, 0.416339103114967801211321329901693388819694519042968750000000, 0.589401526190464708498950585635611787438392639160156250000000
 0.000493084798162946730260003391776990611106157302856445312500, 0.336179474623258478516163449967280030250549316406250000000000, 0.224799590763266693427269160565629135817289352416992187500000,-0.914575587272423162765733195556094869971275329589843750000000, 2.725253550474826091942759376252070069313049316406250000000000, 0.589401526190464819521253048151265829801559448242187500000000
 0.000493084798162946730260003391776990611106157302856445312500, 0.336179474623258978116524531287723220884799957275390625000000,-0.224799590763266998738600932483677752315998077392578125000000, 0.914575587272422940721128270524786785244941711425781250000000, 0.416339103114967801211321329901693388819694519042968750000000, 5.693783780989121190430068963905796408653259277343750000000000
 0.000493084798162946730260003391776990611106157302856445312500, 0.336179474623258478516163449967280030250549316406250000000000,-0.224799590763266693427269160565629135817289352416992187500000,-0.914575587272423162765733195556094869971275329589843750000000, 2.725253550474826091942759376252070069313049316406250000000000, 5.693783780989121190430068963905796408653259277343750000000000
 0.000493084798162946730260003391776990611106157302856445312500,-0.336179474623258978116524531287723220884799957275390625000000, 0.224799590763266998738600932483677752315998077392578125000000, 0.914575587272422940721128270524786785244941711425781250000000, 0.416339103114967801211321329901693388819694519042968750000000, 2.552191127399328518521315345424227416515350341796875000000000
 0.000493084798162946730260003391776990611106157302856445312500,-0.336179474623258478516163449967280030250549316406250000000000, 0.224799590763266693427269160565629135817289352416992187500000,-0.914575587272423162765733195556094869971275329589843750000000, 2.725253550474826091942759376252070069313049316406250000000000, 2.552191127399328518521315345424227416515350341796875000000000
 0.000493084798162946730260003391776990611106157302856445312500,-0.336179474623258978116524531287723220884799957275390625000000,-0.224799590763266998738600932483677752315998077392578125000000, 0.914575587272422940721128270524786785244941711425781250000000, 0.416339103114967801211321329901693388819694519042968750000000, 3.730994179780257713474611591664142906665802001953125000000000
 0.000493084798162946730260003391776990611106157302856445312500,-0.336179474623258478516163449967280030250549316406250000000000,-0.224799590763266693427269160565629135817289352416992187500000,-0.914575587272423162765733195556094869971275329589843750000000, 2.725253550474826091942759376252070069313049316406250000000000, 3.730994179780257713474611591664142906665802001953125000000000
 0.000493084798162946730260003391776990611106157302856445312500, 0.336179474623259089138826993803377263247966766357421875000000, 0.914575587272422829698825808009132742881774902343750000000000, 0.224799590763266887716298469968023709952831268310546875000000, 1.344058968941960863219264865620061755180358886718750000000000, 1.218546889184469295130952559702564030885696411132812500000000
 0.000493084798162946730260003391776990611106157302856445312500, 0.336179474623259089138826993803377263247966766357421875000000, 0.914575587272422829698825808009132742881774902343750000000000,-0.224799590763267109760903394999331794679164886474609375000000, 1.797533684647832474823303527955431491136550903320312500000000, 1.218546889184469295130952559702564030885696411132812500000000
 0.000493084798162946730260003391776990611106157302856445312500, 0.336179474623259089138826993803377263247966766357421875000000,-0.914575587272422829698825808009132742881774902343750000000000, 0.224799590763266887716298469968023709952831268310546875000000, 1.344058968941960863219264865620061755180358886718750000000000, 5.064638417995117158909579302417114377021789550781250000000000
 0.000493084798162946730260003391776990611106157302856445312500, 0.336179474623259089138826993803377263247966766357421875000000,-0.914575587272422829698825808009132742881774902343750000000000,-0.224799590763267109760903394999331794679164886474609375000000, 1.797533684647832474823303527955431491136550903320312500000000, 5.064638417995117158909579302417114377021789550781250000000000
 0.000493084798162946730260003391776990611106157302856445312500,-0.336179474623259089138826993803377263247966766357421875000000, 0.914575587272422829698825808009132742881774902343750000000000, 0.224799590763266887716298469968023709952831268310546875000000, 1.344058968941960863219264865620061755180358886718750000000000, 1.923045764405324042911615833872929215431213378906250000000000
 0.000493084798162946730260003391776990611106157302856445312500,-0.336179474623259089138826993803377263247966766357421875000000, 0.914575587272422829698825808009132742881774902343750000000000,-0.224799590763267109760903394999331794679164886474609375000000, 1.797533684647832474823303527955431491136550903320312500000000, 1.923045764405324042911615833872929215431213378906250000000000
 0.000493084798162946730260003391776990611106157302856445312500,-0.336179474623259089138826993803377263247966766357421875000000,-0.914575587272422829698825808009132742881774902343750000000000, 0.224799590763266887716298469968023709952831268310546875000000, 1.344058968941960863219264865620061755180358886718750000000000, 4.360139542774262189084311103215441107749938964843750000000000
 0.000493084798162946730260003391776990611106157302856445312500,-0.336179474623259089138826993803377263247966766357421875000000,-0.914575587272422829698825808009132742881774902343750000000000,-0.224799590763267109760903394999331794679164886474609375000000, 1.797533684647832474823303527955431491136550903320312500000000, 4.360139542774262189084311103215441107749938964843750000000000
 0.000493084798162946730260003391776990611106157302856445312500, 0.224799590763266998738600932483677752315998077392578125000000, 0.336179474623258978116524531287723220884799957275390625000000, 0.914575587272422940721128270524786785244941711425781250000000, 0.416339103114967801211321329901693388819694519042968750000000, 0.981394800604431849500031148636480793356895446777343750000000
 0.000493084798162946730260003391776990611106157302856445312500, 0.224799590763266693427269160565629135817289352416992187500000, 0.336179474623258478516163449967280030250549316406250000000000,-0.914575587272423162765733195556094869971275329589843750000000, 2.725253550474826091942759376252070069313049316406250000000000, 0.981394800604431849500031148636480793356895446777343750000000
 0.000493084798162946730260003391776990611106157302856445312500, 0.224799590763266998738600932483677752315998077392578125000000,-0.336179474623258978116524531287723220884799957275390625000000, 0.914575587272422940721128270524786785244941711425781250000000, 0.416339103114967801211321329901693388819694519042968750000000, 5.301790506575154715562803175998851656913757324218750000000000
 0.000493084798162946730260003391776990611106157302856445312500, 0.224799590763266693427269160565629135817289352416992187500000,-0.336179474623258478516163449967280030250549316406250000000000,-0.914575587272423162765733195556094869971275329589843750000000, 2.725253550474826091942759376252070069313049316406250000000000, 5.301790506575154715562803175998851656913757324218750000000000
 0.000493084798162946730260003391776990611106157302856445312500,-0.224799590763267109760903394999331794679164886474609375000000, 0.336179474623258922605373300029896199703216552734375000000000, 0.914575587272422940721128270524786785244941711425781250000000, 0.416339103114967801211321329901693388819694519042968750000000, 2.160197852985361599564839707454666495323181152343750000000000
 0.000493084798162946730260003391776990611106157302856445312500,-0.224799590763266804449571623081283178180456161499023437500000, 0.336179474623258478516163449967280030250549316406250000000000,-0.914575587272423162765733195556094869971275329589843750000000, 2.725253550474826091942759376252070069313049316406250000000000, 2.160197852985361599564839707454666495323181152343750000000000
 0.000493084798162946730260003391776990611106157302856445312500,-0.224799590763267109760903394999331794679164886474609375000000,-0.336179474623258922605373300029896199703216552734375000000000, 0.914575587272422940721128270524786785244941711425781250000000, 0.416339103114967801211321329901693388819694519042968750000000, 4.122987454194224632431087229633703827857971191406250000000000
 0.000493084798162946730260003391776990611106157302856445312500,-0.224799590763266804449571623081283178180456161499023437500000,-0.336179474623258478516163449967280030250549316406250000000000,-0.914575587272423162765733195556094869971275329589843750000000, 2.725253550474826091942759376252070069313049316406250000000000, 4.122987454194224632431087229633703827857971191406250000000000
 0.000493084798162946730260003391776990611106157302856445312500, 0.224799590763266887716298469968023709952831268310546875000000, 0.914575587272423051743430733040440827608108520507812500000000, 0.336179474623258922605373300029896199703216552734375000000000, 1.227939011332358942851783467631321400403976440429687500000000, 1.329777679160028203142474012565799057483673095703125000000000
 0.000493084798162946730260003391776990611106157302856445312500, 0.224799590763266887716298469968023709952831268310546875000000, 0.914575587272423051743430733040440827608108520507812500000000,-0.336179474623258922605373300029896199703216552734375000000000, 1.913653642257434395190784925944171845912933349609375000000000, 1.329777679160028203142474012565799057483673095703125000000000
 0.000493084798162946730260003391776990611106157302856445312500, 0.224799590763266887716298469968023709952831268310546875000000,-0.914575587272423051743430733040440827608108520507812500000000, 0.336179474623258922605373300029896199703216552734375000000000, 1.227939011332358942851783467631321400403976440429687500000000, 4.953407628019558472942662774585187435150146484375000000000000
 0.000493084798162946730260003391776990611106157302856445312500, 0.224799590763266887716298469968023709952831268310546875000000,-0.914575587272423051743430733040440827608108520507812500000000,-0.336179474623258922605373300029896199703216552734375000000000, 1.913653642257434395190784925944171845912933349609375000000000, 4.953407628019558472942662774585187435150146484375000000000000
 0.000493084798162946730260003391776990611106157302856445312500,-0.224799590763266887716298469968023709952831268310546875000000, 0.914575587272423051743430733040440827608108520507812500000000, 0.336179474623258922605373300029896199703216552734375000000000, 1.227939011332358942851783467631321400403976440429687500000000, 1.811814974429765134900094381009694188833236694335937500000000
 0.000493084798162946730260003391776990611106157302856445312500,-0.224799590763266887716298469968023709952831268310546875000000, 0.914575587272423051743430733040440827608108520507812500000000,-0.336179474623258922605373300029896199703216552734375000000000, 1.913653642257434395190784925944171845912933349609375000000000, 1.811814974429765134900094381009694188833236694335937500000000
 0.000493084798162946730260003391776990611106157302856445312500,-0.224799590763266887716298469968023709952831268310546875000000,-0.914575587272423051743430733040440827608108520507812500000000, 0.336179474623258922605373300029896199703216552734375000000000, 1.227939011332358942851783467631321400403976440429687500000000, 4.471370332749820875051227631047368049621582031250000000000000
 0.000493084798162946730260003391776990611106157302856445312500,-0.224799590763266887716298469968023709952831268310546875000000,-0.914575587272423051743430733040440827608108520507812500000000,-0.336179474623258922605373300029896199703216552734375000000000, 1.913653642257434395190784925944171845912933349609375000000000, 4.471370332749820875051227631047368049621582031250000000000000
 0.000493084798162946730260003391776990611106157302856445312500, 0.914575587272422829698825808009132742881774902343750000000000, 0.336179474623259089138826993803377263247966766357421875000000, 0.224799590763266887716298469968023709952831268310546875000000, 1.344058968941960863219264865620061755180358886718750000000000, 0.352249437610427429401482868343009613454341888427734375000000
 0.000493084798162946730260003391776990611106157302856445312500, 0.914575587272422829698825808009132742881774902343750000000000, 0.336179474623259089138826993803377263247966766357421875000000,-0.224799590763267109760903394999331794679164886474609375000000, 1.797533684647832474823303527955431491136550903320312500000000, 0.352249437610427429401482868343009613454341888427734375000000
 0.000493084798162946730260003391776990611106157302856445312500, 0.914575587272422829698825808009132742881774902343750000000000,-0.336179474623259089138826993803377263247966766357421875000000, 0.224799590763266887716298469968023709952831268310546875000000, 1.344058968941960863219264865620061755180358886718750000000000, 5.930935869569158747083292837487533688545227050781250000000000
 0.000493084798162946730260003391776990611106157302856445312500, 0.914575587272422829698825808009132742881774902343750000000000,-0.336179474623259089138826993803377263247966766357421875000000,-0.224799590763267109760903394999331794679164886474609375000000, 1.797533684647832474823303527955431491136550903320312500000000, 5.930935869569158747083292837487533688545227050781250000000000
 0.000493084798162946730260003391776990611106157302856445312500,-0.914575587272422829698825808009132742881774902343750000000000, 0.336179474623259089138826993803377263247966766357421875000000, 0.224799590763266887716298469968023709952831268310546875000000, 1.344058968941960863219264865620061755180358886718750000000000, 2.789343215979365631085329368943348526954650878906250000000000
 0.000493084798162946730260003391776990611106157302856445312500,-0.914575587272422829698825808009132742881774902343750000000000, 0.336179474623259089138826993803377263247966766357421875000000,-0.224799590763267109760903394999331794679164886474609375000000, 1.797533684647832474823303527955431491136550903320312500000000, 2.789343215979365631085329368943348526954650878906250000000000
 0.000493084798162946730260003391776990611106157302856445312500,-0.914575587272422829698825808009132742881774902343750000000000,-0.336179474623259089138826993803377263247966766357421875000000, 0.224799590763266887716298469968023709952831268310546875000000, 1.344058968941960863219264865620061755180358886718750000000000, 3.493842091200220600910597568145021796226501464843750000000000
 0.000493084798162946730260003391776990611106157302856445312500,-0.914575587272422829698825808009132742881774902343750000000000,-0.336179474623259089138826993803377263247966766357421875000000,-0.224799590763267109760903394999331794679164886474609375000000, 1.797533684647832474823303527955431491136550903320312500000000, 3.493842091200220600910597568145021796226501464843750000000000
 0.000493084798162946730260003391776990611106157302856445312500, 0.914575587272422940721128270524786785244941711425781250000000, 0.224799590763267193027630241886072326451539993286132812500000, 0.336179474623258922605373300029896199703216552734375000000000, 1.227939011332358942851783467631321400403976440429687500000000, 0.241018647634868826701293187397823203355073928833007812500000
 0.000493084798162946730260003391776990611106157302856445312500, 0.914575587272422940721128270524786785244941711425781250000000, 0.224799590763267193027630241886072326451539993286132812500000,-0.336179474623258922605373300029896199703216552734375000000000, 1.913653642257434395190784925944171845912933349609375000000000, 0.241018647634868826701293187397823203355073928833007812500000
 0.000493084798162946730260003391776990611106157302856445312500, 0.914575587272422940721128270524786785244941711425781250000000,-0.224799590763267193027630241886072326451539993286132812500000, 0.336179474623258922605373300029896199703216552734375000000000, 1.227939011332358942851783467631321400403976440429687500000000, 6.042166659544717433050209365319460630416870117187500000000000
 0.000493084798162946730260003391776990611106157302856445312500, 0.914575587272422940721128270524786785244941711425781250000000,-0.224799590763267193027630241886072326451539993286132812500000,-0.336179474623258922605373300029896199703216552734375000000000, 1.913653642257434395190784925944171845912933349609375000000000, 6.042166659544717433050209365319460630416870117187500000000000
 0.000493084798162946730260003391776990611106157302856445312500,-0.914575587272422940721128270524786785244941711425781250000000, 0.224799590763267304049932704401726368814706802368164062500000, 0.336179474623258922605373300029896199703216552734375000000000, 1.227939011332358942851783467631321400403976440429687500000000, 2.900574005954924317052245896775275468826293945312500000000000
 0.000493084798162946730260003391776990611106157302856445312500,-0.914575587272422940721128270524786785244941711425781250000000, 0.224799590763267304049932704401726368814706802368164062500000,-0.336179474623258922605373300029896199703216552734375000000000, 1.913653642257434395190784925944171845912933349609375000000000, 2.900574005954924317052245896775275468826293945312500000000000
 0.000493084798162946730260003391776990611106157302856445312500,-0.914575587272422940721128270524786785244941711425781250000000,-0.224799590763267304049932704401726368814706802368164062500000, 0.336179474623258922605373300029896199703216552734375000000000, 1.227939011332358942851783467631321400403976440429687500000000, 3.382611301224661914943681040313094854354858398437500000000000
 0.000493084798162946730260003391776990611106157302856445312500,-0.914575587272422940721128270524786785244941711425781250000000,-0.224799590763267304049932704401726368814706802368164062500000,-0.336179474623258922605373300029896199703216552734375000000000, 1.913653642257434395190784925944171845912933349609375000000000, 3.382611301224661914943681040313094854354858398437500000000000
 0.000511503186753944840033103691467886164900846779346466064453, 0.387597917226482513441965238598641008138656616210937500000000, 0.274529925742224678586467234708834439516067504882812500000000, 0.880000667291600091601821986841969192028045654296875000000000, 0.494932721436809774928633487434126436710357666015625000000000, 0.616264983528709620053120943339308723807334899902343750000000
 0.000511503186753944840033103691467886164900846779346466064453, 0.387597917226482513441965238598641008138656616210937500000000, 0.274529925742224678586467234708834439516067504882812500000000,-0.880000667291600091601821986841969192028045654296875000000000, 2.646659932152983341069329981110058724880218505859375000000000, 0.616264983528709620053120943339308723807334899902343750000000
 0.000511503186753944840033103691467886164900846779346466064453, 0.387597917226482513441965238598641008138656616210937500000000,-0.274529925742224678586467234708834439516067504882812500000000, 0.880000667291600091601821986841969192028045654296875000000000, 0.494932721436809774928633487434126436710357666015625000000000, 5.666920323650876945009713381296023726463317871093750000000000
 0.000511503186753944840033103691467886164900846779346466064453, 0.387597917226482513441965238598641008138656616210937500000000,-0.274529925742224678586467234708834439516067504882812500000000,-0.880000667291600091601821986841969192028045654296875000000000, 2.646659932152983341069329981110058724880218505859375000000000, 5.666920323650876945009713381296023726463317871093750000000000
 0.000511503186753944840033103691467886164900846779346466064453,-0.387597917226482402419662776082986965775489807128906250000000, 0.274529925742224789608769697224488481879234313964843750000000, 0.880000667291600091601821986841969192028045654296875000000000, 0.494932721436809774928633487434126436710357666015625000000000, 2.525327670061083384922540062689222395420074462890625000000000
 0.000511503186753944840033103691467886164900846779346466064453,-0.387597917226482513441965238598641008138656616210937500000000, 0.274529925742224789608769697224488481879234313964843750000000,-0.880000667291600091601821986841969192028045654296875000000000, 2.646659932152983341069329981110058724880218505859375000000000, 2.525327670061083384922540062689222395420074462890625000000000
 0.000511503186753944840033103691467886164900846779346466064453,-0.387597917226482402419662776082986965775489807128906250000000,-0.274529925742224789608769697224488481879234313964843750000000, 0.880000667291600091601821986841969192028045654296875000000000, 0.494932721436809774928633487434126436710357666015625000000000, 3.757857637118502847073386874399147927761077880859375000000000
 0.000511503186753944840033103691467886164900846779346466064453,-0.387597917226482513441965238598641008138656616210937500000000,-0.274529925742224789608769697224488481879234313964843750000000,-0.880000667291600091601821986841969192028045654296875000000000, 2.646659932152983341069329981110058724880218505859375000000000, 3.757857637118502847073386874399147927761077880859375000000000
 0.000511503186753944840033103691467886164900846779346466064453, 0.387597917226482291397360313567332923412322998046875000000000, 0.880000667291600202624124449357623234391212463378906250000000, 0.274529925742224623075316003451007418334484100341796875000000, 1.292695515385412496911499147245194762945175170898437500000000, 1.155910959073712440670078649418428540229797363281250000000000
 0.000511503186753944840033103691467886164900846779346466064453, 0.387597917226482291397360313567332923412322998046875000000000, 0.880000667291600202624124449357623234391212463378906250000000,-0.274529925742224623075316003451007418334484100341796875000000, 1.848897138204380619086464321298990398645401000976562500000000, 1.155910959073712440670078649418428540229797363281250000000000
 0.000511503186753944840033103691467886164900846779346466064453, 0.387597917226482291397360313567332923412322998046875000000000,-0.880000667291600202624124449357623234391212463378906250000000, 0.274529925742224623075316003451007418334484100341796875000000, 1.292695515385412496911499147245194762945175170898437500000000, 5.127274348105873791325848287669941782951354980468750000000000
 0.000511503186753944840033103691467886164900846779346466064453, 0.387597917226482291397360313567332923412322998046875000000000,-0.880000667291600202624124449357623234391212463378906250000000,-0.274529925742224623075316003451007418334484100341796875000000, 1.848897138204380619086464321298990398645401000976562500000000, 5.127274348105873791325848287669941782951354980468750000000000
 0.000511503186753944840033103691467886164900846779346466064453,-0.387597917226482513441965238598641008138656616210937500000000, 0.880000667291600091601821986841969192028045654296875000000000, 0.274529925742224623075316003451007418334484100341796875000000, 1.292695515385412496911499147245194762945175170898437500000000, 1.985681694516080897372489744157064706087112426757812500000000
 0.000511503186753944840033103691467886164900846779346466064453,-0.387597917226482513441965238598641008138656616210937500000000, 0.880000667291600091601821986841969192028045654296875000000000,-0.274529925742224623075316003451007418334484100341796875000000, 1.848897138204380619086464321298990398645401000976562500000000, 1.985681694516080897372489744157064706087112426757812500000000
 0.000511503186753944840033103691467886164900846779346466064453,-0.387597917226482513441965238598641008138656616210937500000000,-0.880000667291600091601821986841969192028045654296875000000000, 0.274529925742224623075316003451007418334484100341796875000000, 1.292695515385412496911499147245194762945175170898437500000000, 4.297503612663505556668042117962613701820373535156250000000000
 0.000511503186753944840033103691467886164900846779346466064453,-0.387597917226482513441965238598641008138656616210937500000000,-0.880000667291600091601821986841969192028045654296875000000000,-0.274529925742224623075316003451007418334484100341796875000000, 1.848897138204380619086464321298990398645401000976562500000000, 4.297503612663505556668042117962613701820373535156250000000000
 0.000511503186753944840033103691467886164900846779346466064453, 0.274529925742224623075316003451007418334484100341796875000000, 0.387597917226482513441965238598641008138656616210937500000000, 0.880000667291600091601821986841969192028045654296875000000000, 0.494932721436809774928633487434126436710357666015625000000000, 0.954531343266187048968163253448437899351119995117187500000000
 0.000511503186753944840033103691467886164900846779346466064453, 0.274529925742224678586467234708834439516067504882812500000000, 0.387597917226482513441965238598641008138656616210937500000000,-0.880000667291600091601821986841969192028045654296875000000000, 2.646659932152983341069329981110058724880218505859375000000000, 0.954531343266187048968163253448437899351119995117187500000000
 0.000511503186753944840033103691467886164900846779346466064453, 0.274529925742224623075316003451007418334484100341796875000000,-0.387597917226482513441965238598641008138656616210937500000000, 0.880000667291600091601821986841969192028045654296875000000000, 0.494932721436809774928633487434126436710357666015625000000000, 5.328653963913398960983158758608624339103698730468750000000000
 0.000511503186753944840033103691467886164900846779346466064453, 0.274529925742224678586467234708834439516067504882812500000000,-0.387597917226482513441965238598641008138656616210937500000000,-0.880000667291600091601821986841969192028045654296875000000000, 2.646659932152983341069329981110058724880218505859375000000000, 5.328653963913398960983158758608624339103698730468750000000000
 0.000511503186753944840033103691467886164900846779346466064453,-0.274529925742224623075316003451007418334484100341796875000000, 0.387597917226482513441965238598641008138656616210937500000000, 0.880000667291600091601821986841969192028045654296875000000000, 0.494932721436809774928633487434126436710357666015625000000000, 2.187061310323606289074405140127055346965789794921875000000000
 0.000511503186753944840033103691467886164900846779346466064453,-0.274529925742224678586467234708834439516067504882812500000000, 0.387597917226482513441965238598641008138656616210937500000000,-0.880000667291600091601821986841969192028045654296875000000000, 2.646659932152983341069329981110058724880218505859375000000000, 2.187061310323606289074405140127055346965789794921875000000000
 0.000511503186753944840033103691467886164900846779346466064453,-0.274529925742224623075316003451007418334484100341796875000000,-0.387597917226482513441965238598641008138656616210937500000000, 0.880000667291600091601821986841969192028045654296875000000000, 0.494932721436809774928633487434126436710357666015625000000000, 4.096123996855979498832311946898698806762695312500000000000000
 0.000511503186753944840033103691467886164900846779346466064453,-0.274529925742224678586467234708834439516067504882812500000000,-0.387597917226482513441965238598641008138656616210937500000000,-0.880000667291600091601821986841969192028045654296875000000000, 2.646659932152983341069329981110058724880218505859375000000000, 4.096123996855979498832311946898698806762695312500000000000000
 0.000511503186753944840033103691467886164900846779346466064453, 0.274529925742224512053013540935353375971317291259765625000000, 0.880000667291600202624124449357623234391212463378906250000000, 0.387597917226482402419662776082986965775489807128906250000000, 1.172771946557086941709258098853752017021179199218750000000000, 1.268398398780937075258634649799205362796783447265625000000000
 0.000511503186753944840033103691467886164900846779346466064453, 0.274529925742224512053013540935353375971317291259765625000000, 0.880000667291600202624124449357623234391212463378906250000000,-0.387597917226482402419662776082986965775489807128906250000000, 1.968820707032706174288705369690433144569396972656250000000000, 1.268398398780937075258634649799205362796783447265625000000000
 0.000511503186753944840033103691467886164900846779346466064453, 0.274529925742224512053013540935353375971317291259765625000000,-0.880000667291600202624124449357623234391212463378906250000000, 0.387597917226482402419662776082986965775489807128906250000000, 1.172771946557086941709258098853752017021179199218750000000000, 5.014786908398649600826502137351781129837036132812500000000000
 0.000511503186753944840033103691467886164900846779346466064453, 0.274529925742224512053013540935353375971317291259765625000000,-0.880000667291600202624124449357623234391212463378906250000000,-0.387597917226482402419662776082986965775489807128906250000000, 1.968820707032706174288705369690433144569396972656250000000000, 5.014786908398649600826502137351781129837036132812500000000000
 0.000511503186753944840033103691467886164900846779346466064453,-0.274529925742224512053013540935353375971317291259765625000000, 0.880000667291600202624124449357623234391212463378906250000000, 0.387597917226482402419662776082986965775489807128906250000000, 1.172771946557086941709258098853752017021179199218750000000000, 1.873194254808856262783933743776287883520126342773437500000000
 0.000511503186753944840033103691467886164900846779346466064453,-0.274529925742224512053013540935353375971317291259765625000000, 0.880000667291600202624124449357623234391212463378906250000000,-0.387597917226482402419662776082986965775489807128906250000000, 1.968820707032706174288705369690433144569396972656250000000000, 1.873194254808856262783933743776287883520126342773437500000000
 0.000511503186753944840033103691467886164900846779346466064453,-0.274529925742224512053013540935353375971317291259765625000000,-0.880000667291600202624124449357623234391212463378906250000000, 0.387597917226482402419662776082986965775489807128906250000000, 1.172771946557086941709258098853752017021179199218750000000000, 4.409991052370729747167388268280774354934692382812500000000000
 0.000511503186753944840033103691467886164900846779346466064453,-0.274529925742224512053013540935353375971317291259765625000000,-0.880000667291600202624124449357623234391212463378906250000000,-0.387597917226482402419662776082986965775489807128906250000000, 1.968820707032706174288705369690433144569396972656250000000000, 4.409991052370729747167388268280774354934692382812500000000000
 0.000511503186753944840033103691467886164900846779346466064453, 0.880000667291600091601821986841969192028045654296875000000000, 0.387597917226482513441965238598641008138656616210937500000000, 0.274529925742224623075316003451007418334484100341796875000000, 1.292695515385412496911499147245194762945175170898437500000000, 0.414885367721184339373508009884972125291824340820312500000000
 0.000511503186753944840033103691467886164900846779346466064453, 0.880000667291600091601821986841969192028045654296875000000000, 0.387597917226482513441965238598641008138656616210937500000000,-0.274529925742224623075316003451007418334484100341796875000000, 1.848897138204380619086464321298990398645401000976562500000000, 0.414885367721184339373508009884972125291824340820312500000000
 0.000511503186753944840033103691467886164900846779346466064453, 0.880000667291600091601821986841969192028045654296875000000000,-0.387597917226482513441965238598641008138656616210937500000000, 0.274529925742224623075316003451007418334484100341796875000000, 1.292695515385412496911499147245194762945175170898437500000000, 5.868299939458402114667023852234706282615661621093750000000000
 0.000511503186753944840033103691467886164900846779346466064453, 0.880000667291600091601821986841969192028045654296875000000000,-0.387597917226482513441965238598641008138656616210937500000000,-0.274529925742224623075316003451007418334484100341796875000000, 1.848897138204380619086464321298990398645401000976562500000000, 5.868299939458402114667023852234706282615661621093750000000000
 0.000511503186753944840033103691467886164900846779346466064453,-0.880000667291600313646426911873277276754379272460937500000000, 0.387597917226482124863906619793851859867572784423828125000000, 0.274529925742224623075316003451007418334484100341796875000000, 1.292695515385412496911499147245194762945175170898437500000000, 2.726707285868609442758270233753137290477752685546875000000000
 0.000511503186753944840033103691467886164900846779346466064453,-0.880000667291600313646426911873277276754379272460937500000000, 0.387597917226482124863906619793851859867572784423828125000000,-0.274529925742224623075316003451007418334484100341796875000000, 1.848897138204380619086464321298990398645401000976562500000000, 2.726707285868609442758270233753137290477752685546875000000000
 0.000511503186753944840033103691467886164900846779346466064453,-0.880000667291600313646426911873277276754379272460937500000000,-0.387597917226482124863906619793851859867572784423828125000000, 0.274529925742224623075316003451007418334484100341796875000000, 1.292695515385412496911499147245194762945175170898437500000000, 3.556478021310976789237656703335233032703399658203125000000000
 0.000511503186753944840033103691467886164900846779346466064453,-0.880000667291600313646426911873277276754379272460937500000000,-0.387597917226482124863906619793851859867572784423828125000000,-0.274529925742224623075316003451007418334484100341796875000000, 1.848897138204380619086464321298990398645401000976562500000000, 3.556478021310976789237656703335233032703399658203125000000000
 0.000511503186753944840033103691467886164900846779346466064453, 0.880000667291600091601821986841969192028045654296875000000000, 0.274529925742224678586467234708834439516067504882812500000000, 0.387597917226482402419662776082986965775489807128906250000000, 1.172771946557086941709258098853752017021179199218750000000000, 0.302397928013959815807254472019849345088005065917968750000000
 0.000511503186753944840033103691467886164900846779346466064453, 0.880000667291600091601821986841969192028045654296875000000000, 0.274529925742224678586467234708834439516067504882812500000000,-0.387597917226482402419662776082986965775489807128906250000000, 1.968820707032706174288705369690433144569396972656250000000000, 0.302397928013959815807254472019849345088005065917968750000000
 0.000511503186753944840033103691467886164900846779346466064453, 0.880000667291600091601821986841969192028045654296875000000000,-0.274529925742224678586467234708834439516067504882812500000000, 0.387597917226482402419662776082986965775489807128906250000000, 1.172771946557086941709258098853752017021179199218750000000000, 5.980787379165626305166370002552866935729980468750000000000000
 0.000511503186753944840033103691467886164900846779346466064453, 0.880000667291600091601821986841969192028045654296875000000000,-0.274529925742224678586467234708834439516067504882812500000000,-0.387597917226482402419662776082986965775489807128906250000000, 1.968820707032706174288705369690433144569396972656250000000000, 5.980787379165626305166370002552866935729980468750000000000000
 0.000511503186753944840033103691467886164900846779346466064453,-0.880000667291600202624124449357623234391212463378906250000000, 0.274529925742224290008408615904045291244983673095703125000000, 0.387597917226482402419662776082986965775489807128906250000000, 1.172771946557086941709258098853752017021179199218750000000000, 2.839194725575834077346826234133914113044738769531250000000000
 0.000511503186753944840033103691467886164900846779346466064453,-0.880000667291600202624124449357623234391212463378906250000000, 0.274529925742224290008408615904045291244983673095703125000000,-0.387597917226482402419662776082986965775489807128906250000000, 1.968820707032706174288705369690433144569396972656250000000000, 2.839194725575834077346826234133914113044738769531250000000000
 0.000511503186753944840033103691467886164900846779346466064453,-0.880000667291600202624124449357623234391212463378906250000000,-0.274529925742224290008408615904045291244983673095703125000000, 0.387597917226482402419662776082986965775489807128906250000000, 1.172771946557086941709258098853752017021179199218750000000000, 3.443990581603752154649100702954456210136413574218750000000000
 0.000511503186753944840033103691467886164900846779346466064453,-0.880000667291600202624124449357623234391212463378906250000000,-0.274529925742224290008408615904045291244983673095703125000000,-0.387597917226482402419662776082986965775489807128906250000000, 1.968820707032706174288705369690433144569396972656250000000000, 3.443990581603752154649100702954456210136413574218750000000000
 0.000524521714845943413420281675740852733724750578403472900391, 0.437401931699907209338817892785300500690937042236328125000000, 0.323637348244111777706422117262263782322406768798828125000000, 0.839010379534549710633939412218751385807991027832031250000000, 0.575334432373349469180823234637500718235969543457031250000000, 0.637011115810547257076734695147024467587471008300781250000000
 0.000524521714845943413420281675740852733724750578403472900391, 0.437401931699907320361120355300954543054103851318359375000000, 0.323637348244111777706422117262263782322406768798828125000000,-0.839010379534549710633939412218751385807991027832031250000000, 2.566258221216443313750232846359722316265106201171875000000000, 0.637011115810547146054432232631370425224304199218750000000000
 0.000524521714845943413420281675740852733724750578403472900391, 0.437401931699907209338817892785300500690937042236328125000000,-0.323637348244111777706422117262263782322406768798828125000000, 0.839010379534549710633939412218751385807991027832031250000000, 0.575334432373349469180823234637500718235969543457031250000000, 5.646174191369039085941494704456999897956848144531250000000000
 0.000524521714845943413420281675740852733724750578403472900391, 0.437401931699907320361120355300954543054103851318359375000000,-0.323637348244111777706422117262263782322406768798828125000000,-0.839010379534549710633939412218751385807991027832031250000000, 2.566258221216443313750232846359722316265106201171875000000000, 5.646174191369039085941494704456999897956848144531250000000000
 0.000524521714845943413420281675740852733724750578403472900391,-0.437401931699907209338817892785300500690937042236328125000000, 0.323637348244111777706422117262263782322406768798828125000000, 0.839010379534549710633939412218751385807991027832031250000000, 0.575334432373349469180823234637500718235969543457031250000000, 2.504581537779245969943531235912814736366271972656250000000000
 0.000524521714845943413420281675740852733724750578403472900391,-0.437401931699907320361120355300954543054103851318359375000000, 0.323637348244111777706422117262263782322406768798828125000000,-0.839010379534549710633939412218751385807991027832031250000000, 2.566258221216443313750232846359722316265106201171875000000000, 2.504581537779245969943531235912814736366271972656250000000000
 0.000524521714845943413420281675740852733724750578403472900391,-0.437401931699907209338817892785300500690937042236328125000000,-0.323637348244111777706422117262263782322406768798828125000000, 0.839010379534549710633939412218751385807991027832031250000000, 0.575334432373349469180823234637500718235969543457031250000000, 3.778603769400340262052395701175555586814880371093750000000000
 0.000524521714845943413420281675740852733724750578403472900391,-0.437401931699907320361120355300954543054103851318359375000000,-0.323637348244111777706422117262263782322406768798828125000000,-0.839010379534549710633939412218751385807991027832031250000000, 2.566258221216443313750232846359722316265106201171875000000000, 3.778603769400340262052395701175555586814880371093750000000000
 0.000524521714845943413420281675740852733724750578403472900391, 0.437401931699907320361120355300954543054103851318359375000000, 0.839010379534549821656241874734405428171157836914062500000000, 0.323637348244111777706422117262263782322406768798828125000000, 1.241225113494567322547368348750751465559005737304687500000000, 1.090230080787244482110054377699270844459533691406250000000000
 0.000524521714845943413420281675740852733724750578403472900391, 0.437401931699907320361120355300954543054103851318359375000000, 0.839010379534549821656241874734405428171157836914062500000000,-0.323637348244111777706422117262263782322406768798828125000000, 1.900367540095225793450595119793433696031570434570312500000000, 1.090230080787244482110054377699270844459533691406250000000000
 0.000524521714845943413420281675740852733724750578403472900391, 0.437401931699907320361120355300954543054103851318359375000000,-0.839010379534549821656241874734405428171157836914062500000000, 0.323637348244111777706422117262263782322406768798828125000000, 1.241225113494567322547368348750751465559005737304687500000000, 5.192955226392341749885872559389099478721618652343750000000000
 0.000524521714845943413420281675740852733724750578403472900391, 0.437401931699907320361120355300954543054103851318359375000000,-0.839010379534549821656241874734405428171157836914062500000000,-0.323637348244111777706422117262263782322406768798828125000000, 1.900367540095225793450595119793433696031570434570312500000000, 5.192955226392341749885872559389099478721618652343750000000000
 0.000524521714845943413420281675740852733724750578403472900391,-0.437401931699907320361120355300954543054103851318359375000000, 0.839010379534549821656241874734405428171157836914062500000000, 0.323637348244111777706422117262263782322406768798828125000000, 1.241225113494567322547368348750751465559005737304687500000000, 2.051362572802548633887909090844914317131042480468750000000000
 0.000524521714845943413420281675740852733724750578403472900391,-0.437401931699907320361120355300954543054103851318359375000000, 0.839010379534549821656241874734405428171157836914062500000000,-0.323637348244111777706422117262263782322406768798828125000000, 1.900367540095225793450595119793433696031570434570312500000000, 2.051362572802548633887909090844914317131042480468750000000000
 0.000524521714845943413420281675740852733724750578403472900391,-0.437401931699907320361120355300954543054103851318359375000000,-0.839010379534549821656241874734405428171157836914062500000000, 0.323637348244111777706422117262263782322406768798828125000000, 1.241225113494567322547368348750751465559005737304687500000000, 4.231822734377037598108017846243456006050109863281250000000000
 0.000524521714845943413420281675740852733724750578403472900391,-0.437401931699907320361120355300954543054103851318359375000000,-0.839010379534549821656241874734405428171157836914062500000000,-0.323637348244111777706422117262263782322406768798828125000000, 1.900367540095225793450595119793433696031570434570312500000000, 4.231822734377037598108017846243456006050109863281250000000000
 0.000524521714845943413420281675740852733724750578403472900391, 0.323637348244111722195270886004436761140823364257812500000000, 0.437401931699907209338817892785300500690937042236328125000000, 0.839010379534549710633939412218751385807991027832031250000000, 0.575334432373349469180823234637500718235969543457031250000000, 0.933785210984349522966851964156376197934150695800781250000000
 0.000524521714845943413420281675740852733724750578403472900391, 0.323637348244111777706422117262263782322406768798828125000000, 0.437401931699907320361120355300954543054103851318359375000000,-0.839010379534549710633939412218751385807991027832031250000000, 2.566258221216443313750232846359722316265106201171875000000000, 0.933785210984349522966851964156376197934150695800781250000000
 0.000524521714845943413420281675740852733724750578403472900391, 0.323637348244111722195270886004436761140823364257812500000000,-0.437401931699907209338817892785300500690937042236328125000000, 0.839010379534549710633939412218751385807991027832031250000000, 0.575334432373349469180823234637500718235969543457031250000000, 5.349400096195236820051377435447648167610168457031250000000000
 0.000524521714845943413420281675740852733724750578403472900391, 0.323637348244111777706422117262263782322406768798828125000000,-0.437401931699907320361120355300954543054103851318359375000000,-0.839010379534549710633939412218751385807991027832031250000000, 2.566258221216443313750232846359722316265106201171875000000000, 5.349400096195236820051377435447648167610168457031250000000000
 0.000524521714845943413420281675740852733724750578403472900391,-0.323637348244111777706422117262263782322406768798828125000000, 0.437401931699907209338817892785300500690937042236328125000000, 0.839010379534549710633939412218751385807991027832031250000000, 0.575334432373349469180823234637500718235969543457031250000000, 2.207807442605443704053413966903463006019592285156250000000000
 0.000524521714845943413420281675740852733724750578403472900391,-0.323637348244111777706422117262263782322406768798828125000000, 0.437401931699907320361120355300954543054103851318359375000000,-0.839010379534549710633939412218751385807991027832031250000000, 2.566258221216443313750232846359722316265106201171875000000000, 2.207807442605443704053413966903463006019592285156250000000000
 0.000524521714845943413420281675740852733724750578403472900391,-0.323637348244111777706422117262263782322406768798828125000000,-0.437401931699907209338817892785300500690937042236328125000000, 0.839010379534549710633939412218751385807991027832031250000000, 0.575334432373349469180823234637500718235969543457031250000000, 4.075377864574142527942512970184907317161560058593750000000000
 0.000524521714845943413420281675740852733724750578403472900391,-0.323637348244111777706422117262263782322406768798828125000000,-0.437401931699907320361120355300954543054103851318359375000000,-0.839010379534549710633939412218751385807991027832031250000000, 2.566258221216443313750232846359722316265106201171875000000000, 4.075377864574142527942512970184907317161560058593750000000000
 0.000524521714845943413420281675740852733724750578403472900391, 0.323637348244111722195270886004436761140823364257812500000000, 0.839010379534549710633939412218751385807991027832031250000000, 0.437401931699907375872271586558781564235687255859375000000000, 1.118088788645632769558346808480564504861831665039062500000000, 1.202645781485522480380723209236748516559600830078125000000000
 0.000524521714845943413420281675740852733724750578403472900391, 0.323637348244111722195270886004436761140823364257812500000000, 0.839010379534549710633939412218751385807991027832031250000000,-0.437401931699907375872271586558781564235687255859375000000000, 2.023503864944160568484221585094928741455078125000000000000000, 1.202645781485522480380723209236748516559600830078125000000000
 0.000524521714845943413420281675740852733724750578403472900391, 0.323637348244111722195270886004436761140823364257812500000000,-0.839010379534549710633939412218751385807991027832031250000000, 0.437401931699907375872271586558781564235687255859375000000000, 1.118088788645632769558346808480564504861831665039062500000000, 5.080539525694064195704413577914237976074218750000000000000000
 0.000524521714845943413420281675740852733724750578403472900391, 0.323637348244111722195270886004436761140823364257812500000000,-0.839010379534549710633939412218751385807991027832031250000000,-0.437401931699907375872271586558781564235687255859375000000000, 2.023503864944160568484221585094928741455078125000000000000000, 5.080539525694064195704413577914237976074218750000000000000000
 0.000524521714845943413420281675740852733724750578403472900391,-0.323637348244111722195270886004436761140823364257812500000000, 0.839010379534549710633939412218751385807991027832031250000000, 0.437401931699907375872271586558781564235687255859375000000000, 1.118088788645632769558346808480564504861831665039062500000000, 1.938946872104270857661845184338744729757308959960937500000000
 0.000524521714845943413420281675740852733724750578403472900391,-0.323637348244111722195270886004436761140823364257812500000000, 0.839010379534549710633939412218751385807991027832031250000000,-0.437401931699907375872271586558781564235687255859375000000000, 2.023503864944160568484221585094928741455078125000000000000000, 1.938946872104270857661845184338744729757308959960937500000000
 0.000524521714845943413420281675740852733724750578403472900391,-0.323637348244111722195270886004436761140823364257812500000000,-0.839010379534549710633939412218751385807991027832031250000000, 0.437401931699907375872271586558781564235687255859375000000000, 1.118088788645632769558346808480564504861831665039062500000000, 4.344238435075315152289476827718317508697509765625000000000000
 0.000524521714845943413420281675740852733724750578403472900391,-0.323637348244111722195270886004436761140823364257812500000000,-0.839010379534549710633939412218751385807991027832031250000000,-0.437401931699907375872271586558781564235687255859375000000000, 2.023503864944160568484221585094928741455078125000000000000000, 4.344238435075315152289476827718317508697509765625000000000000
 0.000524521714845943413420281675740852733724750578403472900391, 0.839010379534549710633939412218751385807991027832031250000000, 0.437401931699907375872271586558781564235687255859375000000000, 0.323637348244111777706422117262263782322406768798828125000000, 1.241225113494567322547368348750751465559005737304687500000000, 0.480566246007652186911229819088475778698921203613281250000000
 0.000524521714845943413420281675740852733724750578403472900391, 0.839010379534549710633939412218751385807991027832031250000000, 0.437401931699907375872271586558781564235687255859375000000000,-0.323637348244111777706422117262263782322406768798828125000000, 1.900367540095225793450595119793433696031570434570312500000000, 0.480566246007652186911229819088475778698921203613281250000000
 0.000524521714845943413420281675740852733724750578403472900391, 0.839010379534549710633939412218751385807991027832031250000000,-0.437401931699907375872271586558781564235687255859375000000000, 0.323637348244111777706422117262263782322406768798828125000000, 1.241225113494567322547368348750751465559005737304687500000000, 5.802619061171934156106999580515548586845397949218750000000000
 0.000524521714845943413420281675740852733724750578403472900391, 0.839010379534549710633939412218751385807991027832031250000000,-0.437401931699907375872271586558781564235687255859375000000000,-0.323637348244111777706422117262263782322406768798828125000000, 1.900367540095225793450595119793433696031570434570312500000000, 5.802619061171934156106999580515548586845397949218750000000000
 0.000524521714845943413420281675740852733724750578403472900391,-0.839010379534549821656241874734405428171157836914062500000000, 0.437401931699907209338817892785300500690937042236328125000000, 0.323637348244111777706422117262263782322406768798828125000000, 1.241225113494567322547368348750751465559005737304687500000000, 2.661026407582141484198245962033979594707489013671875000000000
 0.000524521714845943413420281675740852733724750578403472900391,-0.839010379534549821656241874734405428171157836914062500000000, 0.437401931699907209338817892785300500690937042236328125000000,-0.323637348244111777706422117262263782322406768798828125000000, 1.900367540095225793450595119793433696031570434570312500000000, 2.661026407582141484198245962033979594707489013671875000000000
 0.000524521714845943413420281675740852733724750578403472900391,-0.839010379534549821656241874734405428171157836914062500000000,-0.437401931699907209338817892785300500690937042236328125000000, 0.323637348244111777706422117262263782322406768798828125000000, 1.241225113494567322547368348750751465559005737304687500000000, 3.622158899597444747797680975054390728473663330078125000000000
 0.000524521714845943413420281675740852733724750578403472900391,-0.839010379534549821656241874734405428171157836914062500000000,-0.437401931699907209338817892785300500690937042236328125000000,-0.323637348244111777706422117262263782322406768798828125000000, 1.900367540095225793450595119793433696031570434570312500000000, 3.622158899597444747797680975054390728473663330078125000000000
 0.000524521714845943413420281675740852733724750578403472900391, 0.839010379534549710633939412218751385807991027832031250000000, 0.323637348244111777706422117262263782322406768798828125000000, 0.437401931699907375872271586558781564235687255859375000000000, 1.118088788645632769558346808480564504861831665039062500000000, 0.368150545309374244151712218808825127780437469482421875000000
 0.000524521714845943413420281675740852733724750578403472900391, 0.839010379534549710633939412218751385807991027832031250000000, 0.323637348244111777706422117262263782322406768798828125000000,-0.437401931699907375872271586558781564235687255859375000000000, 2.023503864944160568484221585094928741455078125000000000000000, 0.368150545309374244151712218808825127780437469482421875000000
 0.000524521714845943413420281675740852733724750578403472900391, 0.839010379534549710633939412218751385807991027832031250000000,-0.323637348244111777706422117262263782322406768798828125000000, 0.437401931699907375872271586558781564235687255859375000000000, 1.118088788645632769558346808480564504861831665039062500000000, 5.915034761870211710288458561990410089492797851562500000000000
 0.000524521714845943413420281675740852733724750578403472900391, 0.839010379534549710633939412218751385807991027832031250000000,-0.323637348244111777706422117262263782322406768798828125000000,-0.437401931699907375872271586558781564235687255859375000000000, 2.023503864944160568484221585094928741455078125000000000000000, 5.915034761870211710288458561990410089492797851562500000000000
 0.000524521714845943413420281675740852733724750578403472900391,-0.839010379534549710633939412218751385807991027832031250000000, 0.323637348244111722195270886004436761140823364257812500000000, 0.437401931699907375872271586558781564235687255859375000000000, 1.118088788645632769558346808480564504861831665039062500000000, 2.773442108280419038379704943508841097354888916015625000000000
 0.000524521714845943413420281675740852733724750578403472900391,-0.839010379534549710633939412218751385807991027832031250000000, 0.323637348244111722195270886004436761140823364257812500000000,-0.437401931699907375872271586558781564235687255859375000000000, 2.023503864944160568484221585094928741455078125000000000000000, 2.773442108280419038379704943508841097354888916015625000000000
 0.000524521714845943413420281675740852733724750578403472900391,-0.839010379534549710633939412218751385807991027832031250000000,-0.323637348244111722195270886004436761140823364257812500000000, 0.437401931699907375872271586558781564235687255859375000000000, 1.118088788645632769558346808480564504861831665039062500000000, 3.509743198899167193616221993579529225826263427734375000000000
 0.000524521714845943413420281675740852733724750578403472900391,-0.839010379534549710633939412218751385807991027832031250000000,-0.323637348244111722195270886004436761140823364257812500000000,-0.437401931699907375872271586558781564235687255859375000000000, 2.023503864944160568484221585094928741455078125000000000000000, 3.509743198899167193616221993579529225826263427734375000000000
 0.000533204149989942462715963866770607637590728700160980224609, 0.485127584334002215360470700034056790173053741455078125000000, 0.371496785943674079355503181432140991091728210449218750000000, 0.791606824725365476602689795981859788298606872558593750000000, 0.657362095507175392405940783646656200289726257324218750000000, 0.653518575270824353395937578170560300350189208984375000000000
 0.000533204149989942462715963866770607637590728700160980224609, 0.485127584334002215360470700034056790173053741455078125000000, 0.371496785943674079355503181432140991091728210449218750000000,-0.791606824725365587624992258497513830661773681640625000000000, 2.484230558082617612569720222381874918937683105468750000000000, 0.653518575270824353395937578170560300350189208984375000000000
 0.000533204149989942462715963866770607637590728700160980224609, 0.485127584334002215360470700034056790173053741455078125000000,-0.371496785943674079355503181432140991091728210449218750000000, 0.791606824725365476602689795981859788298606872558593750000000, 0.657362095507175392405940783646656200289726257324218750000000, 5.629666731908761434510779508855193853378295898437500000000000
 0.000533204149989942462715963866770607637590728700160980224609, 0.485127584334002215360470700034056790173053741455078125000000,-0.371496785943674079355503181432140991091728210449218750000000,-0.791606824725365587624992258497513830661773681640625000000000, 2.484230558082617612569720222381874918937683105468750000000000, 5.629666731908761434510779508855193853378295898437500000000000
 0.000533204149989942462715963866770607637590728700160980224609,-0.485127584334002215360470700034056790173053741455078125000000, 0.371496785943674079355503181432140991091728210449218750000000, 0.791606824725365476602689795981859788298606872558593750000000, 0.657362095507175392405940783646656200289726257324218750000000, 2.488074078318968762602025890373624861240386962890625000000000
 0.000533204149989942462715963866770607637590728700160980224609,-0.485127584334002215360470700034056790173053741455078125000000, 0.371496785943674079355503181432140991091728210449218750000000,-0.791606824725365587624992258497513830661773681640625000000000, 2.484230558082617612569720222381874918937683105468750000000000, 2.488074078318968762602025890373624861240386962890625000000000
 0.000533204149989942462715963866770607637590728700160980224609,-0.485127584334002215360470700034056790173053741455078125000000,-0.371496785943674079355503181432140991091728210449218750000000, 0.791606824725365476602689795981859788298606872558593750000000, 0.657362095507175392405940783646656200289726257324218750000000, 3.795111228860617469393901046714745461940765380859375000000000
 0.000533204149989942462715963866770607637590728700160980224609,-0.485127584334002215360470700034056790173053741455078125000000,-0.371496785943674079355503181432140991091728210449218750000000,-0.791606824725365587624992258497513830661773681640625000000000, 2.484230558082617612569720222381874918937683105468750000000000, 3.795111228860617469393901046714745461940765380859375000000000
 0.000533204149989942462715963866770607637590728700160980224609, 0.485127584334001993315865775002748705446720123291015625000000, 0.791606824725365698647294721013167873024940490722656250000000, 0.371496785943674023844351950174313969910144805908203125000000, 1.190175663544527973058961833885405212640762329101562500000000, 1.020989787612530008686917426530271768569946289062500000000000
 0.000533204149989942462715963866770607637590728700160980224609, 0.485127584334001882293563312487094663083553314208984375000000, 0.791606824725365587624992258497513830661773681640625000000000,-0.371496785943674190377805643947795033454895019531250000000000, 1.951416990045265587028211484721396118402481079101562500000000, 1.020989787612530008686917426530271768569946289062500000000000
 0.000533204149989942462715963866770607637590728700160980224609, 0.485127584334001993315865775002748705446720123291015625000000,-0.791606824725365698647294721013167873024940490722656250000000, 0.371496785943674023844351950174313969910144805908203125000000, 1.190175663544527973058961833885405212640762329101562500000000, 5.262195519567056223309009510558098554611206054687500000000000
 0.000533204149989942462715963866770607637590728700160980224609, 0.485127584334001882293563312487094663083553314208984375000000,-0.791606824725365587624992258497513830661773681640625000000000,-0.371496785943674190377805643947795033454895019531250000000000, 1.951416990045265587028211484721396118402481079101562500000000, 5.262195519567056223309009510558098554611206054687500000000000
 0.000533204149989942462715963866770607637590728700160980224609,-0.485127584334002326382773162549710832536220550537109375000000, 0.791606824725365587624992258497513830661773681640625000000000, 0.371496785943674023844351950174313969910144805908203125000000, 1.190175663544527973058961833885405212640762329101562500000000, 2.120602865977263551400255892076529562473297119140625000000000
 0.000533204149989942462715963866770607637590728700160980224609,-0.485127584334002215360470700034056790173053741455078125000000, 0.791606824725365476602689795981859788298606872558593750000000,-0.371496785943674190377805643947795033454895019531250000000000, 1.951416990045265364983606559690088033676147460937500000000000, 2.120602865977263551400255892076529562473297119140625000000000
 0.000533204149989942462715963866770607637590728700160980224609,-0.485127584334002326382773162549710832536220550537109375000000,-0.791606824725365587624992258497513830661773681640625000000000, 0.371496785943674023844351950174313969910144805908203125000000, 1.190175663544527973058961833885405212640762329101562500000000, 4.162582441202323124684880895074456930160522460937500000000000
 0.000533204149989942462715963866770607637590728700160980224609,-0.485127584334002215360470700034056790173053741455078125000000,-0.791606824725365476602689795981859788298606872558593750000000,-0.371496785943674190377805643947795033454895019531250000000000, 1.951416990045265364983606559690088033676147460937500000000000, 4.162582441202323124684880895074456930160522460937500000000000
 0.000533204149989942462715963866770607637590728700160980224609, 0.371496785943674079355503181432140991091728210449218750000000, 0.485127584334002326382773162549710832536220550537109375000000, 0.791606824725365476602689795981859788298606872558593750000000, 0.657362095507175614450545708677964285016059875488281250000000, 0.917277751524072426647649081132840365171432495117187500000000
 0.000533204149989942462715963866770607637590728700160980224609, 0.371496785943674023844351950174313969910144805908203125000000, 0.485127584334002215360470700034056790173053741455078125000000,-0.791606824725365587624992258497513830661773681640625000000000, 2.484230558082617612569720222381874918937683105468750000000000, 0.917277751524072315625346618617186322808265686035156250000000
 0.000533204149989942462715963866770607637590728700160980224609, 0.371496785943674079355503181432140991091728210449218750000000,-0.485127584334002326382773162549710832536220550537109375000000, 0.791606824725365476602689795981859788298606872558593750000000, 0.657362095507175614450545708677964285016059875488281250000000, 5.365907555655513583303672930924221873283386230468750000000000
 0.000533204149989942462715963866770607637590728700160980224609, 0.371496785943674023844351950174313969910144805908203125000000,-0.485127584334002215360470700034056790173053741455078125000000,-0.791606824725365587624992258497513830661773681640625000000000, 2.484230558082617612569720222381874918937683105468750000000000, 5.365907555655513583303672930924221873283386230468750000000000
 0.000533204149989942462715963866770607637590728700160980224609,-0.371496785943674079355503181432140991091728210449218750000000, 0.485127584334002326382773162549710832536220550537109375000000, 0.791606824725365476602689795981859788298606872558593750000000, 0.657362095507175614450545708677964285016059875488281250000000, 2.224314902065720911394919312442652881145477294921875000000000
 0.000533204149989942462715963866770607637590728700160980224609,-0.371496785943674023844351950174313969910144805908203125000000, 0.485127584334002215360470700034056790173053741455078125000000,-0.791606824725365587624992258497513830661773681640625000000000, 2.484230558082617612569720222381874918937683105468750000000000, 2.224314902065720911394919312442652881145477294921875000000000
 0.000533204149989942462715963866770607637590728700160980224609,-0.371496785943674079355503181432140991091728210449218750000000,-0.485127584334002326382773162549710832536220550537109375000000, 0.791606824725365476602689795981859788298606872558593750000000, 0.657362095507175614450545708677964285016059875488281250000000, 4.058870405113864876511797774583101272583007812500000000000000
 0.000533204149989942462715963866770607637590728700160980224609,-0.371496785943674023844351950174313969910144805908203125000000,-0.485127584334002215360470700034056790173053741455078125000000,-0.791606824725365587624992258497513830661773681640625000000000, 2.484230558082617612569720222381874918937683105468750000000000, 4.058870405113864876511797774583101272583007812500000000000000
 0.000533204149989942462715963866770607637590728700160980224609, 0.371496785943674079355503181432140991091728210449218750000000, 0.791606824725365476602689795981859788298606872558593750000000, 0.485127584334002326382773162549710832536220550537109375000000, 1.064287261537850026726914620667230337858200073242187500000000, 1.132013389887062571048659265215974301099777221679687500000000
 0.000533204149989942462715963866770607637590728700160980224609, 0.371496785943674023844351950174313969910144805908203125000000, 0.791606824725365365580387333466205745935440063476562500000000,-0.485127584334002326382773162549710832536220550537109375000000, 2.077305392051943311315653772908262908458709716796875000000000, 1.132013389887062571048659265215974301099777221679687500000000
 0.000533204149989942462715963866770607637590728700160980224609, 0.371496785943674079355503181432140991091728210449218750000000,-0.791606824725365476602689795981859788298606872558593750000000, 0.485127584334002326382773162549710832536220550537109375000000, 1.064287261537850026726914620667230337858200073242187500000000, 5.151171917292523438902662746841087937355041503906250000000000
 0.000533204149989942462715963866770607637590728700160980224609, 0.371496785943674023844351950174313969910144805908203125000000,-0.791606824725365365580387333466205745935440063476562500000000,-0.485127584334002326382773162549710832536220550537109375000000, 2.077305392051943311315653772908262908458709716796875000000000, 5.151171917292523438902662746841087937355041503906250000000000
 0.000533204149989942462715963866770607637590728700160980224609,-0.371496785943674079355503181432140991091728210449218750000000, 0.791606824725365476602689795981859788298606872558593750000000, 0.485127584334002326382773162549710832536220550537109375000000, 1.064287261537850026726914620667230337858200073242187500000000, 2.009579263702730766993909128359518945217132568359375000000000
 0.000533204149989942462715963866770607637590728700160980224609,-0.371496785943674023844351950174313969910144805908203125000000, 0.791606824725365365580387333466205745935440063476562500000000,-0.485127584334002326382773162549710832536220550537109375000000, 2.077305392051943311315653772908262908458709716796875000000000, 2.009579263702730766993909128359518945217132568359375000000000
 0.000533204149989942462715963866770607637590728700160980224609,-0.371496785943674079355503181432140991091728210449218750000000,-0.791606824725365476602689795981859788298606872558593750000000, 0.485127584334002326382773162549710832536220550537109375000000, 1.064287261537850026726914620667230337858200073242187500000000, 4.273606043476855020912807958666235208511352539062500000000000
 0.000533204149989942462715963866770607637590728700160980224609,-0.371496785943674023844351950174313969910144805908203125000000,-0.791606824725365365580387333466205745935440063476562500000000,-0.485127584334002326382773162549710832536220550537109375000000, 2.077305392051943311315653772908262908458709716796875000000000, 4.273606043476855020912807958666235208511352539062500000000000
 0.000533204149989942462715963866770607637590728700160980224609, 0.791606824725365476602689795981859788298606872558593750000000, 0.485127584334002326382773162549710832536220550537109375000000, 0.371496785943674023844351950174313969910144805908203125000000, 1.190175663544527973058961833885405212640762329101562500000000, 0.549806539182367104423576620320091024041175842285156250000000
 0.000533204149989942462715963866770607637590728700160980224609, 0.791606824725365365580387333466205745935440063476562500000000, 0.485127584334002215360470700034056790173053741455078125000000,-0.371496785943674190377805643947795033454895019531250000000000, 1.951416990045265587028211484721396118402481079101562500000000, 0.549806539182367104423576620320091024041175842285156250000000
 0.000533204149989942462715963866770607637590728700160980224609, 0.791606824725365476602689795981859788298606872558593750000000,-0.485127584334002326382773162549710832536220550537109375000000, 0.371496785943674023844351950174313969910144805908203125000000, 1.190175663544527973058961833885405212640762329101562500000000, 5.733378767997218794505442929221317172050476074218750000000000
 0.000533204149989942462715963866770607637590728700160980224609, 0.791606824725365365580387333466205745935440063476562500000000,-0.485127584334002215360470700034056790173053741455078125000000,-0.371496785943674190377805643947795033454895019531250000000000, 1.951416990045265587028211484721396118402481079101562500000000, 5.733378767997218794505442929221317172050476074218750000000000
 0.000533204149989942462715963866770607637590728700160980224609,-0.791606824725365587624992258497513830661773681640625000000000, 0.485127584334002326382773162549710832536220550537109375000000, 0.371496785943674023844351950174313969910144805908203125000000, 1.190175663544527973058961833885405212640762329101562500000000, 2.591786114407426122596689310739748179912567138671875000000000
 0.000533204149989942462715963866770607637590728700160980224609,-0.791606824725365476602689795981859788298606872558593750000000, 0.485127584334002215360470700034056790173053741455078125000000,-0.371496785943674190377805643947795033454895019531250000000000, 1.951416990045265364983606559690088033676147460937500000000000, 2.591786114407426122596689310739748179912567138671875000000000
 0.000533204149989942462715963866770607637590728700160980224609,-0.791606824725365587624992258497513830661773681640625000000000,-0.485127584334002326382773162549710832536220550537109375000000, 0.371496785943674023844351950174313969910144805908203125000000, 1.190175663544527973058961833885405212640762329101562500000000, 3.691399192772160109399237626348622143268585205078125000000000
 0.000533204149989942462715963866770607637590728700160980224609,-0.791606824725365476602689795981859788298606872558593750000000,-0.485127584334002215360470700034056790173053741455078125000000,-0.371496785943674190377805643947795033454895019531250000000000, 1.951416990045265364983606559690088033676147460937500000000000, 3.691399192772160109399237626348622143268585205078125000000000
 0.000533204149989942462715963866770607637590728700160980224609, 0.791606824725365476602689795981859788298606872558593750000000, 0.371496785943674079355503181432140991091728210449218750000000, 0.485127584334002326382773162549710832536220550537109375000000, 1.064287261537850026726914620667230337858200073242187500000000, 0.438782936907834153483776162829599343240261077880859375000000
 0.000533204149989942462715963866770607637590728700160980224609, 0.791606824725365365580387333466205745935440063476562500000000, 0.371496785943674079355503181432140991091728210449218750000000,-0.485127584334002326382773162549710832536220550537109375000000, 2.077305392051943311315653772908262908458709716796875000000000, 0.438782936907834208994927394087426364421844482421875000000000
 0.000533204149989942462715963866770607637590728700160980224609, 0.791606824725365476602689795981859788298606872558593750000000,-0.371496785943674079355503181432140991091728210449218750000000, 0.485127584334002326382773162549710832536220550537109375000000, 1.064287261537850026726914620667230337858200073242187500000000, 5.844402370271752467090209393063560128211975097656250000000000
 0.000533204149989942462715963866770607637590728700160980224609, 0.791606824725365365580387333466205745935440063476562500000000,-0.371496785943674079355503181432140991091728210449218750000000,-0.485127584334002326382773162549710832536220550537109375000000, 2.077305392051943311315653772908262908458709716796875000000000, 5.844402370271751578911789692938327789306640625000000000000000
 0.000533204149989942462715963866770607637590728700160980224609,-0.791606824725365476602689795981859788298606872558593750000000, 0.371496785943674190377805643947795033454895019531250000000000, 0.485127584334002326382773162549710832536220550537109375000000, 1.064287261537850026726914620667230337858200073242187500000000, 2.702809716681958907003036074456758797168731689453125000000000
 0.000533204149989942462715963866770607637590728700160980224609,-0.791606824725365365580387333466205745935440063476562500000000, 0.371496785943674190377805643947795033454895019531250000000000,-0.485127584334002326382773162549710832536220550537109375000000, 2.077305392051943311315653772908262908458709716796875000000000, 2.702809716681958907003036074456758797168731689453125000000000
 0.000533204149989942462715963866770607637590728700160980224609,-0.791606824725365476602689795981859788298606872558593750000000,-0.371496785943674190377805643947795033454895019531250000000000, 0.485127584334002326382773162549710832536220550537109375000000, 1.064287261537850026726914620667230337858200073242187500000000, 3.580375590497627324992890862631611526012420654296875000000000
 0.000533204149989942462715963866770607637590728700160980224609,-0.791606824725365365580387333466205745935440063476562500000000,-0.371496785943674190377805643947795033454895019531250000000000,-0.485127584334002326382773162549710832536220550537109375000000, 2.077305392051943311315653772908262908458709716796875000000000, 3.580375590497627324992890862631611526012420654296875000000000
 0.000538458312601941850236708653199002583278343081474304199219, 0.530339180380686836535630845901323482394218444824218750000000, 0.417535364632174499366357167673413641750812530517578125000000, 0.737837768777539926290387484186794608831405639648437500000000, 0.740935011930345499564509736956097185611724853515625000000000, 0.666948141666221072654252566280774772167205810546875000000000
 0.000538458312601941850236708653199002583278343081474304199219, 0.530339180380686614491025920870015397667884826660156250000000, 0.417535364632174388344054705157759599387645721435546875000000,-0.737837768777540037312689946702448651194572448730468750000000, 2.400657641659448060522663581650704145431518554687500000000000, 0.666948141666221183676555028796428814530372619628906250000000
 0.000538458312601941850236708653199002583278343081474304199219, 0.530339180380686836535630845901323482394218444824218750000000,-0.417535364632174499366357167673413641750812530517578125000000, 0.737837768777539926290387484186794608831405639648437500000000, 0.740935011930345499564509736956097185611724853515625000000000, 5.616237165513364715252464520744979381561279296875000000000000
 0.000538458312601941850236708653199002583278343081474304199219, 0.530339180380686614491025920870015397667884826660156250000000,-0.417535364632174388344054705157759599387645721435546875000000,-0.737837768777540037312689946702448651194572448730468750000000, 2.400657641659448060522663581650704145431518554687500000000000, 5.616237165513364715252464520744979381561279296875000000000000
 0.000538458312601941850236708653199002583278343081474304199219,-0.530339180380686836535630845901323482394218444824218750000000, 0.417535364632174388344054705157759599387645721435546875000000, 0.737837768777539926290387484186794608831405639648437500000000, 0.740935011930345388542207274440443143248558044433593750000000, 2.474644511923572043343710902263410389423370361328125000000000
 0.000538458312601941850236708653199002583278343081474304199219,-0.530339180380686725513328383385669440031051635742187500000000, 0.417535364632174277321752242642105557024478912353515625000000,-0.737837768777540037312689946702448651194572448730468750000000, 2.400657641659448060522663581650704145431518554687500000000000, 2.474644511923572487432920752326026558876037597656250000000000
 0.000538458312601941850236708653199002583278343081474304199219,-0.530339180380686836535630845901323482394218444824218750000000,-0.417535364632174388344054705157759599387645721435546875000000, 0.737837768777539926290387484186794608831405639648437500000000, 0.740935011930345388542207274440443143248558044433593750000000, 3.808540795256014188652216034824959933757781982421875000000000
 0.000538458312601941850236708653199002583278343081474304199219,-0.530339180380686725513328383385669440031051635742187500000000,-0.417535364632174277321752242642105557024478912353515625000000,-0.737837768777540037312689946702448651194572448730468750000000, 2.400657641659448060522663581650704145431518554687500000000000, 3.808540795256013744563006184762343764305114746093750000000000
 0.000538458312601941850236708653199002583278343081474304199219, 0.530339180380686836535630845901323482394218444824218750000000, 0.737837768777539926290387484186794608831405639648437500000000, 0.417535364632174388344054705157759599387645721435546875000000, 1.140065085033735048369862852268852293491363525390625000000000, 0.947580657485954103158576344867469742894172668457031250000000
 0.000538458312601941850236708653199002583278343081474304199219, 0.530339180380686725513328383385669440031051635742187500000000, 0.737837768777539815268085021671140566468238830566406250000000,-0.417535364632174721410962092704721726477146148681640625000000, 2.001527568556058511717310466337949037551879882812500000000000, 0.947580657485954103158576344867469742894172668457031250000000
 0.000538458312601941850236708653199002583278343081474304199219, 0.530339180380686836535630845901323482394218444824218750000000,-0.737837768777539926290387484186794608831405639648437500000000, 0.417535364632174388344054705157759599387645721435546875000000, 1.140065085033735048369862852268852293491363525390625000000000, 5.335604649693632239859653054736554622650146484375000000000000
 0.000538458312601941850236708653199002583278343081474304199219, 0.530339180380686725513328383385669440031051635742187500000000,-0.737837768777539815268085021671140566468238830566406250000000,-0.417535364632174721410962092704721726477146148681640625000000, 2.001527568556058511717310466337949037551879882812500000000000, 5.335604649693632239859653054736554622650146484375000000000000
 0.000538458312601941850236708653199002583278343081474304199219,-0.530339180380686836535630845901323482394218444824218750000000, 0.737837768777539926290387484186794608831405639648437500000000, 0.417535364632174388344054705157759599387645721435546875000000, 1.140065085033735048369862852268852293491363525390625000000000, 2.194011996103839123861689586192369461059570312500000000000000
 0.000538458312601941850236708653199002583278343081474304199219,-0.530339180380686725513328383385669440031051635742187500000000, 0.737837768777539815268085021671140566468238830566406250000000,-0.417535364632174721410962092704721726477146148681640625000000, 2.001527568556058511717310466337949037551879882812500000000000, 2.194011996103839123861689586192369461059570312500000000000000
 0.000538458312601941850236708653199002583278343081474304199219,-0.530339180380686836535630845901323482394218444824218750000000,-0.737837768777539926290387484186794608831405639648437500000000, 0.417535364632174388344054705157759599387645721435546875000000, 1.140065085033735048369862852268852293491363525390625000000000, 4.089173311075747108134237350896000862121582031250000000000000
 0.000538458312601941850236708653199002583278343081474304199219,-0.530339180380686725513328383385669440031051635742187500000000,-0.737837768777539815268085021671140566468238830566406250000000,-0.417535364632174721410962092704721726477146148681640625000000, 2.001527568556058511717310466337949037551879882812500000000000, 4.089173311075747108134237350896000862121582031250000000000000
 0.000538458312601941850236708653199002583278343081474304199219, 0.417535364632174388344054705157759599387645721435546875000000, 0.530339180380686836535630845901323482394218444824218750000000, 0.737837768777539926290387484186794608831405639648437500000000, 0.740935011930345388542207274440443143248558044433593750000000, 0.903848185128675596367031630506971850991249084472656250000000
 0.000538458312601941850236708653199002583278343081474304199219, 0.417535364632174277321752242642105557024478912353515625000000, 0.530339180380686614491025920870015397667884826660156250000000,-0.737837768777540037312689946702448651194572448730468750000000, 2.400657641659448060522663581650704145431518554687500000000000, 0.903848185128675596367031630506971850991249084472656250000000
 0.000538458312601941850236708653199002583278343081474304199219, 0.417535364632174388344054705157759599387645721435546875000000,-0.530339180380686836535630845901323482394218444824218750000000, 0.737837768777539926290387484186794608831405639648437500000000, 0.740935011930345388542207274440443143248558044433593750000000, 5.379337122050910302561987919034436345100402832031250000000000
 0.000538458312601941850236708653199002583278343081474304199219, 0.417535364632174277321752242642105557024478912353515625000000,-0.530339180380686614491025920870015397667884826660156250000000,-0.737837768777540037312689946702448651194572448730468750000000, 2.400657641659448060522663581650704145431518554687500000000000, 5.379337122050910302561987919034436345100402832031250000000000
 0.000538458312601941850236708653199002583278343081474304199219,-0.417535364632174388344054705157759599387645721435546875000000, 0.530339180380686836535630845901323482394218444824218750000000, 0.737837768777539926290387484186794608831405639648437500000000, 0.740935011930345388542207274440443143248558044433593750000000, 2.237744468461117630653234300552867352962493896484375000000000
 0.000538458312601941850236708653199002583278343081474304199219,-0.417535364632174277321752242642105557024478912353515625000000, 0.530339180380686725513328383385669440031051635742187500000000,-0.737837768777540037312689946702448651194572448730468750000000, 2.400657641659448060522663581650704145431518554687500000000000, 2.237744468461117630653234300552867352962493896484375000000000
 0.000538458312601941850236708653199002583278343081474304199219,-0.417535364632174388344054705157759599387645721435546875000000,-0.530339180380686836535630845901323482394218444824218750000000, 0.737837768777539926290387484186794608831405639648437500000000, 0.740935011930345388542207274440443143248558044433593750000000, 4.045440838718468157253482786472886800765991210937500000000000
 0.000538458312601941850236708653199002583278343081474304199219,-0.417535364632174277321752242642105557024478912353515625000000,-0.530339180380686725513328383385669440031051635742187500000000,-0.737837768777540037312689946702448651194572448730468750000000, 2.400657641659448060522663581650704145431518554687500000000000, 4.045440838718468157253482786472886800765991210937500000000000
 0.000538458312601941850236708653199002583278343081474304199219, 0.417535364632174499366357167673413641750812530517578125000000, 0.737837768777539926290387484186794608831405639648437500000000, 0.530339180380686725513328383385669440031051635742187500000000, 1.011795733457836465873924680636264383792877197265625000000000, 1.055835045213959988430474368215072900056838989257812500000000
 0.000538458312601941850236708653199002583278343081474304199219, 0.417535364632174499366357167673413641750812530517578125000000, 0.737837768777539926290387484186794608831405639648437500000000,-0.530339180380686725513328383385669440031051635742187500000000, 2.129796920131956650124038787907920777797698974609375000000000, 1.055835045213959988430474368215072900056838989257812500000000
 0.000538458312601941850236708653199002583278343081474304199219, 0.417535364632174499366357167673413641750812530517578125000000,-0.737837768777539926290387484186794608831405639648437500000000, 0.530339180380686725513328383385669440031051635742187500000000, 1.011795733457836465873924680636264383792877197265625000000000, 5.227350261965626465610057493904605507850646972656250000000000
 0.000538458312601941850236708653199002583278343081474304199219, 0.417535364632174499366357167673413641750812530517578125000000,-0.737837768777539926290387484186794608831405639648437500000000,-0.530339180380686725513328383385669440031051635742187500000000, 2.129796920131956650124038787907920777797698974609375000000000, 5.227350261965626465610057493904605507850646972656250000000000
 0.000538458312601941850236708653199002583278343081474304199219,-0.417535364632174610388659630189067684113979339599609375000000, 0.737837768777539815268085021671140566468238830566406250000000, 0.530339180380686725513328383385669440031051635742187500000000, 1.011795733457836465873924680636264383792877197265625000000000, 2.085757608375833349612094025360420346260070800781250000000000
 0.000538458312601941850236708653199002583278343081474304199219,-0.417535364632174610388659630189067684113979339599609375000000, 0.737837768777539815268085021671140566468238830566406250000000,-0.530339180380686725513328383385669440031051635742187500000000, 2.129796920131956650124038787907920777797698974609375000000000, 2.085757608375833349612094025360420346260070800781250000000000
 0.000538458312601941850236708653199002583278343081474304199219,-0.417535364632174610388659630189067684113979339599609375000000,-0.737837768777539815268085021671140566468238830566406250000000, 0.530339180380686725513328383385669440031051635742187500000000, 1.011795733457836465873924680636264383792877197265625000000000, 4.197427698803752882383832911727949976921081542968750000000000
 0.000538458312601941850236708653199002583278343081474304199219,-0.417535364632174610388659630189067684113979339599609375000000,-0.737837768777539815268085021671140566468238830566406250000000,-0.530339180380686725513328383385669440031051635742187500000000, 2.129796920131956650124038787907920777797698974609375000000000, 4.197427698803752882383832911727949976921081542968750000000000
 0.000538458312601941850236708653199002583278343081474304199219, 0.737837768777539926290387484186794608831405639648437500000000, 0.530339180380686836535630845901323482394218444824218750000000, 0.417535364632174388344054705157759599387645721435546875000000, 1.140065085033735048369862852268852293491363525390625000000000, 0.623215669308942454840405389404622837901115417480468750000000
 0.000538458312601941850236708653199002583278343081474304199219, 0.737837768777539815268085021671140566468238830566406250000000, 0.530339180380686725513328383385669440031051635742187500000000,-0.417535364632174721410962092704721726477146148681640625000000, 2.001527568556058511717310466337949037551879882812500000000000, 0.623215669308942454840405389404622837901115417480468750000000
 0.000538458312601941850236708653199002583278343081474304199219, 0.737837768777539926290387484186794608831405639648437500000000,-0.530339180380686836535630845901323482394218444824218750000000, 0.417535364632174388344054705157759599387645721435546875000000, 1.140065085033735048369862852268852293491363525390625000000000, 5.659969637870643666133219085168093442916870117187500000000000
 0.000538458312601941850236708653199002583278343081474304199219, 0.737837768777539815268085021671140566468238830566406250000000,-0.530339180380686725513328383385669440031051635742187500000000,-0.417535364632174721410962092704721726477146148681640625000000, 2.001527568556058511717310466337949037551879882812500000000000, 5.659969637870643666133219085168093442916870117187500000000000
 0.000538458312601941850236708653199002583278343081474304199219,-0.737837768777540037312689946702448651194572448730468750000000, 0.530339180380686725513328383385669440031051635742187500000000, 0.417535364632174388344054705157759599387645721435546875000000, 1.140065085033735048369862852268852293491363525390625000000000, 2.518376984280850994224465466686524450778961181640625000000000
 0.000538458312601941850236708653199002583278343081474304199219,-0.737837768777539926290387484186794608831405639648437500000000, 0.530339180380686725513328383385669440031051635742187500000000,-0.417535364632174721410962092704721726477146148681640625000000, 2.001527568556058511717310466337949037551879882812500000000000, 2.518376984280850994224465466686524450778961181640625000000000
 0.000538458312601941850236708653199002583278343081474304199219,-0.737837768777540037312689946702448651194572448730468750000000,-0.530339180380686725513328383385669440031051635742187500000000, 0.417535364632174388344054705157759599387645721435546875000000, 1.140065085033735048369862852268852293491363525390625000000000, 3.764808322898735237771461470401845872402191162109375000000000
 0.000538458312601941850236708653199002583278343081474304199219,-0.737837768777539926290387484186794608831405639648437500000000,-0.530339180380686725513328383385669440031051635742187500000000,-0.417535364632174721410962092704721726477146148681640625000000, 2.001527568556058511717310466337949037551879882812500000000000, 3.764808322898735237771461470401845872402191162109375000000000
 0.000538458312601941850236708653199002583278343081474304199219, 0.737837768777539926290387484186794608831405639648437500000000, 0.417535364632174499366357167673413641750812530517578125000000, 0.530339180380686725513328383385669440031051635742187500000000, 1.011795733457836465873924680636264383792877197265625000000000, 0.514961281580936569568507366057019680738449096679687500000000
 0.000538458312601941850236708653199002583278343081474304199219, 0.737837768777539926290387484186794608831405639648437500000000, 0.417535364632174499366357167673413641750812530517578125000000,-0.530339180380686725513328383385669440031051635742187500000000, 2.129796920131956650124038787907920777797698974609375000000000, 0.514961281580936569568507366057019680738449096679687500000000
 0.000538458312601941850236708653199002583278343081474304199219, 0.737837768777539926290387484186794608831405639648437500000000,-0.417535364632174499366357167673413641750812530517578125000000, 0.530339180380686725513328383385669440031051635742187500000000, 1.011795733457836465873924680636264383792877197265625000000000, 5.768224025598649440382814646000042557716369628906250000000000
 0.000538458312601941850236708653199002583278343081474304199219, 0.737837768777539926290387484186794608831405639648437500000000,-0.417535364632174499366357167673413641750812530517578125000000,-0.530339180380686725513328383385669440031051635742187500000000, 2.129796920131956650124038787907920777797698974609375000000000, 5.768224025598649440382814646000042557716369628906250000000000
 0.000538458312601941850236708653199002583278343081474304199219,-0.737837768777539926290387484186794608831405639648437500000000, 0.417535364632174388344054705157759599387645721435546875000000, 0.530339180380686725513328383385669440031051635742187500000000, 1.011795733457836465873924680636264383792877197265625000000000, 2.626631372008856768474061027518473565578460693359375000000000
 0.000538458312601941850236708653199002583278343081474304199219,-0.737837768777539926290387484186794608831405639648437500000000, 0.417535364632174388344054705157759599387645721435546875000000,-0.530339180380686725513328383385669440031051635742187500000000, 2.129796920131956650124038787907920777797698974609375000000000, 2.626631372008856768474061027518473565578460693359375000000000
 0.000538458312601941850236708653199002583278343081474304199219,-0.737837768777539926290387484186794608831405639648437500000000,-0.417535364632174388344054705157759599387645721435546875000000, 0.530339180380686725513328383385669440031051635742187500000000, 1.011795733457836465873924680636264383792877197265625000000000, 3.656553935170729463521865909569896757602691650390625000000000
 0.000538458312601941850236708653199002583278343081474304199219,-0.737837768777539926290387484186794608831405639648437500000000,-0.417535364632174388344054705157759599387645721435546875000000,-0.530339180380686725513328383385669440031051635742187500000000, 2.129796920131956650124038787907920777797698974609375000000000, 3.656553935170729463521865909569896757602691650390625000000000
 0.000541106721079941599059082157907596410950645804405212402344, 0.572619738059628735626915840839501470327377319335937500000000, 0.461208440635545890984303696313872933387756347656250000000000, 0.677785666616704363107714925718028098344802856445312500000000, 0.826049523873001345641853276902111247181892395019531250000000, 0.678046680868661266750052618590416386723518371582031250000000
 0.000541106721079941599059082157907596410950645804405212402344, 0.572619738059628735626915840839501470327377319335937500000000, 0.461208440635545779962001233798218891024589538574218750000000,-0.677785666616704474130017388233682140707969665527343750000000, 2.315543129716791881378412654157727956771850585937500000000000, 0.678046680868661155727750156074762344360351562500000000000000
 0.000541106721079941599059082157907596410950645804405212402344, 0.572619738059628735626915840839501470327377319335937500000000,-0.461208440635545890984303696313872933387756347656250000000000, 0.677785666616704363107714925718028098344802856445312500000000, 0.826049523873001345641853276902111247181892395019531250000000, 5.605138626310925076268176781013607978820800781250000000000000
 0.000541106721079941599059082157907596410950645804405212402344, 0.572619738059628735626915840839501470327377319335937500000000,-0.461208440635545779962001233798218891024589538574218750000000,-0.677785666616704474130017388233682140707969665527343750000000, 2.315543129716791881378412654157727956771850585937500000000000, 5.605138626310925076268176781013607978820800781250000000000000
 0.000541106721079941599059082157907596410950645804405212402344,-0.572619738059628735626915840839501470327377319335937500000000, 0.461208440635545890984303696313872933387756347656250000000000, 0.677785666616704363107714925718028098344802856445312500000000, 0.826049523873001345641853276902111247181892395019531250000000, 2.463545972721131960270213312469422817230224609375000000000000
 0.000541106721079941599059082157907596410950645804405212402344,-0.572619738059628735626915840839501470327377319335937500000000, 0.461208440635545779962001233798218891024589538574218750000000,-0.677785666616704474130017388233682140707969665527343750000000, 2.315543129716791881378412654157727956771850585937500000000000, 2.463545972721131960270213312469422817230224609375000000000000
 0.000541106721079941599059082157907596410950645804405212402344,-0.572619738059628735626915840839501470327377319335937500000000,-0.461208440635545890984303696313872933387756347656250000000000, 0.677785666616704363107714925718028098344802856445312500000000, 0.826049523873001345641853276902111247181892395019531250000000, 3.819639334458454271725713624618947505950927734375000000000000
 0.000541106721079941599059082157907596410950645804405212402344,-0.572619738059628735626915840839501470327377319335937500000000,-0.461208440635545779962001233798218891024589538574218750000000,-0.677785666616704474130017388233682140707969665527343750000000, 2.315543129716791881378412654157727956771850585937500000000000, 3.819639334458454271725713624618947505950927734375000000000000
 0.000541106721079941599059082157907596410950645804405212402344, 0.572619738059628846649218303355155512690544128417968750000000, 0.677785666616704252085412463202374055981636047363281250000000, 0.461208440635546113028908621345181018114089965820312500000000, 1.091439666873374125799500689026899635791778564453125000000000, 0.869306153203407316887307842989685013890266418457031250000000
 0.000541106721079941599059082157907596410950645804405212402344, 0.572619738059628846649218303355155512690544128417968750000000, 0.677785666616704252085412463202374055981636047363281250000000,-0.461208440635546113028908621345181018114089965820312500000000, 2.050152986716418990198462779517285525798797607421875000000000, 0.869306153203407316887307842989685013890266418457031250000000
 0.000541106721079941599059082157907596410950645804405212402344, 0.572619738059628846649218303355155512690544128417968750000000,-0.677785666616704252085412463202374055981636047363281250000000, 0.461208440635546113028908621345181018114089965820312500000000, 1.091439666873374125799500689026899635791778564453125000000000, 5.413879153976179026130921556614339351654052734375000000000000
 0.000541106721079941599059082157907596410950645804405212402344, 0.572619738059628846649218303355155512690544128417968750000000,-0.677785666616704252085412463202374055981636047363281250000000,-0.461208440635546113028908621345181018114089965820312500000000, 2.050152986716418990198462779517285525798797607421875000000000, 5.413879153976179026130921556614339351654052734375000000000000
 0.000541106721079941599059082157907596410950645804405212402344,-0.572619738059628624604613378323847427964210510253906250000000, 0.677785666616704363107714925718028098344802856445312500000000, 0.461208440635546113028908621345181018114089965820312500000000, 1.091439666873374125799500689026899635791778564453125000000000, 2.272286500386385910132958088070154190063476562500000000000000
 0.000541106721079941599059082157907596410950645804405212402344,-0.572619738059628624604613378323847427964210510253906250000000, 0.677785666616704363107714925718028098344802856445312500000000,-0.461208440635546113028908621345181018114089965820312500000000, 2.050152986716418990198462779517285525798797607421875000000000, 2.272286500386385910132958088070154190063476562500000000000000
 0.000541106721079941599059082157907596410950645804405212402344,-0.572619738059628624604613378323847427964210510253906250000000,-0.677785666616704363107714925718028098344802856445312500000000, 0.461208440635546113028908621345181018114089965820312500000000, 1.091439666873374125799500689026899635791778564453125000000000, 4.010898806793200321862968849018216133117675781250000000000000
 0.000541106721079941599059082157907596410950645804405212402344,-0.572619738059628624604613378323847427964210510253906250000000,-0.677785666616704363107714925718028098344802856445312500000000,-0.461208440635546113028908621345181018114089965820312500000000, 2.050152986716418990198462779517285525798797607421875000000000, 4.010898806793200321862968849018216133117675781250000000000000
 0.000541106721079941599059082157907596410950645804405212402344, 0.461208440635545890984303696313872933387756347656250000000000, 0.572619738059628735626915840839501470327377319335937500000000, 0.677785666616704363107714925718028098344802856445312500000000, 0.826049523873001345641853276902111247181892395019531250000000, 0.892749645926235402271231578197330236434936523437500000000000
 0.000541106721079941599059082157907596410950645804405212402344, 0.461208440635545779962001233798218891024589538574218750000000, 0.572619738059628735626915840839501470327377319335937500000000,-0.677785666616704474130017388233682140707969665527343750000000, 2.315543129716791881378412654157727956771850585937500000000000, 0.892749645926235513293534040712984278798103332519531250000000
 0.000541106721079941599059082157907596410950645804405212402344, 0.461208440635545890984303696313872933387756347656250000000000,-0.572619738059628735626915840839501470327377319335937500000000, 0.677785666616704363107714925718028098344802856445312500000000, 0.826049523873001345641853276902111247181892395019531250000000, 5.390435661253350829724695358891040086746215820312500000000000
 0.000541106721079941599059082157907596410950645804405212402344, 0.461208440635545779962001233798218891024589538574218750000000,-0.572619738059628735626915840839501470327377319335937500000000,-0.677785666616704474130017388233682140707969665527343750000000, 2.315543129716791881378412654157727956771850585937500000000000, 5.390435661253350829724695358891040086746215820312500000000000
 0.000541106721079941599059082157907596410950645804405212402344,-0.461208440635545890984303696313872933387756347656250000000000, 0.572619738059628735626915840839501470327377319335937500000000, 0.677785666616704363107714925718028098344802856445312500000000, 0.826049523873001345641853276902111247181892395019531250000000, 2.248843007663557713726731890346854925155639648437500000000000
 0.000541106721079941599059082157907596410950645804405212402344,-0.461208440635545779962001233798218891024589538574218750000000, 0.572619738059628735626915840839501470327377319335937500000000,-0.677785666616704474130017388233682140707969665527343750000000, 2.315543129716791881378412654157727956771850585937500000000000, 2.248843007663557713726731890346854925155639648437500000000000
 0.000541106721079941599059082157907596410950645804405212402344,-0.461208440635545890984303696313872933387756347656250000000000,-0.572619738059628735626915840839501470327377319335937500000000, 0.677785666616704363107714925718028098344802856445312500000000, 0.826049523873001345641853276902111247181892395019531250000000, 4.034342299516028518269195046741515398025512695312500000000000
 0.000541106721079941599059082157907596410950645804405212402344,-0.461208440635545779962001233798218891024589538574218750000000,-0.572619738059628735626915840839501470327377319335937500000000,-0.677785666616704474130017388233682140707969665527343750000000, 2.315543129716791881378412654157727956771850585937500000000000, 4.034342299516028518269195046741515398025512695312500000000000
 0.000541106721079941599059082157907596410950645804405212402344, 0.461208440635546113028908621345181018114089965820312500000000, 0.677785666616704252085412463202374055981636047363281250000000, 0.572619738059628735626915840839501470327377319335937500000000, 0.961098524666524234305597929051145911216735839843750000000000, 0.973302758294158021357134202844463288784027099609375000000000
 0.000541106721079941599059082157907596410950645804405212402344, 0.461208440635546113028908621345181018114089965820312500000000, 0.677785666616704252085412463202374055981636047363281250000000,-0.572619738059628624604613378323847427964210510253906250000000, 2.180494128923268881692365539493039250373840332031250000000000, 0.973302758294158021357134202844463288784027099609375000000000
 0.000541106721079941599059082157907596410950645804405212402344, 0.461208440635546113028908621345181018114089965820312500000000,-0.677785666616704252085412463202374055981636047363281250000000, 0.572619738059628735626915840839501470327377319335937500000000, 0.961098524666524234305597929051145911216735839843750000000000, 5.309882548885427766549582884181290864944458007812500000000000
 0.000541106721079941599059082157907596410950645804405212402344, 0.461208440635546113028908621345181018114089965820312500000000,-0.677785666616704252085412463202374055981636047363281250000000,-0.572619738059628624604613378323847427964210510253906250000000, 2.180494128923268881692365539493039250373840332031250000000000, 5.309882548885427766549582884181290864944458007812500000000000
 0.000541106721079941599059082157907596410950645804405212402344,-0.461208440635546113028908621345181018114089965820312500000000, 0.677785666616704252085412463202374055981636047363281250000000, 0.572619738059628735626915840839501470327377319335937500000000, 0.961098524666524234305597929051145911216735839843750000000000, 2.168289895295635094640829265699721872806549072265625000000000
 0.000541106721079941599059082157907596410950645804405212402344,-0.461208440635546113028908621345181018114089965820312500000000, 0.677785666616704252085412463202374055981636047363281250000000,-0.572619738059628624604613378323847427964210510253906250000000, 2.180494128923268881692365539493039250373840332031250000000000, 2.168289895295635094640829265699721872806549072265625000000000
 0.000541106721079941599059082157907596410950645804405212402344,-0.461208440635546113028908621345181018114089965820312500000000,-0.677785666616704252085412463202374055981636047363281250000000, 0.572619738059628735626915840839501470327377319335937500000000, 0.961098524666524234305597929051145911216735839843750000000000, 4.114895411883951581444307521451264619827270507812500000000000
 0.000541106721079941599059082157907596410950645804405212402344,-0.461208440635546113028908621345181018114089965820312500000000,-0.677785666616704252085412463202374055981636047363281250000000,-0.572619738059628624604613378323847427964210510253906250000000, 2.180494128923268881692365539493039250373840332031250000000000, 4.114895411883951581444307521451264619827270507812500000000000
 0.000541106721079941599059082157907596410950645804405212402344, 0.677785666616704252085412463202374055981636047363281250000000, 0.572619738059628846649218303355155512690544128417968750000000, 0.461208440635546113028908621345181018114089965820312500000000, 1.091439666873374125799500689026899635791778564453125000000000, 0.701490173591489352133976353798061609268188476562500000000000
 0.000541106721079941599059082157907596410950645804405212402344, 0.677785666616704252085412463202374055981636047363281250000000, 0.572619738059628846649218303355155512690544128417968750000000,-0.461208440635546113028908621345181018114089965820312500000000, 2.050152986716418990198462779517285525798797607421875000000000, 0.701490173591489352133976353798061609268188476562500000000000
 0.000541106721079941599059082157907596410950645804405212402344, 0.677785666616704252085412463202374055981636047363281250000000,-0.572619738059628846649218303355155512690544128417968750000000, 0.461208440635546113028908621345181018114089965820312500000000, 1.091439666873374125799500689026899635791778564453125000000000, 5.581695133588096879861950583290308713912963867187500000000000
 0.000541106721079941599059082157907596410950645804405212402344, 0.677785666616704252085412463202374055981636047363281250000000,-0.572619738059628846649218303355155512690544128417968750000000,-0.461208440635546113028908621345181018114089965820312500000000, 2.050152986716418990198462779517285525798797607421875000000000, 5.581695133588096879861950583290308713912963867187500000000000
 0.000541106721079941599059082157907596410950645804405212402344,-0.677785666616704363107714925718028098344802856445312500000000, 0.572619738059628624604613378323847427964210510253906250000000, 0.461208440635546113028908621345181018114089965820312500000000, 1.091439666873374125799500689026899635791778564453125000000000, 2.440102479998304207953196964808739721775054931640625000000000
 0.000541106721079941599059082157907596410950645804405212402344,-0.677785666616704363107714925718028098344802856445312500000000, 0.572619738059628624604613378323847427964210510253906250000000,-0.461208440635546113028908621345181018114089965820312500000000, 2.050152986716418990198462779517285525798797607421875000000000, 2.440102479998304207953196964808739721775054931640625000000000
 0.000541106721079941599059082157907596410950645804405212402344,-0.677785666616704363107714925718028098344802856445312500000000,-0.572619738059628624604613378323847427964210510253906250000000, 0.461208440635546113028908621345181018114089965820312500000000, 1.091439666873374125799500689026899635791778564453125000000000, 3.843082827181282024042729972279630601406097412109375000000000
 0.000541106721079941599059082157907596410950645804405212402344,-0.677785666616704363107714925718028098344802856445312500000000,-0.572619738059628624604613378323847427964210510253906250000000,-0.461208440635546113028908621345181018114089965820312500000000, 2.050152986716418990198462779517285525798797607421875000000000, 3.843082827181282024042729972279630601406097412109375000000000
 0.000541106721079941599059082157907596410950645804405212402344, 0.677785666616704252085412463202374055981636047363281250000000, 0.461208440635546113028908621345181018114089965820312500000000, 0.572619738059628735626915840839501470327377319335937500000000, 0.961098524666524234305597929051145911216735839843750000000000, 0.597493568500738536641847531427629292011260986328125000000000
 0.000541106721079941599059082157907596410950645804405212402344, 0.677785666616704252085412463202374055981636047363281250000000, 0.461208440635546113028908621345181018114089965820312500000000,-0.572619738059628624604613378323847427964210510253906250000000, 2.180494128923268881692365539493039250373840332031250000000000, 0.597493568500738536641847531427629292011260986328125000000000
 0.000541106721079941599059082157907596410950645804405212402344, 0.677785666616704252085412463202374055981636047363281250000000,-0.461208440635546113028908621345181018114089965820312500000000, 0.572619738059628735626915840839501470327377319335937500000000, 0.961098524666524234305597929051145911216735839843750000000000, 5.685691738678848139443289255723357200622558593750000000000000
 0.000541106721079941599059082157907596410950645804405212402344, 0.677785666616704252085412463202374055981636047363281250000000,-0.461208440635546113028908621345181018114089965820312500000000,-0.572619738059628624604613378323847427964210510253906250000000, 2.180494128923268881692365539493039250373840332031250000000000, 5.685691738678848139443289255723357200622558593750000000000000
 0.000541106721079941599059082157907596410950645804405212402344,-0.677785666616704363107714925718028098344802856445312500000000, 0.461208440635545890984303696313872933387756347656250000000000, 0.572619738059628735626915840839501470327377319335937500000000, 0.961098524666524234305597929051145911216735839843750000000000, 2.544099085089055023445325787179172039031982421875000000000000
 0.000541106721079941599059082157907596410950645804405212402344,-0.677785666616704363107714925718028098344802856445312500000000, 0.461208440635545890984303696313872933387756347656250000000000,-0.572619738059628624604613378323847427964210510253906250000000, 2.180494128923268881692365539493039250373840332031250000000000, 2.544099085089055023445325787179172039031982421875000000000000
 0.000541106721079941599059082157907596410950645804405212402344,-0.677785666616704363107714925718028098344802856445312500000000,-0.461208440635545890984303696313872933387756347656250000000000, 0.572619738059628735626915840839501470327377319335937500000000, 0.961098524666524234305597929051145911216735839843750000000000, 3.739086222090531208550601149909198284149169921875000000000000
 0.000541106721079941599059082157907596410950645804405212402344,-0.677785666616704363107714925718028098344802856445312500000000,-0.461208440635545890984303696313872933387756347656250000000000,-0.572619738059628624604613378323847427964210510253906250000000, 2.180494128923268881692365539493039250373840332031250000000000, 3.739086222090531208550601149909198284149169921875000000000000
 0.000425979739146954033187503219082259420247282832860946655273, 0.243152073256486189745118053906480781733989715576171875000000, 0.042580401330439499041347062302520498633384704589843750000000, 0.969053135123978170994973879714962095022201538085937500000000, 0.249430605366890961738235432676447089761495590209960937500000, 0.173360543115876064579339299598359502851963043212890625000000
 0.000425979739146954033187503219082259420247282832860946655273, 0.243152073256485801167059435101691633462905883789062500000000, 0.042580401330439401896832407601323211565613746643066406250000,-0.969053135123978282017276342230616137385368347167968750000000, 2.892162048222902903660269657848402857780456542968750000000000, 0.173360543115875925801461221453791949898004531860351562500000
 0.000425979739146954033187503219082259420247282832860946655273, 0.243152073256486189745118053906480781733989715576171875000000,-0.042580401330439499041347062302520498633384704589843750000000, 0.969053135123978170994973879714962095022201538085937500000000, 0.249430605366890961738235432676447089761495590209960937500000, 6.109824764063709778838529018685221672058105468750000000000000
 0.000425979739146954033187503219082259420247282832860946655273, 0.243152073256485801167059435101691633462905883789062500000000,-0.042580401330439401896832407601323211565613746643066406250000,-0.969053135123978282017276342230616137385368347167968750000000, 2.892162048222902903660269657848402857780456542968750000000000, 6.109824764063710667016948718810454010963439941406250000000000
 0.000425979739146954033187503219082259420247282832860946655273,-0.243152073256486189745118053906480781733989715576171875000000, 0.042580401330439499041347062302520498633384704589843750000000, 0.969053135123978170994973879714962095022201538085937500000000, 0.249430605366890961738235432676447089761495590209960937500000, 2.968232110473917106929775400203652679920196533203125000000000
 0.000425979739146954033187503219082259420247282832860946655273,-0.243152073256485801167059435101691633462905883789062500000000, 0.042580401330439401896832407601323211565613746643066406250000,-0.969053135123978282017276342230616137385368347167968750000000, 2.892162048222902903660269657848402857780456542968750000000000, 2.968232110473917106929775400203652679920196533203125000000000
 0.000425979739146954033187503219082259420247282832860946655273,-0.243152073256486189745118053906480781733989715576171875000000,-0.042580401330439499041347062302520498633384704589843750000000, 0.969053135123978170994973879714962095022201538085937500000000, 0.249430605366890961738235432676447089761495590209960937500000, 3.314953196705669125066151536884717643260955810546875000000000
 0.000425979739146954033187503219082259420247282832860946655273,-0.243152073256485801167059435101691633462905883789062500000000,-0.042580401330439401896832407601323211565613746643066406250000,-0.969053135123978282017276342230616137385368347167968750000000, 2.892162048222902903660269657848402857780456542968750000000000, 3.314953196705669125066151536884717643260955810546875000000000
 0.000425979739146954033187503219082259420247282832860946655273, 0.243152073256486300767420516422134824097156524658203125000000, 0.969053135123978059972671417199308052659034729003906250000000, 0.042580401330439603124755620910946163348853588104248046875000, 1.528203047934290514930921744962688535451889038085937500000000, 1.324954628381610932663647872686851769685745239257812500000000
 0.000425979739146954033187503219082259420247282832860946655273, 0.243152073256486300767420516422134824097156524658203125000000, 0.969053135123978059972671417199308052659034729003906250000000,-0.042580401330439603124755620910946163348853588104248046875000, 1.613389605655502823111646648612804710865020751953125000000000, 1.324954628381610932663647872686851769685745239257812500000000
 0.000425979739146954033187503219082259420247282832860946655273, 0.243152073256486300767420516422134824097156524658203125000000,-0.969053135123978059972671417199308052659034729003906250000000, 0.042580401330439603124755620910946163348853588104248046875000, 1.528203047934290514930921744962688535451889038085937500000000, 4.958230678797975521376883989432826638221740722656250000000000
 0.000425979739146954033187503219082259420247282832860946655273, 0.243152073256486300767420516422134824097156524658203125000000,-0.969053135123978059972671417199308052659034729003906250000000,-0.042580401330439603124755620910946163348853588104248046875000, 1.613389605655502823111646648612804710865020751953125000000000, 4.958230678797975521376883989432826638221740722656250000000000
 0.000425979739146954033187503219082259420247282832860946655273,-0.243152073256486300767420516422134824097156524658203125000000, 0.969053135123978059972671417199308052659034729003906250000000, 0.042580401330439603124755620910946163348853588104248046875000, 1.528203047934290514930921744962688535451889038085937500000000, 1.816638025208182183334315595857333391904830932617187500000000
 0.000425979739146954033187503219082259420247282832860946655273,-0.243152073256486300767420516422134824097156524658203125000000, 0.969053135123978059972671417199308052659034729003906250000000,-0.042580401330439603124755620910946163348853588104248046875000, 1.613389605655502823111646648612804710865020751953125000000000, 1.816638025208182183334315595857333391904830932617187500000000
 0.000425979739146954033187503219082259420247282832860946655273,-0.243152073256486300767420516422134824097156524658203125000000,-0.969053135123978059972671417199308052659034729003906250000000, 0.042580401330439603124755620910946163348853588104248046875000, 1.528203047934290514930921744962688535451889038085937500000000, 4.466547281971403826617006416199728846549987792968750000000000
 0.000425979739146954033187503219082259420247282832860946655273,-0.243152073256486300767420516422134824097156524658203125000000,-0.969053135123978059972671417199308052659034729003906250000000,-0.042580401330439603124755620910946163348853588104248046875000, 1.613389605655502823111646648612804710865020751953125000000000, 4.466547281971403826617006416199728846549987792968750000000000
 0.000425979739146954033187503219082259420247282832860946655273, 0.042580401330439499041347062302520498633384704589843750000000, 0.243152073256486189745118053906480781733989715576171875000000, 0.969053135123978170994973879714962095022201538085937500000000, 0.249430605366890961738235432676447089761495590209960937500000, 1.397435783679020548930793665931560099124908447265625000000000
 0.000425979739146954033187503219082259420247282832860946655273, 0.042580401330439401896832407601323211565613746643066406250000, 0.243152073256485801167059435101691633462905883789062500000000,-0.969053135123978282017276342230616137385368347167968750000000, 2.892162048222902903660269657848402857780456542968750000000000, 1.397435783679020770975398590962868183851242065429687500000000
 0.000425979739146954033187503219082259420247282832860946655273, 0.042580401330439499041347062302520498633384704589843750000000,-0.243152073256486189745118053906480781733989715576171875000000, 0.969053135123978170994973879714962095022201538085937500000000, 0.249430605366890961738235432676447089761495590209960937500000, 4.885749523500566127154343121219426393508911132812500000000000
 0.000425979739146954033187503219082259420247282832860946655273, 0.042580401330439401896832407601323211565613746643066406250000,-0.243152073256485801167059435101691633462905883789062500000000,-0.969053135123978282017276342230616137385368347167968750000000, 2.892162048222902903660269657848402857780456542968750000000000, 4.885749523500565238975923421094194054603576660156250000000000
 0.000425979739146954033187503219082259420247282832860946655273,-0.042580401330439499041347062302520498633384704589843750000000, 0.243152073256486189745118053906480781733989715576171875000000, 0.969053135123978170994973879714962095022201538085937500000000, 0.249430605366890961738235432676447089761495590209960937500000, 1.744156869910772567067169802612625062465667724609375000000000
 0.000425979739146954033187503219082259420247282832860946655273,-0.042580401330439401896832407601323211565613746643066406250000, 0.243152073256485801167059435101691633462905883789062500000000,-0.969053135123978282017276342230616137385368347167968750000000, 2.892162048222902903660269657848402857780456542968750000000000, 1.744156869910772567067169802612625062465667724609375000000000
 0.000425979739146954033187503219082259420247282832860946655273,-0.042580401330439499041347062302520498633384704589843750000000,-0.243152073256486189745118053906480781733989715576171875000000, 0.969053135123978170994973879714962095022201538085937500000000, 0.249430605366890961738235432676447089761495590209960937500000, 4.539028437268813220839547284413129091262817382812500000000000
 0.000425979739146954033187503219082259420247282832860946655273,-0.042580401330439401896832407601323211565613746643066406250000,-0.243152073256485801167059435101691633462905883789062500000000,-0.969053135123978282017276342230616137385368347167968750000000, 2.892162048222902903660269657848402857780456542968750000000000, 4.539028437268813220839547284413129091262817382812500000000000
 0.000425979739146954033187503219082259420247282832860946655273, 0.042580401330439499041347062302520498633384704589843750000000, 0.969053135123978059972671417199308052659034729003906250000000, 0.243152073256486411789722978937788866460323333740234375000000, 1.325182192866267927300327755801845341920852661132812500000000, 1.526884359986774741813064792950171977281570434570312500000000
 0.000425979739146954033187503219082259420247282832860946655273, 0.042580401330439499041347062302520498633384704589843750000000, 0.969053135123978059972671417199308052659034729003906250000000,-0.243152073256486411789722978937788866460323333740234375000000, 1.816410460723525410742240637773647904396057128906250000000000, 1.526884359986774741813064792950171977281570434570312500000000
 0.000425979739146954033187503219082259420247282832860946655273, 0.042580401330439499041347062302520498633384704589843750000000,-0.969053135123978059972671417199308052659034729003906250000000, 0.243152073256486411789722978937788866460323333740234375000000, 1.325182192866267927300327755801845341920852661132812500000000, 4.756300947192811712227467069169506430625915527343750000000000
 0.000425979739146954033187503219082259420247282832860946655273, 0.042580401330439499041347062302520498633384704589843750000000,-0.969053135123978059972671417199308052659034729003906250000000,-0.243152073256486411789722978937788866460323333740234375000000, 1.816410460723525410742240637773647904396057128906250000000000, 4.756300947192811712227467069169506430625915527343750000000000
 0.000425979739146954033187503219082259420247282832860946655273,-0.042580401330439499041347062302520498633384704589843750000000, 0.969053135123978059972671417199308052659034729003906250000000, 0.243152073256486411789722978937788866460323333740234375000000, 1.325182192866267927300327755801845341920852661132812500000000, 1.614708293603018596229503600625321269035339355468750000000000
 0.000425979739146954033187503219082259420247282832860946655273,-0.042580401330439499041347062302520498633384704589843750000000, 0.969053135123978059972671417199308052659034729003906250000000,-0.243152073256486411789722978937788866460323333740234375000000, 1.816410460723525410742240637773647904396057128906250000000000, 1.614708293603018596229503600625321269035339355468750000000000
 0.000425979739146954033187503219082259420247282832860946655273,-0.042580401330439499041347062302520498633384704589843750000000,-0.969053135123978059972671417199308052659034729003906250000000, 0.243152073256486411789722978937788866460323333740234375000000, 1.325182192866267927300327755801845341920852661132812500000000, 4.668477013576567635766423336463049054145812988281250000000000
 0.000425979739146954033187503219082259420247282832860946655273,-0.042580401330439499041347062302520498633384704589843750000000,-0.969053135123978059972671417199308052659034729003906250000000,-0.243152073256486411789722978937788866460323333740234375000000, 1.816410460723525410742240637773647904396057128906250000000000, 4.668477013576567635766423336463049054145812988281250000000000
 0.000425979739146954033187503219082259420247282832860946655273, 0.969053135123978170994973879714962095022201538085937500000000, 0.243152073256485995456088744504086207598447799682617187500000, 0.042580401330439603124755620910946163348853588104248046875000, 1.528203047934290514930921744962688535451889038085937500000000, 0.245841698413285347779577705296105705201625823974609375000000
 0.000425979739146954033187503219082259420247282832860946655273, 0.969053135123978170994973879714962095022201538085937500000000, 0.243152073256485995456088744504086207598447799682617187500000,-0.042580401330439603124755620910946163348853588104248046875000, 1.613389605655502823111646648612804710865020751953125000000000, 0.245841698413285347779577705296105705201625823974609375000000
 0.000425979739146954033187503219082259420247282832860946655273, 0.969053135123978170994973879714962095022201538085937500000000,-0.243152073256485995456088744504086207598447799682617187500000, 0.042580401330439603124755620910946163348853588104248046875000, 1.528203047934290514930921744962688535451889038085937500000000, 6.037343608766301272794407850597053766250610351562500000000000
 0.000425979739146954033187503219082259420247282832860946655273, 0.969053135123978170994973879714962095022201538085937500000000,-0.243152073256485995456088744504086207598447799682617187500000,-0.042580401330439603124755620910946163348853588104248046875000, 1.613389605655502823111646648612804710865020751953125000000000, 6.037343608766301272794407850597053766250610351562500000000000
 0.000425979739146954033187503219082259420247282832860946655273,-0.969053135123978170994973879714962095022201538085937500000000, 0.243152073256485912189361897617345675826072692871093750000000, 0.042580401330439603124755620910946163348853588104248046875000, 1.528203047934290514930921744962688535451889038085937500000000, 2.895750955176508156796444382052868604660034179687500000000000
 0.000425979739146954033187503219082259420247282832860946655273,-0.969053135123978170994973879714962095022201538085937500000000, 0.243152073256485912189361897617345675826072692871093750000000,-0.042580401330439603124755620910946163348853588104248046875000, 1.613389605655502823111646648612804710865020751953125000000000, 2.895750955176508156796444382052868604660034179687500000000000
 0.000425979739146954033187503219082259420247282832860946655273,-0.969053135123978170994973879714962095022201538085937500000000,-0.243152073256485912189361897617345675826072692871093750000000, 0.042580401330439603124755620910946163348853588104248046875000, 1.528203047934290514930921744962688535451889038085937500000000, 3.387434352003078075199482555035501718521118164062500000000000
 0.000425979739146954033187503219082259420247282832860946655273,-0.969053135123978170994973879714962095022201538085937500000000,-0.243152073256485912189361897617345675826072692871093750000000,-0.042580401330439603124755620910946163348853588104248046875000, 1.613389605655502823111646648612804710865020751953125000000000, 3.387434352003078075199482555035501718521118164062500000000000
 0.000425979739146954033187503219082259420247282832860946655273, 0.969053135123978059972671417199308052659034729003906250000000, 0.042580401330439401896832407601323211565613746643066406250000, 0.243152073256486411789722978937788866460323333740234375000000, 1.325182192866267927300327755801845341920852661132812500000000, 0.043911966808121885574855980394204379990696907043457031250000
 0.000425979739146954033187503219082259420247282832860946655273, 0.969053135123978059972671417199308052659034729003906250000000, 0.042580401330439401896832407601323211565613746643066406250000,-0.243152073256486411789722978937788866460323333740234375000000, 1.816410460723525410742240637773647904396057128906250000000000, 0.043911966808121885574855980394204379990696907043457031250000
 0.000425979739146954033187503219082259420247282832860946655273, 0.969053135123978059972671417199308052659034729003906250000000,-0.042580401330439401896832407601323211565613746643066406250000, 0.243152073256486411789722978937788866460323333740234375000000, 1.325182192866267927300327755801845341920852661132812500000000, 6.239273340371464193765405070735141634941101074218750000000000
 0.000425979739146954033187503219082259420247282832860946655273, 0.969053135123978059972671417199308052659034729003906250000000,-0.042580401330439401896832407601323211565613746643066406250000,-0.243152073256486411789722978937788866460323333740234375000000, 1.816410460723525410742240637773647904396057128906250000000000, 6.239273340371464193765405070735141634941101074218750000000000
 0.000425979739146954033187503219082259420247282832860946655273,-0.969053135123978059972671417199308052659034729003906250000000, 0.042580401330438999440985980982077307999134063720703125000000, 0.243152073256486411789722978937788866460323333740234375000000, 1.325182192866267927300327755801845341920852661132812500000000, 3.097680686781671965945861302316188812255859375000000000000000
 0.000425979739146954033187503219082259420247282832860946655273,-0.969053135123978059972671417199308052659034729003906250000000, 0.042580401330438999440985980982077307999134063720703125000000,-0.243152073256486411789722978937788866460323333740234375000000, 1.816410460723525410742240637773647904396057128906250000000000, 3.097680686781671965945861302316188812255859375000000000000000
 0.000425979739146954033187503219082259420247282832860946655273,-0.969053135123978059972671417199308052659034729003906250000000,-0.042580401330438999440985980982077307999134063720703125000000, 0.243152073256486411789722978937788866460323333740234375000000, 1.325182192866267927300327755801845341920852661132812500000000, 3.185504620397914266050065634772181510925292968750000000000000
 0.000425979739146954033187503219082259420247282832860946655273,-0.969053135123978059972671417199308052659034729003906250000000,-0.042580401330438999440985980982077307999134063720703125000000,-0.243152073256486411789722978937788866460323333740234375000000, 1.816410460723525410742240637773647904396057128906250000000000, 3.185504620397914266050065634772181510925292968750000000000000
 0.000460493136845950285906264864976833450782578438520431518555, 0.300209680089587094276026846273452974855899810791015625000000, 0.088694243067227104826422134919994277879595756530761718750000, 0.949740743164806722198534316703444346785545349121093750000000, 0.318389669704772060310205006317119114100933074951171875000000, 0.287268979989895645310582494857953861355781555175781250000000
 0.000460493136845950285906264864976833450782578438520431518555, 0.300209680089587094276026846273452974855899810791015625000000, 0.088694243067227104826422134919994277879595756530761718750000,-0.949740743164806722198534316703444346785545349121093750000000, 2.823202983885021222221212156000547111034393310546875000000000, 0.287268979989895645310582494857953861355781555175781250000000
 0.000460493136845950285906264864976833450782578438520431518555, 0.300209680089587094276026846273452974855899810791015625000000,-0.088694243067227104826422134919994277879595756530761718750000, 0.949740743164806722198534316703444346785545349121093750000000, 0.318389669704772060310205006317119114100933074951171875000000, 5.995916327189690697707646904746070504188537597656250000000000
 0.000460493136845950285906264864976833450782578438520431518555, 0.300209680089587094276026846273452974855899810791015625000000,-0.088694243067227104826422134919994277879595756530761718750000,-0.949740743164806722198534316703444346785545349121093750000000, 2.823202983885021222221212156000547111034393310546875000000000, 5.995916327189690697707646904746070504188537597656250000000000
 0.000460493136845950285906264864976833450782578438520431518555,-0.300209680089587094276026846273452974855899810791015625000000, 0.088694243067227104826422134919994277879595756530761718750000, 0.949740743164806722198534316703444346785545349121093750000000, 0.318389669704772060310205006317119114100933074951171875000000, 2.854323673599897581709683436201885342597961425781250000000000
 0.000460493136845950285906264864976833450782578438520431518555,-0.300209680089587094276026846273452974855899810791015625000000, 0.088694243067227104826422134919994277879595756530761718750000,-0.949740743164806722198534316703444346785545349121093750000000, 2.823202983885021222221212156000547111034393310546875000000000, 2.854323673599897581709683436201885342597961425781250000000000
 0.000460493136845950285906264864976833450782578438520431518555,-0.300209680089587094276026846273452974855899810791015625000000,-0.088694243067227104826422134919994277879595756530761718750000, 0.949740743164806722198534316703444346785545349121093750000000, 0.318389669704772060310205006317119114100933074951171875000000, 3.428861633579688650286243500886484980583190917968750000000000
 0.000460493136845950285906264864976833450782578438520431518555,-0.300209680089587094276026846273452974855899810791015625000000,-0.088694243067227104826422134919994277879595756530761718750000,-0.949740743164806722198534316703444346785545349121093750000000, 2.823202983885021222221212156000547111034393310546875000000000, 3.428861633579688650286243500886484980583190917968750000000000
 0.000460493136845950285906264864976833450782578438520431518555, 0.300209680089586705697968227468663826584815979003906250000000, 0.949740743164806833220836779219098389148712158203125000000000, 0.088694243067227104826422134919994277879595756530761718750000, 1.481985382091488556710601187660358846187591552734375000000000, 1.264638337691446956512208998901769518852233886718750000000000
 0.000460493136845950285906264864976833450782578438520431518555, 0.300209680089586705697968227468663826584815979003906250000000, 0.949740743164806833220836779219098389148712158203125000000000,-0.088694243067227396259966099023586139082908630371093750000000, 1.659607271498305003376572130946442484855651855468750000000000, 1.264638337691446956512208998901769518852233886718750000000000
 0.000460493136845950285906264864976833450782578438520431518555, 0.300209680089586705697968227468663826584815979003906250000000,-0.949740743164806833220836779219098389148712158203125000000000, 0.088694243067227104826422134919994277879595756530761718750000, 1.481985382091488556710601187660358846187591552734375000000000, 5.018546969488139275483717938186600804328918457031250000000000
 0.000460493136845950285906264864976833450782578438520431518555, 0.300209680089586705697968227468663826584815979003906250000000,-0.949740743164806833220836779219098389148712158203125000000000,-0.088694243067227396259966099023586139082908630371093750000000, 1.659607271498305003376572130946442484855651855468750000000000, 5.018546969488139275483717938186600804328918457031250000000000
 0.000460493136845950285906264864976833450782578438520431518555,-0.300209680089586927742573152499971911311149597167968750000000, 0.949740743164806833220836779219098389148712158203125000000000, 0.088694243067227104826422134919994277879595756530761718750000, 1.481985382091488556710601187660358846187591552734375000000000, 1.876954315898346603574964319705031812191009521484375000000000
 0.000460493136845950285906264864976833450782578438520431518555,-0.300209680089586927742573152499971911311149597167968750000000, 0.949740743164806833220836779219098389148712158203125000000000,-0.088694243067227396259966099023586139082908630371093750000000, 1.659607271498305003376572130946442484855651855468750000000000, 1.876954315898346603574964319705031812191009521484375000000000
 0.000460493136845950285906264864976833450782578438520431518555,-0.300209680089586927742573152499971911311149597167968750000000,-0.949740743164806833220836779219098389148712158203125000000000, 0.088694243067227104826422134919994277879595756530761718750000, 1.481985382091488556710601187660358846187591552734375000000000, 4.406230991281239184331752767320722341537475585937500000000000
 0.000460493136845950285906264864976833450782578438520431518555,-0.300209680089586927742573152499971911311149597167968750000000,-0.949740743164806833220836779219098389148712158203125000000000,-0.088694243067227396259966099023586139082908630371093750000000, 1.659607271498305003376572130946442484855651855468750000000000, 4.406230991281239184331752767320722341537475585937500000000000
 0.000460493136845950285906264864976833450782578438520431518555, 0.088694243067227299115451444322388852015137672424316406250000, 0.300209680089587094276026846273452974855899810791015625000000, 0.949740743164806722198534316703444346785545349121093750000000, 0.318389669704772448888263625121908262372016906738281250000000, 1.283527346805000357576886926835868507623672485351562500000000
 0.000460493136845950285906264864976833450782578438520431518555, 0.088694243067227299115451444322388852015137672424316406250000, 0.300209680089587094276026846273452974855899810791015625000000,-0.949740743164806722198534316703444346785545349121093750000000, 2.823202983885020778132002305937930941581726074218750000000000, 1.283527346805000357576886926835868507623672485351562500000000
 0.000460493136845950285906264864976833450782578438520431518555, 0.088694243067227299115451444322388852015137672424316406250000,-0.300209680089587094276026846273452974855899810791015625000000, 0.949740743164806722198534316703444346785545349121093750000000, 0.318389669704772448888263625121908262372016906738281250000000, 4.999657960374586096463644935283809900283813476562500000000000
 0.000460493136845950285906264864976833450782578438520431518555, 0.088694243067227299115451444322388852015137672424316406250000,-0.300209680089587094276026846273452974855899810791015625000000,-0.949740743164806722198534316703444346785545349121093750000000, 2.823202983885020778132002305937930941581726074218750000000000, 4.999657960374586096463644935283809900283813476562500000000000
 0.000460493136845950285906264864976833450782578438520431518555,-0.088694243067227299115451444322388852015137672424316406250000, 0.300209680089587094276026846273452974855899810791015625000000, 0.949740743164806722198534316703444346785545349121093750000000, 0.318389669704772448888263625121908262372016906738281250000000, 1.858065306784792980465681466739624738693237304687500000000000
 0.000460493136845950285906264864976833450782578438520431518555,-0.088694243067227299115451444322388852015137672424316406250000, 0.300209680089587094276026846273452974855899810791015625000000,-0.949740743164806722198534316703444346785545349121093750000000, 2.823202983885020778132002305937930941581726074218750000000000, 1.858065306784792980465681466739624738693237304687500000000000
 0.000460493136845950285906264864976833450782578438520431518555,-0.088694243067227299115451444322388852015137672424316406250000,-0.300209680089587094276026846273452974855899810791015625000000, 0.949740743164806722198534316703444346785545349121093750000000, 0.318389669704772448888263625121908262372016906738281250000000, 4.425120000394793251530245470348745584487915039062500000000000
 0.000460493136845950285906264864976833450782578438520431518555,-0.088694243067227299115451444322388852015137672424316406250000,-0.300209680089587094276026846273452974855899810791015625000000,-0.949740743164806722198534316703444346785545349121093750000000, 2.823202983885020778132002305937930941581726074218750000000000, 4.425120000394793251530245470348745584487915039062500000000000
 0.000460493136845950285906264864976833450782578438520431518555, 0.088694243067227104826422134919994277879595756530761718750000, 0.949740743164806833220836779219098389148712158203125000000000, 0.300209680089586927742573152499971911311149597167968750000000, 1.265883860721702225404783348494675010442733764648437500000000, 1.477678555601574128530728557961992919445037841796875000000000
 0.000460493136845950285906264864976833450782578438520431518555, 0.088694243067227104826422134919994277879595756530761718750000, 0.949740743164806722198534316703444346785545349121093750000000,-0.300209680089587094276026846273452974855899810791015625000000, 1.875708792868091334682389970112126320600509643554687500000000, 1.477678555601574128530728557961992919445037841796875000000000
 0.000460493136845950285906264864976833450782578438520431518555, 0.088694243067227104826422134919994277879595756530761718750000,-0.949740743164806833220836779219098389148712158203125000000000, 0.300209680089586927742573152499971911311149597167968750000000, 1.265883860721702225404783348494675010442733764648437500000000, 4.805506751578011659375988529063761234283447265625000000000000
 0.000460493136845950285906264864976833450782578438520431518555, 0.088694243067227104826422134919994277879595756530761718750000,-0.949740743164806722198534316703444346785545349121093750000000,-0.300209680089587094276026846273452974855899810791015625000000, 1.875708792868091334682389970112126320600509643554687500000000, 4.805506751578011659375988529063761234283447265625000000000000
 0.000460493136845950285906264864976833450782578438520431518555,-0.088694243067227104826422134919994277879595756530761718750000, 0.949740743164806833220836779219098389148712158203125000000000, 0.300209680089586927742573152499971911311149597167968750000000, 1.265883860721702225404783348494675010442733764648437500000000, 1.663914097988219209511839835613500326871871948242187500000000
 0.000460493136845950285906264864976833450782578438520431518555,-0.088694243067227104826422134919994277879595756530761718750000, 0.949740743164806722198534316703444346785545349121093750000000,-0.300209680089587094276026846273452974855899810791015625000000, 1.875708792868091334682389970112126320600509643554687500000000, 1.663914097988219209511839835613500326871871948242187500000000
 0.000460493136845950285906264864976833450782578438520431518555,-0.088694243067227104826422134919994277879595756530761718750000,-0.949740743164806833220836779219098389148712158203125000000000, 0.300209680089586927742573152499971911311149597167968750000000, 1.265883860721702225404783348494675010442733764648437500000000, 4.619271209191366800439482176443561911582946777343750000000000
 0.000460493136845950285906264864976833450782578438520431518555,-0.088694243067227104826422134919994277879595756530761718750000,-0.949740743164806722198534316703444346785545349121093750000000,-0.300209680089587094276026846273452974855899810791015625000000, 1.875708792868091334682389970112126320600509643554687500000000, 4.619271209191366800439482176443561911582946777343750000000000
 0.000460493136845950285906264864976833450782578438520431518555, 0.949740743164806722198534316703444346785545349121093750000000, 0.300209680089587094276026846273452974855899810791015625000000, 0.088694243067227104826422134919994277879595756530761718750000, 1.481985382091488556710601187660358846187591552734375000000000, 0.306157989103450101087133816690766252577304840087890625000000
 0.000460493136845950285906264864976833450782578438520431518555, 0.949740743164806722198534316703444346785545349121093750000000, 0.300209680089587094276026846273452974855899810791015625000000,-0.088694243067227396259966099023586139082908630371093750000000, 1.659607271498305003376572130946442484855651855468750000000000, 0.306157989103450101087133816690766252577304840087890625000000
 0.000460493136845950285906264864976833450782578438520431518555, 0.949740743164806722198534316703444346785545349121093750000000,-0.300209680089587094276026846273452974855899810791015625000000, 0.088694243067227104826422134919994277879595756530761718750000, 1.481985382091488556710601187660358846187591552734375000000000, 5.977027318076135742330734501592814922332763671875000000000000
 0.000460493136845950285906264864976833450782578438520431518555, 0.949740743164806722198534316703444346785545349121093750000000,-0.300209680089587094276026846273452974855899810791015625000000,-0.088694243067227396259966099023586139082908630371093750000000, 1.659607271498305003376572130946442484855651855468750000000000, 5.977027318076135742330734501592814922332763671875000000000000
 0.000460493136845950285906264864976833450782578438520431518555,-0.949740743164806833220836779219098389148712158203125000000000, 0.300209680089586927742573152499971911311149597167968750000000, 0.088694243067227104826422134919994277879595756530761718750000, 1.481985382091488556710601187660358846187591552734375000000000, 2.835434664486343514511190733173862099647521972656250000000000
 0.000460493136845950285906264864976833450782578438520431518555,-0.949740743164806833220836779219098389148712158203125000000000, 0.300209680089586927742573152499971911311149597167968750000000,-0.088694243067227396259966099023586139082908630371093750000000, 1.659607271498305003376572130946442484855651855468750000000000, 2.835434664486343514511190733173862099647521972656250000000000
 0.000460493136845950285906264864976833450782578438520431518555,-0.949740743164806833220836779219098389148712158203125000000000,-0.300209680089586927742573152499971911311149597167968750000000, 0.088694243067227104826422134919994277879595756530761718750000, 1.481985382091488556710601187660358846187591552734375000000000, 3.447750642693242717484736203914508223533630371093750000000000
 0.000460493136845950285906264864976833450782578438520431518555,-0.949740743164806833220836779219098389148712158203125000000000,-0.300209680089586927742573152499971911311149597167968750000000,-0.088694243067227396259966099023586139082908630371093750000000, 1.659607271498305003376572130946442484855651855468750000000000, 3.447750642693242717484736203914508223533630371093750000000000
 0.000460493136845950285906264864976833450782578438520431518555, 0.949740743164806833220836779219098389148712158203125000000000, 0.088694243067227396259966099023586139082908630371093750000000, 0.300209680089586927742573152499971911311149597167968750000000, 1.265883860721702225404783348494675010442733764648437500000000, 0.093117771193322859679675218558259075507521629333496093750000
 0.000460493136845950285906264864976833450782578438520431518555, 0.949740743164806722198534316703444346785545349121093750000000, 0.088694243067227396259966099023586139082908630371093750000000,-0.300209680089587094276026846273452974855899810791015625000000, 1.875708792868091112637785045080818235874176025390625000000000, 0.093117771193322873557463026372715830802917480468750000000000
 0.000460493136845950285906264864976833450782578438520431518555, 0.949740743164806833220836779219098389148712158203125000000000,-0.088694243067227396259966099023586139082908630371093750000000, 0.300209680089586927742573152499971911311149597167968750000000, 1.265883860721702225404783348494675010442733764648437500000000, 6.190067535986263358438463910715654492378234863281250000000000
 0.000460493136845950285906264864976833450782578438520431518555, 0.949740743164806722198534316703444346785545349121093750000000,-0.088694243067227396259966099023586139082908630371093750000000,-0.300209680089587094276026846273452974855899810791015625000000, 1.875708792868091112637785045080818235874176025390625000000000, 6.190067535986263358438463910715654492378234863281250000000000
 0.000460493136845950285906264864976833450782578438520431518555,-0.949740743164806833220836779219098389148712158203125000000000, 0.088694243067227604426783216240437468513846397399902343750000, 0.300209680089586927742573152499971911311149597167968750000000, 1.265883860721702225404783348494675010442733764648437500000000, 3.048474882396470242440500442171469330787658691406250000000000
 0.000460493136845950285906264864976833450782578438520431518555,-0.949740743164806722198534316703444346785545349121093750000000, 0.088694243067227604426783216240437468513846397399902343750000,-0.300209680089587094276026846273452974855899810791015625000000, 1.875708792868091112637785045080818235874176025390625000000000, 3.048474882396470242440500442171469330787658691406250000000000
 0.000460493136845950285906264864976833450782578438520431518555,-0.949740743164806833220836779219098389148712158203125000000000,-0.088694243067227604426783216240437468513846397399902343750000, 0.300209680089586927742573152499971911311149597167968750000000, 1.265883860721702225404783348494675010442733764648437500000000, 3.234710424783115989555426494916900992393493652343750000000000
 0.000460493136845950285906264864976833450782578438520431518555,-0.949740743164806722198534316703444346785545349121093750000000,-0.088694243067227604426783216240437468513846397399902343750000,-0.300209680089587094276026846273452974855899810791015625000000, 1.875708792868091112637785045080818235874176025390625000000000, 3.234710424783115989555426494916900992393493652343750000000000
 0.000487181487825947439652962689393689288408495485782623291016, 0.355855445745743181884535033532301895320415496826171875000000, 0.136881170651065586785222194521338678896427154541015625000000, 0.924462247392662472833535503013990819454193115234375000000000, 0.391173564559425424036476215405855327844619750976562500000000, 0.367207350218167749567044211289612576365470886230468750000000
 0.000487181487825947439652962689393689288408495485782623291016, 0.355855445745742904328778877243166789412498474121093750000000, 0.136881170651065392496192885118944104760885238647460937500000,-0.924462247392662583855837965529644861817359924316406250000000, 2.750419089030368358095302028232254087924957275390625000000000, 0.367207350218167527522439286258304491639137268066406250000000
 0.000487181487825947439652962689393689288408495485782623291016, 0.355855445745743181884535033532301895320415496826171875000000,-0.136881170651065586785222194521338678896427154541015625000000, 0.924462247392662472833535503013990819454193115234375000000000, 0.391173564559425424036476215405855327844619750976562500000000, 5.915977956961418371406580263283103704452514648437500000000000
 0.000487181487825947439652962689393689288408495485782623291016, 0.355855445745742904328778877243166789412498474121093750000000,-0.136881170651065392496192885118944104760885238647460937500000,-0.924462247392662583855837965529644861817359924316406250000000, 2.750419089030368358095302028232254087924957275390625000000000, 5.915977956961418371406580263283103704452514648437500000000000
 0.000487181487825947439652962689393689288408495485782623291016,-0.355855445745743181884535033532301895320415496826171875000000, 0.136881170651065503518495347634598147124052047729492187500000, 0.924462247392662472833535503013990819454193115234375000000000, 0.391173564559425146480720059116720221936702728271484375000000, 2.774385303371625699497826644801534712314605712890625000000000
 0.000487181487825947439652962689393689288408495485782623291016,-0.355855445745742904328778877243166789412498474121093750000000, 0.136881170651065392496192885118944104760885238647460937500000,-0.924462247392662583855837965529644861817359924316406250000000, 2.750419089030368358095302028232254087924957275390625000000000, 2.774385303371625699497826644801534712314605712890625000000000
 0.000487181487825947439652962689393689288408495485782623291016,-0.355855445745743181884535033532301895320415496826171875000000,-0.136881170651065503518495347634598147124052047729492187500000, 0.924462247392662472833535503013990819454193115234375000000000, 0.391173564559425146480720059116720221936702728271484375000000, 3.508800003807960532498100292286835610866546630859375000000000
 0.000487181487825947439652962689393689288408495485782623291016,-0.355855445745742904328778877243166789412498474121093750000000,-0.136881170651065392496192885118944104760885238647460937500000,-0.924462247392662583855837965529644861817359924316406250000000, 2.750419089030368358095302028232254087924957275390625000000000, 3.508800003807960532498100292286835610866546630859375000000000
 0.000487181487825947439652962689393689288408495485782623291016, 0.355855445745743181884535033532301895320415496826171875000000, 0.924462247392662361811233040498336777091026306152343750000000, 0.136881170651065586785222194521338678896427154541015625000000, 1.433484066825365887964949251909274607896804809570312500000000, 1.203346383783049144966526000644080340862274169921875000000000
 0.000487181487825947439652962689393689288408495485782623291016, 0.355855445745743181884535033532301895320415496826171875000000, 0.924462247392662361811233040498336777091026306152343750000000,-0.136881170651065586785222194521338678896427154541015625000000, 1.708108586764427450077619141666218638420104980468750000000000, 1.203346383783049144966526000644080340862274169921875000000000
 0.000487181487825947439652962689393689288408495485782623291016, 0.355855445745743181884535033532301895320415496826171875000000,-0.924462247392662361811233040498336777091026306152343750000000, 0.136881170651065586785222194521338678896427154541015625000000, 1.433484066825365887964949251909274607896804809570312500000000, 5.079838923396536642940191086381673812866210937500000000000000
 0.000487181487825947439652962689393689288408495485782623291016, 0.355855445745743181884535033532301895320415496826171875000000,-0.924462247392662361811233040498336777091026306152343750000000,-0.136881170651065586785222194521338678896427154541015625000000, 1.708108586764427450077619141666218638420104980468750000000000, 5.079838923396536642940191086381673812866210937500000000000000
 0.000487181487825947439652962689393689288408495485782623291016,-0.355855445745743181884535033532301895320415496826171875000000, 0.924462247392662361811233040498336777091026306152343750000000, 0.136881170651065586785222194521338678896427154541015625000000, 1.433484066825365887964949251909274607896804809570312500000000, 1.938246269806743971031437467900104820728302001953125000000000
 0.000487181487825947439652962689393689288408495485782623291016,-0.355855445745743181884535033532301895320415496826171875000000, 0.924462247392662361811233040498336777091026306152343750000000,-0.136881170651065586785222194521338678896427154541015625000000, 1.708108586764427450077619141666218638420104980468750000000000, 1.938246269806743971031437467900104820728302001953125000000000
 0.000487181487825947439652962689393689288408495485782623291016,-0.355855445745743181884535033532301895320415496826171875000000,-0.924462247392662361811233040498336777091026306152343750000000, 0.136881170651065586785222194521338678896427154541015625000000, 1.433484066825365887964949251909274607896804809570312500000000, 4.344939037372842705053699319250881671905517578125000000000000
 0.000487181487825947439652962689393689288408495485782623291016,-0.355855445745743181884535033532301895320415496826171875000000,-0.924462247392662361811233040498336777091026306152343750000000,-0.136881170651065586785222194521338678896427154541015625000000, 1.708108586764427450077619141666218638420104980468750000000000, 4.344939037372842705053699319250881671905517578125000000000000
 0.000487181487825947439652962689393689288408495485782623291016, 0.136881170651065503518495347634598147124052047729492187500000, 0.355855445745743181884535033532301895320415496826171875000000, 0.924462247392662472833535503013990819454193115234375000000000, 0.391173564559425146480720059116720221936702728271484375000000, 1.203588976576729141498844910529442131519317626953125000000000
 0.000487181487825947439652962689393689288408495485782623291016, 0.136881170651065392496192885118944104760885238647460937500000, 0.355855445745742904328778877243166789412498474121093750000000,-0.924462247392662583855837965529644861817359924316406250000000, 2.750419089030368358095302028232254087924957275390625000000000, 1.203588976576729141498844910529442131519317626953125000000000
 0.000487181487825947439652962689393689288408495485782623291016, 0.136881170651065503518495347634598147124052047729492187500000,-0.355855445745743181884535033532301895320415496826171875000000, 0.924462247392662472833535503013990819454193115234375000000000, 0.391173564559425146480720059116720221936702728271484375000000, 5.079596330602857534586291876621544361114501953125000000000000
 0.000487181487825947439652962689393689288408495485782623291016, 0.136881170651065392496192885118944104760885238647460937500000,-0.355855445745742904328778877243166789412498474121093750000000,-0.924462247392662583855837965529644861817359924316406250000000, 2.750419089030368358095302028232254087924957275390625000000000, 5.079596330602857534586291876621544361114501953125000000000000
 0.000487181487825947439652962689393689288408495485782623291016,-0.136881170651065503518495347634598147124052047729492187500000, 0.355855445745743181884535033532301895320415496826171875000000, 0.924462247392662472833535503013990819454193115234375000000000, 0.391173564559425146480720059116720221936702728271484375000000, 1.938003677013064196543723483046051114797592163085937500000000
 0.000487181487825947439652962689393689288408495485782623291016,-0.136881170651065392496192885118944104760885238647460937500000, 0.355855445745742904328778877243166789412498474121093750000000,-0.924462247392662583855837965529644861817359924316406250000000, 2.750419089030368358095302028232254087924957275390625000000000, 1.938003677013064196543723483046051114797592163085937500000000
 0.000487181487825947439652962689393689288408495485782623291016,-0.136881170651065503518495347634598147124052047729492187500000,-0.355855445745743181884535033532301895320415496826171875000000, 0.924462247392662472833535503013990819454193115234375000000000, 0.391173564559425146480720059116720221936702728271484375000000, 4.345181630166521813407598529011011123657226562500000000000000
 0.000487181487825947439652962689393689288408495485782623291016,-0.136881170651065392496192885118944104760885238647460937500000,-0.355855445745742904328778877243166789412498474121093750000000,-0.924462247392662583855837965529644861817359924316406250000000, 2.750419089030368358095302028232254087924957275390625000000000, 4.345181630166521813407598529011011123657226562500000000000000
 0.000487181487825947439652962689393689288408495485782623291016, 0.136881170651065392496192885118944104760885238647460937500000, 0.924462247392662583855837965529644861817359924316406250000000, 0.355855445745743181884535033532301895320415496826171875000000, 1.206967054281572471197137019771616905927658081054687500000000, 1.423798627732153709857243484293576329946517944335937500000000
 0.000487181487825947439652962689393689288408495485782623291016, 0.136881170651065392496192885118944104760885238647460937500000, 0.924462247392662583855837965529644861817359924316406250000000,-0.355855445745743181884535033532301895320415496826171875000000, 1.934625599308220644800826448772568255662918090820312500000000, 1.423798627732153709857243484293576329946517944335937500000000
 0.000487181487825947439652962689393689288408495485782623291016, 0.136881170651065392496192885118944104760885238647460937500000,-0.924462247392662583855837965529644861817359924316406250000000, 0.355855445745743181884535033532301895320415496826171875000000, 1.206967054281572471197137019771616905927658081054687500000000, 4.859386679447432300094078527763485908508300781250000000000000
 0.000487181487825947439652962689393689288408495485782623291016, 0.136881170651065392496192885118944104760885238647460937500000,-0.924462247392662583855837965529644861817359924316406250000000,-0.355855445745743181884535033532301895320415496826171875000000, 1.934625599308220644800826448772568255662918090820312500000000, 4.859386679447432300094078527763485908508300781250000000000000
 0.000487181487825947439652962689393689288408495485782623291016,-0.136881170651065586785222194521338678896427154541015625000000, 0.924462247392662583855837965529644861817359924316406250000000, 0.355855445745743181884535033532301895320415496826171875000000, 1.206967054281572471197137019771616905927658081054687500000000, 1.717794025857639628185324909281916916370391845703125000000000
 0.000487181487825947439652962689393689288408495485782623291016,-0.136881170651065586785222194521338678896427154541015625000000, 0.924462247392662583855837965529644861817359924316406250000000,-0.355855445745743181884535033532301895320415496826171875000000, 1.934625599308220644800826448772568255662918090820312500000000, 1.717794025857639628185324909281916916370391845703125000000000
 0.000487181487825947439652962689393689288408495485782623291016,-0.136881170651065586785222194521338678896427154541015625000000,-0.924462247392662583855837965529644861817359924316406250000000, 0.355855445745743181884535033532301895320415496826171875000000, 1.206967054281572471197137019771616905927658081054687500000000, 4.565391281321947047899811877869069576263427734375000000000000
 0.000487181487825947439652962689393689288408495485782623291016,-0.136881170651065586785222194521338678896427154541015625000000,-0.924462247392662583855837965529644861817359924316406250000000,-0.355855445745743181884535033532301895320415496826171875000000, 1.934625599308220644800826448772568255662918090820312500000000, 4.565391281321947047899811877869069576263427734375000000000000
 0.000487181487825947439652962689393689288408495485782623291016, 0.924462247392662472833535503013990819454193115234375000000000, 0.355855445745743015351081339758820831775665283203125000000000, 0.136881170651065586785222194521338678896427154541015625000000, 1.433484066825365887964949251909274607896804809570312500000000, 0.367449943011847246499002039854531176388263702392578125000000
 0.000487181487825947439652962689393689288408495485782623291016, 0.924462247392662472833535503013990819454193115234375000000000, 0.355855445745743015351081339758820831775665283203125000000000,-0.136881170651065586785222194521338678896427154541015625000000, 1.708108586764427450077619141666218638420104980468750000000000, 0.367449943011847246499002039854531176388263702392578125000000
 0.000487181487825947439652962689393689288408495485782623291016, 0.924462247392662472833535503013990819454193115234375000000000,-0.355855445745743015351081339758820831775665283203125000000000, 0.136881170651065586785222194521338678896427154541015625000000, 1.433484066825365887964949251909274607896804809570312500000000, 5.915735364167739263052681053522974252700805664062500000000000
 0.000487181487825947439652962689393689288408495485782623291016, 0.924462247392662472833535503013990819454193115234375000000000,-0.355855445745743015351081339758820831775665283203125000000000,-0.136881170651065586785222194521338678896427154541015625000000, 1.708108586764427450077619141666218638420104980468750000000000, 5.915735364167739263052681053522974252700805664062500000000000
 0.000487181487825947439652962689393689288408495485782623291016,-0.924462247392662583855837965529644861817359924316406250000000, 0.355855445745742682284173952211858704686164855957031250000000, 0.136881170651065586785222194521338678896427154541015625000000, 1.433484066825365887964949251909274607896804809570312500000000, 2.774142710577946147054717584978789091110229492187500000000000
 0.000487181487825947439652962689393689288408495485782623291016,-0.924462247392662583855837965529644861817359924316406250000000, 0.355855445745742682284173952211858704686164855957031250000000,-0.136881170651065586785222194521338678896427154541015625000000, 1.708108586764427450077619141666218638420104980468750000000000, 2.774142710577946147054717584978789091110229492187500000000000
 0.000487181487825947439652962689393689288408495485782623291016,-0.924462247392662583855837965529644861817359924316406250000000,-0.355855445745742682284173952211858704686164855957031250000000, 0.136881170651065586785222194521338678896427154541015625000000, 1.433484066825365887964949251909274607896804809570312500000000, 3.509042596601640084941209352109581232070922851562500000000000
 0.000487181487825947439652962689393689288408495485782623291016,-0.924462247392662583855837965529644861817359924316406250000000,-0.355855445745742682284173952211858704686164855957031250000000,-0.136881170651065586785222194521338678896427154541015625000000, 1.708108586764427450077619141666218638420104980468750000000000, 3.509042596601640084941209352109581232070922851562500000000000
 0.000487181487825947439652962689393689288408495485782623291016, 0.924462247392662472833535503013990819454193115234375000000000, 0.136881170651066086385583275841781869530677795410156250000000, 0.355855445745743181884535033532301895320415496826171875000000, 1.206967054281572471197137019771616905927658081054687500000000, 0.146997699062743569786704256330267526209354400634765625000000
 0.000487181487825947439652962689393689288408495485782623291016, 0.924462247392662472833535503013990819454193115234375000000000, 0.136881170651066086385583275841781869530677795410156250000000,-0.355855445745743181884535033532301895320415496826171875000000, 1.934625599308220644800826448772568255662918090820312500000000, 0.146997699062743569786704256330267526209354400634765625000000
 0.000487181487825947439652962689393689288408495485782623291016, 0.924462247392662472833535503013990819454193115234375000000000,-0.136881170651066086385583275841781869530677795410156250000000, 0.355855445745743181884535033532301895320415496826171875000000, 1.206967054281572471197137019771616905927658081054687500000000, 6.136187608116842717720373912015929818153381347656250000000000
 0.000487181487825947439652962689393689288408495485782623291016, 0.924462247392662472833535503013990819454193115234375000000000,-0.136881170651066086385583275841781869530677795410156250000000,-0.355855445745743181884535033532301895320415496826171875000000, 1.934625599308220644800826448772568255662918090820312500000000, 6.136187608116842717720373912015929818153381347656250000000000
 0.000487181487825947439652962689393689288408495485782623291016,-0.924462247392662472833535503013990819454193115234375000000000, 0.136881170651066086385583275841781869530677795410156250000000, 0.355855445745743181884535033532301895320415496826171875000000, 1.206967054281572471197137019771616905927658081054687500000000, 2.994594954527049601722410443471744656562805175781250000000000
 0.000487181487825947439652962689393689288408495485782623291016,-0.924462247392662472833535503013990819454193115234375000000000, 0.136881170651066086385583275841781869530677795410156250000000,-0.355855445745743181884535033532301895320415496826171875000000, 1.934625599308220644800826448772568255662918090820312500000000, 2.994594954527049601722410443471744656562805175781250000000000
 0.000487181487825947439652962689393689288408495485782623291016,-0.924462247392662472833535503013990819454193115234375000000000,-0.136881170651066086385583275841781869530677795410156250000000, 0.355855445745743181884535033532301895320415496826171875000000, 1.206967054281572471197137019771616905927658081054687500000000, 3.288590352652536630273516493616625666618347167968750000000000
 0.000487181487825947439652962689393689288408495485782623291016,-0.924462247392662472833535503013990819454193115234375000000000,-0.136881170651066086385583275841781869530677795410156250000000,-0.355855445745743181884535033532301895320415496826171875000000, 1.934625599308220644800826448772568255662918090820312500000000, 3.288590352652536630273516493616625666618347167968750000000000
 0.000507224291006945233323266464253720187116414308547973632812, 0.409778253704888573150100228303926996886730194091796875000000, 0.186073998501503107272370129976479802280664443969726562500000, 0.893005179084776945508394874195801094174385070800781250000000, 0.466817282791868570779314495666767470538616180419921875000000, 0.426245493982410794675530496533610858023166656494140625000000
 0.000507224291006945233323266464253720187116414308547973632812, 0.409778253704888573150100228303926996886730194091796875000000, 0.186073998501503190539096976863220334053039550781250000000000,-0.893005179084776945508394874195801094174385070800781250000000, 2.674775370797924711752102666650898754596710205078125000000000, 0.426245493982410961208984190307091921567916870117187500000000
 0.000507224291006945233323266464253720187116414308547973632812, 0.409778253704888573150100228303926996886730194091796875000000,-0.186073998501503107272370129976479802280664443969726562500000, 0.893005179084776945508394874195801094174385070800781250000000, 0.466817282791868570779314495666767470538616180419921875000000, 5.856939813197175048742337821749970316886901855468750000000000
 0.000507224291006945233323266464253720187116414308547973632812, 0.409778253704888573150100228303926996886730194091796875000000,-0.186073998501503190539096976863220334053039550781250000000000,-0.893005179084776945508394874195801094174385070800781250000000, 2.674775370797924711752102666650898754596710205078125000000000, 5.856939813197175048742337821749970316886901855468750000000000
 0.000507224291006945233323266464253720187116414308547973632812,-0.409778253704888573150100228303926996886730194091796875000000, 0.186073998501503107272370129976479802280664443969726562500000, 0.893005179084776945508394874195801094174385070800781250000000, 0.466817282791868570779314495666767470538616180419921875000000, 2.715347159607382376833584203268401324748992919921875000000000
 0.000507224291006945233323266464253720187116414308547973632812,-0.409778253704888684172402690819581039249897003173828125000000, 0.186073998501503107272370129976479802280664443969726562500000,-0.893005179084776945508394874195801094174385070800781250000000, 2.674775370797924711752102666650898754596710205078125000000000, 2.715347159607382376833584203268401324748992919921875000000000
 0.000507224291006945233323266464253720187116414308547973632812,-0.409778253704888573150100228303926996886730194091796875000000,-0.186073998501503107272370129976479802280664443969726562500000, 0.893005179084776945508394874195801094174385070800781250000000, 0.466817282791868570779314495666767470538616180419921875000000, 3.567838147572203855162342733819968998432159423828125000000000
 0.000507224291006945233323266464253720187116414308547973632812,-0.409778253704888684172402690819581039249897003173828125000000,-0.186073998501503107272370129976479802280664443969726562500000,-0.893005179084776945508394874195801094174385070800781250000000, 2.674775370797924711752102666650898754596710205078125000000000, 3.567838147572203855162342733819968998432159423828125000000000
 0.000507224291006945233323266464253720187116414308547973632812, 0.409778253704888573150100228303926996886730194091796875000000, 0.893005179084776834486092411680147051811218261718750000000000, 0.186073998501503301561399439378874376416206359863281250000000, 1.383631488872952175483987957704812288284301757812500000000000, 1.140586042328539440049439690483268350362777709960937500000000
 0.000507224291006945233323266464253720187116414308547973632812, 0.409778253704888573150100228303926996886730194091796875000000, 0.893005179084776834486092411680147051811218261718750000000000,-0.186073998501503301561399439378874376416206359863281250000000, 1.757961164716840940513975510839372873306274414062500000000000, 1.140586042328539440049439690483268350362777709960937500000000
 0.000507224291006945233323266464253720187116414308547973632812, 0.409778253704888573150100228303926996886730194091796875000000,-0.893005179084776834486092411680147051811218261718750000000000, 0.186073998501503301561399439378874376416206359863281250000000, 1.383631488872952175483987957704812288284301757812500000000000, 5.142599264851046569901882321573793888092041015625000000000000
 0.000507224291006945233323266464253720187116414308547973632812, 0.409778253704888573150100228303926996886730194091796875000000,-0.893005179084776834486092411680147051811218261718750000000000,-0.186073998501503301561399439378874376416206359863281250000000, 1.757961164716840940513975510839372873306274414062500000000000, 5.142599264851046569901882321573793888092041015625000000000000
 0.000507224291006945233323266464253720187116414308547973632812,-0.409778253704888573150100228303926996886730194091796875000000, 0.893005179084776834486092411680147051811218261718750000000000, 0.186073998501503301561399439378874376416206359863281250000000, 1.383631488872952175483987957704812288284301757812500000000000, 2.001006611261253897993128703092224895954132080078125000000000
 0.000507224291006945233323266464253720187116414308547973632812,-0.409778253704888573150100228303926996886730194091796875000000, 0.893005179084776834486092411680147051811218261718750000000000,-0.186073998501503301561399439378874376416206359863281250000000, 1.757961164716840940513975510839372873306274414062500000000000, 2.001006611261253897993128703092224895954132080078125000000000
 0.000507224291006945233323266464253720187116414308547973632812,-0.409778253704888573150100228303926996886730194091796875000000,-0.893005179084776834486092411680147051811218261718750000000000, 0.186073998501503301561399439378874376416206359863281250000000, 1.383631488872952175483987957704812288284301757812500000000000, 4.282178695918332778092008084058761596679687500000000000000000
 0.000507224291006945233323266464253720187116414308547973632812,-0.409778253704888573150100228303926996886730194091796875000000,-0.893005179084776834486092411680147051811218261718750000000000,-0.186073998501503301561399439378874376416206359863281250000000, 1.757961164716840940513975510839372873306274414062500000000000, 4.282178695918332778092008084058761596679687500000000000000000
 0.000507224291006945233323266464253720187116414308547973632812, 0.186073998501503107272370129976479802280664443969726562500000, 0.409778253704888573150100228303926996886730194091796875000000, 0.893005179084776945508394874195801094174385070800781250000000, 0.466817282791868570779314495666767470538616180419921875000000, 1.144550832812485818834602468996308743953704833984375000000000
 0.000507224291006945233323266464253720187116414308547973632812, 0.186073998501503190539096976863220334053039550781250000000000, 0.409778253704888573150100228303926996886730194091796875000000,-0.893005179084776945508394874195801094174385070800781250000000, 2.674775370797924711752102666650898754596710205078125000000000, 1.144550832812485596789997543965000659227371215820312500000000
 0.000507224291006945233323266464253720187116414308547973632812, 0.186073998501503107272370129976479802280664443969726562500000,-0.409778253704888573150100228303926996886730194091796875000000, 0.893005179084776945508394874195801094174385070800781250000000, 0.466817282791868570779314495666767470538616180419921875000000, 5.138634474367099969072114618029445409774780273437500000000000
 0.000507224291006945233323266464253720187116414308547973632812, 0.186073998501503190539096976863220334053039550781250000000000,-0.409778253704888573150100228303926996886730194091796875000000,-0.893005179084776945508394874195801094174385070800781250000000, 2.674775370797924711752102666650898754596710205078125000000000, 5.138634474367100857250534318154677748680114746093750000000000
 0.000507224291006945233323266464253720187116414308547973632812,-0.186073998501503301561399439378874376416206359863281250000000, 0.409778253704888517638948997046099975705146789550781250000000, 0.893005179084776945508394874195801094174385070800781250000000, 0.466817282791868570779314495666767470538616180419921875000000, 1.997041820777307963297175774641800671815872192382812500000000
 0.000507224291006945233323266464253720187116414308547973632812,-0.186073998501503301561399439378874376416206359863281250000000, 0.409778253704888573150100228303926996886730194091796875000000,-0.893005179084776945508394874195801094174385070800781250000000, 2.674775370797924711752102666650898754596710205078125000000000, 1.997041820777307741252570849610492587089538574218750000000000
 0.000507224291006945233323266464253720187116414308547973632812,-0.186073998501503301561399439378874376416206359863281250000000,-0.409778253704888517638948997046099975705146789550781250000000, 0.893005179084776945508394874195801094174385070800781250000000, 0.466817282791868570779314495666767470538616180419921875000000, 4.286143486402278490743356087477877736091613769531250000000000
 0.000507224291006945233323266464253720187116414308547973632812,-0.186073998501503301561399439378874376416206359863281250000000,-0.409778253704888573150100228303926996886730194091796875000000,-0.893005179084776945508394874195801094174385070800781250000000, 2.674775370797924711752102666650898754596710205078125000000000, 4.286143486402278490743356087477877736091613769531250000000000
 0.000507224291006945233323266464253720187116414308547973632812, 0.186073998501503190539096976863220334053039550781250000000000, 0.893005179084776945508394874195801094174385070800781250000000, 0.409778253704888573150100228303926996886730194091796875000000, 1.148585371396031007407145807519555091857910156250000000000000, 1.365367396238850172807133276364766061305999755859375000000000
 0.000507224291006945233323266464253720187116414308547973632812, 0.186073998501503190539096976863220334053039550781250000000000, 0.893005179084776834486092411680147051811218261718750000000000,-0.409778253704888795194705153335235081613063812255859375000000, 1.993007282193762330635422586055938154458999633789062500000000, 1.365367396238850172807133276364766061305999755859375000000000
 0.000507224291006945233323266464253720187116414308547973632812, 0.186073998501503190539096976863220334053039550781250000000000,-0.893005179084776945508394874195801094174385070800781250000000, 0.409778253704888573150100228303926996886730194091796875000000, 1.148585371396031007407145807519555091857910156250000000000000, 4.917817910940735615099583810660988092422485351562500000000000
 0.000507224291006945233323266464253720187116414308547973632812, 0.186073998501503190539096976863220334053039550781250000000000,-0.893005179084776834486092411680147051811218261718750000000000,-0.409778253704888795194705153335235081613063812255859375000000, 1.993007282193762330635422586055938154458999633789062500000000, 4.917817910940735615099583810660988092422485351562500000000000
 0.000507224291006945233323266464253720187116414308547973632812,-0.186073998501503495850428748781268950551748275756835937500000, 0.893005179084776834486092411680147051811218261718750000000000, 0.409778253704888573150100228303926996886730194091796875000000, 1.148585371396031007407145807519555091857910156250000000000000, 1.776225257350943387280040042242035269737243652343750000000000
 0.000507224291006945233323266464253720187116414308547973632812,-0.186073998501503412583701901894528418779373168945312500000000, 0.893005179084776723463789949164493009448051452636718750000000,-0.409778253704888795194705153335235081613063812255859375000000, 1.993007282193762330635422586055938154458999633789062500000000, 1.776225257350943165235435117210727185010910034179687500000000
 0.000507224291006945233323266464253720187116414308547973632812,-0.186073998501503495850428748781268950551748275756835937500000,-0.893005179084776834486092411680147051811218261718750000000000, 0.409778253704888573150100228303926996886730194091796875000000, 1.148585371396031007407145807519555091857910156250000000000000, 4.506960049828642844715886894846335053443908691406250000000000
 0.000507224291006945233323266464253720187116414308547973632812,-0.186073998501503412583701901894528418779373168945312500000000,-0.893005179084776723463789949164493009448051452636718750000000,-0.409778253704888795194705153335235081613063812255859375000000, 1.993007282193762330635422586055938154458999633789062500000000, 4.506960049828642844715886894846335053443908691406250000000000
 0.000507224291006945233323266464253720187116414308547973632812, 0.893005179084776834486092411680147051811218261718750000000000, 0.409778253704888573150100228303926996886730194091796875000000, 0.186073998501503301561399439378874376416206359863281250000000, 1.383631488872952175483987957704812288284301757812500000000000, 0.430210284466357284482995737562305293977260589599609375000000
 0.000507224291006945233323266464253720187116414308547973632812, 0.893005179084776834486092411680147051811218261718750000000000, 0.409778253704888573150100228303926996886730194091796875000000,-0.186073998501503301561399439378874376416206359863281250000000, 1.757961164716840940513975510839372873306274414062500000000000, 0.430210284466357284482995737562305293977260589599609375000000
 0.000507224291006945233323266464253720187116414308547973632812, 0.893005179084776834486092411680147051811218261718750000000000,-0.409778253704888573150100228303926996886730194091796875000000, 0.186073998501503301561399439378874376416206359863281250000000, 1.383631488872952175483987957704812288284301757812500000000000, 5.852975022713229336090989818330854177474975585937500000000000
 0.000507224291006945233323266464253720187116414308547973632812, 0.893005179084776834486092411680147051811218261718750000000000,-0.409778253704888573150100228303926996886730194091796875000000,-0.186073998501503301561399439378874376416206359863281250000000, 1.757961164716840940513975510839372873306274414062500000000000, 5.852975022713229336090989818330854177474975585937500000000000
 0.000507224291006945233323266464253720187116414308547973632812,-0.893005179084776723463789949164493009448051452636718750000000, 0.409778253704888906217007615850889123976230621337890625000000, 0.186073998501503301561399439378874376416206359863281250000000, 1.383631488872952175483987957704812288284301757812500000000000, 2.711382369123435776003816499724052846431732177734375000000000
 0.000507224291006945233323266464253720187116414308547973632812,-0.893005179084776723463789949164493009448051452636718750000000, 0.409778253704888906217007615850889123976230621337890625000000,-0.186073998501503301561399439378874376416206359863281250000000, 1.757961164716840940513975510839372873306274414062500000000000, 2.711382369123435776003816499724052846431732177734375000000000
 0.000507224291006945233323266464253720187116414308547973632812,-0.893005179084776723463789949164493009448051452636718750000000,-0.409778253704888906217007615850889123976230621337890625000000, 0.186073998501503301561399439378874376416206359863281250000000, 1.383631488872952175483987957704812288284301757812500000000000, 3.571802938056150455992110437364317476749420166015625000000000
 0.000507224291006945233323266464253720187116414308547973632812,-0.893005179084776723463789949164493009448051452636718750000000,-0.409778253704888906217007615850889123976230621337890625000000,-0.186073998501503301561399439378874376416206359863281250000000, 1.757961164716840940513975510839372873306274414062500000000000, 3.571802938056150455992110437364317476749420166015625000000000
 0.000507224291006945233323266464253720187116414308547973632812, 0.893005179084776945508394874195801094174385070800781250000000, 0.186073998501503107272370129976479802280664443969726562500000, 0.409778253704888573150100228303926996886730194091796875000000, 1.148585371396031007407145807519555091857910156250000000000000, 0.205428930556046274169545995391672477126121520996093750000000
 0.000507224291006945233323266464253720187116414308547973632812, 0.893005179084776834486092411680147051811218261718750000000000, 0.186073998501502996250067667460825759917497634887695312500000,-0.409778253704888795194705153335235081613063812255859375000000, 1.993007282193762330635422586055938154458999633789062500000000, 0.205428930556046190902819148504931945353746414184570312500000
 0.000507224291006945233323266464253720187116414308547973632812, 0.893005179084776945508394874195801094174385070800781250000000,-0.186073998501503107272370129976479802280664443969726562500000, 0.409778253704888573150100228303926996886730194091796875000000, 1.148585371396031007407145807519555091857910156250000000000000, 6.077756376623540290893288329243659973144531250000000000000000
 0.000507224291006945233323266464253720187116414308547973632812, 0.893005179084776834486092411680147051811218261718750000000000,-0.186073998501502996250067667460825759917497634887695312500000,-0.409778253704888795194705153335235081613063812255859375000000, 1.993007282193762330635422586055938154458999633789062500000000, 6.077756376623540290893288329243659973144531250000000000000000
 0.000507224291006945233323266464253720187116414308547973632812,-0.893005179084777056530697336711455136537551879882812500000000, 0.186073998501502801961038358058431185781955718994140625000000, 0.409778253704888573150100228303926996886730194091796875000000, 1.148585371396031007407145807519555091857910156250000000000000, 2.936163723033747174895324860699474811553955078125000000000000
 0.000507224291006945233323266464253720187116414308547973632812,-0.893005179084776945508394874195801094174385070800781250000000, 0.186073998501502690938735895542777143418788909912109375000000,-0.409778253704888795194705153335235081613063812255859375000000, 1.993007282193762330635422586055938154458999633789062500000000, 2.936163723033747618984534710762090981006622314453125000000000
 0.000507224291006945233323266464253720187116414308547973632812,-0.893005179084777056530697336711455136537551879882812500000000,-0.186073998501502801961038358058431185781955718994140625000000, 0.409778253704888573150100228303926996886730194091796875000000, 1.148585371396031007407145807519555091857910156250000000000000, 3.347021584145839057100602076388895511627197265625000000000000
 0.000507224291006945233323266464253720187116414308547973632812,-0.893005179084776945508394874195801094174385070800781250000000,-0.186073998501502690938735895542777143418788909912109375000000,-0.409778253704888795194705153335235081613063812255859375000000, 1.993007282193762330635422586055938154458999633789062500000000, 3.347021584145838613011392226326279342174530029296875000000000
 0.000521706984523943742906859633023941569263115525245666503906, 0.461633766606745821192703260749112814664840698242187500000000, 0.235423507739585508025115245800407137721776962280273437500000, 0.855260216268743489465009588457178324460983276367187500000000, 0.544743539792009290323449022253043949604034423828125000000000, 0.471598869849716828550612035542144440114498138427734375000000
 0.000521706984523943742906859633023941569263115525245666503906, 0.461633766606745821192703260749112814664840698242187500000000, 0.235423507739585508025115245800407137721776962280273437500000,-0.855260216268743489465009588457178324460983276367187500000000, 2.596849113797783825674514446291141211986541748046875000000000, 0.471598869849716828550612035542144440114498138427734375000000
 0.000521706984523943742906859633023941569263115525245666503906, 0.461633766606745821192703260749112814664840698242187500000000,-0.235423507739585508025115245800407137721776962280273437500000, 0.855260216268743489465009588457178324460983276367187500000000, 0.544743539792009290323449022253043949604034423828125000000000, 5.811586437329869347934163670288398861885070800781250000000000
 0.000521706984523943742906859633023941569263115525245666503906, 0.461633766606745821192703260749112814664840698242187500000000,-0.235423507739585508025115245800407137721776962280273437500000,-0.855260216268743489465009588457178324460983276367187500000000, 2.596849113797783825674514446291141211986541748046875000000000, 5.811586437329869347934163670288398861885070800781250000000000
 0.000521706984523943742906859633023941569263115525245666503906,-0.461633766606745876703854492006939835846424102783203125000000, 0.235423507739585313736085936398012563586235046386718750000000, 0.855260216268743489465009588457178324460983276367187500000000, 0.544743539792009290323449022253043949604034423828125000000000, 2.669993783740076676025410051806829869747161865234375000000000
 0.000521706984523943742906859633023941569263115525245666503906,-0.461633766606745876703854492006939835846424102783203125000000, 0.235423507739585313736085936398012563586235046386718750000000,-0.855260216268743489465009588457178324460983276367187500000000, 2.596849113797783825674514446291141211986541748046875000000000, 2.669993783740076676025410051806829869747161865234375000000000
 0.000521706984523943742906859633023941569263115525245666503906,-0.461633766606745876703854492006939835846424102783203125000000,-0.235423507739585313736085936398012563586235046386718750000000, 0.855260216268743489465009588457178324460983276367187500000000, 0.544743539792009290323449022253043949604034423828125000000000, 3.613191523439509555970516885281540453433990478515625000000000
 0.000521706984523943742906859633023941569263115525245666503906,-0.461633766606745876703854492006939835846424102783203125000000,-0.235423507739585313736085936398012563586235046386718750000000,-0.855260216268743489465009588457178324460983276367187500000000, 2.596849113797783825674514446291141211986541748046875000000000, 3.613191523439509555970516885281540453433990478515625000000000
 0.000521706984523943742906859633023941569263115525245666503906, 0.461633766606745710170400798233458772301673889160156250000000, 0.855260216268743600487312050972832366824150085449218750000000, 0.235423507739585202713783473882358521223068237304687500000000, 1.333142026108730782141265081008896231651306152343750000000000, 1.075850245064882804157946338818874210119247436523437500000000
 0.000521706984523943742906859633023941569263115525245666503906, 0.461633766606745710170400798233458772301673889160156250000000, 0.855260216268743600487312050972832366824150085449218750000000,-0.235423507739585508025115245800407137721776962280273437500000, 1.808450627481062777945908237597905099391937255859375000000000, 1.075850245064882804157946338818874210119247436523437500000000
 0.000521706984523943742906859633023941569263115525245666503906, 0.461633766606745710170400798233458772301673889160156250000000,-0.855260216268743600487312050972832366824150085449218750000000, 0.235423507739585202713783473882358521223068237304687500000000, 1.333142026108730782141265081008896231651306152343750000000000, 5.207335062114703205793375673238188028335571289062500000000000
 0.000521706984523943742906859633023941569263115525245666503906, 0.461633766606745710170400798233458772301673889160156250000000,-0.855260216268743600487312050972832366824150085449218750000000,-0.235423507739585508025115245800407137721776962280273437500000, 1.808450627481062777945908237597905099391937255859375000000000, 5.207335062114703205793375673238188028335571289062500000000000
 0.000521706984523943742906859633023941569263115525245666503906,-0.461633766606745821192703260749112814664840698242187500000000, 0.855260216268743600487312050972832366824150085449218750000000, 0.235423507739585202713783473882358521223068237304687500000000, 1.333142026108730782141265081008896231651306152343750000000000, 2.065742408524910533884622054756619036197662353515625000000000
 0.000521706984523943742906859633023941569263115525245666503906,-0.461633766606745821192703260749112814664840698242187500000000, 0.855260216268743600487312050972832366824150085449218750000000,-0.235423507739585508025115245800407137721776962280273437500000, 1.808450627481062777945908237597905099391937255859375000000000, 2.065742408524910533884622054756619036197662353515625000000000
 0.000521706984523943742906859633023941569263115525245666503906,-0.461633766606745821192703260749112814664840698242187500000000,-0.855260216268743600487312050972832366824150085449218750000000, 0.235423507739585202713783473882358521223068237304687500000000, 1.333142026108730782141265081008896231651306152343750000000000, 4.217442898654676142200514732394367456436157226562500000000000
 0.000521706984523943742906859633023941569263115525245666503906,-0.461633766606745821192703260749112814664840698242187500000000,-0.855260216268743600487312050972832366824150085449218750000000,-0.235423507739585508025115245800407137721776962280273437500000, 1.808450627481062777945908237597905099391937255859375000000000, 4.217442898654676142200514732394367456436157226562500000000000
 0.000521706984523943742906859633023941569263115525245666503906, 0.235423507739585313736085936398012563586235046386718750000000, 0.461633766606745876703854492006939835846424102783203125000000, 0.855260216268743489465009588457178324460983276367187500000000, 0.544743539792009290323449022253043949604034423828125000000000, 1.099197456945180118026428317534737288951873779296875000000000
 0.000521706984523943742906859633023941569263115525245666503906, 0.235423507739585313736085936398012563586235046386718750000000, 0.461633766606745876703854492006939835846424102783203125000000,-0.855260216268743489465009588457178324460983276367187500000000, 2.596849113797783825674514446291141211986541748046875000000000, 1.099197456945180118026428317534737288951873779296875000000000
 0.000521706984523943742906859633023941569263115525245666503906, 0.235423507739585313736085936398012563586235046386718750000000,-0.461633766606745876703854492006939835846424102783203125000000, 0.855260216268743489465009588457178324460983276367187500000000, 0.544743539792009290323449022253043949604034423828125000000000, 5.183987850234405669880288769491016864776611328125000000000000
 0.000521706984523943742906859633023941569263115525245666503906, 0.235423507739585313736085936398012563586235046386718750000000,-0.461633766606745876703854492006939835846424102783203125000000,-0.855260216268743489465009588457178324460983276367187500000000, 2.596849113797783825674514446291141211986541748046875000000000, 5.183987850234405669880288769491016864776611328125000000000000
 0.000521706984523943742906859633023941569263115525245666503906,-0.235423507739585313736085936398012563586235046386718750000000, 0.461633766606745876703854492006939835846424102783203125000000, 0.855260216268743489465009588457178324460983276367187500000000, 0.544743539792009290323449022253043949604034423828125000000000, 2.042395196644612997971535151009447872638702392578125000000000
 0.000521706984523943742906859633023941569263115525245666503906,-0.235423507739585313736085936398012563586235046386718750000000, 0.461633766606745876703854492006939835846424102783203125000000,-0.855260216268743489465009588457178324460983276367187500000000, 2.596849113797783825674514446291141211986541748046875000000000, 2.042395196644612997971535151009447872638702392578125000000000
 0.000521706984523943742906859633023941569263115525245666503906,-0.235423507739585313736085936398012563586235046386718750000000,-0.461633766606745876703854492006939835846424102783203125000000, 0.855260216268743489465009588457178324460983276367187500000000, 0.544743539792009290323449022253043949604034423828125000000000, 4.240790110534973678113601636141538619995117187500000000000000
 0.000521706984523943742906859633023941569263115525245666503906,-0.235423507739585313736085936398012563586235046386718750000000,-0.461633766606745876703854492006939835846424102783203125000000,-0.855260216268743489465009588457178324460983276367187500000000, 2.596849113797783825674514446291141211986541748046875000000000, 4.240790110534973678113601636141538619995117187500000000000000
 0.000521706984523943742906859633023941569263115525245666503906, 0.235423507739585313736085936398012563586235046386718750000000, 0.855260216268743600487312050972832366824150085449218750000000, 0.461633766606745710170400798233458772301673889160156250000000, 1.090960254149099251108623320760671049356460571289062500000000, 1.302183433447218430245584386284463107585906982421875000000000
 0.000521706984523943742906859633023941569263115525245666503906, 0.235423507739585313736085936398012563586235046386718750000000, 0.855260216268743378442707125941524282097816467285156250000000,-0.461633766606745987726156954522593878209590911865234375000000, 2.050632399440694086933945072814822196960449218750000000000000, 1.302183433447218430245584386284463107585906982421875000000000
 0.000521706984523943742906859633023941569263115525245666503906, 0.235423507739585313736085936398012563586235046386718750000000,-0.855260216268743600487312050972832366824150085449218750000000, 0.461633766606745710170400798233458772301673889160156250000000, 1.090960254149099251108623320760671049356460571289062500000000, 4.981001873732367357661132700741291046142578125000000000000000
 0.000521706984523943742906859633023941569263115525245666503906, 0.235423507739585313736085936398012563586235046386718750000000,-0.855260216268743378442707125941524282097816467285156250000000,-0.461633766606745987726156954522593878209590911865234375000000, 2.050632399440694086933945072814822196960449218750000000000000, 4.981001873732367357661132700741291046142578125000000000000000
 0.000521706984523943742906859633023941569263115525245666503906,-0.235423507739585313736085936398012563586235046386718750000000, 0.855260216268743600487312050972832366824150085449218750000000, 0.461633766606745710170400798233458772301673889160156250000000, 1.090960254149099251108623320760671049356460571289062500000000, 1.839409220142574685752379082259722054004669189453125000000000
 0.000521706984523943742906859633023941569263115525245666503906,-0.235423507739585313736085936398012563586235046386718750000000, 0.855260216268743378442707125941524282097816467285156250000000,-0.461633766606745987726156954522593878209590911865234375000000, 2.050632399440694086933945072814822196960449218750000000000000, 1.839409220142574907796984007291030138731002807617187500000000
 0.000521706984523943742906859633023941569263115525245666503906,-0.235423507739585313736085936398012563586235046386718750000000,-0.855260216268743600487312050972832366824150085449218750000000, 0.461633766606745710170400798233458772301673889160156250000000, 1.090960254149099251108623320760671049356460571289062500000000, 4.443776087037011990332757704891264438629150390625000000000000
 0.000521706984523943742906859633023941569263115525245666503906,-0.235423507739585313736085936398012563586235046386718750000000,-0.855260216268743378442707125941524282097816467285156250000000,-0.461633766606745987726156954522593878209590911865234375000000, 2.050632399440694086933945072814822196960449218750000000000000, 4.443776087037011102154338004766032099723815917968750000000000
 0.000521706984523943742906859633023941569263115525245666503906, 0.855260216268743489465009588457178324460983276367187500000000, 0.461633766606745987726156954522593878209590911865234375000000, 0.235423507739585202713783473882358521223068237304687500000000, 1.333142026108730782141265081008896231651306152343750000000000, 0.494946081730014086907942783000180497765541076660156250000000
 0.000521706984523943742906859633023941569263115525245666503906, 0.855260216268743489465009588457178324460983276367187500000000, 0.461633766606745987726156954522593878209590911865234375000000,-0.235423507739585508025115245800407137721776962280273437500000, 1.808450627481062777945908237597905099391937255859375000000000, 0.494946081730014086907942783000180497765541076660156250000000
 0.000521706984523943742906859633023941569263115525245666503906, 0.855260216268743489465009588457178324460983276367187500000000,-0.461633766606745987726156954522593878209590911865234375000000, 0.235423507739585202713783473882358521223068237304687500000000, 1.333142026108730782141265081008896231651306152343750000000000, 5.788239225449571812021076766541227698326110839843750000000000
 0.000521706984523943742906859633023941569263115525245666503906, 0.855260216268743489465009588457178324460983276367187500000000,-0.461633766606745987726156954522593878209590911865234375000000,-0.235423507739585508025115245800407137721776962280273437500000, 1.808450627481062777945908237597905099391937255859375000000000, 5.788239225449571812021076766541227698326110839843750000000000
 0.000521706984523943742906859633023941569263115525245666503906,-0.855260216268743489465009588457178324460983276367187500000000, 0.461633766606745987726156954522593878209590911865234375000000, 0.235423507739585202713783473882358521223068237304687500000000, 1.333142026108730782141265081008896231651306152343750000000000, 2.646646571859779140112323148059658706188201904296875000000000
 0.000521706984523943742906859633023941569263115525245666503906,-0.855260216268743489465009588457178324460983276367187500000000, 0.461633766606745987726156954522593878209590911865234375000000,-0.235423507739585508025115245800407137721776962280273437500000, 1.808450627481062777945908237597905099391937255859375000000000, 2.646646571859779140112323148059658706188201904296875000000000
 0.000521706984523943742906859633023941569263115525245666503906,-0.855260216268743489465009588457178324460983276367187500000000,-0.461633766606745987726156954522593878209590911865234375000000, 0.235423507739585202713783473882358521223068237304687500000000, 1.333142026108730782141265081008896231651306152343750000000000, 3.636538735319807091883603789028711616992950439453125000000000
 0.000521706984523943742906859633023941569263115525245666503906,-0.855260216268743489465009588457178324460983276367187500000000,-0.461633766606745987726156954522593878209590911865234375000000,-0.235423507739585508025115245800407137721776962280273437500000, 1.808450627481062777945908237597905099391937255859375000000000, 3.636538735319807091883603789028711616992950439453125000000000
 0.000521706984523943742906859633023941569263115525245666503906, 0.855260216268743600487312050972832366824150085449218750000000, 0.235423507739585508025115245800407137721776962280273437500000, 0.461633766606745710170400798233458772301673889160156250000000, 1.090960254149099251108623320760671049356460571289062500000000, 0.268612893347678349798002273018937557935714721679687500000000
 0.000521706984523943742906859633023941569263115525245666503906, 0.855260216268743378442707125941524282097816467285156250000000, 0.235423507739585397002812783284753095358610153198242187500000,-0.461633766606745987726156954522593878209590911865234375000000, 2.050632399440694086933945072814822196960449218750000000000000, 0.268612893347678294286851041761110536754131317138671875000000
 0.000521706984523943742906859633023941569263115525245666503906, 0.855260216268743600487312050972832366824150085449218750000000,-0.235423507739585508025115245800407137721776962280273437500000, 0.461633766606745710170400798233458772301673889160156250000000, 1.090960254149099251108623320760671049356460571289062500000000, 6.014572413831907660153319739038124680519104003906250000000000
 0.000521706984523943742906859633023941569263115525245666503906, 0.855260216268743378442707125941524282097816467285156250000000,-0.235423507739585397002812783284753095358610153198242187500000,-0.461633766606745987726156954522593878209590911865234375000000, 2.050632399440694086933945072814822196960449218750000000000000, 6.014572413831907660153319739038124680519104003906250000000000
 0.000521706984523943742906859633023941569263115525245666503906,-0.855260216268743711509614513488486409187316894531250000000000, 0.235423507739585091691481011366704478859901428222656250000000, 0.461633766606745710170400798233458772301673889160156250000000, 1.090960254149099251108623320760671049356460571289062500000000, 2.872979760242115432333775970619171857833862304687500000000000
 0.000521706984523943742906859633023941569263115525245666503906,-0.855260216268743489465009588457178324460983276367187500000000, 0.235423507739585008424754164479963947087526321411132812500000,-0.461633766606745987726156954522593878209590911865234375000000, 2.050632399440694086933945072814822196960449218750000000000000, 2.872979760242115432333775970619171857833862304687500000000000
 0.000521706984523943742906859633023941569263115525245666503906,-0.855260216268743711509614513488486409187316894531250000000000,-0.235423507739585091691481011366704478859901428222656250000000, 0.461633766606745710170400798233458772301673889160156250000000, 1.090960254149099251108623320760671049356460571289062500000000, 3.410205546937470799662150966469198465347290039062500000000000
 0.000521706984523943742906859633023941569263115525245666503906,-0.855260216268743489465009588457178324460983276367187500000000,-0.235423507739585008424754164479963947087526321411132812500000,-0.461633766606745987726156954522593878209590911865234375000000, 2.050632399440694086933945072814822196960449218750000000000000, 3.410205546937470799662150966469198465347290039062500000000000
 0.000531578596627942687007084554551283872569911181926727294922, 0.511070700841787517454406497563468292355537414550781250000000, 0.284207492134701089625536951643880456686019897460937500000000, 0.811192233786534711015292486990801990032196044921875000000000, 0.624608310434784042008971027826191857457160949707031250000000, 0.507516053150838253316123882541432976722717285156250000000000
 0.000531578596627942687007084554551283872569911181926727294922, 0.511070700841787184387499110016506165266036987304687500000000, 0.284207492134700978603234489128226414322853088378906250000000,-0.811192233786534933059897412022110074758529663085937500000000, 2.516984343155009629100504753296263515949249267578125000000000, 0.507516053150838364338426345057087019085884094238281250000000
 0.000531578596627942687007084554551283872569911181926727294922, 0.511070700841787517454406497563468292355537414550781250000000,-0.284207492134701089625536951643880456686019897460937500000000, 0.811192233786534711015292486990801990032196044921875000000000, 0.624608310434784042008971027826191857457160949707031250000000, 5.775669254028747978679803054546937346458435058593750000000000
 0.000531578596627942687007084554551283872569911181926727294922, 0.511070700841787184387499110016506165266036987304687500000000,-0.284207492134700978603234489128226414322853088378906250000000,-0.811192233786534933059897412022110074758529663085937500000000, 2.516984343155009629100504753296263515949249267578125000000000, 5.775669254028747978679803054546937346458435058593750000000000
 0.000531578596627942687007084554551283872569911181926727294922,-0.511070700841787406432104035047814249992370605468750000000000, 0.284207492134701311670141876675188541412353515625000000000000, 0.811192233786534711015292486990801990032196044921875000000000, 0.624608310434784042008971027826191857457160949707031250000000, 2.634076600438954418592629735940136015415191650390625000000000
 0.000531578596627942687007084554551283872569911181926727294922,-0.511070700841787184387499110016506165266036987304687500000000, 0.284207492134701089625536951643880456686019897460937500000000,-0.811192233786534933059897412022110074758529663085937500000000, 2.516984343155009629100504753296263515949249267578125000000000, 2.634076600438954862681839586002752184867858886718750000000000
 0.000531578596627942687007084554551283872569911181926727294922,-0.511070700841787406432104035047814249992370605468750000000000,-0.284207492134701311670141876675188541412353515625000000000000, 0.811192233786534711015292486990801990032196044921875000000000, 0.624608310434784042008971027826191857457160949707031250000000, 3.649108706740631813403297201148234307765960693359375000000000
 0.000531578596627942687007084554551283872569911181926727294922,-0.511070700841787184387499110016506165266036987304687500000000,-0.284207492134701089625536951643880456686019897460937500000000,-0.811192233786534933059897412022110074758529663085937500000000, 2.516984343155009629100504753296263515949249267578125000000000, 3.649108706740631369314087351085618138313293457031250000000000
 0.000531578596627942687007084554551283872569911181926727294922, 0.511070700841787295409801572532160207629203796386718750000000, 0.811192233786534933059897412022110074758529663085937500000000, 0.284207492134701089625536951643880456686019897460937500000000, 1.282616594312132374255952527164481580257415771484375000000000, 1.008592291921733385962056672724429517984390258789062500000000
 0.000531578596627942687007084554551283872569911181926727294922, 0.511070700841787184387499110016506165266036987304687500000000, 0.811192233786534822037594949506456032395362854003906250000000,-0.284207492134701311670141876675188541412353515625000000000000, 1.858976059277661185831220791442319750785827636718750000000000, 1.008592291921733385962056672724429517984390258789062500000000
 0.000531578596627942687007084554551283872569911181926727294922, 0.511070700841787295409801572532160207629203796386718750000000,-0.811192233786534933059897412022110074758529663085937500000000, 0.284207492134701089625536951643880456686019897460937500000000, 1.282616594312132374255952527164481580257415771484375000000000, 5.274593015257853068078475189395248889923095703125000000000000
 0.000531578596627942687007084554551283872569911181926727294922, 0.511070700841787184387499110016506165266036987304687500000000,-0.811192233786534822037594949506456032395362854003906250000000,-0.284207492134701311670141876675188541412353515625000000000000, 1.858976059277661185831220791442319750785827636718750000000000, 5.274593015257853068078475189395248889923095703125000000000000
 0.000531578596627942687007084554551283872569911181926727294922,-0.511070700841787517454406497563468292355537414550781250000000, 0.811192233786534822037594949506456032395362854003906250000000, 0.284207492134701089625536951643880456686019897460937500000000, 1.282616594312132374255952527164481580257415771484375000000000, 2.133000361668059952080511720851063728332519531250000000000000
 0.000531578596627942687007084554551283872569911181926727294922,-0.511070700841787406432104035047814249992370605468750000000000, 0.811192233786534711015292486990801990032196044921875000000000,-0.284207492134701311670141876675188541412353515625000000000000, 1.858976059277661185831220791442319750785827636718750000000000, 2.133000361668059952080511720851063728332519531250000000000000
 0.000531578596627942687007084554551283872569911181926727294922,-0.511070700841787517454406497563468292355537414550781250000000,-0.811192233786534822037594949506456032395362854003906250000000, 0.284207492134701089625536951643880456686019897460937500000000, 1.282616594312132374255952527164481580257415771484375000000000, 4.150184945511526279915415216237306594848632812500000000000000
 0.000531578596627942687007084554551283872569911181926727294922,-0.511070700841787406432104035047814249992370605468750000000000,-0.811192233786534711015292486990801990032196044921875000000000,-0.284207492134701311670141876675188541412353515625000000000000, 1.858976059277661185831220791442319750785827636718750000000000, 4.150184945511526279915415216237306594848632812500000000000000
 0.000531578596627942687007084554551283872569911181926727294922, 0.284207492134701089625536951643880456686019897460937500000000, 0.511070700841787517454406497563468292355537414550781250000000, 0.811192233786534711015292486990801990032196044921875000000000, 0.624608310434784042008971027826191857457160949707031250000000, 1.063280273644058304682857851730659604072570800781250000000000
 0.000531578596627942687007084554551283872569911181926727294922, 0.284207492134700978603234489128226414322853088378906250000000, 0.511070700841787184387499110016506165266036987304687500000000,-0.811192233786534933059897412022110074758529663085937500000000, 2.516984343155009629100504753296263515949249267578125000000000, 1.063280273644058304682857851730659604072570800781250000000000
 0.000531578596627942687007084554551283872569911181926727294922, 0.284207492134701089625536951643880456686019897460937500000000,-0.511070700841787517454406497563468292355537414550781250000000, 0.811192233786534711015292486990801990032196044921875000000000, 0.624608310434784042008971027826191857457160949707031250000000, 5.219905033535527927313069085357710719108581542968750000000000
 0.000531578596627942687007084554551283872569911181926727294922, 0.284207492134700978603234489128226414322853088378906250000000,-0.511070700841787184387499110016506165266036987304687500000000,-0.811192233786534933059897412022110074758529663085937500000000, 2.516984343155009629100504753296263515949249267578125000000000, 5.219905033535527927313069085357710719108581542968750000000000
 0.000531578596627942687007084554551283872569911181926727294922,-0.284207492134701089625536951643880456686019897460937500000000, 0.511070700841787517454406497563468292355537414550781250000000, 0.811192233786534711015292486990801990032196044921875000000000, 0.624608310434784042008971027826191857457160949707031250000000, 2.078312379945734811315105616813525557518005371093750000000000
 0.000531578596627942687007084554551283872569911181926727294922,-0.284207492134700978603234489128226414322853088378906250000000, 0.511070700841787184387499110016506165266036987304687500000000,-0.811192233786534933059897412022110074758529663085937500000000, 2.516984343155009629100504753296263515949249267578125000000000, 2.078312379945734811315105616813525557518005371093750000000000
 0.000531578596627942687007084554551283872569911181926727294922,-0.284207492134701089625536951643880456686019897460937500000000,-0.511070700841787517454406497563468292355537414550781250000000, 0.811192233786534711015292486990801990032196044921875000000000, 0.624608310434784042008971027826191857457160949707031250000000, 4.204872927233851420680821320274844765663146972656250000000000
 0.000531578596627942687007084554551283872569911181926727294922,-0.284207492134700978603234489128226414322853088378906250000000,-0.511070700841787184387499110016506165266036987304687500000000,-0.811192233786534933059897412022110074758529663085937500000000, 2.516984343155009629100504753296263515949249267578125000000000, 4.204872927233851420680821320274844765663146972656250000000000
 0.000531578596627942687007084554551283872569911181926727294922, 0.284207492134700923092083257870399393141269683837890625000000, 0.811192233786534822037594949506456032395362854003906250000000, 0.511070700841787406432104035047814249992370605468750000000000, 1.034366327982303435106814504251815378665924072265625000000000, 1.233802827821857572843100570025853812694549560546875000000000
 0.000531578596627942687007084554551283872569911181926727294922, 0.284207492134700978603234489128226414322853088378906250000000, 0.811192233786534933059897412022110074758529663085937500000000,-0.511070700841787295409801572532160207629203796386718750000000, 2.107226325607489680891148964292369782924652099609375000000000, 1.233802827821857572843100570025853812694549560546875000000000
 0.000531578596627942687007084554551283872569911181926727294922, 0.284207492134700923092083257870399393141269683837890625000000,-0.811192233786534822037594949506456032395362854003906250000000, 0.511070700841787406432104035047814249992370605468750000000000, 1.034366327982303435106814504251815378665924072265625000000000, 5.049382479357728215063616516999900341033935546875000000000000
 0.000531578596627942687007084554551283872569911181926727294922, 0.284207492134700978603234489128226414322853088378906250000000,-0.811192233786534933059897412022110074758529663085937500000000,-0.511070700841787295409801572532160207629203796386718750000000, 2.107226325607489680891148964292369782924652099609375000000000, 5.049382479357728215063616516999900341033935546875000000000000
 0.000531578596627942687007084554551283872569911181926727294922,-0.284207492134701089625536951643880456686019897460937500000000, 0.811192233786534711015292486990801990032196044921875000000000, 0.511070700841787406432104035047814249992370605468750000000000, 1.034366327982303435106814504251815378665924072265625000000000, 1.907789825767935765199467823549639433622360229492187500000000
 0.000531578596627942687007084554551283872569911181926727294922,-0.284207492134701089625536951643880456686019897460937500000000, 0.811192233786534822037594949506456032395362854003906250000000,-0.511070700841787295409801572532160207629203796386718750000000, 2.107226325607489680891148964292369782924652099609375000000000, 1.907789825767935765199467823549639433622360229492187500000000
 0.000531578596627942687007084554551283872569911181926727294922,-0.284207492134701089625536951643880456686019897460937500000000,-0.811192233786534711015292486990801990032196044921875000000000, 0.511070700841787406432104035047814249992370605468750000000000, 1.034366327982303435106814504251815378665924072265625000000000, 4.375395481411650244751854188507422804832458496093750000000000
 0.000531578596627942687007084554551283872569911181926727294922,-0.284207492134701089625536951643880456686019897460937500000000,-0.811192233786534822037594949506456032395362854003906250000000,-0.511070700841787295409801572532160207629203796386718750000000, 2.107226325607489680891148964292369782924652099609375000000000, 4.375395481411650244751854188507422804832458496093750000000000
 0.000531578596627942687007084554551283872569911181926727294922, 0.811192233786534711015292486990801990032196044921875000000000, 0.511070700841787517454406497563468292355537414550781250000000, 0.284207492134701089625536951643880456686019897460937500000000, 1.282616594312132374255952527164481580257415771484375000000000, 0.562204034873163505103832449094625189900398254394531250000000
 0.000531578596627942687007084554551283872569911181926727294922, 0.811192233786534599992990024475147947669029235839843750000000, 0.511070700841787406432104035047814249992370605468750000000000,-0.284207492134701311670141876675188541412353515625000000000000, 1.858976059277661185831220791442319750785827636718750000000000, 0.562204034873163394081529986578971147537231445312500000000000
 0.000531578596627942687007084554551283872569911181926727294922, 0.811192233786534711015292486990801990032196044921875000000000,-0.511070700841787517454406497563468292355537414550781250000000, 0.284207492134701089625536951643880456686019897460937500000000, 1.282616594312132374255952527164481580257415771484375000000000, 5.720981272306422837914396950509399175643920898437500000000000
 0.000531578596627942687007084554551283872569911181926727294922, 0.811192233786534599992990024475147947669029235839843750000000,-0.511070700841787406432104035047814249992370605468750000000000,-0.284207492134701311670141876675188541412353515625000000000000, 1.858976059277661185831220791442319750785827636718750000000000, 5.720981272306422837914396950509399175643920898437500000000000
 0.000531578596627942687007084554551283872569911181926727294922,-0.811192233786534933059897412022110074758529663085937500000000, 0.511070700841787295409801572532160207629203796386718750000000, 0.284207492134701089625536951643880456686019897460937500000000, 1.282616594312132374255952527164481580257415771484375000000000, 2.579388618716630166005643332027830183506011962890625000000000
 0.000531578596627942687007084554551283872569911181926727294922,-0.811192233786534822037594949506456032395362854003906250000000, 0.511070700841787184387499110016506165266036987304687500000000,-0.284207492134701311670141876675188541412353515625000000000000, 1.858976059277661185831220791442319750785827636718750000000000, 2.579388618716630166005643332027830183506011962890625000000000
 0.000531578596627942687007084554551283872569911181926727294922,-0.811192233786534933059897412022110074758529663085937500000000,-0.511070700841787295409801572532160207629203796386718750000000, 0.284207492134701089625536951643880456686019897460937500000000, 1.282616594312132374255952527164481580257415771484375000000000, 3.703796688462956065990283605060540139675140380859375000000000
 0.000531578596627942687007084554551283872569911181926727294922,-0.811192233786534822037594949506456032395362854003906250000000,-0.511070700841787184387499110016506165266036987304687500000000,-0.284207492134701311670141876675188541412353515625000000000000, 1.858976059277661185831220791442319750785827636718750000000000, 3.703796688462956065990283605060540139675140380859375000000000
 0.000531578596627942687007084554551283872569911181926727294922, 0.811192233786534711015292486990801990032196044921875000000000, 0.284207492134701311670141876675188541412353515625000000000000, 0.511070700841787406432104035047814249992370605468750000000000, 1.034366327982303435106814504251815378665924072265625000000000, 0.336993498973039429245091014308854937553405761718750000000000
 0.000531578596627942687007084554551283872569911181926727294922, 0.811192233786534822037594949506456032395362854003906250000000, 0.284207492134701422692444339190842583775520324707031250000000,-0.511070700841787295409801572532160207629203796386718750000000, 2.107226325607489680891148964292369782924652099609375000000000, 0.336993498973039484756242245566681958734989166259765625000000
 0.000531578596627942687007084554551283872569911181926727294922, 0.811192233786534711015292486990801990032196044921875000000000,-0.284207492134701311670141876675188541412353515625000000000000, 0.511070700841787406432104035047814249992370605468750000000000, 1.034366327982303435106814504251815378665924072265625000000000, 5.946191808206546802750835922779515385627746582031250000000000
 0.000531578596627942687007084554551283872569911181926727294922, 0.811192233786534822037594949506456032395362854003906250000000,-0.284207492134701422692444339190842583775520324707031250000000,-0.511070700841787295409801572532160207629203796386718750000000, 2.107226325607489680891148964292369782924652099609375000000000, 5.946191808206546802750835922779515385627746582031250000000000
 0.000531578596627942687007084554551283872569911181926727294922,-0.811192233786534711015292486990801990032196044921875000000000, 0.284207492134701089625536951643880456686019897460937500000000, 0.511070700841787406432104035047814249992370605468750000000000, 1.034366327982303435106814504251815378665924072265625000000000, 2.804599154616754130842082304297946393489837646484375000000000
 0.000531578596627942687007084554551283872569911181926727294922,-0.811192233786534822037594949506456032395362854003906250000000, 0.284207492134701089625536951643880456686019897460937500000000,-0.511070700841787295409801572532160207629203796386718750000000, 2.107226325607489680891148964292369782924652099609375000000000, 2.804599154616754130842082304297946393489837646484375000000000
 0.000531578596627942687007084554551283872569911181926727294922,-0.811192233786534711015292486990801990032196044921875000000000,-0.284207492134701089625536951643880456686019897460937500000000, 0.511070700841787406432104035047814249992370605468750000000000, 1.034366327982303435106814504251815378665924072265625000000000, 3.478586152562832101153844632790423929691314697265625000000000
 0.000531578596627942687007084554551283872569911181926727294922,-0.811192233786534822037594949506456032395362854003906250000000,-0.284207492134701089625536951643880456686019897460937500000000,-0.511070700841787295409801572532160207629203796386718750000000, 2.107226325607489680891148964292369782924652099609375000000000, 3.478586152562832101153844632790423929691314697265625000000000
 0.000537683370875941999376956825784645843668840825557708740234, 0.557741528616379600435948304948396980762481689453125000000000, 0.331778441498410181509370886487886309623718261718750000000000, 0.760820250133729225616718849778408184647560119628906250000000, 0.706220206115384829814729528152383863925933837890625000000000, 0.536631934974930557835648414766183122992515563964843750000000
 0.000537683370875941999376956825784645843668840825557708740234, 0.557741528616379378391343379917088896036148071289062500000000, 0.331778441498410125998219655230059288442134857177734375000000,-0.760820250133729336639021312294062227010726928710937500000000, 2.435372447474408730272443790454417467117309570312500000000000, 0.536631934974930668857950877281837165355682373046875000000000
 0.000537683370875941999376956825784645843668840825557708740234, 0.557741528616379600435948304948396980762481689453125000000000,-0.331778441498410181509370886487886309623718261718750000000000, 0.760820250133729225616718849778408184647560119628906250000000, 0.706220206115384829814729528152383863925933837890625000000000, 5.746553372204656007227185909869149327278137207031250000000000
 0.000537683370875941999376956825784645843668840825557708740234, 0.557741528616379378391343379917088896036148071289062500000000,-0.331778441498410125998219655230059288442134857177734375000000,-0.760820250133729336639021312294062227010726928710937500000000, 2.435372447474408730272443790454417467117309570312500000000000, 5.746553372204655119048766209743916988372802734375000000000000
 0.000537683370875941999376956825784645843668840825557708740234,-0.557741528616379489413645842432742938399314880371093750000000, 0.331778441498410403553975811519194394350051879882812500000000, 0.760820250133729225616718849778408184647560119628906250000000, 0.706220206115384829814729528152383863925933837890625000000000, 2.604960718614862447140012591262347996234893798828125000000000
 0.000537683370875941999376956825784645843668840825557708740234,-0.557741528616379267369040917401434853672981262207031250000000, 0.331778441498410292531673349003540351986885070800781250000000,-0.760820250133729336639021312294062227010726928710937500000000, 2.435372447474408730272443790454417467117309570312500000000000, 2.604960718614862003050802741199731826782226562500000000000000
 0.000537683370875941999376956825784645843668840825557708740234,-0.557741528616379489413645842432742938399314880371093750000000,-0.331778441498410403553975811519194394350051879882812500000000, 0.760820250133729225616718849778408184647560119628906250000000, 0.706220206115384829814729528152383863925933837890625000000000, 3.678224588564723784855914345826022326946258544921875000000000
 0.000537683370875941999376956825784645843668840825557708740234,-0.557741528616379267369040917401434853672981262207031250000000,-0.331778441498410292531673349003540351986885070800781250000000,-0.760820250133729336639021312294062227010726928710937500000000, 2.435372447474408730272443790454417467117309570312500000000000, 3.678224588564724228945124195888638496398925781250000000000000
 0.000537683370875941999376956825784645843668840825557708740234, 0.557741528616379489413645842432742938399314880371093750000000, 0.760820250133729114594416387262754142284393310546875000000000, 0.331778441498410181509370886487886309623718261718750000000000, 1.232608149393411345329241157742217183113098144531250000000000, 0.938212747738888297455162046389887109398841857910156250000000
 0.000537683370875941999376956825784645843668840825557708740234, 0.557741528616379489413645842432742938399314880371093750000000, 0.760820250133729114594416387262754142284393310546875000000000,-0.331778441498410181509370886487886309623718261718750000000000, 1.908984504196381770668722310801967978477478027343750000000000, 0.938212747738888297455162046389887109398841857910156250000000
 0.000537683370875941999376956825784645843668840825557708740234, 0.557741528616379489413645842432742938399314880371093750000000,-0.760820250133729114594416387262754142284393310546875000000000, 0.331778441498410181509370886487886309623718261718750000000000, 1.232608149393411345329241157742217183113098144531250000000000, 5.344972559440697601473857503151521086692810058593750000000000
 0.000537683370875941999376956825784645843668840825557708740234, 0.557741528616379489413645842432742938399314880371093750000000,-0.760820250133729114594416387262754142284393310546875000000000,-0.331778441498410181509370886487886309623718261718750000000000, 1.908984504196381770668722310801967978477478027343750000000000, 5.344972559440697601473857503151521086692810058593750000000000
 0.000537683370875941999376956825784645843668840825557708740234,-0.557741528616379489413645842432742938399314880371093750000000, 0.760820250133729114594416387262754142284393310546875000000000, 0.331778441498410181509370886487886309623718261718750000000000, 1.232608149393411345329241157742217183113098144531250000000000, 2.203379905850904929565103884669952094554901123046875000000000
 0.000537683370875941999376956825784645843668840825557708740234,-0.557741528616379489413645842432742938399314880371093750000000, 0.760820250133729114594416387262754142284393310546875000000000,-0.331778441498410181509370886487886309623718261718750000000000, 1.908984504196381770668722310801967978477478027343750000000000, 2.203379905850904929565103884669952094554901123046875000000000
 0.000537683370875941999376956825784645843668840825557708740234,-0.557741528616379489413645842432742938399314880371093750000000,-0.760820250133729114594416387262754142284393310546875000000000, 0.331778441498410181509370886487886309623718261718750000000000, 1.232608149393411345329241157742217183113098144531250000000000, 4.079805401328680858341613202355802059173583984375000000000000
 0.000537683370875941999376956825784645843668840825557708740234,-0.557741528616379489413645842432742938399314880371093750000000,-0.760820250133729114594416387262754142284393310546875000000000,-0.331778441498410181509370886487886309623718261718750000000000, 1.908984504196381770668722310801967978477478027343750000000000, 4.079805401328680858341613202355802059173583984375000000000000
 0.000537683370875941999376956825784645843668840825557708740234, 0.331778441498410181509370886487886309623718261718750000000000, 0.557741528616379600435948304948396980762481689453125000000000, 0.760820250133729225616718849778408184647560119628906250000000, 0.706220206115384829814729528152383863925933837890625000000000, 1.034164391819966111185635782021563500165939331054687500000000
 0.000537683370875941999376956825784645843668840825557708740234, 0.331778441498410125998219655230059288442134857177734375000000, 0.557741528616379378391343379917088896036148071289062500000000,-0.760820250133729336639021312294062227010726928710937500000000, 2.435372447474408730272443790454417467117309570312500000000000, 1.034164391819965889141030856990255415439605712890625000000000
 0.000537683370875941999376956825784645843668840825557708740234, 0.331778441498410181509370886487886309623718261718750000000000,-0.557741528616379600435948304948396980762481689453125000000000, 0.760820250133729225616718849778408184647560119628906250000000, 0.706220206115384829814729528152383863925933837890625000000000, 5.249020915359619898765686230035498738288879394531250000000000
 0.000537683370875941999376956825784645843668840825557708740234, 0.331778441498410125998219655230059288442134857177734375000000,-0.557741528616379378391343379917088896036148071289062500000000,-0.760820250133729336639021312294062227010726928710937500000000, 2.435372447474408730272443790454417467117309570312500000000000, 5.249020915359620786944105930160731077194213867187500000000000
 0.000537683370875941999376956825784645843668840825557708740234,-0.331778441498410181509370886487886309623718261718750000000000, 0.557741528616379600435948304948396980762481689453125000000000, 0.760820250133729225616718849778408184647560119628906250000000, 0.706220206115384829814729528152383863925933837890625000000000, 2.107428261769827226856932611553929746150970458984375000000000
 0.000537683370875941999376956825784645843668840825557708740234,-0.331778441498410125998219655230059288442134857177734375000000, 0.557741528616379378391343379917088896036148071289062500000000,-0.760820250133729336639021312294062227010726928710937500000000, 2.435372447474408730272443790454417467117309570312500000000000, 2.107428261769827226856932611553929746150970458984375000000000
 0.000537683370875941999376956825784645843668840825557708740234,-0.331778441498410181509370886487886309623718261718750000000000,-0.557741528616379600435948304948396980762481689453125000000000, 0.760820250133729225616718849778408184647560119628906250000000, 0.706220206115384829814729528152383863925933837890625000000000, 4.175757045409758561049784475471824407577514648437500000000000
 0.000537683370875941999376956825784645843668840825557708740234,-0.331778441498410125998219655230059288442134857177734375000000,-0.557741528616379378391343379917088896036148071289062500000000,-0.760820250133729336639021312294062227010726928710937500000000, 2.435372447474408730272443790454417467117309570312500000000000, 4.175757045409758561049784475471824407577514648437500000000000
 0.000537683370875941999376956825784645843668840825557708740234, 0.331778441498410181509370886487886309623718261718750000000000, 0.760820250133729225616718849778408184647560119628906250000000, 0.557741528616379378391343379917088896036148071289062500000000, 0.979134023989455593017794399202102795243263244628906250000000, 1.159578434029914451031118005630560219287872314453125000000000
 0.000537683370875941999376956825784645843668840825557708740234, 0.331778441498410181509370886487886309623718261718750000000000, 0.760820250133729225616718849778408184647560119628906250000000,-0.557741528616379378391343379917088896036148071289062500000000, 2.162458629600337634002471531857736408710479736328125000000000, 1.159578434029914451031118005630560219287872314453125000000000
 0.000537683370875941999376956825784645843668840825557708740234, 0.331778441498410181509370886487886309623718261718750000000000,-0.760820250133729225616718849778408184647560119628906250000000, 0.557741528616379378391343379917088896036148071289062500000000, 0.979134023989455593017794399202102795243263244628906250000000, 5.123606873149672225054018781520426273345947265625000000000000
 0.000537683370875941999376956825784645843668840825557708740234, 0.331778441498410181509370886487886309623718261718750000000000,-0.760820250133729225616718849778408184647560119628906250000000,-0.557741528616379378391343379917088896036148071289062500000000, 2.162458629600337634002471531857736408710479736328125000000000, 5.123606873149672225054018781520426273345947265625000000000000
 0.000537683370875941999376956825784645843668840825557708740234,-0.331778441498410181509370886487886309623718261718750000000000, 0.760820250133729225616718849778408184647560119628906250000000, 0.557741528616379378391343379917088896036148071289062500000000, 0.979134023989455593017794399202102795243263244628906250000000, 1.982014219559878887011450387944933027029037475585937500000000
 0.000537683370875941999376956825784645843668840825557708740234,-0.331778441498410181509370886487886309623718261718750000000000, 0.760820250133729225616718849778408184647560119628906250000000,-0.557741528616379378391343379917088896036148071289062500000000, 2.162458629600337634002471531857736408710479736328125000000000, 1.982014219559878887011450387944933027029037475585937500000000
 0.000537683370875941999376956825784645843668840825557708740234,-0.331778441498410181509370886487886309623718261718750000000000,-0.760820250133729225616718849778408184647560119628906250000000, 0.557741528616379378391343379917088896036148071289062500000000, 0.979134023989455593017794399202102795243263244628906250000000, 4.301171087619707122939871624112129211425781250000000000000000
 0.000537683370875941999376956825784645843668840825557708740234,-0.331778441498410181509370886487886309623718261718750000000000,-0.760820250133729225616718849778408184647560119628906250000000,-0.557741528616379378391343379917088896036148071289062500000000, 2.162458629600337634002471531857736408710479736328125000000000, 4.301171087619707122939871624112129211425781250000000000000000
 0.000537683370875941999376956825784645843668840825557708740234, 0.760820250133729114594416387262754142284393310546875000000000, 0.557741528616379489413645842432742938399314880371093750000000, 0.331778441498410181509370886487886309623718261718750000000000, 1.232608149393411345329241157742217183113098144531250000000000, 0.632583579056008260543819687882205471396446228027343750000000
 0.000537683370875941999376956825784645843668840825557708740234, 0.760820250133729114594416387262754142284393310546875000000000, 0.557741528616379489413645842432742938399314880371093750000000,-0.331778441498410181509370886487886309623718261718750000000000, 1.908984504196381770668722310801967978477478027343750000000000, 0.632583579056008260543819687882205471396446228027343750000000
 0.000537683370875941999376956825784645843668840825557708740234, 0.760820250133729114594416387262754142284393310546875000000000,-0.557741528616379489413645842432742938399314880371093750000000, 0.331778441498410181509370886487886309623718261718750000000000, 1.232608149393411345329241157742217183113098144531250000000000, 5.650601728123578304519014636753126978874206542968750000000000
 0.000537683370875941999376956825784645843668840825557708740234, 0.760820250133729114594416387262754142284393310546875000000000,-0.557741528616379489413645842432742938399314880371093750000000,-0.331778441498410181509370886487886309623718261718750000000000, 1.908984504196381770668722310801967978477478027343750000000000, 5.650601728123578304519014636753126978874206542968750000000000
 0.000537683370875941999376956825784645843668840825557708740234,-0.760820250133729225616718849778408184647560119628906250000000, 0.557741528616379378391343379917088896036148071289062500000000, 0.331778441498410181509370886487886309623718261718750000000000, 1.232608149393411345329241157742217183113098144531250000000000, 2.509009074533785188521051168208941817283630371093750000000000
 0.000537683370875941999376956825784645843668840825557708740234,-0.760820250133729225616718849778408184647560119628906250000000, 0.557741528616379378391343379917088896036148071289062500000000,-0.331778441498410181509370886487886309623718261718750000000000, 1.908984504196381770668722310801967978477478027343750000000000, 2.509009074533785188521051168208941817283630371093750000000000
 0.000537683370875941999376956825784645843668840825557708740234,-0.760820250133729225616718849778408184647560119628906250000000,-0.557741528616379378391343379917088896036148071289062500000000, 0.331778441498410181509370886487886309623718261718750000000000, 1.232608149393411345329241157742217183113098144531250000000000, 3.774176232645801043474875768879428505897521972656250000000000
 0.000537683370875941999376956825784645843668840825557708740234,-0.760820250133729225616718849778408184647560119628906250000000,-0.557741528616379378391343379917088896036148071289062500000000,-0.331778441498410181509370886487886309623718261718750000000000, 1.908984504196381770668722310801967978477478027343750000000000, 3.774176232645801043474875768879428505897521972656250000000000
 0.000537683370875941999376956825784645843668840825557708740234, 0.760820250133729336639021312294062227010726928710937500000000, 0.331778441498410014975917192714405246078968048095703125000000, 0.557741528616379378391343379917088896036148071289062500000000, 0.979134023989455593017794399202102795243263244628906250000000, 0.411217892764982051456712497383705340325832366943359375000000
 0.000537683370875941999376956825784645843668840825557708740234, 0.760820250133729336639021312294062227010726928710937500000000, 0.331778441498410014975917192714405246078968048095703125000000,-0.557741528616379378391343379917088896036148071289062500000000, 2.162458629600337634002471531857736408710479736328125000000000, 0.411217892764982051456712497383705340325832366943359375000000
 0.000537683370875941999376956825784645843668840825557708740234, 0.760820250133729336639021312294062227010726928710937500000000,-0.331778441498410014975917192714405246078968048095703125000000, 0.557741528616379378391343379917088896036148071289062500000000, 0.979134023989455593017794399202102795243263244628906250000000, 5.871967414414604569117273058509454131126403808593750000000000
 0.000537683370875941999376956825784645843668840825557708740234, 0.760820250133729336639021312294062227010726928710937500000000,-0.331778441498410014975917192714405246078968048095703125000000,-0.557741528616379378391343379917088896036148071289062500000000, 2.162458629600337634002471531857736408710479736328125000000000, 5.871967414414604569117273058509454131126403808593750000000000
 0.000537683370875941999376956825784645843668840825557708740234,-0.760820250133729225616718849778408184647560119628906250000000, 0.331778441498410181509370886487886309623718261718750000000000, 0.557741528616379378391343379917088896036148071289062500000000, 0.979134023989455593017794399202102795243263244628906250000000, 2.730374760824811009030099739902652800083160400390625000000000
 0.000537683370875941999376956825784645843668840825557708740234,-0.760820250133729225616718849778408184647560119628906250000000, 0.331778441498410181509370886487886309623718261718750000000000,-0.557741528616379378391343379917088896036148071289062500000000, 2.162458629600337634002471531857736408710479736328125000000000, 2.730374760824811009030099739902652800083160400390625000000000
 0.000537683370875941999376956825784645843668840825557708740234,-0.760820250133729225616718849778408184647560119628906250000000,-0.331778441498410181509370886487886309623718261718750000000000, 0.557741528616379378391343379917088896036148071289062500000000, 0.979134023989455593017794399202102795243263244628906250000000, 3.552810546354775222965827197185717523097991943359375000000000
 0.000537683370875941999376956825784645843668840825557708740234,-0.760820250133729225616718849778408184647560119628906250000000,-0.331778441498410181509370886487886309623718261718750000000000,-0.557741528616379378391343379917088896036148071289062500000000, 2.162458629600337634002471531857736408710479736328125000000000, 3.552810546354775222965827197185717523097991943359375000000000
 0.000540803209206941666066514873278947561630047857761383056641, 0.601306043136695111961387283372459933161735534667968750000000, 0.377529900204070123503896638794685713946819305419921875000000, 0.704203249736321423846163725102087482810020446777343750000000, 0.789495992332479135100697931193280965089797973632812500000000, 0.560646010856511778364108522509923204779624938964843750000000
 0.000540803209206941666066514873278947561630047857761383056641, 0.601306043136695111961387283372459933161735534667968750000000, 0.377529900204070179015047870052512735128402709960937500000000,-0.704203249736321312823861262586433440446853637695312500000000, 2.352096661257313758852660612319596111774444580078125000000000, 0.560646010856511889386410985025577247142791748046875000000000
 0.000540803209206941666066514873278947561630047857761383056641, 0.601306043136695111961387283372459933161735534667968750000000,-0.377529900204070123503896638794685713946819305419921875000000, 0.704203249736321423846163725102087482810020446777343750000000, 0.789495992332479135100697931193280965089797973632812500000000, 5.722539296323074786698725802125409245491027832031250000000000
 0.000540803209206941666066514873278947561630047857761383056641, 0.601306043136695111961387283372459933161735534667968750000000,-0.377529900204070179015047870052512735128402709960937500000000,-0.704203249736321312823861262586433440446853637695312500000000, 2.352096661257313758852660612319596111774444580078125000000000, 5.722539296323073898520306102000176906585693359375000000000000
 0.000540803209206941666066514873278947561630047857761383056641,-0.601306043136695111961387283372459933161735534667968750000000, 0.377529900204070012481594176279031671583652496337890625000000, 0.704203249736321423846163725102087482810020446777343750000000, 0.789495992332479135100697931193280965089797973632812500000000, 2.580946642733281670700762333581224083900451660156250000000000
 0.000540803209206941666066514873278947561630047857761383056641,-0.601306043136695222983689745888113975524902343750000000000000, 0.377529900204070123503896638794685713946819305419921875000000,-0.704203249736321312823861262586433440446853637695312500000000, 2.352096661257313758852660612319596111774444580078125000000000, 2.580946642733281670700762333581224083900451660156250000000000
 0.000540803209206941666066514873278947561630047857761383056641,-0.601306043136695111961387283372459933161735534667968750000000,-0.377529900204070012481594176279031671583652496337890625000000, 0.704203249736321423846163725102087482810020446777343750000000, 0.789495992332479135100697931193280965089797973632812500000000, 3.702238664446304561295164603507146239280700683593750000000000
 0.000540803209206941666066514873278947561630047857761383056641,-0.601306043136695222983689745888113975524902343750000000000000,-0.377529900204070123503896638794685713946819305419921875000000,-0.704203249736321312823861262586433440446853637695312500000000, 2.352096661257313758852660612319596111774444580078125000000000, 3.702238664446304561295164603507146239280700683593750000000000
 0.000540803209206941666066514873278947561630047857761383056641, 0.601306043136695000939084820856805890798568725585937500000000, 0.704203249736321645890768650133395567536354064941406250000000, 0.377529900204069790436989251247723586857318878173828125000000, 1.183668987468537769913723423087503761053085327148437500000000, 0.864053232563405493316111005697166547179222106933593750000000
 0.000540803209206941666066514873278947561630047857761383056641, 0.601306043136695000939084820856805890798568725585937500000000, 0.704203249736321534868466187617741525173187255859375000000000,-0.377529900204070123503896638794685713946819305419921875000000, 1.957923666121255790173449895519297569990158081054687500000000, 0.864053232563405382293808543181512504816055297851562500000000
 0.000540803209206941666066514873278947561630047857761383056641, 0.601306043136695000939084820856805890798568725585937500000000,-0.704203249736321645890768650133395567536354064941406250000000, 0.377529900204069790436989251247723586857318878173828125000000, 1.183668987468537769913723423087503761053085327148437500000000, 5.419132074616181071746723318938165903091430664062500000000000
 0.000540803209206941666066514873278947561630047857761383056641, 0.601306043136695000939084820856805890798568725585937500000000,-0.704203249736321534868466187617741525173187255859375000000000,-0.377529900204070123503896638794685713946819305419921875000000, 1.957923666121255790173449895519297569990158081054687500000000, 5.419132074616181071746723318938165903091430664062500000000000
 0.000540803209206941666066514873278947561630047857761383056641,-0.601306043136695111961387283372459933161735534667968750000000, 0.704203249736321423846163725102087482810020446777343750000000, 0.377529900204069790436989251247723586857318878173828125000000, 1.183668987468537769913723423087503761053085327148437500000000, 2.277539421026387955748759850393980741500854492187500000000000
 0.000540803209206941666066514873278947561630047857761383056641,-0.601306043136695111961387283372459933161735534667968750000000, 0.704203249736321312823861262586433440446853637695312500000000,-0.377529900204070123503896638794685713946819305419921875000000, 1.957923666121255790173449895519297569990158081054687500000000, 2.277539421026387955748759850393980741500854492187500000000000
 0.000540803209206941666066514873278947561630047857761383056641,-0.601306043136695111961387283372459933161735534667968750000000,-0.704203249736321423846163725102087482810020446777343750000000, 0.377529900204069790436989251247723586857318878173828125000000, 1.183668987468537769913723423087503761053085327148437500000000, 4.005645886153198276247167086694389581680297851562500000000000
 0.000540803209206941666066514873278947561630047857761383056641,-0.601306043136695111961387283372459933161735534667968750000000,-0.704203249736321312823861262586433440446853637695312500000000,-0.377529900204070123503896638794685713946819305419921875000000, 1.957923666121255790173449895519297569990158081054687500000000, 4.005645886153198276247167086694389581680297851562500000000000
 0.000540803209206941666066514873278947561630047857761383056641, 0.377529900204070123503896638794685713946819305419921875000000, 0.601306043136695111961387283372459933161735534667968750000000, 0.704203249736321423846163725102087482810020446777343750000000, 0.789495992332479135100697931193280965089797973632812500000000, 1.010150315938384890657175674277823418378829956054687500000000
 0.000540803209206941666066514873278947561630047857761383056641, 0.377529900204070179015047870052512735128402709960937500000000, 0.601306043136695111961387283372459933161735534667968750000000,-0.704203249736321312823861262586433440446853637695312500000000, 2.352096661257313758852660612319596111774444580078125000000000, 1.010150315938384668612570749246515333652496337890625000000000
 0.000540803209206941666066514873278947561630047857761383056641, 0.377529900204070123503896638794685713946819305419921875000000,-0.601306043136695111961387283372459933161735534667968750000000, 0.704203249736321423846163725102087482810020446777343750000000, 0.789495992332479135100697931193280965089797973632812500000000, 5.273034991241201119294146337779238820075988769531250000000000
 0.000540803209206941666066514873278947561630047857761383056641, 0.377529900204070179015047870052512735128402709960937500000000,-0.601306043136695111961387283372459933161735534667968750000000,-0.704203249736321312823861262586433440446853637695312500000000, 2.352096661257313758852660612319596111774444580078125000000000, 5.273034991241202007472566037904471158981323242187500000000000
 0.000540803209206941666066514873278947561630047857761383056641,-0.377529900204070123503896638794685713946819305419921875000000, 0.601306043136695111961387283372459933161735534667968750000000, 0.704203249736321423846163725102087482810020446777343750000000, 0.789495992332479135100697931193280965089797973632812500000000, 2.131442337651408447385392719297669827938079833984375000000000
 0.000540803209206941666066514873278947561630047857761383056641,-0.377529900204070179015047870052512735128402709960937500000000, 0.601306043136695111961387283372459933161735534667968750000000,-0.704203249736321312823861262586433440446853637695312500000000, 2.352096661257313758852660612319596111774444580078125000000000, 2.131442337651408447385392719297669827938079833984375000000000
 0.000540803209206941666066514873278947561630047857761383056641,-0.377529900204070123503896638794685713946819305419921875000000,-0.601306043136695111961387283372459933161735534667968750000000, 0.704203249736321423846163725102087482810020446777343750000000, 0.789495992332479135100697931193280965089797973632812500000000, 4.151742969528177340521324367728084325790405273437500000000000
 0.000540803209206941666066514873278947561630047857761383056641,-0.377529900204070179015047870052512735128402709960937500000000,-0.601306043136695111961387283372459933161735534667968750000000,-0.704203249736321312823861262586433440446853637695312500000000, 2.352096661257313758852660612319596111774444580078125000000000, 4.151742969528177340521324367728084325790405273437500000000000
 0.000540803209206941666066514873278947561630047857761383056641, 0.377529900204069790436989251247723586857318878173828125000000, 0.704203249736321645890768650133395567536354064941406250000000, 0.601306043136694889916782358341151848435401916503906250000000, 0.925661662665803408600595503230579197406768798828125000000000, 1.078680284644453646336614838219247758388519287109375000000000
 0.000540803209206941666066514873278947561630047857761383056641, 0.377529900204069790436989251247723586857318878173828125000000, 0.704203249736321645890768650133395567536354064941406250000000,-0.601306043136694889916782358341151848435401916503906250000000, 2.215930990923989707397367965313605964183807373046875000000000, 1.078680284644453646336614838219247758388519287109375000000000
 0.000540803209206941666066514873278947561630047857761383056641, 0.377529900204069790436989251247723586857318878173828125000000,-0.704203249736321645890768650133395567536354064941406250000000, 0.601306043136694889916782358341151848435401916503906250000000, 0.925661662665803408600595503230579197406768798828125000000000, 5.204505022535132141570102248806506395339965820312500000000000
 0.000540803209206941666066514873278947561630047857761383056641, 0.377529900204069790436989251247723586857318878173828125000000,-0.704203249736321645890768650133395567536354064941406250000000,-0.601306043136694889916782358341151848435401916503906250000000, 2.215930990923989707397367965313605964183807373046875000000000, 5.204505022535132141570102248806506395339965820312500000000000
 0.000540803209206941666066514873278947561630047857761383056641,-0.377529900204070123503896638794685713946819305419921875000000, 0.704203249736321534868466187617741525173187255859375000000000, 0.601306043136694889916782358341151848435401916503906250000000, 0.925661662665803519622897965746233239769935607910156250000000, 2.062912368945339913750558480387553572654724121093750000000000
 0.000540803209206941666066514873278947561630047857761383056641,-0.377529900204070123503896638794685713946819305419921875000000, 0.704203249736321534868466187617741525173187255859375000000000,-0.601306043136694889916782358341151848435401916503906250000000, 2.215930990923989707397367965313605964183807373046875000000000, 2.062912368945339913750558480387553572654724121093750000000000
 0.000540803209206941666066514873278947561630047857761383056641,-0.377529900204070123503896638794685713946819305419921875000000,-0.704203249736321534868466187617741525173187255859375000000000, 0.601306043136694889916782358341151848435401916503906250000000, 0.925661662665803519622897965746233239769935607910156250000000, 4.220272938234246318245368456700816750526428222656250000000000
 0.000540803209206941666066514873278947561630047857761383056641,-0.377529900204070123503896638794685713946819305419921875000000,-0.704203249736321534868466187617741525173187255859375000000000,-0.601306043136694889916782358341151848435401916503906250000000, 2.215930990923989707397367965313605964183807373046875000000000, 4.220272938234246318245368456700816750526428222656250000000000
 0.000540803209206941666066514873278947561630047857761383056641, 0.704203249736321645890768650133395567536354064941406250000000, 0.601306043136695000939084820856805890798568725585937500000000, 0.377529900204069790436989251247723586857318878173828125000000, 1.183668987468537769913723423087503761053085327148437500000000, 0.706743094231491175705173191090580075979232788085937500000000
 0.000540803209206941666066514873278947561630047857761383056641, 0.704203249736321534868466187617741525173187255859375000000000, 0.601306043136695000939084820856805890798568725585937500000000,-0.377529900204070123503896638794685713946819305419921875000000, 1.957923666121255790173449895519297569990158081054687500000000, 0.706743094231491175705173191090580075979232788085937500000000
 0.000540803209206941666066514873278947561630047857761383056641, 0.704203249736321645890768650133395567536354064941406250000000,-0.601306043136695000939084820856805890798568725585937500000000, 0.377529900204069790436989251247723586857318878173828125000000, 1.183668987468537769913723423087503761053085327148437500000000, 5.576442212948094834246148820966482162475585937500000000000000
 0.000540803209206941666066514873278947561630047857761383056641, 0.704203249736321534868466187617741525173187255859375000000000,-0.601306043136695000939084820856805890798568725585937500000000,-0.377529900204070123503896638794685713946819305419921875000000, 1.957923666121255790173449895519297569990158081054687500000000, 5.576442212948094834246148820966482162475585937500000000000000
 0.000540803209206941666066514873278947561630047857761383056641,-0.704203249736321867935373575164703652262687683105468750000000, 0.601306043136694778894479895825497806072235107421875000000000, 0.377529900204069790436989251247723586857318878173828125000000, 1.183668987468537991958328348118811845779418945312500000000000, 2.434849559358302606426605052547529339790344238281250000000000
 0.000540803209206941666066514873278947561630047857761383056641,-0.704203249736321756913071112649049609899520874023437500000000, 0.601306043136694667872177433309843763709068298339843750000000,-0.377529900204070123503896638794685713946819305419921875000000, 1.957923666121255790173449895519297569990158081054687500000000, 2.434849559358302606426605052547529339790344238281250000000000
 0.000540803209206941666066514873278947561630047857761383056641,-0.704203249736321867935373575164703652262687683105468750000000,-0.601306043136694778894479895825497806072235107421875000000000, 0.377529900204069790436989251247723586857318878173828125000000, 1.183668987468537991958328348118811845779418945312500000000000, 3.848335747821283625569321884540840983390808105468750000000000
 0.000540803209206941666066514873278947561630047857761383056641,-0.704203249736321756913071112649049609899520874023437500000000,-0.601306043136694667872177433309843763709068298339843750000000,-0.377529900204070123503896638794685713946819305419921875000000, 1.957923666121255790173449895519297569990158081054687500000000, 3.848335747821283625569321884540840983390808105468750000000000
 0.000540803209206941666066514873278947561630047857761383056641, 0.704203249736321534868466187617741525173187255859375000000000, 0.377529900204070123503896638794685713946819305419921875000000, 0.601306043136694889916782358341151848435401916503906250000000, 0.925661662665803519622897965746233239769935607910156250000000, 0.492116042150443411262727977373288013041019439697265625000000
 0.000540803209206941666066514873278947561630047857761383056641, 0.704203249736321534868466187617741525173187255859375000000000, 0.377529900204070123503896638794685713946819305419921875000000,-0.601306043136694889916782358341151848435401916503906250000000, 2.215930990923989707397367965313605964183807373046875000000000, 0.492116042150443411262727977373288013041019439697265625000000
 0.000540803209206941666066514873278947561630047857761383056641, 0.704203249736321534868466187617741525173187255859375000000000,-0.377529900204070123503896638794685713946819305419921875000000, 0.601306043136694889916782358341151848435401916503906250000000, 0.925661662665803519622897965746233239769935607910156250000000, 5.791069265029142876244350190972909331321716308593750000000000
 0.000540803209206941666066514873278947561630047857761383056641, 0.704203249736321534868466187617741525173187255859375000000000,-0.377529900204070123503896638794685713946819305419921875000000,-0.601306043136694889916782358341151848435401916503906250000000, 2.215930990923989707397367965313605964183807373046875000000000, 5.791069265029142876244350190972909331321716308593750000000000
 0.000540803209206941666066514873278947561630047857761383056641,-0.704203249736321645890768650133395567536354064941406250000000, 0.377529900204069790436989251247723586857318878173828125000000, 0.601306043136694889916782358341151848435401916503906250000000, 0.925661662665803408600595503230579197406768798828125000000000, 2.649476611439350204335596572491340339183807373046875000000000
 0.000540803209206941666066514873278947561630047857761383056641,-0.704203249736321645890768650133395567536354064941406250000000, 0.377529900204069790436989251247723586857318878173828125000000,-0.601306043136694889916782358341151848435401916503906250000000, 2.215930990923989707397367965313605964183807373046875000000000, 2.649476611439350204335596572491340339183807373046875000000000
 0.000540803209206941666066514873278947561630047857761383056641,-0.704203249736321645890768650133395567536354064941406250000000,-0.377529900204069790436989251247723586857318878173828125000000, 0.601306043136694889916782358341151848435401916503906250000000, 0.925661662665803408600595503230579197406768798828125000000000, 3.633708695740236027660330364597029983997344970703125000000000
 0.000540803209206941666066514873278947561630047857761383056641,-0.704203249736321645890768650133395567536354064941406250000000,-0.377529900204069790436989251247723586857318878173828125000000,-0.601306043136694889916782358341151848435401916503906250000000, 2.215930990923989707397367965313605964183807373046875000000000, 3.633708695740236027660330364597029983997344970703125000000000
 0.000484274491789947719288383920499541090975981205701828002930, 0.366159676726177996108901879779295995831489562988281250000000, 0.045993678871646202777068168643381795845925807952880859375000, 0.929414693580660311589269895193865522742271423339843750000000, 0.377972700456950139180634096192079596221446990966796875000000, 0.124956537725639346692041442565823672339320182800292968750000
 0.000484274491789947719288383920499541090975981205701828002930, 0.366159676726178107131204342294950038194656372070312500000000, 0.045993678871646202777068168643381795845925807952880859375000,-0.929414693580660311589269895193865522742271423339843750000000, 2.763619953132843143350783066125586628913879394531250000000000, 0.124956537725639305058678019122453406453132629394531250000000
 0.000484274491789947719288383920499541090975981205701828002930, 0.366159676726177996108901879779295995831489562988281250000000,-0.045993678871646202777068168643381795845925807952880859375000, 0.929414693580660311589269895193865522742271423339843750000000, 0.377972700456950139180634096192079596221446990966796875000000, 6.158228769453947037959551380481570959091186523437500000000000
 0.000484274491789947719288383920499541090975981205701828002930, 0.366159676726178107131204342294950038194656372070312500000000,-0.045993678871646202777068168643381795845925807952880859375000,-0.929414693580660311589269895193865522742271423339843750000000, 2.763619953132843143350783066125586628913879394531250000000000, 6.158228769453947037959551380481570959091186523437500000000000
 0.000484274491789947719288383920499541090975981205701828002930,-0.366159676726177996108901879779295995831489562988281250000000, 0.045993678871646202777068168643381795845925807952880859375000, 0.929414693580660311589269895193865522742271423339843750000000, 0.377972700456950139180634096192079596221446990966796875000000, 3.016636115864153921961587911937385797500610351562500000000000
 0.000484274491789947719288383920499541090975981205701828002930,-0.366159676726178107131204342294950038194656372070312500000000, 0.045993678871646202777068168643381795845925807952880859375000,-0.929414693580660311589269895193865522742271423339843750000000, 2.763619953132843143350783066125586628913879394531250000000000, 3.016636115864153921961587911937385797500610351562500000000000
 0.000484274491789947719288383920499541090975981205701828002930,-0.366159676726177996108901879779295995831489562988281250000000,-0.045993678871646202777068168643381795845925807952880859375000, 0.929414693580660311589269895193865522742271423339843750000000, 0.377972700456950139180634096192079596221446990966796875000000, 3.266549191315432310034339025150984525680541992187500000000000
 0.000484274491789947719288383920499541090975981205701828002930,-0.366159676726178107131204342294950038194656372070312500000000,-0.045993678871646202777068168643381795845925807952880859375000,-0.929414693580660311589269895193865522742271423339843750000000, 2.763619953132843143350783066125586628913879394531250000000000, 3.266549191315432310034339025150984525680541992187500000000000
 0.000484274491789947719288383920499541090975981205701828002930, 0.366159676726177885086599417263641953468322753906250000000000, 0.929414693580660311589269895193865522742271423339843750000000, 0.045993678871645897465736396725333179347217082977294921875000, 1.524786416487340812153661318006925284862518310546875000000000, 1.195500714309868151019600190920755267143249511718750000000000
 0.000484274491789947719288383920499541090975981205701828002930, 0.366159676726177885086599417263641953468322753906250000000000, 0.929414693580660311589269895193865522742271423339843750000000,-0.045993678871645897465736396725333179347217082977294921875000, 1.616806237102452525888907075568567961454391479492187500000000, 1.195500714309868151019600190920755267143249511718750000000000
 0.000484274491789947719288383920499541090975981205701828002930, 0.366159676726177885086599417263641953468322753906250000000000,-0.929414693580660311589269895193865522742271423339843750000000, 0.045993678871645897465736396725333179347217082977294921875000, 1.524786416487340812153661318006925284862518310546875000000000, 5.087684592869718080976326746167615056037902832031250000000000
 0.000484274491789947719288383920499541090975981205701828002930, 0.366159676726177885086599417263641953468322753906250000000000,-0.929414693580660311589269895193865522742271423339843750000000,-0.045993678871645897465736396725333179347217082977294921875000, 1.616806237102452525888907075568567961454391479492187500000000, 5.087684592869718080976326746167615056037902832031250000000000
 0.000484274491789947719288383920499541090975981205701828002930,-0.366159676726178107131204342294950038194656372070312500000000, 0.929414693580660200566967432678211480379104614257812500000000, 0.045993678871645897465736396725333179347217082977294921875000, 1.524786416487340812153661318006925284862518310546875000000000, 1.946091939279925409067573127686046063899993896484375000000000
 0.000484274491789947719288383920499541090975981205701828002930,-0.366159676726178107131204342294950038194656372070312500000000, 0.929414693580660200566967432678211480379104614257812500000000,-0.045993678871645897465736396725333179347217082977294921875000, 1.616806237102452525888907075568567961454391479492187500000000, 1.946091939279925409067573127686046063899993896484375000000000
 0.000484274491789947719288383920499541090975981205701828002930,-0.366159676726178107131204342294950038194656372070312500000000,-0.929414693580660200566967432678211480379104614257812500000000, 0.045993678871645897465736396725333179347217082977294921875000, 1.524786416487340812153661318006925284862518310546875000000000, 4.337093367899660378839143959339708089828491210937500000000000
 0.000484274491789947719288383920499541090975981205701828002930,-0.366159676726178107131204342294950038194656372070312500000000,-0.929414693580660200566967432678211480379104614257812500000000,-0.045993678871645897465736396725333179347217082977294921875000, 1.616806237102452525888907075568567961454391479492187500000000, 4.337093367899660378839143959339708089828491210937500000000000
 0.000484274491789947719288383920499541090975981205701828002930, 0.045993678871645897465736396725333179347217082977294921875000, 0.366159676726178107131204342294950038194656372070312500000000, 0.929414693580660311589269895193865522742271423339843750000000, 0.377972700456950139180634096192079596221446990966796875000000, 1.445839789069258030096420952759217470884323120117187500000000
 0.000484274491789947719288383920499541090975981205701828002930, 0.045993678871645897465736396725333179347217082977294921875000, 0.366159676726178218153506804810604080557823181152343750000000,-0.929414693580660311589269895193865522742271423339843750000000, 2.763619953132843143350783066125586628913879394531250000000000, 1.445839789069258252141025877790525555610656738281250000000000
 0.000484274491789947719288383920499541090975981205701828002930, 0.045993678871645897465736396725333179347217082977294921875000,-0.366159676726178107131204342294950038194656372070312500000000, 0.929414693580660311589269895193865522742271423339843750000000, 0.377972700456950139180634096192079596221446990966796875000000, 4.837345518110327979854901059297844767570495605468750000000000
 0.000484274491789947719288383920499541090975981205701828002930, 0.045993678871645897465736396725333179347217082977294921875000,-0.366159676726178218153506804810604080557823181152343750000000,-0.929414693580660311589269895193865522742271423339843750000000, 2.763619953132843143350783066125586628913879394531250000000000, 4.837345518110327979854901059297844767570495605468750000000000
 0.000484274491789947719288383920499541090975981205701828002930,-0.045993678871645897465736396725333179347217082977294921875000, 0.366159676726178107131204342294950038194656372070312500000000, 0.929414693580660311589269895193865522742271423339843750000000, 0.377972700456950139180634096192079596221446990966796875000000, 1.695752864520535085901542515784967690706253051757812500000000
 0.000484274491789947719288383920499541090975981205701828002930,-0.045993678871645897465736396725333179347217082977294921875000, 0.366159676726178218153506804810604080557823181152343750000000,-0.929414693580660311589269895193865522742271423339843750000000, 2.763619953132843143350783066125586628913879394531250000000000, 1.695752864520535085901542515784967690706253051757812500000000
 0.000484274491789947719288383920499541090975981205701828002930,-0.045993678871645897465736396725333179347217082977294921875000,-0.366159676726178107131204342294950038194656372070312500000000, 0.929414693580660311589269895193865522742271423339843750000000, 0.377972700456950139180634096192079596221446990966796875000000, 4.587432442659051368138989346334710717201232910156250000000000
 0.000484274491789947719288383920499541090975981205701828002930,-0.045993678871645897465736396725333179347217082977294921875000,-0.366159676726178218153506804810604080557823181152343750000000,-0.929414693580660311589269895193865522742271423339843750000000, 2.763619953132843143350783066125586628913879394531250000000000, 4.587432442659051368138989346334710717201232910156250000000000
 0.000484274491789947719288383920499541090975981205701828002930, 0.045993678871645703176707087322938605211675167083740234375000, 0.929414693580660311589269895193865522742271423339843750000000, 0.366159676726178218153506804810604080557823181152343750000000, 1.195917604325436478518440708285197615623474121093750000000000, 1.521349950396908123906314358464442193508148193359375000000000
 0.000484274491789947719288383920499541090975981205701828002930, 0.045993678871645703176707087322938605211675167083740234375000, 0.929414693580660311589269895193865522742271423339843750000000,-0.366159676726178218153506804810604080557823181152343750000000, 1.945675049264356859524127685290295630693435668945312500000000, 1.521349950396908123906314358464442193508148193359375000000000
 0.000484274491789947719288383920499541090975981205701828002930, 0.045993678871645703176707087322938605211675167083740234375000,-0.929414693580660311589269895193865522742271423339843750000000, 0.366159676726178218153506804810604080557823181152343750000000, 1.195917604325436478518440708285197615623474121093750000000000, 4.761835356782677664000402728561311960220336914062500000000000
 0.000484274491789947719288383920499541090975981205701828002930, 0.045993678871645703176707087322938605211675167083740234375000,-0.929414693580660311589269895193865522742271423339843750000000,-0.366159676726178218153506804810604080557823181152343750000000, 1.945675049264356859524127685290295630693435668945312500000000, 4.761835356782677664000402728561311960220336914062500000000000
 0.000484274491789947719288383920499541090975981205701828002930,-0.045993678871646001549144955333758844062685966491699218750000, 0.929414693580660311589269895193865522742271423339843750000000, 0.366159676726178218153506804810604080557823181152343750000000, 1.195917604325436478518440708285197615623474121093750000000000, 1.620242703192885436180858960142359137535095214843750000000000
 0.000484274491789947719288383920499541090975981205701828002930,-0.045993678871646001549144955333758844062685966491699218750000, 0.929414693580660311589269895193865522742271423339843750000000,-0.366159676726178218153506804810604080557823181152343750000000, 1.945675049264356859524127685290295630693435668945312500000000, 1.620242703192885436180858960142359137535095214843750000000000
 0.000484274491789947719288383920499541090975981205701828002930,-0.045993678871646001549144955333758844062685966491699218750000,-0.929414693580660311589269895193865522742271423339843750000000, 0.366159676726178218153506804810604080557823181152343750000000, 1.195917604325436478518440708285197615623474121093750000000000, 4.662942603986700795815067976946011185646057128906250000000000
 0.000484274491789947719288383920499541090975981205701828002930,-0.045993678871646001549144955333758844062685966491699218750000,-0.929414693580660311589269895193865522742271423339843750000000,-0.366159676726178218153506804810604080557823181152343750000000, 1.945675049264356859524127685290295630693435668945312500000000, 4.662942603986700795815067976946011185646057128906250000000000
 0.000484274491789947719288383920499541090975981205701828002930, 0.929414693580660311589269895193865522742271423339843750000000, 0.366159676726177885086599417263641953468322753906250000000000, 0.045993678871645897465736396725333179347217082977294921875000, 1.524786416487340812153661318006925284862518310546875000000000, 0.375295612485028518001684005866991356015205383300781250000000
 0.000484274491789947719288383920499541090975981205701828002930, 0.929414693580660311589269895193865522742271423339843750000000, 0.366159676726177885086599417263641953468322753906250000000000,-0.045993678871645897465736396725333179347217082977294921875000, 1.616806237102452525888907075568567961454391479492187500000000, 0.375295612485028518001684005866991356015205383300781250000000
 0.000484274491789947719288383920499541090975981205701828002930, 0.929414693580660311589269895193865522742271423339843750000000,-0.366159676726177885086599417263641953468322753906250000000000, 0.045993678871645897465736396725333179347217082977294921875000, 1.524786416487340812153661318006925284862518310546875000000000, 5.907889694694557825016545393737033009529113769531250000000000
 0.000484274491789947719288383920499541090975981205701828002930, 0.929414693580660311589269895193865522742271423339843750000000,-0.366159676726177885086599417263641953468322753906250000000000,-0.045993678871645897465736396725333179347217082977294921875000, 1.616806237102452525888907075568567961454391479492187500000000, 5.907889694694557825016545393737033009529113769531250000000000
 0.000484274491789947719288383920499541090975981205701828002930,-0.929414693580660422611572357709519565105438232421875000000000, 0.366159676726177718553145723490160889923572540283203125000000, 0.045993678871645897465736396725333179347217082977294921875000, 1.524786416487340812153661318006925284862518310546875000000000, 2.766297041104764709018581925192847847938537597656250000000000
 0.000484274491789947719288383920499541090975981205701828002930,-0.929414693580660422611572357709519565105438232421875000000000, 0.366159676726177718553145723490160889923572540283203125000000,-0.045993678871645897465736396725333179347217082977294921875000, 1.616806237102452525888907075568567961454391479492187500000000, 2.766297041104764709018581925192847847938537597656250000000000
 0.000484274491789947719288383920499541090975981205701828002930,-0.929414693580660422611572357709519565105438232421875000000000,-0.366159676726177718553145723490160889923572540283203125000000, 0.045993678871645897465736396725333179347217082977294921875000, 1.524786416487340812153661318006925284862518310546875000000000, 3.516888266074821522977345011895522475242614746093750000000000
 0.000484274491789947719288383920499541090975981205701828002930,-0.929414693580660422611572357709519565105438232421875000000000,-0.366159676726177718553145723490160889923572540283203125000000,-0.045993678871645897465736396725333179347217082977294921875000, 1.616806237102452525888907075568567961454391479492187500000000, 3.516888266074821522977345011895522475242614746093750000000000
 0.000484274491789947719288383920499541090975981205701828002930, 0.929414693580660200566967432678211480379104614257812500000000, 0.045993678871647902806074625914334319531917572021484375000000, 0.366159676726178218153506804810604080557823181152343750000000, 1.195917604325436478518440708285197615623474121093750000000000, 0.049446376397990904338897166780952829867601394653320312500000
 0.000484274491789947719288383920499541090975981205701828002930, 0.929414693580660200566967432678211480379104614257812500000000, 0.045993678871647902806074625914334319531917572021484375000000,-0.366159676726178218153506804810604080557823181152343750000000, 1.945675049264356859524127685290295630693435668945312500000000, 0.049446376397990904338897166780952829867601394653320312500000
 0.000484274491789947719288383920499541090975981205701828002930, 0.929414693580660200566967432678211480379104614257812500000000,-0.045993678871647902806074625914334319531917572021484375000000, 0.366159676726178218153506804810604080557823181152343750000000, 1.195917604325436478518440708285197615623474121093750000000000, 6.233738930781595577457210310967639088630676269531250000000000
 0.000484274491789947719288383920499541090975981205701828002930, 0.929414693580660200566967432678211480379104614257812500000000,-0.045993678871647902806074625914334319531917572021484375000000,-0.366159676726178218153506804810604080557823181152343750000000, 1.945675049264356859524127685290295630693435668945312500000000, 6.233738930781595577457210310967639088630676269531250000000000
 0.000484274491789947719288383920499541090975981205701828002930,-0.929414693580660200566967432678211480379104614257812500000000, 0.045993678871647597494742853996285703033208847045898437500000, 0.366159676726178218153506804810604080557823181152343750000000, 1.195917604325436478518440708285197615623474121093750000000000, 3.092146277191802461459246842423453927040100097656250000000000
 0.000484274491789947719288383920499541090975981205701828002930,-0.929414693580660200566967432678211480379104614257812500000000, 0.045993678871647597494742853996285703033208847045898437500000,-0.366159676726178218153506804810604080557823181152343750000000, 1.945675049264356859524127685290295630693435668945312500000000, 3.092146277191802461459246842423453927040100097656250000000000
 0.000484274491789947719288383920499541090975981205701828002930,-0.929414693580660200566967432678211480379104614257812500000000,-0.045993678871647597494742853996285703033208847045898437500000, 0.366159676726178218153506804810604080557823181152343750000000, 1.195917604325436478518440708285197615623474121093750000000000, 3.191039029987783770536680094664916396141052246093750000000000
 0.000484274491789947719288383920499541090975981205701828002930,-0.929414693580660200566967432678211480379104614257812500000000,-0.045993678871647597494742853996285703033208847045898437500000,-0.366159676726178218153506804810604080557823181152343750000000, 1.945675049264356859524127685290295630693435668945312500000000, 3.191039029987783770536680094664916396141052246093750000000000
 0.000504892607618945450653757944792232592590153217315673828125, 0.423763315350658087421464870203635655343532562255859375000000, 0.094048937736544394039306382637732895091176033020019531250000, 0.900877044814466509947692429705057293176651000976562500000000, 0.449010534661161864189438119865371845662593841552734375000000, 0.218397531628883007082109202201536390930414199829101562500000
 0.000504892607618945450653757944792232592590153217315673828125, 0.423763315350657976399162407687981612980365753173828125000000, 0.094048937736544394039306382637732895091176033020019531250000,-0.900877044814466509947692429705057293176651000976562500000000, 2.692582118928631640386583967483602464199066162109375000000000, 0.218397531628883062593260433459363412111997604370117187500000
 0.000504892607618945450653757944792232592590153217315673828125, 0.423763315350658087421464870203635655343532562255859375000000,-0.094048937736544394039306382637732895091176033020019531250000, 0.900877044814466509947692429705057293176651000976562500000000, 0.449010534661161864189438119865371845662593841552734375000000, 6.064787775550703585736300738062709569931030273437500000000000
 0.000504892607618945450653757944792232592590153217315673828125, 0.423763315350657976399162407687981612980365753173828125000000,-0.094048937736544394039306382637732895091176033020019531250000,-0.900877044814466509947692429705057293176651000976562500000000, 2.692582118928631640386583967483602464199066162109375000000000, 6.064787775550703585736300738062709569931030273437500000000000
 0.000504892607618945450653757944792232592590153217315673828125,-0.423763315350658087421464870203635655343532562255859375000000, 0.094048937736544394039306382637732895091176033020019531250000, 0.900877044814466509947692429705057293176651000976562500000000, 0.449010534661161864189438119865371845662593841552734375000000, 2.923195121960910025649127419455908238887786865234375000000000
 0.000504892607618945450653757944792232592590153217315673828125,-0.423763315350657976399162407687981612980365753173828125000000, 0.094048937736544394039306382637732895091176033020019531250000,-0.900877044814466509947692429705057293176651000976562500000000, 2.692582118928631640386583967483602464199066162109375000000000, 2.923195121960910025649127419455908238887786865234375000000000
 0.000504892607618945450653757944792232592590153217315673828125,-0.423763315350658087421464870203635655343532562255859375000000,-0.094048937736544394039306382637732895091176033020019531250000, 0.900877044814466509947692429705057293176651000976562500000000, 0.449010534661161864189438119865371845662593841552734375000000, 3.359990185218676206346799517632462084293365478515625000000000
 0.000504892607618945450653757944792232592590153217315673828125,-0.423763315350657976399162407687981612980365753173828125000000,-0.094048937736544394039306382637732895091176033020019531250000,-0.900877044814466509947692429705057293176651000976562500000000, 2.692582118928631640386583967483602464199066162109375000000000, 3.359990185218676206346799517632462084293365478515625000000000
 0.000504892607618945450653757944792232592590153217315673828125, 0.423763315350658087421464870203635655343532562255859375000000, 0.900877044814466620969994892220711335539817810058593750000000, 0.094048937736544199750277073235338320955634117126464843750000, 1.476608187286712059460569435032084584236145019531250000000000, 1.131116267094966154616031417390331625938415527343750000000000
 0.000504892607618945450653757944792232592590153217315673828125, 0.423763315350658087421464870203635655343532562255859375000000, 0.900877044814466620969994892220711335539817810058593750000000,-0.094048937736544199750277073235338320955634117126464843750000, 1.664984466303081278581998958543408662080764770507812500000000, 1.131116267094966154616031417390331625938415527343750000000000
 0.000504892607618945450653757944792232592590153217315673828125, 0.423763315350658087421464870203635655343532562255859375000000,-0.900877044814466620969994892220711335539817810058593750000000, 0.094048937736544199750277073235338320955634117126464843750000, 1.476608187286712059460569435032084584236145019531250000000000, 5.152069040084620077379895519698038697242736816406250000000000
 0.000504892607618945450653757944792232592590153217315673828125, 0.423763315350658087421464870203635655343532562255859375000000,-0.900877044814466620969994892220711335539817810058593750000000,-0.094048937736544199750277073235338320955634117126464843750000, 1.664984466303081278581998958543408662080764770507812500000000, 5.152069040084620077379895519698038697242736816406250000000000
 0.000504892607618945450653757944792232592590153217315673828125,-0.423763315350658087421464870203635655343532562255859375000000, 0.900877044814466620969994892220711335539817810058593750000000, 0.094048937736544199750277073235338320955634117126464843750000, 1.476608187286712059460569435032084584236145019531250000000000, 2.010476386494826961381932051153853535652160644531250000000000
 0.000504892607618945450653757944792232592590153217315673828125,-0.423763315350658087421464870203635655343532562255859375000000, 0.900877044814466620969994892220711335539817810058593750000000,-0.094048937736544199750277073235338320955634117126464843750000, 1.664984466303081278581998958543408662080764770507812500000000, 2.010476386494826961381932051153853535652160644531250000000000
 0.000504892607618945450653757944792232592590153217315673828125,-0.423763315350658087421464870203635655343532562255859375000000,-0.900877044814466620969994892220711335539817810058593750000000, 0.094048937736544199750277073235338320955634117126464843750000, 1.476608187286712059460569435032084584236145019531250000000000, 4.272708920684759270613994885934516787528991699218750000000000
 0.000504892607618945450653757944792232592590153217315673828125,-0.423763315350658087421464870203635655343532562255859375000000,-0.900877044814466620969994892220711335539817810058593750000000,-0.094048937736544199750277073235338320955634117126464843750000, 1.664984466303081278581998958543408662080764770507812500000000, 4.272708920684759270613994885934516787528991699218750000000000
 0.000504892607618945450653757944792232592590153217315673828125, 0.094048937736544199750277073235338320955634117126464843750000, 0.423763315350658087421464870203635655343532562255859375000000, 0.900877044814466509947692429705057293176651000976562500000000, 0.449010534661161586633681963576236739754676818847656250000000, 1.352398795166014133783960460277739912271499633789062500000000
 0.000504892607618945450653757944792232592590153217315673828125, 0.094048937736544102605762418534141033887863159179687500000000, 0.423763315350658087421464870203635655343532562255859375000000,-0.900877044814466509947692429705057293176651000976562500000000, 2.692582118928631640386583967483602464199066162109375000000000, 1.352398795166014355828565385309047996997833251953125000000000
 0.000504892607618945450653757944792232592590153217315673828125, 0.094048937736544199750277073235338320955634117126464843750000,-0.423763315350658087421464870203635655343532562255859375000000, 0.900877044814466509947692429705057293176651000976562500000000, 0.449010534661161586633681963576236739754676818847656250000000, 4.930786512013572320256571401841938495635986328125000000000000
 0.000504892607618945450653757944792232592590153217315673828125, 0.094048937736544102605762418534141033887863159179687500000000,-0.423763315350658087421464870203635655343532562255859375000000,-0.900877044814466509947692429705057293176651000976562500000000, 2.692582118928631640386583967483602464199066162109375000000000, 4.930786512013572320256571401841938495635986328125000000000000
 0.000504892607618945450653757944792232592590153217315673828125,-0.094048937736544296894791727936535608023405075073242187500000, 0.423763315350658087421464870203635655343532562255859375000000, 0.900877044814466509947692429705057293176651000976562500000000, 0.449010534661161864189438119865371845662593841552734375000000, 1.789193858423779426303212858329061418771743774414062500000000
 0.000504892607618945450653757944792232592590153217315673828125,-0.094048937736544199750277073235338320955634117126464843750000, 0.423763315350658087421464870203635655343532562255859375000000,-0.900877044814466509947692429705057293176651000976562500000000, 2.692582118928631640386583967483602464199066162109375000000000, 1.789193858423779204258607933297753334045410156250000000000000
 0.000504892607618945450653757944792232592590153217315673828125,-0.094048937736544296894791727936535608023405075073242187500000,-0.423763315350658087421464870203635655343532562255859375000000, 0.900877044814466509947692429705057293176651000976562500000000, 0.449010534661161864189438119865371845662593841552734375000000, 4.493991448755807027737319003790616989135742187500000000000000
 0.000504892607618945450653757944792232592590153217315673828125,-0.094048937736544199750277073235338320955634117126464843750000,-0.423763315350658087421464870203635655343532562255859375000000,-0.900877044814466509947692429705057293176651000976562500000000, 2.692582118928631640386583967483602464199066162109375000000000, 4.493991448755807027737319003790616989135742187500000000000000
 0.000504892607618945450653757944792232592590153217315673828125, 0.094048937736544296894791727936535608023405075073242187500000, 0.900877044814466620969994892220711335539817810058593750000000, 0.423763315350657920888011176430154591798782348632812500000000, 1.133200214199857169816709756560157984495162963867187500000000, 1.466776046436628400115864678809884935617446899414062500000000
 0.000504892607618945450653757944792232592590153217315673828125, 0.094048937736544296894791727936535608023405075073242187500000, 0.900877044814466620969994892220711335539817810058593750000000,-0.423763315350657920888011176430154591798782348632812500000000, 2.008392439389936168225858637015335261821746826171875000000000, 1.466776046436628400115864678809884935617446899414062500000000
 0.000504892607618945450653757944792232592590153217315673828125, 0.094048937736544296894791727936535608023405075073242187500000,-0.900877044814466620969994892220711335539817810058593750000000, 0.423763315350657920888011176430154591798782348632812500000000, 1.133200214199857169816709756560157984495162963867187500000000, 4.816409260742958053924667183309793472290039062500000000000000
 0.000504892607618945450653757944792232592590153217315673828125, 0.094048937736544296894791727936535608023405075073242187500000,-0.900877044814466620969994892220711335539817810058593750000000,-0.423763315350657920888011176430154591798782348632812500000000, 2.008392439389936168225858637015335261821746826171875000000000, 4.816409260742958053924667183309793472290039062500000000000000
 0.000504892607618945450653757944792232592590153217315673828125,-0.094048937736544296894791727936535608023405075073242187500000, 0.900877044814466620969994892220711335539817810058593750000000, 0.423763315350657920888011176430154591798782348632812500000000, 1.133200214199857169816709756560157984495162963867187500000000, 1.674816607153164937926703714765608310699462890625000000000000
 0.000504892607618945450653757944792232592590153217315673828125,-0.094048937736544296894791727936535608023405075073242187500000, 0.900877044814466620969994892220711335539817810058593750000000,-0.423763315350657920888011176430154591798782348632812500000000, 2.008392439389936168225858637015335261821746826171875000000000, 1.674816607153164937926703714765608310699462890625000000000000
 0.000504892607618945450653757944792232592590153217315673828125,-0.094048937736544296894791727936535608023405075073242187500000,-0.900877044814466620969994892220711335539817810058593750000000, 0.423763315350657920888011176430154591798782348632812500000000, 1.133200214199857169816709756560157984495162963867187500000000, 4.608368700026421294069223222322762012481689453125000000000000
 0.000504892607618945450653757944792232592590153217315673828125,-0.094048937736544296894791727936535608023405075073242187500000,-0.900877044814466620969994892220711335539817810058593750000000,-0.423763315350657920888011176430154591798782348632812500000000, 2.008392439389936168225858637015335261821746826171875000000000, 4.608368700026421294069223222322762012481689453125000000000000
 0.000504892607618945450653757944792232592590153217315673828125, 0.900877044814466509947692429705057293176651000976562500000000, 0.423763315350658309466069795234943740069866180419921875000000, 0.094048937736544199750277073235338320955634117126464843750000, 1.476608187286712059460569435032084584236145019531250000000000, 0.439680059699930625427555241913069039583206176757812500000000
 0.000504892607618945450653757944792232592590153217315673828125, 0.900877044814466509947692429705057293176651000976562500000000, 0.423763315350658309466069795234943740069866180419921875000000,-0.094048937736544199750277073235338320955634117126464843750000, 1.664984466303081278581998958543408662080764770507812500000000, 0.439680059699930625427555241913069039583206176757812500000000
 0.000504892607618945450653757944792232592590153217315673828125, 0.900877044814466509947692429705057293176651000976562500000000,-0.423763315350658309466069795234943740069866180419921875000000, 0.094048937736544199750277073235338320955634117126464843750000, 1.476608187286712059460569435032084584236145019531250000000000, 5.843505247479655828612976620206609368324279785156250000000000
 0.000504892607618945450653757944792232592590153217315673828125, 0.900877044814466509947692429705057293176651000976562500000000,-0.423763315350658309466069795234943740069866180419921875000000,-0.094048937736544199750277073235338320955634117126464843750000, 1.664984466303081278581998958543408662080764770507812500000000, 5.843505247479655828612976620206609368324279785156250000000000
 0.000504892607618945450653757944792232592590153217315673828125,-0.900877044814466620969994892220711335539817810058593750000000, 0.423763315350658087421464870203635655343532562255859375000000, 0.094048937736544199750277073235338320955634117126464843750000, 1.476608187286712059460569435032084584236145019531250000000000, 2.701912593889862712615013151662424206733703613281250000000000
 0.000504892607618945450653757944792232592590153217315673828125,-0.900877044814466620969994892220711335539817810058593750000000, 0.423763315350658087421464870203635655343532562255859375000000,-0.094048937736544199750277073235338320955634117126464843750000, 1.664984466303081278581998958543408662080764770507812500000000, 2.701912593889862712615013151662424206733703613281250000000000
 0.000504892607618945450653757944792232592590153217315673828125,-0.900877044814466620969994892220711335539817810058593750000000,-0.423763315350658087421464870203635655343532562255859375000000, 0.094048937736544199750277073235338320955634117126464843750000, 1.476608187286712059460569435032084584236145019531250000000000, 3.581272713289723519380913785425946116447448730468750000000000
 0.000504892607618945450653757944792232592590153217315673828125,-0.900877044814466620969994892220711335539817810058593750000000,-0.423763315350658087421464870203635655343532562255859375000000,-0.094048937736544199750277073235338320955634117126464843750000, 1.664984466303081278581998958543408662080764770507812500000000, 3.581272713289723519380913785425946116447448730468750000000000
 0.000504892607618945450653757944792232592590153217315673828125, 0.900877044814466620969994892220711335539817810058593750000000, 0.094048937736543797294430646616092417389154434204101562500000, 0.423763315350657920888011176430154591798782348632812500000000, 1.133200214199856947772104831528849899768829345703125000000000, 0.104020280358267727671695013214048231020569801330566406250000
 0.000504892607618945450653757944792232592590153217315673828125, 0.900877044814466620969994892220711335539817810058593750000000, 0.094048937736543797294430646616092417389154434204101562500000,-0.423763315350657920888011176430154591798782348632812500000000, 2.008392439389936168225858637015335261821746826171875000000000, 0.104020280358267727671695013214048231020569801330566406250000
 0.000504892607618945450653757944792232592590153217315673828125, 0.900877044814466620969994892220711335539817810058593750000000,-0.094048937736543797294430646616092417389154434204101562500000, 0.423763315350657920888011176430154591798782348632812500000000, 1.133200214199856947772104831528849899768829345703125000000000, 6.179165026821318740246624656720086932182312011718750000000000
 0.000504892607618945450653757944792232592590153217315673828125, 0.900877044814466620969994892220711335539817810058593750000000,-0.094048937736543797294430646616092417389154434204101562500000,-0.423763315350657920888011176430154591798782348632812500000000, 2.008392439389936168225858637015335261821746826171875000000000, 6.179165026821318740246624656720086932182312011718750000000000
 0.000504892607618945450653757944792232592590153217315673828125,-0.900877044814466620969994892220711335539817810058593750000000, 0.094048937736543603005401337213697843253612518310546875000000, 0.423763315350657920888011176430154591798782348632812500000000, 1.133200214199856947772104831528849899768829345703125000000000, 3.037572373231525624248661188175901770591735839843750000000000
 0.000504892607618945450653757944792232592590153217315673828125,-0.900877044814466620969994892220711335539817810058593750000000, 0.094048937736543603005401337213697843253612518310546875000000,-0.423763315350657920888011176430154591798782348632812500000000, 2.008392439389936168225858637015335261821746826171875000000000, 3.037572373231525624248661188175901770591735839843750000000000
 0.000504892607618945450653757944792232592590153217315673828125,-0.900877044814466620969994892220711335539817810058593750000000,-0.094048937736543603005401337213697843253612518310546875000000, 0.423763315350657920888011176430154591798782348632812500000000, 1.133200214199856947772104831528849899768829345703125000000000, 3.245612933948060607747265748912468552589416503906250000000000
 0.000504892607618945450653757944792232592590153217315673828125,-0.900877044814466620969994892220711335539817810058593750000000,-0.094048937736543603005401337213697843253612518310546875000000,-0.423763315350657920888011176430154591798782348632812500000000, 2.008392439389936168225858637015335261821746826171875000000000, 3.245612933948060607747265748912468552589416503906250000000000
 0.000520260798047943845943963392386422128765843808650970458984, 0.478632845465845224719458883555489592254161834716796875000000, 0.143137710909197191089248235584818758070468902587890625000000, 0.866269123862176804173884647752856835722923278808593750000000, 0.523111129483755932234601004893193021416664123535156250000000, 0.290589913690692425163319967396091669797897338867187500000000
 0.000520260798047943845943963392386422128765843808650970458984, 0.478632845465845224719458883555489592254161834716796875000000, 0.143137710909197191089248235584818758070468902587890625000000,-0.866269123862176915196187110268510878086090087890625000000000, 2.618481524106037738874874776229262351989746093750000000000000, 0.290589913690692425163319967396091669797897338867187500000000
 0.000520260798047943845943963392386422128765843808650970458984, 0.478632845465845224719458883555489592254161834716796875000000,-0.143137710909197191089248235584818758070468902587890625000000, 0.866269123862176804173884647752856835722923278808593750000000, 0.523111129483755932234601004893193021416664123535156250000000, 5.992595393488893584788002044660970568656921386718750000000000
 0.000520260798047943845943963392386422128765843808650970458984, 0.478632845465845224719458883555489592254161834716796875000000,-0.143137710909197191089248235584818758070468902587890625000000,-0.866269123862176915196187110268510878086090087890625000000000, 2.618481524106037738874874776229262351989746093750000000000000, 5.992595393488893584788002044660970568656921386718750000000000
 0.000520260798047943845943963392386422128765843808650970458984,-0.478632845465845224719458883555489592254161834716796875000000, 0.143137710909197302111550698100472800433635711669921875000000, 0.866269123862176804173884647752856835722923278808593750000000, 0.523111129483755932234601004893193021416664123535156250000000, 2.851002739899100468790038576116785407066345214843750000000000
 0.000520260798047943845943963392386422128765843808650970458984,-0.478632845465845224719458883555489592254161834716796875000000, 0.143137710909197302111550698100472800433635711669921875000000,-0.866269123862176915196187110268510878086090087890625000000000, 2.618481524106037738874874776229262351989746093750000000000000, 2.851002739899100468790038576116785407066345214843750000000000
 0.000520260798047943845943963392386422128765843808650970458984,-0.478632845465845224719458883555489592254161834716796875000000,-0.143137710909197302111550698100472800433635711669921875000000, 0.866269123862176804173884647752856835722923278808593750000000, 0.523111129483755932234601004893193021416664123535156250000000, 3.432182567280485763205888360971584916114807128906250000000000
 0.000520260798047943845943963392386422128765843808650970458984,-0.478632845465845224719458883555489592254161834716796875000000,-0.143137710909197302111550698100472800433635711669921875000000,-0.866269123862176915196187110268510878086090087890625000000000, 2.618481524106037738874874776229262351989746093750000000000000, 3.432182567280485763205888360971584916114807128906250000000000
 0.000520260798047943845943963392386422128765843808650970458984, 0.478632845465845280230610114813316613435745239257812500000000, 0.866269123862176804173884647752856835722923278808593750000000, 0.143137710909196996800218926182424183934926986694335937500000, 1.427165276515464986673009661899413913488388061523437500000000, 1.066018816293444082532460015499964356422424316406250000000000
 0.000520260798047943845943963392386422128765843808650970458984, 0.478632845465845224719458883555489592254161834716796875000000, 0.866269123862176693151582185237202793359756469726562500000000,-0.143137710909197191089248235584818758070468902587890625000000, 1.714427377074328351369558731676079332828521728515625000000000, 1.066018816293444082532460015499964356422424316406250000000000
 0.000520260798047943845943963392386422128765843808650970458984, 0.478632845465845280230610114813316613435745239257812500000000,-0.866269123862176804173884647752856835722923278808593750000000, 0.143137710909196996800218926182424183934926986694335937500000, 1.427165276515464986673009661899413913488388061523437500000000, 5.217166490886142149463466921588405966758728027343750000000000
 0.000520260798047943845943963392386422128765843808650970458984, 0.478632845465845224719458883555489592254161834716796875000000,-0.866269123862176693151582185237202793359756469726562500000000,-0.143137710909197191089248235584818758070468902587890625000000, 1.714427377074328351369558731676079332828521728515625000000000, 5.217166490886142149463466921588405966758728027343750000000000
 0.000520260798047943845943963392386422128765843808650970458984,-0.478632845465845113697156421039835549890995025634765625000000, 0.866269123862176915196187110268510878086090087890625000000000, 0.143137710909196996800218926182424183934926986694335937500000, 1.427165276515464986673009661899413913488388061523437500000000, 2.075573837296349033465503453044220805168151855468750000000000
 0.000520260798047943845943963392386422128765843808650970458984,-0.478632845465845002674853958524181507527828216552734375000000, 0.866269123862176804173884647752856835722923278808593750000000,-0.143137710909197191089248235584818758070468902587890625000000, 1.714427377074328351369558731676079332828521728515625000000000, 2.075573837296349033465503453044220805168151855468750000000000
 0.000520260798047943845943963392386422128765843808650970458984,-0.478632845465845113697156421039835549890995025634765625000000,-0.866269123862176915196187110268510878086090087890625000000000, 0.143137710909196996800218926182424183934926986694335937500000, 1.427165276515464986673009661899413913488388061523437500000000, 4.207611469883237198530423484044149518013000488281250000000000
 0.000520260798047943845943963392386422128765843808650970458984,-0.478632845465845002674853958524181507527828216552734375000000,-0.866269123862176804173884647752856835722923278808593750000000,-0.143137710909197191089248235584818758070468902587890625000000, 1.714427377074328351369558731676079332828521728515625000000000, 4.207611469883237198530423484044149518013000488281250000000000
 0.000520260798047943845943963392386422128765843808650970458984, 0.143137710909197107822521388698078226298093795776367187500000, 0.478632845465845280230610114813316613435745239257812500000000, 0.866269123862176804173884647752856835722923278808593750000000, 0.523111129483755932234601004893193021416664123535156250000000, 1.280206413104204354880266691907308995723724365234375000000000
 0.000520260798047943845943963392386422128765843808650970458984, 0.143137710909197107822521388698078226298093795776367187500000, 0.478632845465845224719458883555489592254161834716796875000000,-0.866269123862176915196187110268510878086090087890625000000000, 2.618481524106037738874874776229262351989746093750000000000000, 1.280206413104204354880266691907308995723724365234375000000000
 0.000520260798047943845943963392386422128765843808650970458984, 0.143137710909197107822521388698078226298093795776367187500000,-0.478632845465845280230610114813316613435745239257812500000000, 0.866269123862176804173884647752856835722923278808593750000000, 0.523111129483755932234601004893193021416664123535156250000000, 5.002978894075381433026450395118445158004760742187500000000000
 0.000520260798047943845943963392386422128765843808650970458984, 0.143137710909197107822521388698078226298093795776367187500000,-0.478632845465845224719458883555489592254161834716796875000000,-0.866269123862176915196187110268510878086090087890625000000000, 2.618481524106037738874874776229262351989746093750000000000000, 5.002978894075381433026450395118445158004760742187500000000000
 0.000520260798047943845943963392386422128765843808650970458984,-0.143137710909197191089248235584818758070468902587890625000000, 0.478632845465845280230610114813316613435745239257812500000000, 0.866269123862176804173884647752856835722923278808593750000000, 0.523111129483755932234601004893193021416664123535156250000000, 1.861386240485588983162301701668184250593185424804687500000000
 0.000520260798047943845943963392386422128765843808650970458984,-0.143137710909197191089248235584818758070468902587890625000000, 0.478632845465845224719458883555489592254161834716796875000000,-0.866269123862176915196187110268510878086090087890625000000000, 2.618481524106037738874874776229262351989746093750000000000000, 1.861386240485588983162301701668184250593185424804687500000000
 0.000520260798047943845943963392386422128765843808650970458984,-0.143137710909197191089248235584818758070468902587890625000000,-0.478632845465845280230610114813316613435745239257812500000000, 0.866269123862176804173884647752856835722923278808593750000000, 0.523111129483755932234601004893193021416664123535156250000000, 4.421799066693997026789020310388877987861633300781250000000000
 0.000520260798047943845943963392386422128765843808650970458984,-0.143137710909197191089248235584818758070468902587890625000000,-0.478632845465845224719458883555489592254161834716796875000000,-0.866269123862176915196187110268510878086090087890625000000000, 2.618481524106037738874874776229262351989746093750000000000000, 4.421799066693997026789020310388877987861633300781250000000000
 0.000520260798047943845943963392386422128765843808650970458984, 0.143137710909197107822521388698078226298093795776367187500000, 0.866269123862176915196187110268510878086090087890625000000000, 0.478632845465845113697156421039835549890995025634765625000000, 1.071699373182172898566477670101448893547058105468750000000000, 1.407041245816857744088679282867815345525741577148437500000000
 0.000520260798047943845943963392386422128765843808650970458984, 0.143137710909197107822521388698078226298093795776367187500000, 0.866269123862176915196187110268510878086090087890625000000000,-0.478632845465845113697156421039835549890995025634765625000000, 2.069893280407620217431485798442736268043518066406250000000000, 1.407041245816857744088679282867815345525741577148437500000000
 0.000520260798047943845943963392386422128765843808650970458984, 0.143137710909197107822521388698078226298093795776367187500000,-0.866269123862176915196187110268510878086090087890625000000000, 0.478632845465845113697156421039835549890995025634765625000000, 1.071699373182172898566477670101448893547058105468750000000000, 4.876144061362728265862642729189246892929077148437500000000000
 0.000520260798047943845943963392386422128765843808650970458984, 0.143137710909197107822521388698078226298093795776367187500000,-0.866269123862176915196187110268510878086090087890625000000000,-0.478632845465845113697156421039835549890995025634765625000000, 2.069893280407620217431485798442736268043518066406250000000000, 4.876144061362728265862642729189246892929077148437500000000000
 0.000520260798047943845943963392386422128765843808650970458984,-0.143137710909197107822521388698078226298093795776367187500000, 0.866269123862176915196187110268510878086090087890625000000000, 0.478632845465845113697156421039835549890995025634765625000000, 1.071699373182172898566477670101448893547058105468750000000000, 1.734551407772935371909284185676369816064834594726562500000000
 0.000520260798047943845943963392386422128765843808650970458984,-0.143137710909197107822521388698078226298093795776367187500000, 0.866269123862176915196187110268510878086090087890625000000000,-0.478632845465845113697156421039835549890995025634765625000000, 2.069893280407620217431485798442736268043518066406250000000000, 1.734551407772935371909284185676369816064834594726562500000000
 0.000520260798047943845943963392386422128765843808650970458984,-0.143137710909197107822521388698078226298093795776367187500000,-0.866269123862176915196187110268510878086090087890625000000000, 0.478632845465845113697156421039835549890995025634765625000000, 1.071699373182172898566477670101448893547058105468750000000000, 4.548633899406651082131247676443308591842651367187500000000000
 0.000520260798047943845943963392386422128765843808650970458984,-0.143137710909197107822521388698078226298093795776367187500000,-0.866269123862176915196187110268510878086090087890625000000000,-0.478632845465845113697156421039835549890995025634765625000000, 2.069893280407620217431485798442736268043518066406250000000000, 4.548633899406651082131247676443308591842651367187500000000000
 0.000520260798047943845943963392386422128765843808650970458984, 0.866269123862176804173884647752856835722923278808593750000000, 0.478632845465845280230610114813316613435745239257812500000000, 0.143137710909196996800218926182424183934926986694335937500000, 1.427165276515464986673009661899413913488388061523437500000000, 0.504777510501452586488824181287782266736030578613281250000000
 0.000520260798047943845943963392386422128765843808650970458984, 0.866269123862176693151582185237202793359756469726562500000000, 0.478632845465845224719458883555489592254161834716796875000000,-0.143137710909197191089248235584818758070468902587890625000000, 1.714427377074328351369558731676079332828521728515625000000000, 0.504777510501452586488824181287782266736030578613281250000000
 0.000520260798047943845943963392386422128765843808650970458984, 0.866269123862176804173884647752856835722923278808593750000000,-0.478632845465845280230610114813316613435745239257812500000000, 0.143137710909196996800218926182424183934926986694335937500000, 1.427165276515464986673009661899413913488388061523437500000000, 5.778407796678133756529405218316242098808288574218750000000000
 0.000520260798047943845943963392386422128765843808650970458984, 0.866269123862176693151582185237202793359756469726562500000000,-0.478632845465845224719458883555489592254161834716796875000000,-0.143137710909197191089248235584818758070468902587890625000000, 1.714427377074328351369558731676079332828521728515625000000000, 5.778407796678133756529405218316242098808288574218750000000000
 0.000520260798047943845943963392386422128765843808650970458984,-0.866269123862176804173884647752856835722923278808593750000000, 0.478632845465845280230610114813316613435745239257812500000000, 0.143137710909196996800218926182424183934926986694335937500000, 1.427165276515464986673009661899413913488388061523437500000000, 2.636815143088340640531441749772056937217712402343750000000000
 0.000520260798047943845943963392386422128765843808650970458984,-0.866269123862176693151582185237202793359756469726562500000000, 0.478632845465845224719458883555489592254161834716796875000000,-0.143137710909197191089248235584818758070468902587890625000000, 1.714427377074328351369558731676079332828521728515625000000000, 2.636815143088340640531441749772056937217712402343750000000000
 0.000520260798047943845943963392386422128765843808650970458984,-0.866269123862176804173884647752856835722923278808593750000000,-0.478632845465845280230610114813316613435745239257812500000000, 0.143137710909196996800218926182424183934926986694335937500000, 1.427165276515464986673009661899413913488388061523437500000000, 3.646370164091245591464485187316313385963439941406250000000000
 0.000520260798047943845943963392386422128765843808650970458984,-0.866269123862176693151582185237202793359756469726562500000000,-0.478632845465845224719458883555489592254161834716796875000000,-0.143137710909197191089248235584818758070468902587890625000000, 1.714427377074328351369558731676079332828521728515625000000000, 3.646370164091245591464485187316313385963439941406250000000000
 0.000520260798047943845943963392386422128765843808650970458984, 0.866269123862176915196187110268510878086090087890625000000000, 0.143137710909197107822521388698078226298093795776367187500000, 0.478632845465845113697156421039835549890995025634765625000000, 1.071699373182172898566477670101448893547058105468750000000000, 0.163755080978038813910302451404277235269546508789062500000000
 0.000520260798047943845943963392386422128765843808650970458984, 0.866269123862176915196187110268510878086090087890625000000000, 0.143137710909197107822521388698078226298093795776367187500000,-0.478632845465845113697156421039835549890995025634765625000000, 2.069893280407620217431485798442736268043518066406250000000000, 0.163755080978038813910302451404277235269546508789062500000000
 0.000520260798047943845943963392386422128765843808650970458984, 0.866269123862176915196187110268510878086090087890625000000000,-0.143137710909197107822521388698078226298093795776367187500000, 0.478632845465845113697156421039835549890995025634765625000000, 1.071699373182172898566477670101448893547058105468750000000000, 6.119430226201547640130229410715401172637939453125000000000000
 0.000520260798047943845943963392386422128765843808650970458984, 0.866269123862176915196187110268510878086090087890625000000000,-0.143137710909197107822521388698078226298093795776367187500000,-0.478632845465845113697156421039835549890995025634765625000000, 2.069893280407620217431485798442736268043518066406250000000000, 6.119430226201547640130229410715401172637939453125000000000000
 0.000520260798047943845943963392386422128765843808650970458984,-0.866269123862176915196187110268510878086090087890625000000000, 0.143137710909197107822521388698078226298093795776367187500000, 0.478632845465845113697156421039835549890995025634765625000000, 1.071699373182172898566477670101448893547058105468750000000000, 2.977837572611754524132265942171216011047363281250000000000000
 0.000520260798047943845943963392386422128765843808650970458984,-0.866269123862176915196187110268510878086090087890625000000000, 0.143137710909197107822521388698078226298093795776367187500000,-0.478632845465845113697156421039835549890995025634765625000000, 2.069893280407620217431485798442736268043518066406250000000000, 2.977837572611754524132265942171216011047363281250000000000000
 0.000520260798047943845943963392386422128765843808650970458984,-0.866269123862176915196187110268510878086090087890625000000000,-0.143137710909197107822521388698078226298093795776367187500000, 0.478632845465845113697156421039835549890995025634765625000000, 1.071699373182172898566477670101448893547058105468750000000000, 3.305347734567831707863660994917154312133789062500000000000000
 0.000520260798047943845943963392386422128765843808650970458984,-0.866269123862176915196187110268510878086090087890625000000000,-0.143137710909197107822521388698078226298093795776367187500000,-0.478632845465845113697156421039835549890995025634765625000000, 2.069893280407620217431485798442736268043518066406250000000000, 3.305347734567831707863660994917154312133789062500000000000000
 0.000530993238832942683787241566761849753675051033496856689453, 0.530570207678977445731050011090701445937156677246093750000000, 0.192418638884357007245995418998063541948795318603515625000000, 0.825512157471577245893001872900640591979026794433593750000000, 0.599687265954874537676744239433901384472846984863281250000000, 0.347911807812461948419269219812122173607349395751953125000000
 0.000530993238832942683787241566761849753675051033496856689453, 0.530570207678977334708747548575047403573989868164062500000000, 0.192418638884357007245995418998063541948795318603515625000000,-0.825512157471577356915304335416294634342193603515625000000000, 2.541905387634918689343521691625937819480895996093750000000000, 0.347911807812462059441571682327776215970516204833984375000000
 0.000530993238832942683787241566761849753675051033496856689453, 0.530570207678977445731050011090701445937156677246093750000000,-0.192418638884357007245995418998063541948795318603515625000000, 0.825512157471577245893001872900640591979026794433593750000000, 0.599687265954874537676744239433901384472846984863281250000000, 5.935273499367124117043204023502767086029052734375000000000000
 0.000530993238832942683787241566761849753675051033496856689453, 0.530570207678977334708747548575047403573989868164062500000000,-0.192418638884357007245995418998063541948795318603515625000000,-0.825512157471577356915304335416294634342193603515625000000000, 2.541905387634918689343521691625937819480895996093750000000000, 5.935273499367124117043204023502767086029052734375000000000000
 0.000530993238832942683787241566761849753675051033496856689453,-0.530570207678977556753352473606355488300323486328125000000000, 0.192418638884356812956966109595668967813253402709960937500000, 0.825512157471577245893001872900640591979026794433593750000000, 0.599687265954874537676744239433901384472846984863281250000000, 2.793680845777331445134450405021198093891143798828125000000000
 0.000530993238832942683787241566761849753675051033496856689453,-0.530570207678977445731050011090701445937156677246093750000000, 0.192418638884356812956966109595668967813253402709960937500000,-0.825512157471577356915304335416294634342193603515625000000000, 2.541905387634918689343521691625937819480895996093750000000000, 2.793680845777331445134450405021198093891143798828125000000000
 0.000530993238832942683787241566761849753675051033496856689453,-0.530570207678977556753352473606355488300323486328125000000000,-0.192418638884356812956966109595668967813253402709960937500000, 0.825512157471577245893001872900640591979026794433593750000000, 0.599687265954874537676744239433901384472846984863281250000000, 3.489504461402254786861476532067172229290008544921875000000000
 0.000530993238832942683787241566761849753675051033496856689453,-0.530570207678977445731050011090701445937156677246093750000000,-0.192418638884356812956966109595668967813253402709960937500000,-0.825512157471577356915304335416294634342193603515625000000000, 2.541905387634918689343521691625937819480895996093750000000000, 3.489504461402254786861476532067172229290008544921875000000000
 0.000530993238832942683787241566761849753675051033496856689453, 0.530570207678977556753352473606355488300323486328125000000000, 0.825512157471577245893001872900640591979026794433593750000000, 0.192418638884357007245995418998063541948795318603515625000000, 1.377170076212927085634873947128653526306152343750000000000000, 0.999558435477682971637136688514146953821182250976562500000000
 0.000530993238832942683787241566761849753675051033496856689453, 0.530570207678977445731050011090701445937156677246093750000000, 0.825512157471577134870699410384986549615859985351562500000000,-0.192418638884357201535024728400458116084337234497070312500000, 1.764422577376866474452299371478147804737091064453125000000000, 0.999558435477682971637136688514146953821182250976562500000000
 0.000530993238832942683787241566761849753675051033496856689453, 0.530570207678977556753352473606355488300323486328125000000000,-0.825512157471577245893001872900640591979026794433593750000000, 0.192418638884357007245995418998063541948795318603515625000000, 1.377170076212927085634873947128653526306152343750000000000000, 5.283626871701903482403395173605531454086303710937500000000000
 0.000530993238832942683787241566761849753675051033496856689453, 0.530570207678977445731050011090701445937156677246093750000000,-0.825512157471577134870699410384986549615859985351562500000000,-0.192418638884357201535024728400458116084337234497070312500000, 1.764422577376866474452299371478147804737091064453125000000000, 5.283626871701903482403395173605531454086303710937500000000000
 0.000530993238832942683787241566761849753675051033496856689453,-0.530570207678977556753352473606355488300323486328125000000000, 0.825512157471577245893001872900640591979026794433593750000000, 0.192418638884357007245995418998063541948795318603515625000000, 1.377170076212927085634873947128653526306152343750000000000000, 2.142034218112110366405431705061346292495727539062500000000000
 0.000530993238832942683787241566761849753675051033496856689453,-0.530570207678977445731050011090701445937156677246093750000000, 0.825512157471577134870699410384986549615859985351562500000000,-0.192418638884357201535024728400458116084337234497070312500000, 1.764422577376866474452299371478147804737091064453125000000000, 2.142034218112110366405431705061346292495727539062500000000000
 0.000530993238832942683787241566761849753675051033496856689453,-0.530570207678977556753352473606355488300323486328125000000000,-0.825512157471577245893001872900640591979026794433593750000000, 0.192418638884357007245995418998063541948795318603515625000000, 1.377170076212927085634873947128653526306152343750000000000000, 4.141151089067475865590495232027024030685424804687500000000000
 0.000530993238832942683787241566761849753675051033496856689453,-0.530570207678977445731050011090701445937156677246093750000000,-0.825512157471577134870699410384986549615859985351562500000000,-0.192418638884357201535024728400458116084337234497070312500000, 1.764422577376866474452299371478147804737091064453125000000000, 4.141151089067475865590495232027024030685424804687500000000000
 0.000530993238832942683787241566761849753675051033496856689453, 0.192418638884357007245995418998063541948795318603515625000000, 0.530570207678977445731050011090701445937156677246093750000000, 0.825512157471577245893001872900640591979026794433593750000000, 0.599687265954874537676744239433901384472846984863281250000000, 1.222884518982434665090863745717797428369522094726562500000000
 0.000530993238832942683787241566761849753675051033496856689453, 0.192418638884356896223692956482409499585628509521484375000000, 0.530570207678977334708747548575047403573989868164062500000000,-0.825512157471577356915304335416294634342193603515625000000000, 2.541905387634918689343521691625937819480895996093750000000000, 1.222884518982434665090863745717797428369522094726562500000000
 0.000530993238832942683787241566761849753675051033496856689453, 0.192418638884357007245995418998063541948795318603515625000000,-0.530570207678977445731050011090701445937156677246093750000000, 0.825512157471577245893001872900640591979026794433593750000000, 0.599687265954874537676744239433901384472846984863281250000000, 5.060300788197151788949668116401880979537963867187500000000000
 0.000530993238832942683787241566761849753675051033496856689453, 0.192418638884356896223692956482409499585628509521484375000000,-0.530570207678977334708747548575047403573989868164062500000000,-0.825512157471577356915304335416294634342193603515625000000000, 2.541905387634918689343521691625937819480895996093750000000000, 5.060300788197151788949668116401880979537963867187500000000000
 0.000530993238832942683787241566761849753675051033496856689453,-0.192418638884357090512722265884804073721170425415039062500000, 0.530570207678977334708747548575047403573989868164062500000000, 0.825512157471577245893001872900640591979026794433593750000000, 0.599687265954874315632139314402593299746513366699218750000000, 1.918708134607358894996309572889003902673721313476562500000000
 0.000530993238832942683787241566761849753675051033496856689453,-0.192418638884357090512722265884804073721170425415039062500000, 0.530570207678977334708747548575047403573989868164062500000000,-0.825512157471577356915304335416294634342193603515625000000000, 2.541905387634918689343521691625937819480895996093750000000000, 1.918708134607358894996309572889003902673721313476562500000000
 0.000530993238832942683787241566761849753675051033496856689453,-0.192418638884357090512722265884804073721170425415039062500000,-0.530570207678977334708747548575047403573989868164062500000000, 0.825512157471577245893001872900640591979026794433593750000000, 0.599687265954874315632139314402593299746513366699218750000000, 4.364477172572227559044222289230674505233764648437500000000000
 0.000530993238832942683787241566761849753675051033496856689453,-0.192418638884357090512722265884804073721170425415039062500000,-0.530570207678977334708747548575047403573989868164062500000000,-0.825512157471577356915304335416294634342193603515625000000000, 2.541905387634918689343521691625937819480895996093750000000000, 4.364477172572227559044222289230674505233764648437500000000000
 0.000530993238832942683787241566761849753675051033496856689453, 0.192418638884356896223692956482409499585628509521484375000000, 0.825512157471577356915304335416294634342193603515625000000000, 0.530570207678977334708747548575047403573989868164062500000000, 1.011523203460621855853673878300469368696212768554687500000000, 1.341795163567720994279852675390429794788360595703125000000000
 0.000530993238832942683787241566761849753675051033496856689453, 0.192418638884356896223692956482409499585628509521484375000000, 0.825512157471577245893001872900640591979026794433593750000000,-0.530570207678977556753352473606355488300323486328125000000000, 2.130069450129171482188894515275023877620697021484375000000000, 1.341795163567720994279852675390429794788360595703125000000000
 0.000530993238832942683787241566761849753675051033496856689453, 0.192418638884356896223692956482409499585628509521484375000000,-0.825512157471577356915304335416294634342193603515625000000000, 0.530570207678977334708747548575047403573989868164062500000000, 1.011523203460621855853673878300469368696212768554687500000000, 4.941390143611865681805284111760556697845458984375000000000000
 0.000530993238832942683787241566761849753675051033496856689453, 0.192418638884356896223692956482409499585628509521484375000000,-0.825512157471577245893001872900640591979026794433593750000000,-0.530570207678977556753352473606355488300323486328125000000000, 2.130069450129171482188894515275023877620697021484375000000000, 4.941390143611865681805284111760556697845458984375000000000000
 0.000530993238832942683787241566761849753675051033496856689453,-0.192418638884356896223692956482409499585628509521484375000000, 0.825512157471577356915304335416294634342193603515625000000000, 0.530570207678977334708747548575047403573989868164062500000000, 1.011523203460621855853673878300469368696212768554687500000000, 1.799797490022072343762715718185063451528549194335937500000000
 0.000530993238832942683787241566761849753675051033496856689453,-0.192418638884356896223692956482409499585628509521484375000000, 0.825512157471577245893001872900640591979026794433593750000000,-0.530570207678977556753352473606355488300323486328125000000000, 2.130069450129171482188894515275023877620697021484375000000000, 1.799797490022072343762715718185063451528549194335937500000000
 0.000530993238832942683787241566761849753675051033496856689453,-0.192418638884356896223692956482409499585628509521484375000000,-0.825512157471577356915304335416294634342193603515625000000000, 0.530570207678977334708747548575047403573989868164062500000000, 1.011523203460621855853673878300469368696212768554687500000000, 4.483387817157513666188606293871998786926269531250000000000000
 0.000530993238832942683787241566761849753675051033496856689453,-0.192418638884356896223692956482409499585628509521484375000000,-0.825512157471577245893001872900640591979026794433593750000000,-0.530570207678977556753352473606355488300323486328125000000000, 2.130069450129171482188894515275023877620697021484375000000000, 4.483387817157513666188606293871998786926269531250000000000000
 0.000530993238832942683787241566761849753675051033496856689453, 0.825512157471577356915304335416294634342193603515625000000000, 0.530570207678977445731050011090701445937156677246093750000000, 0.192418638884357007245995418998063541948795318603515625000000, 1.377170076212927085634873947128653526306152343750000000000000, 0.571237891317213475339542583242291584610939025878906250000000
 0.000530993238832942683787241566761849753675051033496856689453, 0.825512157471577245893001872900640591979026794433593750000000, 0.530570207678977334708747548575047403573989868164062500000000,-0.192418638884357201535024728400458116084337234497070312500000, 1.764422577376866474452299371478147804737091064453125000000000, 0.571237891317213475339542583242291584610939025878906250000000
 0.000530993238832942683787241566761849753675051033496856689453, 0.825512157471577356915304335416294634342193603515625000000000,-0.530570207678977445731050011090701445937156677246093750000000, 0.192418638884357007245995418998063541948795318603515625000000, 1.377170076212927085634873947128653526306152343750000000000000, 5.711947415862372423589476966299116611480712890625000000000000
 0.000530993238832942683787241566761849753675051033496856689453, 0.825512157471577245893001872900640591979026794433593750000000,-0.530570207678977334708747548575047403573989868164062500000000,-0.192418638884357201535024728400458116084337234497070312500000, 1.764422577376866474452299371478147804737091064453125000000000, 5.711947415862372423589476966299116611480712890625000000000000
 0.000530993238832942683787241566761849753675051033496856689453,-0.825512157471577467937606797931948676705360412597656250000000, 0.530570207678977223686445086059393361210823059082031250000000, 0.192418638884357007245995418998063541948795318603515625000000, 1.377170076212927085634873947128653526306152343750000000000000, 2.570354762272580195769933197880163788795471191406250000000000
 0.000530993238832942683787241566761849753675051033496856689453,-0.825512157471577356915304335416294634342193603515625000000000, 0.530570207678977112664142623543739318847656250000000000000000,-0.192418638884357201535024728400458116084337234497070312500000, 1.764422577376866474452299371478147804737091064453125000000000, 2.570354762272580195769933197880163788795471191406250000000000
 0.000530993238832942683787241566761849753675051033496856689453,-0.825512157471577467937606797931948676705360412597656250000000,-0.530570207678977223686445086059393361210823059082031250000000, 0.192418638884357007245995418998063541948795318603515625000000, 1.377170076212927085634873947128653526306152343750000000000000, 3.712830544907006036225993739208206534385681152343750000000000
 0.000530993238832942683787241566761849753675051033496856689453,-0.825512157471577356915304335416294634342193603515625000000000,-0.530570207678977112664142623543739318847656250000000000000000,-0.192418638884357201535024728400458116084337234497070312500000, 1.764422577376866474452299371478147804737091064453125000000000, 3.712830544907006036225993739208206534385681152343750000000000
 0.000530993238832942683787241566761849753675051033496856689453, 0.825512157471577245893001872900640591979026794433593750000000, 0.192418638884357201535024728400458116084337234497070312500000, 0.530570207678977334708747548575047403573989868164062500000000, 1.011523203460621855853673878300469368696212768554687500000000, 0.229001163227176063319490140202105976641178131103515625000000
 0.000530993238832942683787241566761849753675051033496856689453, 0.825512157471577134870699410384986549615859985351562500000000, 0.192418638884357090512722265884804073721170425415039062500000,-0.530570207678977556753352473606355488300323486328125000000000, 2.130069450129171482188894515275023877620697021484375000000000, 0.229001163227175952297187677686451934278011322021484375000000
 0.000530993238832942683787241566761849753675051033496856689453, 0.825512157471577245893001872900640591979026794433593750000000,-0.192418638884357201535024728400458116084337234497070312500000, 0.530570207678977334708747548575047403573989868164062500000000, 1.011523203460621855853673878300469368696212768554687500000000, 6.054184143952410224187588028144091367721557617187500000000000
 0.000530993238832942683787241566761849753675051033496856689453, 0.825512157471577134870699410384986549615859985351562500000000,-0.192418638884357090512722265884804073721170425415039062500000,-0.530570207678977556753352473606355488300323486328125000000000, 2.130069450129171482188894515275023877620697021484375000000000, 6.054184143952410224187588028144091367721557617187500000000000
 0.000530993238832942683787241566761849753675051033496856689453,-0.825512157471577245893001872900640591979026794433593750000000, 0.192418638884357312557327190916112158447504043579101562500000, 0.530570207678977334708747548575047403573989868164062500000000, 1.011523203460621855853673878300469368696212768554687500000000, 2.912591490362617108189624559599906206130981445312500000000000
 0.000530993238832942683787241566761849753675051033496856689453,-0.825512157471577134870699410384986549615859985351562500000000, 0.192418638884357312557327190916112158447504043579101562500000,-0.530570207678977556753352473606355488300323486328125000000000, 2.130069450129171482188894515275023877620697021484375000000000, 2.912591490362617108189624559599906206130981445312500000000000
 0.000530993238832942683787241566761849753675051033496856689453,-0.825512157471577245893001872900640591979026794433593750000000,-0.192418638884357312557327190916112158447504043579101562500000, 0.530570207678977334708747548575047403573989868164062500000000, 1.011523203460621855853673878300469368696212768554687500000000, 3.370593816816969123806302377488464117050170898437500000000000
 0.000530993238832942683787241566761849753675051033496856689453,-0.825512157471577134870699410384986549615859985351562500000000,-0.192418638884357312557327190916112158447504043579101562500000,-0.530570207678977556753352473606355488300323486328125000000000, 2.130069450129171482188894515275023877620697021484375000000000, 3.370593816816969123806302377488464117050170898437500000000000
 0.000537741977089941942252737661078754172194749116897583007812, 0.579343622423178938873888910165987908840179443359375000000000, 0.241159094477518792798420577128126751631498336791992187500000, 0.778590558835882684540763420955045148730278015136718750000000, 0.678379655536033965290698688477277755737304687500000000000000, 0.394446794352229457292224878983688540756702423095703125000000
 0.000537741977089941942252737661078754172194749116897583007812, 0.579343622423178938873888910165987908840179443359375000000000, 0.241159094477518792798420577128126751631498336791992187500000,-0.778590558835882684540763420955045148730278015136718750000000, 2.463212998053759150707264780066907405853271484375000000000000, 0.394446794352229457292224878983688540756702423095703125000000
 0.000537741977089941942252737661078754172194749116897583007812, 0.579343622423178938873888910165987908840179443359375000000000,-0.241159094477518792798420577128126751631498336791992187500000, 0.778590558835882684540763420955045148730278015136718750000000, 0.678379655536033965290698688477277755737304687500000000000000, 5.888738512827356608170248364331200718879699707031250000000000
 0.000537741977089941942252737661078754172194749116897583007812, 0.579343622423178938873888910165987908840179443359375000000000,-0.241159094477518792798420577128126751631498336791992187500000,-0.778590558835882684540763420955045148730278015136718750000000, 2.463212998053759150707264780066907405853271484375000000000000, 5.888738512827356608170248364331200718879699707031250000000000
 0.000537741977089941942252737661078754172194749116897583007812,-0.579343622423178827851586447650333866477012634277343750000000, 0.241159094477518987087449886530521325767040252685546875000000, 0.778590558835882684540763420955045148730278015136718750000000, 0.678379655536033965290698688477277755737304687500000000000000, 2.747145859237563492172284895787015557289123535156250000000000
 0.000537741977089941942252737661078754172194749116897583007812,-0.579343622423178827851586447650333866477012634277343750000000, 0.241159094477518987087449886530521325767040252685546875000000,-0.778590558835882684540763420955045148730278015136718750000000, 2.463212998053759150707264780066907405853271484375000000000000, 2.747145859237563492172284895787015557289123535156250000000000
 0.000537741977089941942252737661078754172194749116897583007812,-0.579343622423178827851586447650333866477012634277343750000000,-0.241159094477518987087449886530521325767040252685546875000000, 0.778590558835882684540763420955045148730278015136718750000000, 0.678379655536033965290698688477277755737304687500000000000000, 3.536039447942022739823642041301354765892028808593750000000000
 0.000537741977089941942252737661078754172194749116897583007812,-0.579343622423178827851586447650333866477012634277343750000000,-0.241159094477518987087449886530521325767040252685546875000000,-0.778590558835882684540763420955045148730278015136718750000000, 2.463212998053759150707264780066907405853271484375000000000000, 3.536039447942022739823642041301354765892028808593750000000000
 0.000537741977089941942252737661078754172194749116897583007812, 0.579343622423178827851586447650333866477012634277343750000000, 0.778590558835882684540763420955045148730278015136718750000000, 0.241159094477519098109752349046175368130207061767578125000000, 1.327236307797747816294986478169448673725128173828125000000000, 0.931086563483503160121301789331482723355293273925781250000000
 0.000537741977089941942252737661078754172194749116897583007812, 0.579343622423178827851586447650333866477012634277343750000000, 0.778590558835882684540763420955045148730278015136718750000000,-0.241159094477519098109752349046175368130207061767578125000000, 1.814356345792045521747581915406044572591781616210937500000000, 0.931086563483503160121301789331482723355293273925781250000000
 0.000537741977089941942252737661078754172194749116897583007812, 0.579343622423178827851586447650333866477012634277343750000000,-0.778590558835882684540763420955045148730278015136718750000000, 0.241159094477519098109752349046175368130207061767578125000000, 1.327236307797747816294986478169448673725128173828125000000000, 5.352098743696083182896927610272541642189025878906250000000000
 0.000537741977089941942252737661078754172194749116897583007812, 0.579343622423178827851586447650333866477012634277343750000000,-0.778590558835882684540763420955045148730278015136718750000000,-0.241159094477519098109752349046175368130207061767578125000000, 1.814356345792045521747581915406044572591781616210937500000000, 5.352098743696083182896927610272541642189025878906250000000000
 0.000537741977089941942252737661078754172194749116897583007812,-0.579343622423178827851586447650333866477012634277343750000000, 0.778590558835882684540763420955045148730278015136718750000000, 0.241159094477519098109752349046175368130207061767578125000000, 1.327236307797747816294986478169448673725128173828125000000000, 2.210506090106290066898964141728356480598449707031250000000000
 0.000537741977089941942252737661078754172194749116897583007812,-0.579343622423178827851586447650333866477012634277343750000000, 0.778590558835882684540763420955045148730278015136718750000000,-0.241159094477519098109752349046175368130207061767578125000000, 1.814356345792045521747581915406044572591781616210937500000000, 2.210506090106290066898964141728356480598449707031250000000000
 0.000537741977089941942252737661078754172194749116897583007812,-0.579343622423178827851586447650333866477012634277343750000000,-0.778590558835882684540763420955045148730278015136718750000000, 0.241159094477519098109752349046175368130207061767578125000000, 1.327236307797747816294986478169448673725128173828125000000000, 4.072679217073296165096962795360013842582702636718750000000000
 0.000537741977089941942252737661078754172194749116897583007812,-0.579343622423178827851586447650333866477012634277343750000000,-0.778590558835882684540763420955045148730278015136718750000000,-0.241159094477519098109752349046175368130207061767578125000000, 1.814356345792045521747581915406044572591781616210937500000000, 4.072679217073296165096962795360013842582702636718750000000000
 0.000537741977089941942252737661078754172194749116897583007812, 0.241159094477518987087449886530521325767040252685546875000000, 0.579343622423178827851586447650333866477012634277343750000000, 0.778590558835882684540763420955045148730278015136718750000000, 0.678379655536033965290698688477277755737304687500000000000000, 1.176349532442666712128698236483614891767501831054687500000000
 0.000537741977089941942252737661078754172194749116897583007812, 0.241159094477518987087449886530521325767040252685546875000000, 0.579343622423178827851586447650333866477012634277343750000000,-0.778590558835882684540763420955045148730278015136718750000000, 2.463212998053759150707264780066907405853271484375000000000000, 1.176349532442666712128698236483614891767501831054687500000000
 0.000537741977089941942252737661078754172194749116897583007812, 0.241159094477518987087449886530521325767040252685546875000000,-0.579343622423178827851586447650333866477012634277343750000000, 0.778590558835882684540763420955045148730278015136718750000000, 0.678379655536033965290698688477277755737304687500000000000000, 5.106835774736919297822623775573447346687316894531250000000000
 0.000537741977089941942252737661078754172194749116897583007812, 0.241159094477518987087449886530521325767040252685546875000000,-0.579343622423178827851586447650333866477012634277343750000000,-0.778590558835882684540763420955045148730278015136718750000000, 2.463212998053759150707264780066907405853271484375000000000000, 5.106835774736919297822623775573447346687316894531250000000000
 0.000537741977089941942252737661078754172194749116897583007812,-0.241159094477518987087449886530521325767040252685546875000000, 0.579343622423178827851586447650333866477012634277343750000000, 0.778590558835882684540763420955045148730278015136718750000000, 0.678379655536033965290698688477277755737304687500000000000000, 1.965243121147126403869265232060570269823074340820312500000000
 0.000537741977089941942252737661078754172194749116897583007812,-0.241159094477518987087449886530521325767040252685546875000000, 0.579343622423178827851586447650333866477012634277343750000000,-0.778590558835882684540763420955045148730278015136718750000000, 2.463212998053759150707264780066907405853271484375000000000000, 1.965243121147126403869265232060570269823074340820312500000000
 0.000537741977089941942252737661078754172194749116897583007812,-0.241159094477518987087449886530521325767040252685546875000000,-0.579343622423178827851586447650333866477012634277343750000000, 0.778590558835882684540763420955045148730278015136718750000000, 0.678379655536033965290698688477277755737304687500000000000000, 4.317942186032460050171266630059108138084411621093750000000000
 0.000537741977089941942252737661078754172194749116897583007812,-0.241159094477518987087449886530521325767040252685546875000000,-0.579343622423178827851586447650333866477012634277343750000000,-0.778590558835882684540763420955045148730278015136718750000000, 2.463212998053759150707264780066907405853271484375000000000000, 4.317942186032460050171266630059108138084411621093750000000000
 0.000537741977089941942252737661078754172194749116897583007812, 0.241159094477518903820723039643780793994665145874023437500000, 0.778590558835882906585368345986353233456611633300781250000000, 0.579343622423178716829283985134679824113845825195312500000000, 0.952873155650790892856605296401539817452430725097656250000000, 1.270429689724730915045824986009392887353897094726562500000000
 0.000537741977089941942252737661078754172194749116897583007812, 0.241159094477518903820723039643780793994665145874023437500000, 0.778590558835882906585368345986353233456611633300781250000000,-0.579343622423178716829283985134679824113845825195312500000000, 2.188719497939002334163660634658299386501312255859375000000000, 1.270429689724730915045824986009392887353897094726562500000000
 0.000537741977089941942252737661078754172194749116897583007812, 0.241159094477518903820723039643780793994665145874023437500000,-0.778590558835882906585368345986353233456611633300781250000000, 0.579343622423178716829283985134679824113845825195312500000000, 0.952873155650790892856605296401539817452430725097656250000000, 5.012755617454855538994706876110285520553588867187500000000000
 0.000537741977089941942252737661078754172194749116897583007812, 0.241159094477518903820723039643780793994665145874023437500000,-0.778590558835882906585368345986353233456611633300781250000000,-0.579343622423178716829283985134679824113845825195312500000000, 2.188719497939002334163660634658299386501312255859375000000000, 5.012755617454855538994706876110285520553588867187500000000000
 0.000537741977089941942252737661078754172194749116897583007812,-0.241159094477519098109752349046175368130207061767578125000000, 0.778590558835882795563065883470699191093444824218750000000000, 0.579343622423178716829283985134679824113845825195312500000000, 0.952873155650790892856605296401539817452430725097656250000000, 1.871162963865062422996743407566100358963012695312500000000000
 0.000537741977089941942252737661078754172194749116897583007812,-0.241159094477519098109752349046175368130207061767578125000000, 0.778590558835882795563065883470699191093444824218750000000000,-0.579343622423178716829283985134679824113845825195312500000000, 2.188719497939002334163660634658299386501312255859375000000000, 1.871162963865062422996743407566100358963012695312500000000000
 0.000537741977089941942252737661078754172194749116897583007812,-0.241159094477519098109752349046175368130207061767578125000000,-0.778590558835882795563065883470699191093444824218750000000000, 0.579343622423178716829283985134679824113845825195312500000000, 0.952873155650790892856605296401539817452430725097656250000000, 4.412022343314523808999183529522269964218139648437500000000000
 0.000537741977089941942252737661078754172194749116897583007812,-0.241159094477519098109752349046175368130207061767578125000000,-0.778590558835882795563065883470699191093444824218750000000000,-0.579343622423178716829283985134679824113845825195312500000000, 2.188719497939002334163660634658299386501312255859375000000000, 4.412022343314523808999183529522269964218139648437500000000000
 0.000537741977089941942252737661078754172194749116897583007812, 0.778590558835882906585368345986353233456611633300781250000000, 0.579343622423178605806981522619025781750679016113281250000000, 0.241159094477519098109752349046175368130207061767578125000000, 1.327236307797747816294986478169448673725128173828125000000000, 0.639709763311393175833075019909301772713661193847656250000000
 0.000537741977089941942252737661078754172194749116897583007812, 0.778590558835882906585368345986353233456611633300781250000000, 0.579343622423178605806981522619025781750679016113281250000000,-0.241159094477519098109752349046175368130207061767578125000000, 1.814356345792045521747581915406044572591781616210937500000000, 0.639709763311393175833075019909301772713661193847656250000000
 0.000537741977089941942252737661078754172194749116897583007812, 0.778590558835882906585368345986353233456611633300781250000000,-0.579343622423178605806981522619025781750679016113281250000000, 0.241159094477519098109752349046175368130207061767578125000000, 1.327236307797747816294986478169448673725128173828125000000000, 5.643475543868192723095944529632106423377990722656250000000000
 0.000537741977089941942252737661078754172194749116897583007812, 0.778590558835882906585368345986353233456611633300781250000000,-0.579343622423178605806981522619025781750679016113281250000000,-0.241159094477519098109752349046175368130207061767578125000000, 1.814356345792045521747581915406044572591781616210937500000000, 5.643475543868192723095944529632106423377990722656250000000000
 0.000537741977089941942252737661078754172194749116897583007812,-0.778590558835883017607670808502007275819778442382812500000000, 0.579343622423178494784679060103371739387512207031250000000000, 0.241159094477519098109752349046175368130207061767578125000000, 1.327236307797747816294986478169448673725128173828125000000000, 2.501882890278400051187190911150537431240081787109375000000000
 0.000537741977089941942252737661078754172194749116897583007812,-0.778590558835883017607670808502007275819778442382812500000000, 0.579343622423178494784679060103371739387512207031250000000000,-0.241159094477519098109752349046175368130207061767578125000000, 1.814356345792045521747581915406044572591781616210937500000000, 2.501882890278400051187190911150537431240081787109375000000000
 0.000537741977089941942252737661078754172194749116897583007812,-0.778590558835883017607670808502007275819778442382812500000000,-0.579343622423178494784679060103371739387512207031250000000000, 0.241159094477519098109752349046175368130207061767578125000000, 1.327236307797747816294986478169448673725128173828125000000000, 3.781302416901186180808736025937832891941070556640625000000000
 0.000537741977089941942252737661078754172194749116897583007812,-0.778590558835883017607670808502007275819778442382812500000000,-0.579343622423178494784679060103371739387512207031250000000000,-0.241159094477519098109752349046175368130207061767578125000000, 1.814356345792045521747581915406044572591781616210937500000000, 3.781302416901186180808736025937832891941070556640625000000000
 0.000537741977089941942252737661078754172194749116897583007812, 0.778590558835882906585368345986353233456611633300781250000000, 0.241159094477518903820723039643780793994665145874023437500000, 0.579343622423178716829283985134679824113845825195312500000000, 0.952873155650790892856605296401539817452430725097656250000000, 0.300366637070165587442005517004872672259807586669921875000000
 0.000537741977089941942252737661078754172194749116897583007812, 0.778590558835882906585368345986353233456611633300781250000000, 0.241159094477518903820723039643780793994665145874023437500000,-0.579343622423178716829283985134679824113845825195312500000000, 2.188719497939002334163660634658299386501312255859375000000000, 0.300366637070165587442005517004872672259807586669921875000000
 0.000537741977089941942252737661078754172194749116897583007812, 0.778590558835882906585368345986353233456611633300781250000000,-0.241159094477518903820723039643780793994665145874023437500000, 0.579343622423178716829283985134679824113845825195312500000000, 0.952873155650790892856605296401539817452430725097656250000000, 5.982818670109420366998165263794362545013427734375000000000000
 0.000537741977089941942252737661078754172194749116897583007812, 0.778590558835882906585368345986353233456611633300781250000000,-0.241159094477518903820723039643780793994665145874023437500000,-0.579343622423178716829283985134679824113845825195312500000000, 2.188719497939002334163660634658299386501312255859375000000000, 5.982818670109420366998165263794362545013427734375000000000000
 0.000537741977089941942252737661078754172194749116897583007812,-0.778590558835882906585368345986353233456611633300781250000000, 0.241159094477518903820723039643780793994665145874023437500000, 0.579343622423178716829283985134679824113845825195312500000000, 0.952873155650790892856605296401539817452430725097656250000000, 2.841226016519627695089411645312793552875518798828125000000000
 0.000537741977089941942252737661078754172194749116897583007812,-0.778590558835882906585368345986353233456611633300781250000000, 0.241159094477518903820723039643780793994665145874023437500000,-0.579343622423178716829283985134679824113845825195312500000000, 2.188719497939002334163660634658299386501312255859375000000000, 2.841226016519627695089411645312793552875518798828125000000000
 0.000537741977089941942252737661078754172194749116897583007812,-0.778590558835882906585368345986353233456611633300781250000000,-0.241159094477518903820723039643780793994665145874023437500000, 0.579343622423178716829283985134679824113845825195312500000000, 0.952873155650790892856605296401539817452430725097656250000000, 3.441959290659958536906515291775576770305633544921875000000000
 0.000537741977089941942252737661078754172194749116897583007812,-0.778590558835882906585368345986353233456611633300781250000000,-0.241159094477518903820723039643780793994665145874023437500000,-0.579343622423178716829283985134679824113845825195312500000000, 2.188719497939002334163660634658299386501312255859375000000000, 3.441959290659958536906515291775576770305633544921875000000000
 0.000541169633167941561448233134257179699488915503025054931641, 0.624706901709474737849348002782789990305900573730468750000000, 0.288687149158360523149013943111640401184558868408203125000000, 0.725534986659752467730299940740223973989486694335937500000000, 0.758984863199376302844711972284130752086639404296875000000000, 0.432883912746894972123357092641526833176612854003906250000000
 0.000541169633167941561448233134257179699488915503025054931641, 0.624706901709474737849348002782789990305900573730468750000000, 0.288687149158360523149013943111640401184558868408203125000000,-0.725534986659752467730299940740223973989486694335937500000000, 2.382607790390416813153251496260054409503936767578125000000000, 0.432883912746894972123357092641526833176612854003906250000000
 0.000541169633167941561448233134257179699488915503025054931641, 0.624706901709474737849348002782789990305900573730468750000000,-0.288687149158360523149013943111640401184558868408203125000000, 0.725534986659752467730299940740223973989486694335937500000000, 0.758984863199376302844711972284130752086639404296875000000000, 5.850301394432690926805662456899881362915039062500000000000000
 0.000541169633167941561448233134257179699488915503025054931641, 0.624706901709474737849348002782789990305900573730468750000000,-0.288687149158360523149013943111640401184558868408203125000000,-0.725534986659752467730299940740223973989486694335937500000000, 2.382607790390416813153251496260054409503936767578125000000000, 5.850301394432690926805662456899881362915039062500000000000000
 0.000541169633167941561448233134257179699488915503025054931641,-0.624706901709474848871650465298444032669067382812500000000000, 0.288687149158360412126711480595986358821392059326171875000000, 0.725534986659752467730299940740223973989486694335937500000000, 0.758984863199376302844711972284130752086639404296875000000000, 2.708708740842898698986118688480928540229797363281250000000000
 0.000541169633167941561448233134257179699488915503025054931641,-0.624706901709474848871650465298444032669067382812500000000000, 0.288687149158360412126711480595986358821392059326171875000000,-0.725534986659752467730299940740223973989486694335937500000000, 2.382607790390416813153251496260054409503936767578125000000000, 2.708708740842898698986118688480928540229797363281250000000000
 0.000541169633167941561448233134257179699488915503025054931641,-0.624706901709474848871650465298444032669067382812500000000000,-0.288687149158360412126711480595986358821392059326171875000000, 0.725534986659752467730299940740223973989486694335937500000000, 0.758984863199376302844711972284130752086639404296875000000000, 3.574476566336687533009808248607441782951354980468750000000000
 0.000541169633167941561448233134257179699488915503025054931641,-0.624706901709474848871650465298444032669067382812500000000000,-0.288687149158360412126711480595986358821392059326171875000000,-0.725534986659752467730299940740223973989486694335937500000000, 2.382607790390416813153251496260054409503936767578125000000000, 3.574476566336687533009808248607441782951354980468750000000000
 0.000541169633167941561448233134257179699488915503025054931641, 0.624706901709474626827045540267135947942733764648437500000000, 0.725534986659752467730299940740223973989486694335937500000000, 0.288687149158360578660165174369467422366142272949218750000000, 1.277941006240222554524166298506315797567367553710937500000000, 0.859933916714833435079867740569170564413070678710937500000000
 0.000541169633167941561448233134257179699488915503025054931641, 0.624706901709474737849348002782789990305900573730468750000000, 0.725534986659752578752602403255878016352653503417968750000000,-0.288687149158360412126711480595986358821392059326171875000000, 1.863651647349570561473797170037869364023208618164062500000000, 0.859933916714833435079867740569170564413070678710937500000000
 0.000541169633167941561448233134257179699488915503025054931641, 0.624706901709474626827045540267135947942733764648437500000000,-0.725534986659752467730299940740223973989486694335937500000000, 0.288687149158360578660165174369467422366142272949218750000000, 1.277941006240222554524166298506315797567367553710937500000000, 5.423251390464752574871454271487891674041748046875000000000000
 0.000541169633167941561448233134257179699488915503025054931641, 0.624706901709474737849348002782789990305900573730468750000000,-0.725534986659752578752602403255878016352653503417968750000000,-0.288687149158360412126711480595986358821392059326171875000000, 1.863651647349570561473797170037869364023208618164062500000000, 5.423251390464752574871454271487891674041748046875000000000000
 0.000541169633167941561448233134257179699488915503025054931641,-0.624706901709474626827045540267135947942733764648437500000000, 0.725534986659752467730299940740223973989486694335937500000000, 0.288687149158360578660165174369467422366142272949218750000000, 1.277941006240222554524166298506315797567367553710937500000000, 2.281658736874959902962700653006322681903839111328125000000000
 0.000541169633167941561448233134257179699488915503025054931641,-0.624706901709474737849348002782789990305900573730468750000000, 0.725534986659752578752602403255878016352653503417968750000000,-0.288687149158360412126711480595986358821392059326171875000000, 1.863651647349570561473797170037869364023208618164062500000000, 2.281658736874959902962700653006322681903839111328125000000000
 0.000541169633167941561448233134257179699488915503025054931641,-0.624706901709474626827045540267135947942733764648437500000000,-0.725534986659752467730299940740223973989486694335937500000000, 0.288687149158360578660165174369467422366142272949218750000000, 1.277941006240222554524166298506315797567367553710937500000000, 4.001526570304626773122436134144663810729980468750000000000000
 0.000541169633167941561448233134257179699488915503025054931641,-0.624706901709474737849348002782789990305900573730468750000000,-0.725534986659752578752602403255878016352653503417968750000000,-0.288687149158360412126711480595986358821392059326171875000000, 1.863651647349570561473797170037869364023208618164062500000000, 4.001526570304626773122436134144663810729980468750000000000000
 0.000541169633167941561448233134257179699488915503025054931641, 0.288687149158360523149013943111640401184558868408203125000000, 0.624706901709474737849348002782789990305900573730468750000000, 0.725534986659752467730299940740223973989486694335937500000000, 0.758984863199376302844711972284130752086639404296875000000000, 1.137912414048001696897927104146219789981842041015625000000000
 0.000541169633167941561448233134257179699488915503025054931641, 0.288687149158360523149013943111640401184558868408203125000000, 0.624706901709474737849348002782789990305900573730468750000000,-0.725534986659752467730299940740223973989486694335937500000000, 2.382607790390416813153251496260054409503936767578125000000000, 1.137912414048001696897927104146219789981842041015625000000000
 0.000541169633167941561448233134257179699488915503025054931641, 0.288687149158360523149013943111640401184558868408203125000000,-0.624706901709474737849348002782789990305900573730468750000000, 0.725534986659752467730299940740223973989486694335937500000000, 0.758984863199376302844711972284130752086639404296875000000000, 5.145272893131584979187209683004766702651977539062500000000000
 0.000541169633167941561448233134257179699488915503025054931641, 0.288687149158360523149013943111640401184558868408203125000000,-0.624706901709474737849348002782789990305900573730468750000000,-0.725534986659752467730299940740223973989486694335937500000000, 2.382607790390416813153251496260054409503936767578125000000000, 5.145272893131584979187209683004766702651977539062500000000000
 0.000541169633167941561448233134257179699488915503025054931641,-0.288687149158360523149013943111640401184558868408203125000000, 0.624706901709474737849348002782789990305900573730468750000000, 0.725534986659752467730299940740223973989486694335937500000000, 0.758984863199376302844711972284130752086639404296875000000000, 2.003680239541791419100036364397965371608734130859375000000000
 0.000541169633167941561448233134257179699488915503025054931641,-0.288687149158360523149013943111640401184558868408203125000000, 0.624706901709474737849348002782789990305900573730468750000000,-0.725534986659752467730299940740223973989486694335937500000000, 2.382607790390416813153251496260054409503936767578125000000000, 2.003680239541791419100036364397965371608734130859375000000000
 0.000541169633167941561448233134257179699488915503025054931641,-0.288687149158360523149013943111640401184558868408203125000000,-0.624706901709474737849348002782789990305900573730468750000000, 0.725534986659752467730299940740223973989486694335937500000000, 0.758984863199376302844711972284130752086639404296875000000000, 4.279505067637794368806680722627788782119750976562500000000000
 0.000541169633167941561448233134257179699488915503025054931641,-0.288687149158360523149013943111640401184558868408203125000000,-0.624706901709474737849348002782789990305900573730468750000000,-0.725534986659752467730299940740223973989486694335937500000000, 2.382607790390416813153251496260054409503936767578125000000000, 4.279505067637794368806680722627788782119750976562500000000000
 0.000541169633167941561448233134257179699488915503025054931641, 0.288687149158360523149013943111640401184558868408203125000000, 0.725534986659752578752602403255878016352653503417968750000000, 0.624706901709474626827045540267135947942733764648437500000000, 0.896040203753657005236732402408961206674575805664062500000000, 1.192105438329569278010922062094323337078094482421875000000000
 0.000541169633167941561448233134257179699488915503025054931641, 0.288687149158360523149013943111640401184558868408203125000000, 0.725534986659752578752602403255878016352653503417968750000000,-0.624706901709474626827045540267135947942733764648437500000000, 2.245552449836136332805835991166532039642333984375000000000000, 1.192105438329569278010922062094323337078094482421875000000000
 0.000541169633167941561448233134257179699488915503025054931641, 0.288687149158360523149013943111640401184558868408203125000000,-0.725534986659752578752602403255878016352653503417968750000000, 0.624706901709474626827045540267135947942733764648437500000000, 0.896040203753657005236732402408961206674575805664062500000000, 5.091079868850016509895795024931430816650390625000000000000000
 0.000541169633167941561448233134257179699488915503025054931641, 0.288687149158360523149013943111640401184558868408203125000000,-0.725534986659752578752602403255878016352653503417968750000000,-0.624706901709474626827045540267135947942733764648437500000000, 2.245552449836136332805835991166532039642333984375000000000000, 5.091079868850016509895795024931430816650390625000000000000000
 0.000541169633167941561448233134257179699488915503025054931641,-0.288687149158360578660165174369467422366142272949218750000000, 0.725534986659752467730299940740223973989486694335937500000000, 0.624706901709474626827045540267135947942733764648437500000000, 0.896040203753656894214429939893307164311408996582031250000000, 1.949487215260224060031646331481169909238815307617187500000000
 0.000541169633167941561448233134257179699488915503025054931641,-0.288687149158360578660165174369467422366142272949218750000000, 0.725534986659752467730299940740223973989486694335937500000000,-0.624706901709474626827045540267135947942733764648437500000000, 2.245552449836136332805835991166532039642333984375000000000000, 1.949487215260224060031646331481169909238815307617187500000000
 0.000541169633167941561448233134257179699488915503025054931641,-0.288687149158360578660165174369467422366142272949218750000000,-0.725534986659752467730299940740223973989486694335937500000000, 0.624706901709474626827045540267135947942733764648437500000000, 0.896040203753656894214429939893307164311408996582031250000000, 4.333698091919361949919675680575892329216003417968750000000000
 0.000541169633167941561448233134257179699488915503025054931641,-0.288687149158360578660165174369467422366142272949218750000000,-0.725534986659752467730299940740223973989486694335937500000000,-0.624706901709474626827045540267135947942733764648437500000000, 2.245552449836136332805835991166532039642333984375000000000000, 4.333698091919361949919675680575892329216003417968750000000000
 0.000541169633167941561448233134257179699488915503025054931641, 0.725534986659752356707997478224569931626319885253906250000000, 0.624706901709474737849348002782789990305900573730468750000000, 0.288687149158360578660165174369467422366142272949218750000000, 1.277941006240222554524166298506315797567367553710937500000000, 0.710862410080063344963718918734230101108551025390625000000000
 0.000541169633167941561448233134257179699488915503025054931641, 0.725534986659752467730299940740223973989486694335937500000000, 0.624706901709474848871650465298444032669067382812500000000000,-0.288687149158360412126711480595986358821392059326171875000000, 1.863651647349570561473797170037869364023208618164062500000000, 0.710862410080063344963718918734230101108551025390625000000000
 0.000541169633167941561448233134257179699488915503025054931641, 0.725534986659752356707997478224569931626319885253906250000000,-0.624706901709474737849348002782789990305900573730468750000000, 0.288687149158360578660165174369467422366142272949218750000000, 1.277941006240222554524166298506315797567367553710937500000000, 5.572322897099523331121417868416756391525268554687500000000000
 0.000541169633167941561448233134257179699488915503025054931641, 0.725534986659752467730299940740223973989486694335937500000000,-0.624706901709474848871650465298444032669067382812500000000000,-0.288687149158360412126711480595986358821392059326171875000000, 1.863651647349570561473797170037869364023208618164062500000000, 5.572322897099523331121417868416756391525268554687500000000000
 0.000541169633167941561448233134257179699488915503025054931641,-0.725534986659752467730299940740223973989486694335937500000000, 0.624706901709474626827045540267135947942733764648437500000000, 0.288687149158360578660165174369467422366142272949218750000000, 1.277941006240222554524166298506315797567367553710937500000000, 2.430730243509730215123454399872571229934692382812500000000000
 0.000541169633167941561448233134257179699488915503025054931641,-0.725534986659752578752602403255878016352653503417968750000000, 0.624706901709474737849348002782789990305900573730468750000000,-0.288687149158360412126711480595986358821392059326171875000000, 1.863651647349570561473797170037869364023208618164062500000000, 2.430730243509730215123454399872571229934692382812500000000000
 0.000541169633167941561448233134257179699488915503025054931641,-0.725534986659752467730299940740223973989486694335937500000000,-0.624706901709474626827045540267135947942733764648437500000000, 0.288687149158360578660165174369467422366142272949218750000000, 1.277941006240222554524166298506315797567367553710937500000000, 3.852455063669856016872472537215799093246459960937500000000000
 0.000541169633167941561448233134257179699488915503025054931641,-0.725534986659752578752602403255878016352653503417968750000000,-0.624706901709474737849348002782789990305900573730468750000000,-0.288687149158360412126711480595986358821392059326171875000000, 1.863651647349570561473797170037869364023208618164062500000000, 3.852455063669856016872472537215799093246459960937500000000000
 0.000541169633167941561448233134257179699488915503025054931641, 0.725534986659752467730299940740223973989486694335937500000000, 0.288687149158360689682467636885121464729309082031250000000000, 0.624706901709474626827045540267135947942733764648437500000000, 0.896040203753656894214429939893307164311408996582031250000000, 0.378690888465327613054967059724731370806694030761718750000000
 0.000541169633167941561448233134257179699488915503025054931641, 0.725534986659752467730299940740223973989486694335937500000000, 0.288687149158360689682467636885121464729309082031250000000000,-0.624706901709474626827045540267135947942733764648437500000000, 2.245552449836136332805835991166532039642333984375000000000000, 0.378690888465327613054967059724731370806694030761718750000000
 0.000541169633167941561448233134257179699488915503025054931641, 0.725534986659752467730299940740223973989486694335937500000000,-0.288687149158360689682467636885121464729309082031250000000000, 0.624706901709474626827045540267135947942733764648437500000000, 0.896040203753656894214429939893307164311408996582031250000000, 5.904494418714258507918657414847984910011291503906250000000000
 0.000541169633167941561448233134257179699488915503025054931641, 0.725534986659752467730299940740223973989486694335937500000000,-0.288687149158360689682467636885121464729309082031250000000000,-0.624706901709474626827045540267135947942733764648437500000000, 2.245552449836136332805835991166532039642333984375000000000000, 5.904494418714258507918657414847984910011291503906250000000000
 0.000541169633167941561448233134257179699488915503025054931641,-0.725534986659752578752602403255878016352653503417968750000000, 0.288687149158360523149013943111640401184558868408203125000000, 0.624706901709474626827045540267135947942733764648437500000000, 0.896040203753657005236732402408961206674575805664062500000000, 2.762901765124465836009903796366415917873382568359375000000000
 0.000541169633167941561448233134257179699488915503025054931641,-0.725534986659752578752602403255878016352653503417968750000000, 0.288687149158360523149013943111640401184558868408203125000000,-0.624706901709474626827045540267135947942733764648437500000000, 2.245552449836136332805835991166532039642333984375000000000000, 2.762901765124465836009903796366415917873382568359375000000000
 0.000541169633167941561448233134257179699488915503025054931641,-0.725534986659752578752602403255878016352653503417968750000000,-0.288687149158360523149013943111640401184558868408203125000000, 0.624706901709474626827045540267135947942733764648437500000000, 0.896040203753657005236732402408961206674575805664062500000000, 3.520283542055120395986023140721954405307769775390625000000000
 0.000541169633167941561448233134257179699488915503025054931641,-0.725534986659752578752602403255878016352653503417968750000000,-0.288687149158360523149013943111640401184558868408203125000000,-0.624706901709474626827045540267135947942733764648437500000000, 2.245552449836136332805835991166532039642333984375000000000000, 3.520283542055120395986023140721954405307769775390625000000000
 0.000519799629327943966267122632984865049365907907485961914062, 0.487431555253520387704924132776795886456966400146484375000000, 0.048049787749532099634386383968376321718096733093261718750000, 0.871838113895211153092645872675348073244094848632812500000000, 0.511853619645288526740500856249127537012100219726562500000000, 0.098260046527767444524137374628480756655335426330566406250000
 0.000519799629327943966267122632984865049365907907485961914062, 0.487431555253520276682621670261141844093799591064453125000000, 0.048049787749532099634386383968376321718096733093261718750000,-0.871838113895211264114948335191002115607261657714843750000000, 2.629739033944504811302067537326365709304809570312500000000000, 0.098260046527767458401925182442937511950731277465820312500000
 0.000519799629327943966267122632984865049365907907485961914062, 0.487431555253520387704924132776795886456966400146484375000000,-0.048049787749532099634386383968376321718096733093261718750000, 0.871838113895211153092645872675348073244094848632812500000000, 0.511853619645288526740500856249127537012100219726562500000000, 6.184925260651819023394182295305654406547546386718750000000000
 0.000519799629327943966267122632984865049365907907485961914062, 0.487431555253520276682621670261141844093799591064453125000000,-0.048049787749532099634386383968376321718096733093261718750000,-0.871838113895211264114948335191002115607261657714843750000000, 2.629739033944504811302067537326365709304809570312500000000000, 6.184925260651819023394182295305654406547546386718750000000000
 0.000519799629327943966267122632984865049365907907485961914062,-0.487431555253520387704924132776795886456966400146484375000000, 0.048049787749531898406463170658753369934856891632080078125000, 0.871838113895211153092645872675348073244094848632812500000000, 0.511853619645288526740500856249127537012100219726562500000000, 3.043332607062026351485428676824085414409637451171875000000000
 0.000519799629327943966267122632984865049365907907485961914062,-0.487431555253520276682621670261141844093799591064453125000000, 0.048049787749531898406463170658753369934856891632080078125000,-0.871838113895211264114948335191002115607261657714843750000000, 2.629739033944504811302067537326365709304809570312500000000000, 3.043332607062026351485428676824085414409637451171875000000000
 0.000519799629327943966267122632984865049365907907485961914062,-0.487431555253520387704924132776795886456966400146484375000000,-0.048049787749531898406463170658753369934856891632080078125000, 0.871838113895211153092645872675348073244094848632812500000000, 0.511853619645288526740500856249127537012100219726562500000000, 3.239852700117559880510498260264284908771514892578125000000000
 0.000519799629327943966267122632984865049365907907485961914062,-0.487431555253520276682621670261141844093799591064453125000000,-0.048049787749531898406463170658753369934856891632080078125000,-0.871838113895211264114948335191002115607261657714843750000000, 2.629739033944504811302067537326365709304809570312500000000000, 3.239852700117559880510498260264284908771514892578125000000000
 0.000519799629327943966267122632984865049365907907485961914062, 0.487431555253520221171470439003314822912216186523437500000000, 0.871838113895211264114948335191002115607261657714843750000000, 0.048049787749532099634386383968376321718096733093261718750000, 1.522728030394310261286250351986382156610488891601562500000000, 1.061004885161658695125197482411749660968780517578125000000000
 0.000519799629327943966267122632984865049365907907485961914062, 0.487431555253520221171470439003314822912216186523437500000000, 0.871838113895211264114948335191002115607261657714843750000000,-0.048049787749532099634386383968376321718096733093261718750000, 1.618864623195483076756318041589111089706420898437500000000000, 1.061004885161658695125197482411749660968780517578125000000000
 0.000519799629327943966267122632984865049365907907485961914062, 0.487431555253520221171470439003314822912216186523437500000000,-0.871838113895211264114948335191002115607261657714843750000000, 0.048049787749532099634386383968376321718096733093261718750000, 1.522728030394310261286250351986382156610488891601562500000000, 5.222180422017927980959939304739236831665039062500000000000000
 0.000519799629327943966267122632984865049365907907485961914062, 0.487431555253520221171470439003314822912216186523437500000000,-0.871838113895211264114948335191002115607261657714843750000000,-0.048049787749532099634386383968376321718096733093261718750000, 1.618864623195483076756318041589111089706420898437500000000000, 5.222180422017927980959939304739236831665039062500000000000000
 0.000519799629327943966267122632984865049365907907485961914062,-0.487431555253520221171470439003314822912216186523437500000000, 0.871838113895211264114948335191002115607261657714843750000000, 0.048049787749532099634386383968376321718096733093261718750000, 1.522728030394310261286250351986382156610488891601562500000000, 2.080587768428134420872765986132435500621795654296875000000000
 0.000519799629327943966267122632984865049365907907485961914062,-0.487431555253520221171470439003314822912216186523437500000000, 0.871838113895211264114948335191002115607261657714843750000000,-0.048049787749532099634386383968376321718096733093261718750000, 1.618864623195483076756318041589111089706420898437500000000000, 2.080587768428134420872765986132435500621795654296875000000000
 0.000519799629327943966267122632984865049365907907485961914062,-0.487431555253520221171470439003314822912216186523437500000000,-0.871838113895211264114948335191002115607261657714843750000000, 0.048049787749532099634386383968376321718096733093261718750000, 1.522728030394310261286250351986382156610488891601562500000000, 4.202597538751451367033951100893318653106689453125000000000000
 0.000519799629327943966267122632984865049365907907485961914062,-0.487431555253520221171470439003314822912216186523437500000000,-0.871838113895211264114948335191002115607261657714843750000000,-0.048049787749532099634386383968376321718096733093261718750000, 1.618864623195483076756318041589111089706420898437500000000000, 4.202597538751451367033951100893318653106689453125000000000000
 0.000519799629327943966267122632984865049365907907485961914062, 0.048049787749532002489871729267179034650325775146484375000000, 0.487431555253520387704924132776795886456966400146484375000000, 0.871838113895211153092645872675348073244094848632812500000000, 0.511853619645288526740500856249127537012100219726562500000000, 1.472536280267129349397237092489376664161682128906250000000000
 0.000519799629327943966267122632984865049365907907485961914062, 0.048049787749532002489871729267179034650325775146484375000000, 0.487431555253520276682621670261141844093799591064453125000000,-0.871838113895211264114948335191002115607261657714843750000000, 2.629739033944504811302067537326365709304809570312500000000000, 1.472536280267129349397237092489376664161682128906250000000000
 0.000519799629327943966267122632984865049365907907485961914062, 0.048049787749532002489871729267179034650325775146484375000000,-0.487431555253520387704924132776795886456966400146484375000000, 0.871838113895211153092645872675348073244094848632812500000000, 0.511853619645288526740500856249127537012100219726562500000000, 4.810649026912456882598689844598993659019470214843750000000000
 0.000519799629327943966267122632984865049365907907485961914062, 0.048049787749532002489871729267179034650325775146484375000000,-0.487431555253520276682621670261141844093799591064453125000000,-0.871838113895211264114948335191002115607261657714843750000000, 2.629739033944504811302067537326365709304809570312500000000000, 4.810649026912456882598689844598993659019470214843750000000000
 0.000519799629327943966267122632984865049365907907485961914062,-0.048049787749532002489871729267179034650325775146484375000000, 0.487431555253520387704924132776795886456966400146484375000000, 0.871838113895211153092645872675348073244094848632812500000000, 0.511853619645288526740500856249127537012100219726562500000000, 1.669056373322663766600726376054808497428894042968750000000000
 0.000519799629327943966267122632984865049365907907485961914062,-0.048049787749532002489871729267179034650325775146484375000000, 0.487431555253520276682621670261141844093799591064453125000000,-0.871838113895211264114948335191002115607261657714843750000000, 2.629739033944504811302067537326365709304809570312500000000000, 1.669056373322663988645331301086116582155227661132812500000000
 0.000519799629327943966267122632984865049365907907485961914062,-0.048049787749532002489871729267179034650325775146484375000000,-0.487431555253520387704924132776795886456966400146484375000000, 0.871838113895211153092645872675348073244094848632812500000000, 0.511853619645288526740500856249127537012100219726562500000000, 4.614128933856922465395200561033561825752258300781250000000000
 0.000519799629327943966267122632984865049365907907485961914062,-0.048049787749532002489871729267179034650325775146484375000000,-0.487431555253520276682621670261141844093799591064453125000000,-0.871838113895211264114948335191002115607261657714843750000000, 2.629739033944504811302067537326365709304809570312500000000000, 4.614128933856922465395200561033561825752258300781250000000000
 0.000519799629327943966267122632984865049365907907485961914062, 0.048049787749532002489871729267179034650325775146484375000000, 0.871838113895211153092645872675348073244094848632812500000000, 0.487431555253520276682621670261141844093799591064453125000000, 1.061650544272193963379891101794783025979995727539062500000000, 1.515738827460386017875748621008824557065963745117187500000000
 0.000519799629327943966267122632984865049365907907485961914062, 0.048049787749532002489871729267179034650325775146484375000000, 0.871838113895210931048040947644039988517761230468750000000000,-0.487431555253520609749529057808103971183300018310546875000000, 2.079942109317599818751887141843326389789581298828125000000000, 1.515738827460386017875748621008824557065963745117187500000000
 0.000519799629327943966267122632984865049365907907485961914062, 0.048049787749532002489871729267179034650325775146484375000000,-0.871838113895211153092645872675348073244094848632812500000000, 0.487431555253520276682621670261141844093799591064453125000000, 1.061650544272193963379891101794783025979995727539062500000000, 4.767446479719199992075573391048237681388854980468750000000000
 0.000519799629327943966267122632984865049365907907485961914062, 0.048049787749532002489871729267179034650325775146484375000000,-0.871838113895210931048040947644039988517761230468750000000000,-0.487431555253520609749529057808103971183300018310546875000000, 2.079942109317599818751887141843326389789581298828125000000000, 4.767446479719199992075573391048237681388854980468750000000000
 0.000519799629327943966267122632984865049365907907485961914062,-0.048049787749532196778901038669573608785867691040039062500000, 0.871838113895211153092645872675348073244094848632812500000000, 0.487431555253520276682621670261141844093799591064453125000000, 1.061650544272193963379891101794783025979995727539062500000000, 1.625853826129407320166819772566668689250946044921875000000000
 0.000519799629327943966267122632984865049365907907485961914062,-0.048049787749532196778901038669573608785867691040039062500000, 0.871838113895210931048040947644039988517761230468750000000000,-0.487431555253520609749529057808103971183300018310546875000000, 2.079942109317599818751887141843326389789581298828125000000000, 1.625853826129407542211424697597976773977279663085937500000000
 0.000519799629327943966267122632984865049365907907485961914062,-0.048049787749532196778901038669573608785867691040039062500000,-0.871838113895211153092645872675348073244094848632812500000000, 0.487431555253520276682621670261141844093799591064453125000000, 1.061650544272193963379891101794783025979995727539062500000000, 4.657331481050178467739897314459085464477539062500000000000000
 0.000519799629327943966267122632984865049365907907485961914062,-0.048049787749532196778901038669573608785867691040039062500000,-0.871838113895210931048040947644039988517761230468750000000000,-0.487431555253520609749529057808103971183300018310546875000000, 2.079942109317599818751887141843326389789581298828125000000000, 4.657331481050178467739897314459085464477539062500000000000000
 0.000519799629327943966267122632984865049365907907485961914062, 0.871838113895211153092645872675348073244094848632812500000000, 0.487431555253520387704924132776795886456966400146484375000000, 0.048049787749532099634386383968376321718096733093261718750000, 1.522728030394310261286250351986382156610488891601562500000000, 0.509791441633237973896086714375996962189674377441406250000000
 0.000519799629327943966267122632984865049365907907485961914062, 0.871838113895211153092645872675348073244094848632812500000000, 0.487431555253520387704924132776795886456966400146484375000000,-0.048049787749532099634386383968376321718096733093261718750000, 1.618864623195483076756318041589111089706420898437500000000000, 0.509791441633237973896086714375996962189674377441406250000000
 0.000519799629327943966267122632984865049365907907485961914062, 0.871838113895211153092645872675348073244094848632812500000000,-0.487431555253520387704924132776795886456966400146484375000000, 0.048049787749532099634386383968376321718096733093261718750000, 1.522728030394310261286250351986382156610488891601562500000000, 5.773393865546347925032932835165411233901977539062500000000000
 0.000519799629327943966267122632984865049365907907485961914062, 0.871838113895211153092645872675348073244094848632812500000000,-0.487431555253520387704924132776795886456966400146484375000000,-0.048049787749532099634386383968376321718096733093261718750000, 1.618864623195483076756318041589111089706420898437500000000000, 5.773393865546347925032932835165411233901977539062500000000000
 0.000519799629327943966267122632984865049365907907485961914062,-0.871838113895211264114948335191002115607261657714843750000000, 0.487431555253520221171470439003314822912216186523437500000000, 0.048049787749532099634386383968376321718096733093261718750000, 1.522728030394310261286250351986382156610488891601562500000000, 2.631801211956555253124179216683842241764068603515625000000000
 0.000519799629327943966267122632984865049365907907485961914062,-0.871838113895211264114948335191002115607261657714843750000000, 0.487431555253520221171470439003314822912216186523437500000000,-0.048049787749532099634386383968376321718096733093261718750000, 1.618864623195483076756318041589111089706420898437500000000000, 2.631801211956555253124179216683842241764068603515625000000000
 0.000519799629327943966267122632984865049365907907485961914062,-0.871838113895211264114948335191002115607261657714843750000000,-0.487431555253520221171470439003314822912216186523437500000000, 0.048049787749532099634386383968376321718096733093261718750000, 1.522728030394310261286250351986382156610488891601562500000000, 3.651384095223030978871747720404528081417083740234375000000000
 0.000519799629327943966267122632984865049365907907485961914062,-0.871838113895211264114948335191002115607261657714843750000000,-0.487431555253520221171470439003314822912216186523437500000000,-0.048049787749532099634386383968376321718096733093261718750000, 1.618864623195483076756318041589111089706420898437500000000000, 3.651384095223030978871747720404528081417083740234375000000000
 0.000519799629327943966267122632984865049365907907485961914062, 0.871838113895211264114948335191002115607261657714843750000000, 0.048049787749531100433664221327489940449595451354980468750000, 0.487431555253520276682621670261141844093799591064453125000000, 1.061650544272193963379891101794783025979995727539062500000000, 0.055057499334509547861404854529610020108520984649658203125000
 0.000519799629327943966267122632984865049365907907485961914062, 0.871838113895211042070343410159694030880928039550781250000000, 0.048049787749531100433664221327489940449595451354980468750000,-0.487431555253520609749529057808103971183300018310546875000000, 2.079942109317599818751887141843326389789581298828125000000000, 0.055057499334509561739192662344066775403916835784912109375000
 0.000519799629327943966267122632984865049365907907485961914062, 0.871838113895211264114948335191002115607261657714843750000000,-0.048049787749531100433664221327489940449595451354980468750000, 0.487431555253520276682621670261141844093799591064453125000000, 1.061650544272193963379891101794783025979995727539062500000000, 6.228127807845076802095718448981642723083496093750000000000000
 0.000519799629327943966267122632984865049365907907485961914062, 0.871838113895211042070343410159694030880928039550781250000000,-0.048049787749531100433664221327489940449595451354980468750000,-0.487431555253520609749529057808103971183300018310546875000000, 2.079942109317599818751887141843326389789581298828125000000000, 6.228127807845076802095718448981642723083496093750000000000000
 0.000519799629327943966267122632984865049365907907485961914062,-0.871838113895211264114948335191002115607261657714843750000000, 0.048049787749531100433664221327489940449595451354980468750000, 0.487431555253520276682621670261141844093799591064453125000000, 1.061650544272193963379891101794783025979995727539062500000000, 3.086535154255283686097754980437457561492919921875000000000000
 0.000519799629327943966267122632984865049365907907485961914062,-0.871838113895211042070343410159694030880928039550781250000000, 0.048049787749531100433664221327489940449595451354980468750000,-0.487431555253520609749529057808103971183300018310546875000000, 2.079942109317599818751887141843326389789581298828125000000000, 3.086535154255283686097754980437457561492919921875000000000000
 0.000519799629327943966267122632984865049365907907485961914062,-0.871838113895211264114948335191002115607261657714843750000000,-0.048049787749531100433664221327489940449595451354980468750000, 0.487431555253520276682621670261141844093799591064453125000000, 1.061650544272193963379891101794783025979995727539062500000000, 3.196650152924302545898171956650912761688232421875000000000000
 0.000519799629327943966267122632984865049365907907485961914062,-0.871838113895211042070343410159694030880928039550781250000000,-0.048049787749531100433664221327489940449595451354980468750000,-0.487431555253520609749529057808103971183300018310546875000000, 2.079942109317599818751887141843326389789581298828125000000000, 3.196650152924302545898171956650912761688232421875000000000000
 0.000531112083661942641771291917507369362283498048782348632812, 0.542733732205905261558598340343451127409934997558593750000000, 0.097168571993666394415178899635066045448184013366699218750000, 0.834265164406713277678306894813431426882743835449218750000000, 0.583997649312587796543994045350700616836547851562500000000000, 0.177158491329980738449023647262947633862495422363281250000000
 0.000531112083661942641771291917507369362283498048782348632812, 0.542733732205905261558598340343451127409934997558593750000000, 0.097168571993666394415178899635066045448184013366699218750000,-0.834265164406713277678306894813431426882743835449218750000000, 2.557595004277205319453969423193484544754028320312500000000000, 0.177158491329980738449023647262947633862495422363281250000000
 0.000531112083661942641771291917507369362283498048782348632812, 0.542733732205905261558598340343451127409934997558593750000000,-0.097168571993666394415178899635066045448184013366699218750000, 0.834265164406713277678306894813431426882743835449218750000000, 0.583997649312587796543994045350700616836547851562500000000000, 6.106026815849605604569205752341076731681823730468750000000000
 0.000531112083661942641771291917507369362283498048782348632812, 0.542733732205905261558598340343451127409934997558593750000000,-0.097168571993666394415178899635066045448184013366699218750000,-0.834265164406713277678306894813431426882743835449218750000000, 2.557595004277205319453969423193484544754028320312500000000000, 6.106026815849605604569205752341076731681823730468750000000000
 0.000531112083661942641771291917507369362283498048782348632812,-0.542733732205905261558598340343451127409934997558593750000000, 0.097168571993666297270664244933868758380413055419921875000000, 0.834265164406713277678306894813431426882743835449218750000000, 0.583997649312587796543994045350700616836547851562500000000000, 2.964434162259812488571242283796891570091247558593750000000000
 0.000531112083661942641771291917507369362283498048782348632812,-0.542733732205905261558598340343451127409934997558593750000000, 0.097168571993666297270664244933868758380413055419921875000000,-0.834265164406713277678306894813431426882743835449218750000000, 2.557595004277205319453969423193484544754028320312500000000000, 2.964434162259812488571242283796891570091247558593750000000000
 0.000531112083661942641771291917507369362283498048782348632812,-0.542733732205905261558598340343451127409934997558593750000000,-0.097168571993666297270664244933868758380413055419921875000000, 0.834265164406713277678306894813431426882743835449218750000000, 0.583997649312587796543994045350700616836547851562500000000000, 3.318751144919773743424684653291478753089904785156250000000000
 0.000531112083661942641771291917507369362283498048782348632812,-0.542733732205905261558598340343451127409934997558593750000000,-0.097168571993666297270664244933868758380413055419921875000000,-0.834265164406713277678306894813431426882743835449218750000000, 2.557595004277205319453969423193484544754028320312500000000000, 3.318751144919773743424684653291478753089904785156250000000000
 0.000531112083661942641771291917507369362283498048782348632812, 0.542733732205905372580900802859105169773101806640625000000000, 0.834265164406713277678306894813431426882743835449218750000000, 0.097168571993666602581996016851917374879121780395507812500000, 1.473474194867480324688813198008574545383453369140625000000000, 0.994032429743069378957898152293637394905090332031250000000000
 0.000531112083661942641771291917507369362283498048782348632812, 0.542733732205905372580900802859105169773101806640625000000000, 0.834265164406713277678306894813431426882743835449218750000000,-0.097168571993666796871025326254311949014663696289062500000000, 1.668118458722313235398360120598226785659790039062500000000000, 0.994032429743069378957898152293637394905090332031250000000000
 0.000531112083661942641771291917507369362283498048782348632812, 0.542733732205905372580900802859105169773101806640625000000000,-0.834265164406713277678306894813431426882743835449218750000000, 0.097168571993666602581996016851917374879121780395507812500000, 1.473474194867480324688813198008574545383453369140625000000000, 5.289152877436516853038028784794732928276062011718750000000000
 0.000531112083661942641771291917507369362283498048782348632812, 0.542733732205905372580900802859105169773101806640625000000000,-0.834265164406713277678306894813431426882743835449218750000000,-0.097168571993666796871025326254311949014663696289062500000000, 1.668118458722313235398360120598226785659790039062500000000000, 5.289152877436516853038028784794732928276062011718750000000000
 0.000531112083661942641771291917507369362283498048782348632812,-0.542733732205905150536295877827797085046768188476562500000000, 0.834265164406713388700609357329085469245910644531250000000000, 0.097168571993666602581996016851917374879121780395507812500000, 1.473474194867480324688813198008574545383453369140625000000000, 2.147560223846723737040065316250547766685485839843750000000000
 0.000531112083661942641771291917507369362283498048782348632812,-0.542733732205905150536295877827797085046768188476562500000000, 0.834265164406713388700609357329085469245910644531250000000000,-0.097168571993666796871025326254311949014663696289062500000000, 1.668118458722313235398360120598226785659790039062500000000000, 2.147560223846723737040065316250547766685485839843750000000000
 0.000531112083661942641771291917507369362283498048782348632812,-0.542733732205905150536295877827797085046768188476562500000000,-0.834265164406713388700609357329085469245910644531250000000000, 0.097168571993666602581996016851917374879121780395507812500000, 1.473474194867480324688813198008574545383453369140625000000000, 4.135625083332862494955861620837822556495666503906250000000000
 0.000531112083661942641771291917507369362283498048782348632812,-0.542733732205905150536295877827797085046768188476562500000000,-0.834265164406713388700609357329085469245910644531250000000000,-0.097168571993666796871025326254311949014663696289062500000000, 1.668118458722313235398360120598226785659790039062500000000000, 4.135625083332862494955861620837822556495666503906250000000000
 0.000531112083661942641771291917507369362283498048782348632812, 0.097168571993666602581996016851917374879121780395507812500000, 0.542733732205905261558598340343451127409934997558593750000000, 0.834265164406713277678306894813431426882743835449218750000000, 0.583997649312587796543994045350700616836547851562500000000000, 1.393637835464915486483050699462182819843292236328125000000000
 0.000531112083661942641771291917507369362283498048782348632812, 0.097168571993666602581996016851917374879121780395507812500000, 0.542733732205905261558598340343451127409934997558593750000000,-0.834265164406713277678306894813431426882743835449218750000000, 2.557595004277205319453969423193484544754028320312500000000000, 1.393637835464915486483050699462182819843292236328125000000000
 0.000531112083661942641771291917507369362283498048782348632812, 0.097168571993666602581996016851917374879121780395507812500000,-0.542733732205905261558598340343451127409934997558593750000000, 0.834265164406713277678306894813431426882743835449218750000000, 0.583997649312587796543994045350700616836547851562500000000000, 4.889547471714671189602086087688803672790527343750000000000000
 0.000531112083661942641771291917507369362283498048782348632812, 0.097168571993666602581996016851917374879121780395507812500000,-0.542733732205905261558598340343451127409934997558593750000000,-0.834265164406713277678306894813431426882743835449218750000000, 2.557595004277205319453969423193484544754028320312500000000000, 4.889547471714671189602086087688803672790527343750000000000000
 0.000531112083661942641771291917507369362283498048782348632812,-0.097168571993666699726510671553114661946892738342285156250000, 0.542733732205905261558598340343451127409934997558593750000000, 0.834265164406713277678306894813431426882743835449218750000000, 0.583997649312587796543994045350700616836547851562500000000000, 1.747954818124877851559517694113310426473617553710937500000000
 0.000531112083661942641771291917507369362283498048782348632812,-0.097168571993666699726510671553114661946892738342285156250000, 0.542733732205905261558598340343451127409934997558593750000000,-0.834265164406713277678306894813431426882743835449218750000000, 2.557595004277205319453969423193484544754028320312500000000000, 1.747954818124877851559517694113310426473617553710937500000000
 0.000531112083661942641771291917507369362283498048782348632812,-0.097168571993666699726510671553114661946892738342285156250000,-0.542733732205905261558598340343451127409934997558593750000000, 0.834265164406713277678306894813431426882743835449218750000000, 0.583997649312587796543994045350700616836547851562500000000000, 4.535230489054708158391804317943751811981201171875000000000000
 0.000531112083661942641771291917507369362283498048782348632812,-0.097168571993666699726510671553114661946892738342285156250000,-0.542733732205905261558598340343451127409934997558593750000000,-0.834265164406713277678306894813431426882743835449218750000000, 2.557595004277205319453969423193484544754028320312500000000000, 4.535230489054708158391804317943751811981201171875000000000000
 0.000531112083661942641771291917507369362283498048782348632812, 0.097168571993666602581996016851917374879121780395507812500000, 0.834265164406713388700609357329085469245910644531250000000000, 0.542733732205905150536295877827797085046768188476562500000000, 0.997107815343601266988571296678856015205383300781250000000000, 1.454846709806337790027441769780125468969345092773437500000000
 0.000531112083661942641771291917507369362283498048782348632812, 0.097168571993666602581996016851917374879121780395507812500000, 0.834265164406713166656004432297777384519577026367187500000000,-0.542733732205905594625505727890413254499435424804687500000000, 2.144484838246192293098602021927945315837860107421875000000000, 1.454846709806337790027441769780125468969345092773437500000000
 0.000531112083661942641771291917507369362283498048782348632812, 0.097168571993666602581996016851917374879121780395507812500000,-0.834265164406713388700609357329085469245910644531250000000000, 0.542733732205905150536295877827797085046768188476562500000000, 0.997107815343601266988571296678856015205383300781250000000000, 4.828338597373248219923880242276936769485473632812500000000000
 0.000531112083661942641771291917507369362283498048782348632812, 0.097168571993666602581996016851917374879121780395507812500000,-0.834265164406713166656004432297777384519577026367187500000000,-0.542733732205905594625505727890413254499435424804687500000000, 2.144484838246192293098602021927945315837860107421875000000000, 4.828338597373248219923880242276936769485473632812500000000000
 0.000531112083661942641771291917507369362283498048782348632812,-0.097168571993666796871025326254311949014663696289062500000000, 0.834265164406713388700609357329085469245910644531250000000000, 0.542733732205905150536295877827797085046768188476562500000000, 0.997107815343601266988571296678856015205383300781250000000000, 1.686745943783455770059731548826675862073898315429687500000000
 0.000531112083661942641771291917507369362283498048782348632812,-0.097168571993666796871025326254311949014663696289062500000000, 0.834265164406713166656004432297777384519577026367187500000000,-0.542733732205905594625505727890413254499435424804687500000000, 2.144484838246192293098602021927945315837860107421875000000000, 1.686745943783455770059731548826675862073898315429687500000000
 0.000531112083661942641771291917507369362283498048782348632812,-0.097168571993666796871025326254311949014663696289062500000000,-0.834265164406713388700609357329085469245910644531250000000000, 0.542733732205905150536295877827797085046768188476562500000000, 0.997107815343601266988571296678856015205383300781250000000000, 4.596439363396130239891590463230386376380920410156250000000000
 0.000531112083661942641771291917507369362283498048782348632812,-0.097168571993666796871025326254311949014663696289062500000000,-0.834265164406713166656004432297777384519577026367187500000000,-0.542733732205905594625505727890413254499435424804687500000000, 2.144484838246192293098602021927945315837860107421875000000000, 4.596439363396130239891590463230386376380920410156250000000000
 0.000531112083661942641771291917507369362283498048782348632812, 0.834265164406713277678306894813431426882743835449218750000000, 0.542733732205905372580900802859105169773101806640625000000000, 0.097168571993666602581996016851917374879121780395507812500000, 1.473474194867480324688813198008574545383453369140625000000000, 0.576763897051827290063386044494109228253364562988281250000000
 0.000531112083661942641771291917507369362283498048782348632812, 0.834265164406713277678306894813431426882743835449218750000000, 0.542733732205905372580900802859105169773101806640625000000000,-0.097168571993666796871025326254311949014663696289062500000000, 1.668118458722313235398360120598226785659790039062500000000000, 0.576763897051827290063386044494109228253364562988281250000000
 0.000531112083661942641771291917507369362283498048782348632812, 0.834265164406713277678306894813431426882743835449218750000000,-0.542733732205905372580900802859105169773101806640625000000000, 0.097168571993666602581996016851917374879121780395507812500000, 1.473474194867480324688813198008574545383453369140625000000000, 5.706421410127759052954843355109915137290954589843750000000000
 0.000531112083661942641771291917507369362283498048782348632812, 0.834265164406713277678306894813431426882743835449218750000000,-0.542733732205905372580900802859105169773101806640625000000000,-0.097168571993666796871025326254311949014663696289062500000000, 1.668118458722313235398360120598226785659790039062500000000000, 5.706421410127759052954843355109915137290954589843750000000000
 0.000531112083661942641771291917507369362283498048782348632812,-0.834265164406713388700609357329085469245910644531250000000000, 0.542733732205905150536295877827797085046768188476562500000000, 0.097168571993666602581996016851917374879121780395507812500000, 1.473474194867480324688813198008574545383453369140625000000000, 2.564828756537966381046089736628346145153045654296875000000000
 0.000531112083661942641771291917507369362283498048782348632812,-0.834265164406713388700609357329085469245910644531250000000000, 0.542733732205905150536295877827797085046768188476562500000000,-0.097168571993666796871025326254311949014663696289062500000000, 1.668118458722313235398360120598226785659790039062500000000000, 2.564828756537966381046089736628346145153045654296875000000000
 0.000531112083661942641771291917507369362283498048782348632812,-0.834265164406713388700609357329085469245910644531250000000000,-0.542733732205905150536295877827797085046768188476562500000000, 0.097168571993666602581996016851917374879121780395507812500000, 1.473474194867480324688813198008574545383453369140625000000000, 3.718356550641619850949837200460024178028106689453125000000000
 0.000531112083661942641771291917507369362283498048782348632812,-0.834265164406713388700609357329085469245910644531250000000000,-0.542733732205905150536295877827797085046768188476562500000000,-0.097168571993666796871025326254311949014663696289062500000000, 1.668118458722313235398360120598226785659790039062500000000000, 3.718356550641619850949837200460024178028106689453125000000000
 0.000531112083661942641771291917507369362283498048782348632812, 0.834265164406713388700609357329085469245910644531250000000000, 0.097168571993666394415178899635066045448184013366699218750000, 0.542733732205905150536295877827797085046768188476562500000000, 0.997107815343601266988571296678856015205383300781250000000000, 0.115949616988558573682510655089572537690401077270507812500000
 0.000531112083661942641771291917507369362283498048782348632812, 0.834265164406713166656004432297777384519577026367187500000000, 0.097168571993666394415178899635066045448184013366699218750000,-0.542733732205905594625505727890413254499435424804687500000000, 2.144484838246192293098602021927945315837860107421875000000000, 0.115949616988558601438086270718486048281192779541015625000000
 0.000531112083661942641771291917507369362283498048782348632812, 0.834265164406713388700609357329085469245910644531250000000000,-0.097168571993666394415178899635066045448184013366699218750000, 0.542733732205905150536295877827797085046768188476562500000000, 0.997107815343601266988571296678856015205383300781250000000000, 6.167235690191027686068991897627711296081542968750000000000000
 0.000531112083661942641771291917507369362283498048782348632812, 0.834265164406713166656004432297777384519577026367187500000000,-0.097168571993666394415178899635066045448184013366699218750000,-0.542733732205905594625505727890413254499435424804687500000000, 2.144484838246192293098602021927945315837860107421875000000000, 6.167235690191027686068991897627711296081542968750000000000000
 0.000531112083661942641771291917507369362283498048782348632812,-0.834265164406713388700609357329085469245910644531250000000000, 0.097168571993666394415178899635066045448184013366699218750000, 0.542733732205905150536295877827797085046768188476562500000000, 0.997107815343601266988571296678856015205383300781250000000000, 3.025643036601234570071028429083526134490966796875000000000000
 0.000531112083661942641771291917507369362283498048782348632812,-0.834265164406713166656004432297777384519577026367187500000000, 0.097168571993666394415178899635066045448184013366699218750000,-0.542733732205905594625505727890413254499435424804687500000000, 2.144484838246192293098602021927945315837860107421875000000000, 3.025643036601234570071028429083526134490966796875000000000000
 0.000531112083661942641771291917507369362283498048782348632812,-0.834265164406713388700609357329085469245910644531250000000000,-0.097168571993666394415178899635066045448184013366699218750000, 0.542733732205905150536295877827797085046768188476562500000000, 0.997107815343601266988571296678856015205383300781250000000000, 3.257542270578351661924898508004844188690185546875000000000000
 0.000531112083661942641771291917507369362283498048782348632812,-0.834265164406713166656004432297777384519577026367187500000000,-0.097168571993666394415178899635066045448184013366699218750000,-0.542733732205905594625505727890413254499435424804687500000000, 2.144484838246192293098602021927945315837860107421875000000000, 3.257542270578351661924898508004844188690185546875000000000000
 0.000538430931995941908577152368309270968893542885780334472656, 0.594349374724670087566380516364006325602531433105468750000000, 0.146520583979505486516003998076485004276037216186523437500000, 0.790746823727227154954277921206085011363029479980468750000000, 0.658768274455666436040246480843052268028259277343750000000000, 0.241703196582247953339006585338211152702569961547851562500000
 0.000538430931995941908577152368309270968893542885780334472656, 0.594349374724670087566380516364006325602531433105468750000000, 0.146520583979505486516003998076485004276037216186523437500000,-0.790746823727227154954277921206085011363029479980468750000000, 2.482824379134126679957716987701132893562316894531250000000000, 0.241703196582247953339006585338211152702569961547851562500000
 0.000538430931995941908577152368309270968893542885780334472656, 0.594349374724670087566380516364006325602531433105468750000000,-0.146520583979505486516003998076485004276037216186523437500000, 0.790746823727227154954277921206085011363029479980468750000000, 0.658768274455666436040246480843052268028259277343750000000000, 6.041482110597338639479403354926034808158874511718750000000000
 0.000538430931995941908577152368309270968893542885780334472656, 0.594349374724670087566380516364006325602531433105468750000000,-0.146520583979505486516003998076485004276037216186523437500000,-0.790746823727227154954277921206085011363029479980468750000000, 2.482824379134126679957716987701132893562316894531250000000000, 6.041482110597338639479403354926034808158874511718750000000000
 0.000538430931995941908577152368309270968893542885780334472656,-0.594349374724670087566380516364006325602531433105468750000000, 0.146520583979505486516003998076485004276037216186523437500000, 0.790746823727227154954277921206085011363029479980468750000000, 0.658768274455666436040246480843052268028259277343750000000000, 2.899889457007545079392230036319233477115631103515625000000000
 0.000538430931995941908577152368309270968893542885780334472656,-0.594349374724670087566380516364006325602531433105468750000000, 0.146520583979505486516003998076485004276037216186523437500000,-0.790746823727227154954277921206085011363029479980468750000000, 2.482824379134126679957716987701132893562316894531250000000000, 2.899889457007545079392230036319233477115631103515625000000000
 0.000538430931995941908577152368309270968893542885780334472656,-0.594349374724670087566380516364006325602531433105468750000000,-0.146520583979505486516003998076485004276037216186523437500000, 0.790746823727227154954277921206085011363029479980468750000000, 0.658768274455666436040246480843052268028259277343750000000000, 3.383295850172041152603696900769136846065521240234375000000000
 0.000538430931995941908577152368309270968893542885780334472656,-0.594349374724670087566380516364006325602531433105468750000000,-0.146520583979505486516003998076485004276037216186523437500000,-0.790746823727227154954277921206085011363029479980468750000000, 2.482824379134126679957716987701132893562316894531250000000000, 3.383295850172041152603696900769136846065521240234375000000000
 0.000538430931995941908577152368309270968893542885780334472656, 0.594349374724669976544078053848352283239364624023437500000000, 0.790746823727227265976580383721739053726196289062500000000000, 0.146520583979505292226974688674090430140495300292968750000000, 1.423746354900889299344157734594773501157760620117187500000000, 0.926252559506223649421485788479913026094436645507812500000000
 0.000538430931995941908577152368309270968893542885780334472656, 0.594349374724669976544078053848352283239364624023437500000000, 0.790746823727227265976580383721739053726196289062500000000000,-0.146520583979505486516003998076485004276037216186523437500000, 1.717846298688904260743015584012027829885482788085937500000000, 0.926252559506223649421485788479913026094436645507812500000000
 0.000538430931995941908577152368309270968893542885780334472656, 0.594349374724669976544078053848352283239364624023437500000000,-0.790746823727227265976580383721739053726196289062500000000000, 0.146520583979505292226974688674090430140495300292968750000000, 1.423746354900889299344157734594773501157760620117187500000000, 5.356932747673362804619046073639765381813049316406250000000000
 0.000538430931995941908577152368309270968893542885780334472656, 0.594349374724669976544078053848352283239364624023437500000000,-0.790746823727227265976580383721739053726196289062500000000000,-0.146520583979505486516003998076485004276037216186523437500000, 1.717846298688904260743015584012027829885482788085937500000000, 5.356932747673362804619046073639765381813049316406250000000000
 0.000538430931995941908577152368309270968893542885780334472656,-0.594349374724670087566380516364006325602531433105468750000000, 0.790746823727227154954277921206085011363029479980468750000000, 0.146520583979505292226974688674090430140495300292968750000000, 1.423746354900889299344157734594773501157760620117187500000000, 2.215340094083569688621082605095580220222473144531250000000000
 0.000538430931995941908577152368309270968893542885780334472656,-0.594349374724670087566380516364006325602531433105468750000000, 0.790746823727227154954277921206085011363029479980468750000000,-0.146520583979505486516003998076485004276037216186523437500000, 1.717846298688904260743015584012027829885482788085937500000000, 2.215340094083569688621082605095580220222473144531250000000000
 0.000538430931995941908577152368309270968893542885780334472656,-0.594349374724670087566380516364006325602531433105468750000000,-0.790746823727227154954277921206085011363029479980468750000000, 0.146520583979505292226974688674090430140495300292968750000000, 1.423746354900889299344157734594773501157760620117187500000000, 4.067845213096016543374844331992790102958679199218750000000000
 0.000538430931995941908577152368309270968893542885780334472656,-0.594349374724670087566380516364006325602531433105468750000000,-0.790746823727227154954277921206085011363029479980468750000000,-0.146520583979505486516003998076485004276037216186523437500000, 1.717846298688904260743015584012027829885482788085937500000000, 4.067845213096016543374844331992790102958679199218750000000000
 0.000538430931995941908577152368309270968893542885780334472656, 0.146520583979505486516003998076485004276037216186523437500000, 0.594349374724670087566380516364006325602531433105468750000000, 0.790746823727227154954277921206085011363029479980468750000000, 0.658768274455666436040246480843052268028259277343750000000000, 1.329093130212648743437853227078448981046676635742187500000000
 0.000538430931995941908577152368309270968893542885780334472656, 0.146520583979505486516003998076485004276037216186523437500000, 0.594349374724670087566380516364006325602531433105468750000000,-0.790746823727227154954277921206085011363029479980468750000000, 2.482824379134126679957716987701132893562316894531250000000000, 1.329093130212648743437853227078448981046676635742187500000000
 0.000538430931995941908577152368309270968893542885780334472656, 0.146520583979505486516003998076485004276037216186523437500000,-0.594349374724670087566380516364006325602531433105468750000000, 0.790746823727227154954277921206085011363029479980468750000000, 0.658768274455666436040246480843052268028259277343750000000000, 4.954092176966937266513468784978613257408142089843750000000000
 0.000538430931995941908577152368309270968893542885780334472656, 0.146520583979505486516003998076485004276037216186523437500000,-0.594349374724670087566380516364006325602531433105468750000000,-0.790746823727227154954277921206085011363029479980468750000000, 2.482824379134126679957716987701132893562316894531250000000000, 4.954092176966937266513468784978613257408142089843750000000000
 0.000538430931995941908577152368309270968893542885780334472656,-0.146520583979505486516003998076485004276037216186523437500000, 0.594349374724670087566380516364006325602531433105468750000000, 0.790746823727227154954277921206085011363029479980468750000000, 0.658768274455666436040246480843052268028259277343750000000000, 1.812499523377144594604715166497044265270233154296875000000000
 0.000538430931995941908577152368309270968893542885780334472656,-0.146520583979505486516003998076485004276037216186523437500000, 0.594349374724670087566380516364006325602531433105468750000000,-0.790746823727227154954277921206085011363029479980468750000000, 2.482824379134126679957716987701132893562316894531250000000000, 1.812499523377144594604715166497044265270233154296875000000000
 0.000538430931995941908577152368309270968893542885780334472656,-0.146520583979505486516003998076485004276037216186523437500000,-0.594349374724670087566380516364006325602531433105468750000000, 0.790746823727227154954277921206085011363029479980468750000000, 0.658768274455666436040246480843052268028259277343750000000000, 4.470685783802441193302001920528709888458251953125000000000000
 0.000538430931995941908577152368309270968893542885780334472656,-0.146520583979505486516003998076485004276037216186523437500000,-0.594349374724670087566380516364006325602531433105468750000000,-0.790746823727227154954277921206085011363029479980468750000000, 2.482824379134126679957716987701132893562316894531250000000000, 4.470685783802441193302001920528709888458251953125000000000000
 0.000538430931995941908577152368309270968893542885780334472656, 0.146520583979505403249277151189744472503662109375000000000000, 0.790746823727227154954277921206085011363029479980468750000000, 0.594349374724669976544078053848352283239364624023437500000000, 0.934339947362736622515910767106106504797935485839843750000000, 1.387580375570482971170349628664553165435791015625000000000000
 0.000538430931995941908577152368309270968893542885780334472656, 0.146520583979505403249277151189744472503662109375000000000000, 0.790746823727227265976580383721739053726196289062500000000000,-0.594349374724669865521775591332698240876197814941406250000000, 2.207252706227056382459750238922424614429473876953125000000000, 1.387580375570482971170349628664553165435791015625000000000000
 0.000538430931995941908577152368309270968893542885780334472656, 0.146520583979505403249277151189744472503662109375000000000000,-0.790746823727227154954277921206085011363029479980468750000000, 0.594349374724669976544078053848352283239364624023437500000000, 0.934339947362736622515910767106106504797935485839843750000000, 4.895604931609103260825577308423817157745361328125000000000000
 0.000538430931995941908577152368309270968893542885780334472656, 0.146520583979505403249277151189744472503662109375000000000000,-0.790746823727227265976580383721739053726196289062500000000000,-0.594349374724669865521775591332698240876197814941406250000000, 2.207252706227056382459750238922424614429473876953125000000000, 4.895604931609103260825577308423817157745361328125000000000000
 0.000538430931995941908577152368309270968893542885780334472656,-0.146520583979505403249277151189744472503662109375000000000000, 0.790746823727227154954277921206085011363029479980468750000000, 0.594349374724669976544078053848352283239364624023437500000000, 0.934339947362736622515910767106106504797935485839843750000000, 1.754012278019310366872218764910940080881118774414062500000000
 0.000538430931995941908577152368309270968893542885780334472656,-0.146520583979505403249277151189744472503662109375000000000000, 0.790746823727227265976580383721739053726196289062500000000000,-0.594349374724669865521775591332698240876197814941406250000000, 2.207252706227056382459750238922424614429473876953125000000000, 1.754012278019310366872218764910940080881118774414062500000000
 0.000538430931995941908577152368309270968893542885780334472656,-0.146520583979505403249277151189744472503662109375000000000000,-0.790746823727227154954277921206085011363029479980468750000000, 0.594349374724669976544078053848352283239364624023437500000000, 0.934339947362736622515910767106106504797935485839843750000000, 4.529173029160276087168313097208738327026367187500000000000000
 0.000538430931995941908577152368309270968893542885780334472656,-0.146520583979505403249277151189744472503662109375000000000000,-0.790746823727227265976580383721739053726196289062500000000000,-0.594349374724669865521775591332698240876197814941406250000000, 2.207252706227056382459750238922424614429473876953125000000000, 4.529173029160276087168313097208738327026367187500000000000000
 0.000538430931995941908577152368309270968893542885780334472656, 0.790746823727227376998882846237393096089363098144531250000000, 0.594349374724669754499473128817044198513031005859375000000000, 0.146520583979505292226974688674090430140495300292968750000000, 1.423746354900889299344157734594773501157760620117187500000000, 0.644543767288672797555193483276525512337684631347656250000000
 0.000538430931995941908577152368309270968893542885780334472656, 0.790746823727227376998882846237393096089363098144531250000000, 0.594349374724669754499473128817044198513031005859375000000000,-0.146520583979505486516003998076485004276037216186523437500000, 1.717846298688904260743015584012027829885482788085937500000000, 0.644543767288672797555193483276525512337684631347656250000000
 0.000538430931995941908577152368309270968893542885780334472656, 0.790746823727227376998882846237393096089363098144531250000000,-0.594349374724669754499473128817044198513031005859375000000000, 0.146520583979505292226974688674090430140495300292968750000000, 1.423746354900889299344157734594773501157760620117187500000000, 5.638641539890913101373826066264882683753967285156250000000000
 0.000538430931995941908577152368309270968893542885780334472656, 0.790746823727227376998882846237393096089363098144531250000000,-0.594349374724669754499473128817044198513031005859375000000000,-0.146520583979505486516003998076485004276037216186523437500000, 1.717846298688904260743015584012027829885482788085937500000000, 5.638641539890913101373826066264882683753967285156250000000000
 0.000538430931995941908577152368309270968893542885780334472656,-0.790746823727227599043487771268701180815696716308593750000000, 0.594349374724669532454868203785736113786697387695312500000000, 0.146520583979505292226974688674090430140495300292968750000000, 1.423746354900889299344157734594773501157760620117187500000000, 2.497048886301120873554282297845929861068725585937500000000000
 0.000538430931995941908577152368309270968893542885780334472656,-0.790746823727227599043487771268701180815696716308593750000000, 0.594349374724669532454868203785736113786697387695312500000000,-0.146520583979505486516003998076485004276037216186523437500000, 1.717846298688904260743015584012027829885482788085937500000000, 2.497048886301120873554282297845929861068725585937500000000000
 0.000538430931995941908577152368309270968893542885780334472656,-0.790746823727227599043487771268701180815696716308593750000000,-0.594349374724669532454868203785736113786697387695312500000000, 0.146520583979505292226974688674090430140495300292968750000000, 1.423746354900889299344157734594773501157760620117187500000000, 3.786136420878465358441644639242440462112426757812500000000000
 0.000538430931995941908577152368309270968893542885780334472656,-0.790746823727227599043487771268701180815696716308593750000000,-0.594349374724669532454868203785736113786697387695312500000000,-0.146520583979505486516003998076485004276037216186523437500000, 1.717846298688904260743015584012027829885482788085937500000000, 3.786136420878465358441644639242440462112426757812500000000000
 0.000538430931995941908577152368309270968893542885780334472656, 0.790746823727227154954277921206085011363029479980468750000000, 0.146520583979505708560608923107793089002370834350585937500000, 0.594349374724669976544078053848352283239364624023437500000000, 0.934339947362736622515910767106106504797935485839843750000000, 0.183215951224414141940144418185809627175331115722656250000000
 0.000538430931995941908577152368309270968893542885780334472656, 0.790746823727227265976580383721739053726196289062500000000000, 0.146520583979505708560608923107793089002370834350585937500000,-0.594349374724669865521775591332698240876197814941406250000000, 2.207252706227056382459750238922424614429473876953125000000000, 0.183215951224414114184568802556896116584539413452148437500000
 0.000538430931995941908577152368309270968893542885780334472656, 0.790746823727227154954277921206085011363029479980468750000000,-0.146520583979505708560608923107793089002370834350585937500000, 0.594349374724669976544078053848352283239364624023437500000000, 0.934339947362736622515910767106106504797935485839843750000000, 6.099969355955171756988875131355598568916320800781250000000000
 0.000538430931995941908577152368309270968893542885780334472656, 0.790746823727227265976580383721739053726196289062500000000000,-0.146520583979505708560608923107793089002370834350585937500000,-0.594349374724669865521775591332698240876197814941406250000000, 2.207252706227056382459750238922424614429473876953125000000000, 6.099969355955171756988875131355598568916320800781250000000000
 0.000538430931995941908577152368309270968893542885780334472656,-0.790746823727227154954277921206085011363029479980468750000000, 0.146520583979505597538306460592139046639204025268554687500000, 0.594349374724669976544078053848352283239364624023437500000000, 0.934339947362736622515910767106106504797935485839843750000000, 2.958376702365379085080121512874029576778411865234375000000000
 0.000538430931995941908577152368309270968893542885780334472656,-0.790746823727227265976580383721739053726196289062500000000000, 0.146520583979505597538306460592139046639204025268554687500000,-0.594349374724669865521775591332698240876197814941406250000000, 2.207252706227056382459750238922424614429473876953125000000000, 2.958376702365379085080121512874029576778411865234375000000000
 0.000538430931995941908577152368309270968893542885780334472656,-0.790746823727227154954277921206085011363029479980468750000000,-0.146520583979505597538306460592139046639204025268554687500000, 0.594349374724669976544078053848352283239364624023437500000000, 0.934339947362736622515910767106106504797935485839843750000000, 3.324808604814207146915805424214340746402740478515625000000000
 0.000538430931995941908577152368309270968893542885780334472656,-0.790746823727227265976580383721739053726196289062500000000000,-0.146520583979505597538306460592139046639204025268554687500000,-0.594349374724669865521775591332698240876197814941406250000000, 2.207252706227056382459750238922424614429473876953125000000000, 3.324808604814207146915805424214340746402740478515625000000000
 0.000542185950404941419643323197163908844231627881526947021484, 0.642131403356494323553249614633386954665184020996093750000000, 0.195357944980357689512828756051021628081798553466796875000000, 0.741284381432976591241867936332710087299346923828125000000000, 0.735814399763910387264331802725791931152343750000000000000000, 0.295336286217252330654758907257928512990474700927734375000000
 0.000542185950404941419643323197163908844231627881526947021484, 0.642131403356493990486342227086424827575683593750000000000000, 0.195357944980357606246101909164281096309423446655273437500000,-0.741284381432976924308775323879672214388847351074218750000000, 2.405778253825883172822841515881009399890899658203125000000000, 0.295336286217252386165910138515755534172058105468750000000000
 0.000542185950404941419643323197163908844231627881526947021484, 0.642131403356494323553249614633386954665184020996093750000000,-0.195357944980357689512828756051021628081798553466796875000000, 0.741284381432976591241867936332710087299346923828125000000000, 0.735814399763910387264331802725791931152343750000000000000000, 5.987849020962333845830016798572614789009094238281250000000000
 0.000542185950404941419643323197163908844231627881526947021484, 0.642131403356493990486342227086424827575683593750000000000000,-0.195357944980357606246101909164281096309423446655273437500000,-0.741284381432976924308775323879672214388847351074218750000000, 2.405778253825883172822841515881009399890899658203125000000000, 5.987849020962333845830016798572614789009094238281250000000000
 0.000542185950404941419643323197163908844231627881526947021484,-0.642131403356494212530947152117732912302017211914062500000000, 0.195357944980357911557433681082329712808132171630859375000000, 0.741284381432976591241867936332710087299346923828125000000000, 0.735814399763910387264331802725791931152343750000000000000000, 2.846256367372540729832053330028429627418518066406250000000000
 0.000542185950404941419643323197163908844231627881526947021484,-0.642131403356493879464039764570770785212516784667968750000000, 0.195357944980357800535131218566675670444965362548828125000000,-0.741284381432976924308775323879672214388847351074218750000000, 2.405778253825883172822841515881009399890899658203125000000000, 2.846256367372540729832053330028429627418518066406250000000000
 0.000542185950404941419643323197163908844231627881526947021484,-0.642131403356494212530947152117732912302017211914062500000000,-0.195357944980357911557433681082329712808132171630859375000000, 0.741284381432976591241867936332710087299346923828125000000000, 0.735814399763910387264331802725791931152343750000000000000000, 3.436928939807045502163873607059940695762634277343750000000000
 0.000542185950404941419643323197163908844231627881526947021484,-0.642131403356493879464039764570770785212516784667968750000000,-0.195357944980357800535131218566675670444965362548828125000000,-0.741284381432976924308775323879672214388847351074218750000000, 2.405778253825883172822841515881009399890899658203125000000000, 3.436928939807045502163873607059940695762634277343750000000000
 0.000542185950404941419643323197163908844231627881526947021484, 0.642131403356494323553249614633386954665184020996093750000000, 0.741284381432976702264170398848364129662513732910156250000000, 0.195357944980357411957072599761886522173881530761718750000000, 1.374173912528589003301249249489046633243560791015625000000000, 0.856948393606728364702007638697978109121322631835937500000000
 0.000542185950404941419643323197163908844231627881526947021484, 0.642131403356494323553249614633386954665184020996093750000000, 0.741284381432976702264170398848364129662513732910156250000000,-0.195357944980357411957072599761886522173881530761718750000000, 1.767418741061204112696714219055138528347015380859375000000000, 0.856948393606728364702007638697978109121322631835937500000000
 0.000542185950404941419643323197163908844231627881526947021484, 0.642131403356494323553249614633386954665184020996093750000000,-0.741284381432976702264170398848364129662513732910156250000000, 0.195357944980357411957072599761886522173881530761718750000000, 1.374173912528589003301249249489046633243560791015625000000000, 5.426236913572857645249314373359084129333496093750000000000000
 0.000542185950404941419643323197163908844231627881526947021484, 0.642131403356494323553249614633386954665184020996093750000000,-0.741284381432976702264170398848364129662513732910156250000000,-0.195357944980357411957072599761886522173881530761718750000000, 1.767418741061204112696714219055138528347015380859375000000000, 5.426236913572857645249314373359084129333496093750000000000000
 0.000542185950404941419643323197163908844231627881526947021484,-0.642131403356494656620157002180349081754684448242187500000000, 0.741284381432976369197263011301402002573013305664062500000000, 0.195357944980357411957072599761886522173881530761718750000000, 1.374173912528589003301249249489046633243560791015625000000000, 2.284644259983065417429770604940131306648254394531250000000000
 0.000542185950404941419643323197163908844231627881526947021484,-0.642131403356494656620157002180349081754684448242187500000000, 0.741284381432976369197263011301402002573013305664062500000000,-0.195357944980357411957072599761886522173881530761718750000000, 1.767418741061204112696714219055138528347015380859375000000000, 2.284644259983065417429770604940131306648254394531250000000000
 0.000542185950404941419643323197163908844231627881526947021484,-0.642131403356494656620157002180349081754684448242187500000000,-0.741284381432976369197263011301402002573013305664062500000000, 0.195357944980357411957072599761886522173881530761718750000000, 1.374173912528589003301249249489046633243560791015625000000000, 3.998541047196520814566156332148239016532897949218750000000000
 0.000542185950404941419643323197163908844231627881526947021484,-0.642131403356494656620157002180349081754684448242187500000000,-0.741284381432976369197263011301402002573013305664062500000000,-0.195357944980357411957072599761886522173881530761718750000000, 1.767418741061204112696714219055138528347015380859375000000000, 3.998541047196520814566156332148239016532897949218750000000000
 0.000542185950404941419643323197163908844231627881526947021484, 0.195357944980357411957072599761886522173881530761718750000000, 0.642131403356494323553249614633386954665184020996093750000000, 0.741284381432976591241867936332710087299346923828125000000000, 0.735814399763910387264331802725791931152343750000000000000000, 1.275460040577644615922281445818953216075897216796875000000000
 0.000542185950404941419643323197163908844231627881526947021484, 0.195357944980357300934770137246232479810714721679687500000000, 0.642131403356493990486342227086424827575683593750000000000000,-0.741284381432976924308775323879672214388847351074218750000000, 2.405778253825883616912051365943625569343566894531250000000000, 1.275460040577644615922281445818953216075897216796875000000000
 0.000542185950404941419643323197163908844231627881526947021484, 0.195357944980357411957072599761886522173881530761718750000000,-0.642131403356494323553249614633386954665184020996093750000000, 0.741284381432976591241867936332710087299346923828125000000000, 0.735814399763910387264331802725791931152343750000000000000000, 5.007725266601941171984435641206800937652587890625000000000000
 0.000542185950404941419643323197163908844231627881526947021484, 0.195357944980357300934770137246232479810714721679687500000000,-0.642131403356493990486342227086424827575683593750000000000000,-0.741284381432976924308775323879672214388847351074218750000000, 2.405778253825883616912051365943625569343566894531250000000000, 5.007725266601941171984435641206800937652587890625000000000000
 0.000542185950404941419643323197163908844231627881526947021484,-0.195357944980357411957072599761886522173881530761718750000000, 0.642131403356494323553249614633386954665184020996093750000000, 0.741284381432976591241867936332710087299346923828125000000000, 0.735814399763910387264331802725791931152343750000000000000000, 1.866132613012148500075682022725231945514678955078125000000000
 0.000542185950404941419643323197163908844231627881526947021484,-0.195357944980357300934770137246232479810714721679687500000000, 0.642131403356493990486342227086424827575683593750000000000000,-0.741284381432976924308775323879672214388847351074218750000000, 2.405778253825883616912051365943625569343566894531250000000000, 1.866132613012148500075682022725231945514678955078125000000000
 0.000542185950404941419643323197163908844231627881526947021484,-0.195357944980357411957072599761886522173881530761718750000000,-0.642131403356494323553249614633386954665184020996093750000000, 0.741284381432976591241867936332710087299346923828125000000000, 0.735814399763910387264331802725791931152343750000000000000000, 4.417052694167438176009454764425754547119140625000000000000000
 0.000542185950404941419643323197163908844231627881526947021484,-0.195357944980357300934770137246232479810714721679687500000000,-0.642131403356493990486342227086424827575683593750000000000000,-0.741284381432976924308775323879672214388847351074218750000000, 2.405778253825883616912051365943625569343566894531250000000000, 4.417052694167438176009454764425754547119140625000000000000000
 0.000542185950404941419643323197163908844231627881526947021484, 0.195357944980357300934770137246232479810714721679687500000000, 0.741284381432976591241867936332710087299346923828125000000000, 0.642131403356494323553249614633386954665184020996093750000000, 0.873520934987148667261180889909155666828155517578125000000000, 1.313115465663928338457822064810898154973983764648437500000000
 0.000542185950404941419643323197163908844231627881526947021484, 0.195357944980357300934770137246232479810714721679687500000000, 0.741284381432976480219565473817056044936180114746093750000000,-0.642131403356494434575552077149040997028350830078125000000000, 2.268071718602644892825992428697645664215087890625000000000000, 1.313115465663928338457822064810898154973983764648437500000000
 0.000542185950404941419643323197163908844231627881526947021484, 0.195357944980357300934770137246232479810714721679687500000000,-0.741284381432976591241867936332710087299346923828125000000000, 0.642131403356494323553249614633386954665184020996093750000000, 0.873520934987148667261180889909155666828155517578125000000000, 4.970069841515657671493499947246164083480834960937500000000000
 0.000542185950404941419643323197163908844231627881526947021484, 0.195357944980357300934770137246232479810714721679687500000000,-0.741284381432976480219565473817056044936180114746093750000000,-0.642131403356494434575552077149040997028350830078125000000000, 2.268071718602644892825992428697645664215087890625000000000000, 4.970069841515657671493499947246164083480834960937500000000000
 0.000542185950404941419643323197163908844231627881526947021484,-0.195357944980357495223799446648627053946256637573242187500000, 0.741284381432976591241867936332710087299346923828125000000000, 0.642131403356494323553249614633386954665184020996093750000000, 0.873520934987148778283483352424809709191322326660156250000000, 1.828477187925864999584746328764595091342926025390625000000000
 0.000542185950404941419643323197163908844231627881526947021484,-0.195357944980357495223799446648627053946256637573242187500000, 0.741284381432976480219565473817056044936180114746093750000000,-0.642131403356494434575552077149040997028350830078125000000000, 2.268071718602644892825992428697645664215087890625000000000000, 1.828477187925864999584746328764595091342926025390625000000000
 0.000542185950404941419643323197163908844231627881526947021484,-0.195357944980357495223799446648627053946256637573242187500000,-0.741284381432976591241867936332710087299346923828125000000000, 0.642131403356494323553249614633386954665184020996093750000000, 0.873520934987148778283483352424809709191322326660156250000000, 4.454708119253721676500390458386391401290893554687500000000000
 0.000542185950404941419643323197163908844231627881526947021484,-0.195357944980357495223799446648627053946256637573242187500000,-0.741284381432976480219565473817056044936180114746093750000000,-0.642131403356494434575552077149040997028350830078125000000000, 2.268071718602644892825992428697645664215087890625000000000000, 4.454708119253721676500390458386391401290893554687500000000000
 0.000542185950404941419643323197163908844231627881526947021484, 0.741284381432976702264170398848364129662513732910156250000000, 0.642131403356494323553249614633386954665184020996093750000000, 0.195357944980357411957072599761886522173881530761718750000000, 1.374173912528589003301249249489046633243560791015625000000000, 0.713847933188168193296974095574114471673965454101562500000000
 0.000542185950404941419643323197163908844231627881526947021484, 0.741284381432976702264170398848364129662513732910156250000000, 0.642131403356494323553249614633386954665184020996093750000000,-0.195357944980357411957072599761886522173881530761718750000000, 1.767418741061204112696714219055138528347015380859375000000000, 0.713847933188168193296974095574114471673965454101562500000000
 0.000542185950404941419643323197163908844231627881526947021484, 0.741284381432976702264170398848364129662513732910156250000000,-0.642131403356494323553249614633386954665184020996093750000000, 0.195357944980357411957072599761886522173881530761718750000000, 1.374173912528589003301249249489046633243560791015625000000000, 5.569337373991418260743557766545563936233520507812500000000000
 0.000542185950404941419643323197163908844231627881526947021484, 0.741284381432976702264170398848364129662513732910156250000000,-0.642131403356494323553249614633386954665184020996093750000000,-0.195357944980357411957072599761886522173881530761718750000000, 1.767418741061204112696714219055138528347015380859375000000000, 5.569337373991418260743557766545563936233520507812500000000000
 0.000542185950404941419643323197163908844231627881526947021484,-0.741284381432976702264170398848364129662513732910156250000000, 0.642131403356494323553249614633386954665184020996093750000000, 0.195357944980357411957072599761886522173881530761718750000000, 1.374173912528589003301249249489046633243560791015625000000000, 2.427744720401625144745594298001378774642944335937500000000000
 0.000542185950404941419643323197163908844231627881526947021484,-0.741284381432976702264170398848364129662513732910156250000000, 0.642131403356494323553249614633386954665184020996093750000000,-0.195357944980357411957072599761886522173881530761718750000000, 1.767418741061204112696714219055138528347015380859375000000000, 2.427744720401625144745594298001378774642944335937500000000000
 0.000542185950404941419643323197163908844231627881526947021484,-0.741284381432976702264170398848364129662513732910156250000000,-0.642131403356494323553249614633386954665184020996093750000000, 0.195357944980357411957072599761886522173881530761718750000000, 1.374173912528589003301249249489046633243560791015625000000000, 3.855440586777961087250332639086991548538208007812500000000000
 0.000542185950404941419643323197163908844231627881526947021484,-0.741284381432976702264170398848364129662513732910156250000000,-0.642131403356494323553249614633386954665184020996093750000000,-0.195357944980357411957072599761886522173881530761718750000000, 1.767418741061204112696714219055138528347015380859375000000000, 3.855440586777961087250332639086991548538208007812500000000000
 0.000542185950404941419643323197163908844231627881526947021484, 0.741284381432976591241867936332710087299346923828125000000000, 0.195357944980357411957072599761886522173881530761718750000000, 0.642131403356494323553249614633386954665184020996093750000000, 0.873520934987148778283483352424809709191322326660156250000000, 0.257680861130968330563462131976848468184471130371093750000000
 0.000542185950404941419643323197163908844231627881526947021484, 0.741284381432976480219565473817056044936180114746093750000000, 0.195357944980357411957072599761886522173881530761718750000000,-0.642131403356494434575552077149040997028350830078125000000000, 2.268071718602644892825992428697645664215087890625000000000000, 0.257680861130968386074613363234675489366054534912109375000000
 0.000542185950404941419643323197163908844231627881526947021484, 0.741284381432976591241867936332710087299346923828125000000000,-0.195357944980357411957072599761886522173881530761718750000000, 0.642131403356494323553249614633386954665184020996093750000000, 0.873520934987148778283483352424809709191322326660156250000000, 6.025504446048618234499372192658483982086181640625000000000000
 0.000542185950404941419643323197163908844231627881526947021484, 0.741284381432976480219565473817056044936180114746093750000000,-0.195357944980357411957072599761886522173881530761718750000000,-0.642131403356494434575552077149040997028350830078125000000000, 2.268071718602644892825992428697645664215087890625000000000000, 6.025504446048618234499372192658483982086181640625000000000000
 0.000542185950404941419643323197163908844231627881526947021484,-0.741284381432976702264170398848364129662513732910156250000000, 0.195357944980357106645740827843837905675172805786132812500000, 0.642131403356494323553249614633386954665184020996093750000000, 0.873520934987148778283483352424809709191322326660156250000000, 2.883911792458825118501408724114298820495605468750000000000000
 0.000542185950404941419643323197163908844231627881526947021484,-0.741284381432976591241867936332710087299346923828125000000000, 0.195357944980357106645740827843837905675172805786132812500000,-0.642131403356494434575552077149040997028350830078125000000000, 2.268071718602644448736782578635029494762420654296875000000000, 2.883911792458825118501408724114298820495605468750000000000000
 0.000542185950404941419643323197163908844231627881526947021484,-0.741284381432976702264170398848364129662513732910156250000000,-0.195357944980357106645740827843837905675172805786132812500000, 0.642131403356494323553249614633386954665184020996093750000000, 0.873520934987148778283483352424809709191322326660156250000000, 3.399273514720761113494518212974071502685546875000000000000000
 0.000542185950404941419643323197163908844231627881526947021484,-0.741284381432976591241867936332710087299346923828125000000000,-0.195357944980357106645740827843837905675172805786132812500000,-0.642131403356494434575552077149040997028350830078125000000000, 2.268071718602644448736782578635029494762420654296875000000000, 3.399273514720761113494518212974071502685546875000000000000000
 0.000539094835504941760802311012668042167206294834613800048828, 0.602062837471397882538326484791468828916549682617187500000000, 0.049163750157381599925621173952094977721571922302246093750000, 0.796933664370097827323036199231864884495735168457031250000000, 0.648594395853077099189931686851195991039276123046875000000000, 0.081478053287733956389082834448345238342881202697753906250000
 0.000539094835504941760802311012668042167206294834613800048828, 0.602062837471397993560628947307122871279716491699218750000000, 0.049163750157381599925621173952094977721571922302246093750000,-0.796933664370097716300733736716210842132568359375000000000000, 2.492998257736716016808031781692989170551300048828125000000000, 0.081478053287733942511295026633888483047485351562500000000000
 0.000539094835504941760802311012668042167206294834613800048828, 0.602062837471397882538326484791468828916549682617187500000000,-0.049163750157381599925621173952094977721571922302246093750000, 0.796933664370097827323036199231864884495735168457031250000000, 0.648594395853077099189931686851195991039276123046875000000000, 6.201707253891852289484631910454481840133666992187500000000000
 0.000539094835504941760802311012668042167206294834613800048828, 0.602062837471397993560628947307122871279716491699218750000000,-0.049163750157381599925621173952094977721571922302246093750000,-0.796933664370097716300733736716210842132568359375000000000000, 2.492998257736716016808031781692989170551300048828125000000000, 6.201707253891852289484631910454481840133666992187500000000000
 0.000539094835504941760802311012668042167206294834613800048828,-0.602062837471397882538326484791468828916549682617187500000000, 0.049163750157381599925621173952094977721571922302246093750000, 0.796933664370097827323036199231864884495735168457031250000000, 0.648594395853077099189931686851195991039276123046875000000000, 3.060114600302059173486668441910296678543090820312500000000000
 0.000539094835504941760802311012668042167206294834613800048828,-0.602062837471397993560628947307122871279716491699218750000000, 0.049163750157381599925621173952094977721571922302246093750000,-0.796933664370097716300733736716210842132568359375000000000000, 2.492998257736716016808031781692989170551300048828125000000000, 3.060114600302059173486668441910296678543090820312500000000000
 0.000539094835504941760802311012668042167206294834613800048828,-0.602062837471397882538326484791468828916549682617187500000000,-0.049163750157381599925621173952094977721571922302246093750000, 0.796933664370097827323036199231864884495735168457031250000000, 0.648594395853077099189931686851195991039276123046875000000000, 3.223070706877527058509258495178073644638061523437500000000000
 0.000539094835504941760802311012668042167206294834613800048828,-0.602062837471397993560628947307122871279716491699218750000000,-0.049163750157381599925621173952094977721571922302246093750000,-0.796933664370097716300733736716210842132568359375000000000000, 2.492998257736716016808031781692989170551300048828125000000000, 3.223070706877527058509258495178073644638061523437500000000000
 0.000539094835504941760802311012668042167206294834613800048828, 0.602062837471397771516024022275814786553382873535156250000000, 0.796933664370097827323036199231864884495735168457031250000000, 0.049163750157381003180745437930454500019550323486328125000000, 1.521612749658050267598241589439567178487777709960937500000000, 0.923800913992982031253120567271253094077110290527343750000000
 0.000539094835504941760802311012668042167206294834613800048828, 0.602062837471397771516024022275814786553382873535156250000000, 0.796933664370097827323036199231864884495735168457031250000000,-0.049163750157381003180745437930454500019550323486328125000000, 1.619979903931742848399721879104617983102798461914062500000000, 0.923800913992982031253120567271253094077110290527343750000000
 0.000539094835504941760802311012668042167206294834613800048828, 0.602062837471397771516024022275814786553382873535156250000000,-0.796933664370097827323036199231864884495735168457031250000000, 0.049163750157381003180745437930454500019550323486328125000000, 1.521612749658050267598241589439567178487777709960937500000000, 5.359384393186604533809713757364079356193542480468750000000000
 0.000539094835504941760802311012668042167206294834613800048828, 0.602062837471397771516024022275814786553382873535156250000000,-0.796933664370097827323036199231864884495735168457031250000000,-0.049163750157381003180745437930454500019550323486328125000000, 1.619979903931742848399721879104617983102798461914062500000000, 5.359384393186604533809713757364079356193542480468750000000000
 0.000539094835504941760802311012668042167206294834613800048828,-0.602062837471397993560628947307122871279716491699218750000000, 0.796933664370097716300733736716210842132568359375000000000000, 0.049163750157381003180745437930454500019550323486328125000000, 1.521612749658050267598241589439567178487777709960937500000000, 2.217791739596811417811750288819894194602966308593750000000000
 0.000539094835504941760802311012668042167206294834613800048828,-0.602062837471397993560628947307122871279716491699218750000000, 0.796933664370097716300733736716210842132568359375000000000000,-0.049163750157381003180745437930454500019550323486328125000000, 1.619979903931742848399721879104617983102798461914062500000000, 2.217791739596811417811750288819894194602966308593750000000000
 0.000539094835504941760802311012668042167206294834613800048828,-0.602062837471397993560628947307122871279716491699218750000000,-0.796933664370097716300733736716210842132568359375000000000000, 0.049163750157381003180745437930454500019550323486328125000000, 1.521612749658050267598241589439567178487777709960937500000000, 4.065393567582774814184176648268476128578186035156250000000000
 0.000539094835504941760802311012668042167206294834613800048828,-0.602062837471397993560628947307122871279716491699218750000000,-0.796933664370097716300733736716210842132568359375000000000000,-0.049163750157381003180745437930454500019550323486328125000000, 1.619979903931742848399721879104617983102798461914062500000000, 4.065393567582774814184176648268476128578186035156250000000000
 0.000539094835504941760802311012668042167206294834613800048828, 0.049163750157381003180745437930454500019550323486328125000000, 0.602062837471397882538326484791468828916549682617187500000000, 0.796933664370097827323036199231864884495735168457031250000000, 0.648594395853077099189931686851195991039276123046875000000000, 1.489318273507163725710711332794744521379470825195312500000000
 0.000539094835504941760802311012668042167206294834613800048828, 0.049163750157381003180745437930454500019550323486328125000000, 0.602062837471397993560628947307122871279716491699218750000000,-0.796933664370097716300733736716210842132568359375000000000000, 2.492998257736716016808031781692989170551300048828125000000000, 1.489318273507163725710711332794744521379470825195312500000000
 0.000539094835504941760802311012668042167206294834613800048828, 0.049163750157381003180745437930454500019550323486328125000000,-0.602062837471397882538326484791468828916549682617187500000000, 0.796933664370097827323036199231864884495735168457031250000000, 0.648594395853077099189931686851195991039276123046875000000000, 4.793867033672422728329820529324933886528015136718750000000000
 0.000539094835504941760802311012668042167206294834613800048828, 0.049163750157381003180745437930454500019550323486328125000000,-0.602062837471397993560628947307122871279716491699218750000000,-0.796933664370097716300733736716210842132568359375000000000000, 2.492998257736716016808031781692989170551300048828125000000000, 4.793867033672422728329820529324933886528015136718750000000000
 0.000539094835504941760802311012668042167206294834613800048828,-0.049163750157381003180745437930454500019550323486328125000000, 0.602062837471397882538326484791468828916549682617187500000000, 0.796933664370097827323036199231864884495735168457031250000000, 0.648594395853077099189931686851195991039276123046875000000000, 1.652274380082629612331857060780748724937438964843750000000000
 0.000539094835504941760802311012668042167206294834613800048828,-0.049163750157381003180745437930454500019550323486328125000000, 0.602062837471397993560628947307122871279716491699218750000000,-0.796933664370097716300733736716210842132568359375000000000000, 2.492998257736716016808031781692989170551300048828125000000000, 1.652274380082629612331857060780748724937438964843750000000000
 0.000539094835504941760802311012668042167206294834613800048828,-0.049163750157381003180745437930454500019550323486328125000000,-0.602062837471397882538326484791468828916549682617187500000000, 0.796933664370097827323036199231864884495735168457031250000000, 0.648594395853077099189931686851195991039276123046875000000000, 4.630910927096956619664069876307621598243713378906250000000000
 0.000539094835504941760802311012668042167206294834613800048828,-0.049163750157381003180745437930454500019550323486328125000000,-0.602062837471397993560628947307122871279716491699218750000000,-0.796933664370097716300733736716210842132568359375000000000000, 2.492998257736716016808031781692989170551300048828125000000000, 4.630910927096956619664069876307621598243713378906250000000000
 0.000539094835504941760802311012668042167206294834613800048828, 0.049163750157381100325260092631651787087321281433105468750000, 0.796933664370097938345338661747518926858901977539062500000000, 0.602062837471397882538326484791468828916549682617187500000000, 0.924714170119948941639620443311287090182304382324218750000000, 1.509183265012021601947367344109807163476943969726562500000000
 0.000539094835504941760802311012668042167206294834613800048828, 0.049163750157381100325260092631651787087321281433105468750000, 0.796933664370097827323036199231864884495735168457031250000000,-0.602062837471397993560628947307122871279716491699218750000000, 2.216878483469844507425250412779860198497772216796875000000000, 1.509183265012021601947367344109807163476943969726562500000000
 0.000539094835504941760802311012668042167206294834613800048828, 0.049163750157381100325260092631651787087321281433105468750000,-0.796933664370097938345338661747518926858901977539062500000000, 0.602062837471397882538326484791468828916549682617187500000000, 0.924714170119948941639620443311287090182304382324218750000000, 4.774002042167564852093164518009871244430541992187500000000000
 0.000539094835504941760802311012668042167206294834613800048828, 0.049163750157381100325260092631651787087321281433105468750000,-0.796933664370097827323036199231864884495735168457031250000000,-0.602062837471397993560628947307122871279716491699218750000000, 2.216878483469844507425250412779860198497772216796875000000000, 4.774002042167564852093164518009871244430541992187500000000000
 0.000539094835504941760802311012668042167206294834613800048828,-0.049163750157381100325260092631651787087321281433105468750000, 0.796933664370097938345338661747518926858901977539062500000000, 0.602062837471397882538326484791468828916549682617187500000000, 0.924714170119948941639620443311287090182304382324218750000000, 1.632409388577771514050596124434377998113632202148437500000000
 0.000539094835504941760802311012668042167206294834613800048828,-0.049163750157381100325260092631651787087321281433105468750000, 0.796933664370097827323036199231864884495735168457031250000000,-0.602062837471397993560628947307122871279716491699218750000000, 2.216878483469844507425250412779860198497772216796875000000000, 1.632409388577771514050596124434377998113632202148437500000000
 0.000539094835504941760802311012668042167206294834613800048828,-0.049163750157381100325260092631651787087321281433105468750000,-0.796933664370097938345338661747518926858901977539062500000000, 0.602062837471397882538326484791468828916549682617187500000000, 0.924714170119948941639620443311287090182304382324218750000000, 4.650775918601814495900725887622684240341186523437500000000000
 0.000539094835504941760802311012668042167206294834613800048828,-0.049163750157381100325260092631651787087321281433105468750000,-0.796933664370097827323036199231864884495735168457031250000000,-0.602062837471397993560628947307122871279716491699218750000000, 2.216878483469844507425250412779860198497772216796875000000000, 4.650775918601814495900725887622684240341186523437500000000000
 0.000539094835504941760802311012668042167206294834613800048828, 0.796933664370097716300733736716210842132568359375000000000000, 0.602062837471397993560628947307122871279716491699218750000000, 0.049163750157381003180745437930454500019550323486328125000000, 1.521612749658050267598241589439567178487777709960937500000000, 0.646995412801914859812768554547801613807678222656250000000000
 0.000539094835504941760802311012668042167206294834613800048828, 0.796933664370097716300733736716210842132568359375000000000000, 0.602062837471397993560628947307122871279716491699218750000000,-0.049163750157381003180745437930454500019550323486328125000000, 1.619979903931742848399721879104617983102798461914062500000000, 0.646995412801914859812768554547801613807678222656250000000000
 0.000539094835504941760802311012668042167206294834613800048828, 0.796933664370097716300733736716210842132568359375000000000000,-0.602062837471397993560628947307122871279716491699218750000000, 0.049163750157381003180745437930454500019550323486328125000000, 1.521612749658050267598241589439567178487777709960937500000000, 5.636189894377671372183158382540568709373474121093750000000000
 0.000539094835504941760802311012668042167206294834613800048828, 0.796933664370097716300733736716210842132568359375000000000000,-0.602062837471397993560628947307122871279716491699218750000000,-0.049163750157381003180745437930454500019550323486328125000000, 1.619979903931742848399721879104617983102798461914062500000000, 5.636189894377671372183158382540568709373474121093750000000000
 0.000539094835504941760802311012668042167206294834613800048828,-0.796933664370097716300733736716210842132568359375000000000000, 0.602062837471397993560628947307122871279716491699218750000000, 0.049163750157381003180745437930454500019550323486328125000000, 1.521612749658050267598241589439567178487777709960937500000000, 2.494597240787878256185194913996383547782897949218750000000000
 0.000539094835504941760802311012668042167206294834613800048828,-0.796933664370097716300733736716210842132568359375000000000000, 0.602062837471397993560628947307122871279716491699218750000000,-0.049163750157381003180745437930454500019550323486328125000000, 1.619979903931742848399721879104617983102798461914062500000000, 2.494597240787878256185194913996383547782897949218750000000000
 0.000539094835504941760802311012668042167206294834613800048828,-0.796933664370097716300733736716210842132568359375000000000000,-0.602062837471397993560628947307122871279716491699218750000000, 0.049163750157381003180745437930454500019550323486328125000000, 1.521612749658050267598241589439567178487777709960937500000000, 3.788588066391707975810732023091986775398254394531250000000000
 0.000539094835504941760802311012668042167206294834613800048828,-0.796933664370097716300733736716210842132568359375000000000000,-0.602062837471397993560628947307122871279716491699218750000000,-0.049163750157381003180745437930454500019550323486328125000000, 1.619979903931742848399721879104617983102798461914062500000000, 3.788588066391707975810732023091986775398254394531250000000000
 0.000539094835504941760802311012668042167206294834613800048828, 0.796933664370097827323036199231864884495735168457031250000000, 0.049163750157382002381467600571340881288051605224609375000000, 0.602062837471397882538326484791468828916549682617187500000000, 0.924714170119948941639620443311287090182304382324218750000000, 0.061613061782876107908002438762196106836199760437011718750000
 0.000539094835504941760802311012668042167206294834613800048828, 0.796933664370097716300733736716210842132568359375000000000000, 0.049163750157382002381467600571340881288051605224609375000000,-0.602062837471397993560628947307122871279716491699218750000000, 2.216878483469844507425250412779860198497772216796875000000000, 0.061613061782876121785790246576652862131595611572265625000000
 0.000539094835504941760802311012668042167206294834613800048828, 0.796933664370097827323036199231864884495735168457031250000000,-0.049163750157382002381467600571340881288051605224609375000000, 0.602062837471397882538326484791468828916549682617187500000000, 0.924714170119948941639620443311287090182304382324218750000000, 6.221572245396710165721287921769544482231140136718750000000000
 0.000539094835504941760802311012668042167206294834613800048828, 0.796933664370097716300733736716210842132568359375000000000000,-0.049163750157382002381467600571340881288051605224609375000000,-0.602062837471397993560628947307122871279716491699218750000000, 2.216878483469844507425250412779860198497772216796875000000000, 6.221572245396710165721287921769544482231140136718750000000000
 0.000539094835504941760802311012668042167206294834613800048828,-0.796933664370097827323036199231864884495735168457031250000000, 0.049163750157381898298059041962915216572582721710205078125000, 0.602062837471397882538326484791468828916549682617187500000000, 0.924714170119948941639620443311287090182304382324218750000000, 3.079979591806917049723324453225359320640563964843750000000000
 0.000539094835504941760802311012668042167206294834613800048828,-0.796933664370097716300733736716210842132568359375000000000000, 0.049163750157381801153544387261717929504811763763427734375000,-0.602062837471397993560628947307122871279716491699218750000000, 2.216878483469844507425250412779860198497772216796875000000000, 3.079979591806917493812534303287975490093231201171875000000000
 0.000539094835504941760802311012668042167206294834613800048828,-0.796933664370097827323036199231864884495735168457031250000000,-0.049163750157381898298059041962915216572582721710205078125000, 0.602062837471397882538326484791468828916549682617187500000000, 0.924714170119948941639620443311287090182304382324218750000000, 3.203205715372669182272602483863011002540588378906250000000000
 0.000539094835504941760802311012668042167206294834613800048828,-0.796933664370097716300733736716210842132568359375000000000000,-0.049163750157381801153544387261717929504811763763427734375000,-0.602062837471397993560628947307122871279716491699218750000000, 2.216878483469844507425250412779860198497772216796875000000000, 3.203205715372668738183392633800394833087921142578125000000000
 0.000543331270502941314319567123192200597259216010570526123047, 0.652922252985688178483769661397673189640045166015625000000000, 0.098616215401270204687911302698921645060181617736816406250000, 0.750977611927295285454420081805437803268432617187500000000000, 0.721254996382361790452364402881357818841934204101562500000000, 0.149905167486272833388127878606610465794801712036132812500000
 0.000543331270502941314319567123192200597259216010570526123047, 0.652922252985688178483769661397673189640045166015625000000000, 0.098616215401270204687911302698921645060181617736816406250000,-0.750977611927295285454420081805437803268432617187500000000000, 2.420337657207431547590203990694135427474975585937500000000000, 0.149905167486272833388127878606610465794801712036132812500000
 0.000543331270502941314319567123192200597259216010570526123047, 0.652922252985688178483769661397673189640045166015625000000000,-0.098616215401270204687911302698921645060181617736816406250000, 0.750977611927295285454420081805437803268432617187500000000000, 0.721254996382361790452364402881357818841934204101562500000000, 6.133280139693312982274164824048057198524475097656250000000000
 0.000543331270502941314319567123192200597259216010570526123047, 0.652922252985688178483769661397673189640045166015625000000000,-0.098616215401270204687911302698921645060181617736816406250000,-0.750977611927295285454420081805437803268432617187500000000000, 2.420337657207431547590203990694135427474975585937500000000000, 6.133280139693312982274164824048057198524475097656250000000000
 0.000543331270502941314319567123192200597259216010570526123047,-0.652922252985688178483769661397673189640045166015625000000000, 0.098616215401270204687911302698921645060181617736816406250000, 0.750977611927295285454420081805437803268432617187500000000000, 0.721254996382361790452364402881357818841934204101562500000000, 2.991687486103520310365411205566488206386566162109375000000000
 0.000543331270502941314319567123192200597259216010570526123047,-0.652922252985688178483769661397673189640045166015625000000000, 0.098616215401270204687911302698921645060181617736816406250000,-0.750977611927295285454420081805437803268432617187500000000000, 2.420337657207431547590203990694135427474975585937500000000000, 2.991687486103520310365411205566488206386566162109375000000000
 0.000543331270502941314319567123192200597259216010570526123047,-0.652922252985688178483769661397673189640045166015625000000000,-0.098616215401270204687911302698921645060181617736816406250000, 0.750977611927295285454420081805437803268432617187500000000000, 0.721254996382361790452364402881357818841934204101562500000000, 3.291497821076065921630515731521882116794586181640625000000000
 0.000543331270502941314319567123192200597259216010570526123047,-0.652922252985688178483769661397673189640045166015625000000000,-0.098616215401270204687911302698921645060181617736816406250000,-0.750977611927295285454420081805437803268432617187500000000000, 2.420337657207431547590203990694135427474975585937500000000000, 3.291497821076065921630515731521882116794586181640625000000000
 0.000543331270502941314319567123192200597259216010570526123047, 0.652922252985687956439164736366365104913711547851562500000000, 0.750977611927295507499025006836745887994766235351562500000000, 0.098616215401269899376579530780873028561472892761230468750000, 1.472019564747711228847038000822067260742187500000000000000000, 0.855129899938370074963245315302629023790359497070312500000000
 0.000543331270502941314319567123192200597259216010570526123047, 0.652922252985687956439164736366365104913711547851562500000000, 0.750977611927295507499025006836745887994766235351562500000000,-0.098616215401270204687911302698921645060181617736816406250000, 1.669573088842082331240135317784734070301055908203125000000000, 0.855129899938370074963245315302629023790359497070312500000000
 0.000543331270502941314319567123192200597259216010570526123047, 0.652922252985687956439164736366365104913711547851562500000000,-0.750977611927295507499025006836745887994766235351562500000000, 0.098616215401269899376579530780873028561472892761230468750000, 1.472019564747711228847038000822067260742187500000000000000000, 5.428055407241216379077286546817049384117126464843750000000000
 0.000543331270502941314319567123192200597259216010570526123047, 0.652922252985687956439164736366365104913711547851562500000000,-0.750977611927295507499025006836745887994766235351562500000000,-0.098616215401270204687911302698921645060181617736816406250000, 1.669573088842082331240135317784734070301055908203125000000000, 5.428055407241216379077286546817049384117126464843750000000000
 0.000543331270502941314319567123192200597259216010570526123047,-0.652922252985688178483769661397673189640045166015625000000000, 0.750977611927295285454420081805437803268432617187500000000000, 0.098616215401269899376579530780873028561472892761230468750000, 1.472019564747711228847038000822067260742187500000000000000000, 2.286462753651423263079323078272864222526550292968750000000000
 0.000543331270502941314319567123192200597259216010570526123047,-0.652922252985688178483769661397673189640045166015625000000000, 0.750977611927295285454420081805437803268432617187500000000000,-0.098616215401270204687911302698921645060181617736816406250000, 1.669573088842082331240135317784734070301055908203125000000000, 2.286462753651423263079323078272864222526550292968750000000000
 0.000543331270502941314319567123192200597259216010570526123047,-0.652922252985688178483769661397673189640045166015625000000000,-0.750977611927295285454420081805437803268432617187500000000000, 0.098616215401269899376579530780873028561472892761230468750000, 1.472019564747711228847038000822067260742187500000000000000000, 3.996722553528162968916603858815506100654602050781250000000000
 0.000543331270502941314319567123192200597259216010570526123047,-0.652922252985688178483769661397673189640045166015625000000000,-0.750977611927295285454420081805437803268432617187500000000000,-0.098616215401270204687911302698921645060181617736816406250000, 1.669573088842082331240135317784734070301055908203125000000000, 3.996722553528162968916603858815506100654602050781250000000000
 0.000543331270502941314319567123192200597259216010570526123047, 0.098616215401269996521094185482070315629243850708007812500000, 0.652922252985688178483769661397673189640045166015625000000000, 0.750977611927295285454420081805437803268432617187500000000000, 0.721254996382361790452364402881357818841934204101562500000000, 1.420891159308624196455639321357011795043945312500000000000000
 0.000543331270502941314319567123192200597259216010570526123047, 0.098616215401269996521094185482070315629243850708007812500000, 0.652922252985688178483769661397673189640045166015625000000000,-0.750977611927295285454420081805437803268432617187500000000000, 2.420337657207431547590203990694135427474975585937500000000000, 1.420891159308624196455639321357011795043945312500000000000000
 0.000543331270502941314319567123192200597259216010570526123047, 0.098616215401269996521094185482070315629243850708007812500000,-0.652922252985688178483769661397673189640045166015625000000000, 0.750977611927295285454420081805437803268432617187500000000000, 0.721254996382361790452364402881357818841934204101562500000000, 4.862294147870962035540287615731358528137207031250000000000000
 0.000543331270502941314319567123192200597259216010570526123047, 0.098616215401269996521094185482070315629243850708007812500000,-0.652922252985688178483769661397673189640045166015625000000000,-0.750977611927295285454420081805437803268432617187500000000000, 2.420337657207431547590203990694135427474975585937500000000000, 4.862294147870962035540287615731358528137207031250000000000000
 0.000543331270502941314319567123192200597259216010570526123047,-0.098616215401270204687911302698921645060181617736816406250000, 0.652922252985688178483769661397673189640045166015625000000000, 0.750977611927295285454420081805437803268432617187500000000000, 0.721254996382361790452364402881357818841934204101562500000000, 1.720701494281169363631533997249789535999298095703125000000000
 0.000543331270502941314319567123192200597259216010570526123047,-0.098616215401270204687911302698921645060181617736816406250000, 0.652922252985688178483769661397673189640045166015625000000000,-0.750977611927295285454420081805437803268432617187500000000000, 2.420337657207431547590203990694135427474975585937500000000000, 1.720701494281169363631533997249789535999298095703125000000000
 0.000543331270502941314319567123192200597259216010570526123047,-0.098616215401270204687911302698921645060181617736816406250000,-0.652922252985688178483769661397673189640045166015625000000000, 0.750977611927295285454420081805437803268432617187500000000000, 0.721254996382361790452364402881357818841934204101562500000000, 4.562483812898417312453602789901196956634521484375000000000000
 0.000543331270502941314319567123192200597259216010570526123047,-0.098616215401270204687911302698921645060181617736816406250000,-0.652922252985688178483769661397673189640045166015625000000000,-0.750977611927295285454420081805437803268432617187500000000000, 2.420337657207431547590203990694135427474975585937500000000000, 4.562483812898417312453602789901196956634521484375000000000000
 0.000543331270502941314319567123192200597259216010570526123047, 0.098616215401270093665608840183267602697014808654785156250000, 0.750977611927295507499025006836745887994766235351562500000000, 0.652922252985687956439164736366365104913711547851562500000000, 0.859360133038032492081015334406401962041854858398437500000000, 1.440226313254089340887276193825528025627136230468750000000000
 0.000543331270502941314319567123192200597259216010570526123047, 0.098616215401270093665608840183267602697014808654785156250000, 0.750977611927295396476722544321091845631599426269531250000000,-0.652922252985688067461467198882019147276878356933593750000000, 2.282232520551760845961553059169091284275054931640625000000000, 1.440226313254089340887276193825528025627136230468750000000000
 0.000543331270502941314319567123192200597259216010570526123047, 0.098616215401270093665608840183267602697014808654785156250000,-0.750977611927295507499025006836745887994766235351562500000000, 0.652922252985687956439164736366365104913711547851562500000000, 0.859360133038032492081015334406401962041854858398437500000000, 4.842958993925496891108650743262842297554016113281250000000000
 0.000543331270502941314319567123192200597259216010570526123047, 0.098616215401270093665608840183267602697014808654785156250000,-0.750977611927295396476722544321091845631599426269531250000000,-0.652922252985688067461467198882019147276878356933593750000000, 2.282232520551760845961553059169091284275054931640625000000000, 4.842958993925496891108650743262842297554016113281250000000000
 0.000543331270502941314319567123192200597259216010570526123047,-0.098616215401270093665608840183267602697014808654785156250000, 0.750977611927295507499025006836745887994766235351562500000000, 0.652922252985687956439164736366365104913711547851562500000000, 0.859360133038032492081015334406401962041854858398437500000000, 1.701366340335703775110687274718657135963439941406250000000000
 0.000543331270502941314319567123192200597259216010570526123047,-0.098616215401270093665608840183267602697014808654785156250000, 0.750977611927295396476722544321091845631599426269531250000000,-0.652922252985688067461467198882019147276878356933593750000000, 2.282232520551760845961553059169091284275054931640625000000000, 1.701366340335703775110687274718657135963439941406250000000000
 0.000543331270502941314319567123192200597259216010570526123047,-0.098616215401270093665608840183267602697014808654785156250000,-0.750977611927295507499025006836745887994766235351562500000000, 0.652922252985687956439164736366365104913711547851562500000000, 0.859360133038032492081015334406401962041854858398437500000000, 4.581818966843882456885239662369713187217712402343750000000000
 0.000543331270502941314319567123192200597259216010570526123047,-0.098616215401270093665608840183267602697014808654785156250000,-0.750977611927295396476722544321091845631599426269531250000000,-0.652922252985688067461467198882019147276878356933593750000000, 2.282232520551760845961553059169091284275054931640625000000000, 4.581818966843882456885239662369713187217712402343750000000000
 0.000543331270502941314319567123192200597259216010570526123047, 0.750977611927295396476722544321091845631599426269531250000000, 0.652922252985688067461467198882019147276878356933593750000000, 0.098616215401269899376579530780873028561472892761230468750000, 1.472019564747711228847038000822067260742187500000000000000000, 0.715666426856526705080341344000771641731262207031250000000000
 0.000543331270502941314319567123192200597259216010570526123047, 0.750977611927295396476722544321091845631599426269531250000000, 0.652922252985688067461467198882019147276878356933593750000000,-0.098616215401270204687911302698921645060181617736816406250000, 1.669573088842082331240135317784734070301055908203125000000000, 0.715666426856526705080341344000771641731262207031250000000000
 0.000543331270502941314319567123192200597259216010570526123047, 0.750977611927295396476722544321091845631599426269531250000000,-0.652922252985688067461467198882019147276878356933593750000000, 0.098616215401269899376579530780873028561472892761230468750000, 1.472019564747711228847038000822067260742187500000000000000000, 5.567518880323059526915585593087598681449890136718750000000000
 0.000543331270502941314319567123192200597259216010570526123047, 0.750977611927295396476722544321091845631599426269531250000000,-0.652922252985688067461467198882019147276878356933593750000000,-0.098616215401270204687911302698921645060181617736816406250000, 1.669573088842082331240135317784734070301055908203125000000000, 5.567518880323059526915585593087598681449890136718750000000000
 0.000543331270502941314319567123192200597259216010570526123047,-0.750977611927295285454420081805437803268432617187500000000000, 0.652922252985688178483769661397673189640045166015625000000000, 0.098616215401269899376579530780873028561472892761230468750000, 1.472019564747711228847038000822067260742187500000000000000000, 2.425926226733266410917622124543413519859313964843750000000000
 0.000543331270502941314319567123192200597259216010570526123047,-0.750977611927295285454420081805437803268432617187500000000000, 0.652922252985688178483769661397673189640045166015625000000000,-0.098616215401270204687911302698921645060181617736816406250000, 1.669573088842082331240135317784734070301055908203125000000000, 2.425926226733266410917622124543413519859313964843750000000000
 0.000543331270502941314319567123192200597259216010570526123047,-0.750977611927295285454420081805437803268432617187500000000000,-0.652922252985688178483769661397673189640045166015625000000000, 0.098616215401269899376579530780873028561472892761230468750000, 1.472019564747711228847038000822067260742187500000000000000000, 3.857259080446319821078304812544956803321838378906250000000000
 0.000543331270502941314319567123192200597259216010570526123047,-0.750977611927295285454420081805437803268432617187500000000000,-0.652922252985688178483769661397673189640045166015625000000000,-0.098616215401270204687911302698921645060181617736816406250000, 1.669573088842082331240135317784734070301055908203125000000000, 3.857259080446319821078304812544956803321838378906250000000000
 0.000543331270502941314319567123192200597259216010570526123047, 0.750977611927295507499025006836745887994766235351562500000000, 0.098616215401270301832425957400118932127952575683593750000000, 0.652922252985687956439164736366365104913711547851562500000000, 0.859360133038032492081015334406401962041854858398437500000000, 0.130570013540807522423037312364613171666860580444335937500000
 0.000543331270502941314319567123192200597259216010570526123047, 0.750977611927295396476722544321091845631599426269531250000000, 0.098616215401270204687911302698921645060181617736816406250000,-0.652922252985688067461467198882019147276878356933593750000000, 2.282232520551760845961553059169091284275054931640625000000000, 0.130570013540807411400734849848959129303693771362304687500000
 0.000543331270502941314319567123192200597259216010570526123047, 0.750977611927295507499025006836745887994766235351562500000000,-0.098616215401270301832425957400118932127952575683593750000000, 0.652922252985687956439164736366365104913711547851562500000000, 0.859360133038032492081015334406401962041854858398437500000000, 6.152615293638779014884221396641805768013000488281250000000000
 0.000543331270502941314319567123192200597259216010570526123047, 0.750977611927295396476722544321091845631599426269531250000000,-0.098616215401270204687911302698921645060181617736816406250000,-0.652922252985688067461467198882019147276878356933593750000000, 2.282232520551760845961553059169091284275054931640625000000000, 6.152615293638779014884221396641805768013000488281250000000000
 0.000543331270502941314319567123192200597259216010570526123047,-0.750977611927295618521327469352399930357933044433593750000000, 0.098616215401269899376579530780873028561472892761230468750000, 0.652922252985687956439164736366365104913711547851562500000000, 0.859360133038032492081015334406401962041854858398437500000000, 3.011022640048986342975467778160236775875091552734375000000000
 0.000543331270502941314319567123192200597259216010570526123047,-0.750977611927295507499025006836745887994766235351562500000000, 0.098616215401269899376579530780873028561472892761230468750000,-0.652922252985688067461467198882019147276878356933593750000000, 2.282232520551760845961553059169091284275054931640625000000000, 3.011022640048986342975467778160236775875091552734375000000000
 0.000543331270502941314319567123192200597259216010570526123047,-0.750977611927295618521327469352399930357933044433593750000000,-0.098616215401269899376579530780873028561472892761230468750000, 0.652922252985687956439164736366365104913711547851562500000000, 0.859360133038032492081015334406401962041854858398437500000000, 3.272162667130599889020459158928133547306060791015625000000000
 0.000543331270502941314319567123192200597259216010570526123047,-0.750977611927295507499025006836745887994766235351562500000000,-0.098616215401269899376579530780873028561472892761230468750000,-0.652922252985688067461467198882019147276878356933593750000000, 2.282232520551760845961553059169091284275054931640625000000000, 3.272162667130599889020459158928133547306060791015625000000000
