# count
1730
# w,cx,cy,cz,theta,phi
 0.000063090494374001419896139108978161402774276211857795715332, 1.000000000000000000000000000000000000000000000000000000000000, 0.000000000000000000000000000000000000000000000000000000000000, 0.000000000000000000000000000000000000000000000000000000000000, 1.570796326794896557998981734272092580795288085937500000000000, 0.000000000000000000000000000000000000000000000000000000000000
 0.000063090494374001419896139108978161402774276211857795715332,-1.000000000000000000000000000000000000000000000000000000000000, 0.000000000000000000000000000000000000000000000000000000000000, 0.000000000000000000000000000000000000000000000000000000000000, 1.570796326794896557998981734272092580795288085937500000000000, 3.141592653589793115997963468544185161590576171875000000000000
 0.000063090494374001419896139108978161402774276211857795715332, 0.000000000000000000000000000000000000000000000000000000000000, 1.000000000000000000000000000000000000000000000000000000000000, 0.000000000000000000000000000000000000000000000000000000000000, 1.570796326794896557998981734272092580795288085937500000000000, 1.570796326794896557998981734272092580795288085937500000000000
 0.000063090494374001419896139108978161402774276211857795715332, 0.000000000000000000000000000000000000000000000000000000000000,-1.000000000000000000000000000000000000000000000000000000000000, 0.000000000000000000000000000000000000000000000000000000000000, 1.570796326794896557998981734272092580795288085937500000000000, 4.712388980384689673996945202816277742385864257812500000000000
 0.000063090494374001419896139108978161402774276211857795715332, 0.000000000000000000000000000000000000000000000000000000000000, 0.000000000000000000000000000000000000000000000000000000000000, 1.000000000000000000000000000000000000000000000000000000000000, 0.000000000000000000000000000000000000000000000000000000000000, 0.000000000000000000000000000000000000000000000000000000000000
 0.000063090494374001419896139108978161402774276211857795715332, 0.000000000000000000000000000000000000000000000000000000000000, 0.000000000000000000000000000000000000000000000000000000000000,-1.000000000000000000000000000000000000000000000000000000000000, 3.141592653589793115997963468544185161590576171875000000000000, 0.000000000000000000000000000000000000000000000000000000000000
 0.000639828770557014517642024920007770560914650559425354003906, 0.000000000000000000000000000000000000000000000000000000000000, 0.707106781186547683759613391885068267583847045898437500000000, 0.707106781186547461715008466853760182857513427734375000000000, 0.785398163397448390021793329651700332760810852050781250000000, 1.570796326794896557998981734272092580795288085937500000000000
 0.000639828770557014517642024920007770560914650559425354003906, 0.000000000000000000000000000000000000000000000000000000000000, 0.707106781186547461715008466853760182857513427734375000000000,-0.707106781186547461715008466853760182857513427734375000000000, 2.356194490192344836998472601408138871192932128906250000000000, 1.570796326794896557998981734272092580795288085937500000000000
 0.000639828770557014517642024920007770560914650559425354003906, 0.000000000000000000000000000000000000000000000000000000000000,-0.707106781186547683759613391885068267583847045898437500000000, 0.707106781186547461715008466853760182857513427734375000000000, 0.785398163397448390021793329651700332760810852050781250000000, 4.712388980384689673996945202816277742385864257812500000000000
 0.000639828770557014517642024920007770560914650559425354003906, 0.000000000000000000000000000000000000000000000000000000000000,-0.707106781186547461715008466853760182857513427734375000000000,-0.707106781186547461715008466853760182857513427734375000000000, 2.356194490192344836998472601408138871192932128906250000000000, 4.712388980384689673996945202816277742385864257812500000000000
 0.000639828770557014517642024920007770560914650559425354003906, 0.707106781186547683759613391885068267583847045898437500000000, 0.000000000000000000000000000000000000000000000000000000000000, 0.707106781186547461715008466853760182857513427734375000000000, 0.785398163397448390021793329651700332760810852050781250000000, 0.000000000000000000000000000000000000000000000000000000000000
 0.000639828770557014517642024920007770560914650559425354003906, 0.707106781186547461715008466853760182857513427734375000000000, 0.000000000000000000000000000000000000000000000000000000000000,-0.707106781186547461715008466853760182857513427734375000000000, 2.356194490192344836998472601408138871192932128906250000000000, 0.000000000000000000000000000000000000000000000000000000000000
 0.000639828770557014517642024920007770560914650559425354003906,-0.707106781186547683759613391885068267583847045898437500000000, 0.000000000000000000000000000000000000000000000000000000000000, 0.707106781186547461715008466853760182857513427734375000000000, 0.785398163397448390021793329651700332760810852050781250000000, 3.141592653589793115997963468544185161590576171875000000000000
 0.000639828770557014517642024920007770560914650559425354003906,-0.707106781186547461715008466853760182857513427734375000000000, 0.000000000000000000000000000000000000000000000000000000000000,-0.707106781186547461715008466853760182857513427734375000000000, 2.356194490192344836998472601408138871192932128906250000000000, 3.141592653589793115997963468544185161590576171875000000000000
 0.000639828770557014517642024920007770560914650559425354003906, 0.707106781186547461715008466853760182857513427734375000000000, 0.707106781186547461715008466853760182857513427734375000000000, 0.000000000000000000000000000000000000000000000000000000000000, 1.570796326794896557998981734272092580795288085937500000000000, 0.785398163397448278999490867136046290397644042968750000000000
 0.000639828770557014517642024920007770560914650559425354003906, 0.707106781186547461715008466853760182857513427734375000000000,-0.707106781186547461715008466853760182857513427734375000000000, 0.000000000000000000000000000000000000000000000000000000000000, 1.570796326794896557998981734272092580795288085937500000000000, 5.497787143782137952996436069952324032783508300781250000000000
 0.000639828770557014517642024920007770560914650559425354003906,-0.707106781186547461715008466853760182857513427734375000000000, 0.707106781186547461715008466853760182857513427734375000000000, 0.000000000000000000000000000000000000000000000000000000000000, 1.570796326794896557998981734272092580795288085937500000000000, 2.356194490192344836998472601408138871192932128906250000000000
 0.000639828770557014517642024920007770560914650559425354003906,-0.707106781186547461715008466853760182857513427734375000000000,-0.707106781186547461715008466853760182857513427734375000000000, 0.000000000000000000000000000000000000000000000000000000000000, 1.570796326794896557998981734272092580795288085937500000000000, 3.926990816987241394997454335680231451988220214843750000000000
 0.000635718507353014270107316452396162276272661983966827392578, 0.577350269189625731058868041145615279674530029296875000000000, 0.577350269189625731058868041145615279674530029296875000000000, 0.577350269189625731058868041145615279674530029296875000000000, 0.955316618124509298048963046312564983963966369628906250000000, 0.785398163397448278999490867136046290397644042968750000000000
 0.000635718507353014270107316452396162276272661983966827392578, 0.577350269189625731058868041145615279674530029296875000000000, 0.577350269189625731058868041145615279674530029296875000000000,-0.577350269189625731058868041145615279674530029296875000000000, 2.186276035465283928971302884747274219989776611328125000000000, 0.785398163397448278999490867136046290397644042968750000000000
 0.000635718507353014270107316452396162276272661983966827392578, 0.577350269189625731058868041145615279674530029296875000000000,-0.577350269189625731058868041145615279674530029296875000000000, 0.577350269189625731058868041145615279674530029296875000000000, 0.955316618124509298048963046312564983963966369628906250000000, 5.497787143782137952996436069952324032783508300781250000000000
 0.000635718507353014270107316452396162276272661983966827392578, 0.577350269189625731058868041145615279674530029296875000000000,-0.577350269189625731058868041145615279674530029296875000000000,-0.577350269189625731058868041145615279674530029296875000000000, 2.186276035465283928971302884747274219989776611328125000000000, 5.497787143782137952996436069952324032783508300781250000000000
 0.000635718507353014270107316452396162276272661983966827392578,-0.577350269189625731058868041145615279674530029296875000000000, 0.577350269189625731058868041145615279674530029296875000000000, 0.577350269189625731058868041145615279674530029296875000000000, 0.955316618124509298048963046312564983963966369628906250000000, 2.356194490192344836998472601408138871192932128906250000000000
 0.000635718507353014270107316452396162276272661983966827392578,-0.577350269189625731058868041145615279674530029296875000000000, 0.577350269189625731058868041145615279674530029296875000000000,-0.577350269189625731058868041145615279674530029296875000000000, 2.186276035465283928971302884747274219989776611328125000000000, 2.356194490192344836998472601408138871192932128906250000000000
 0.000635718507353014270107316452396162276272661983966827392578,-0.577350269189625731058868041145615279674530029296875000000000,-0.577350269189625731058868041145615279674530029296875000000000, 0.577350269189625731058868041145615279674530029296875000000000, 0.955316618124509298048963046312564983963966369628906250000000, 3.926990816987241394997454335680231451988220214843750000000000
 0.000635718507353014270107316452396162276272661983966827392578,-0.577350269189625731058868041145615279674530029296875000000000,-0.577350269189625731058868041145615279674530029296875000000000,-0.577350269189625731058868041145615279674530029296875000000000, 2.186276035465283928971302884747274219989776611328125000000000, 3.926990816987241394997454335680231451988220214843750000000000
 0.000222120716219005050586290939129696653253631666302680969238, 0.028609231261945498869803117258925340138375759124755859375000, 0.028609231261945498869803117258925340138375759124755859375000, 0.999181176650761893043295458483044058084487915039062500000000, 0.040470609556169989673435338772833347320556640625000000000000, 0.785398163397448278999490867136046290397644042968750000000000
 0.000222120716219005050586290939129696653253631666302680969238, 0.028609231261945498869803117258925340138375759124755859375000, 0.028609231261945498869803117258925340138375759124755859375000,-0.999181176650761893043295458483044058084487915039062500000000, 3.101122044033623126324528129771351814270019531250000000000000, 0.785398163397448278999490867136046290397644042968750000000000
 0.000222120716219005050586290939129696653253631666302680969238, 0.028609231261945498869803117258925340138375759124755859375000,-0.028609231261945498869803117258925340138375759124755859375000, 0.999181176650761893043295458483044058084487915039062500000000, 0.040470609556169989673435338772833347320556640625000000000000, 5.497787143782137952996436069952324032783508300781250000000000
 0.000222120716219005050586290939129696653253631666302680969238, 0.028609231261945498869803117258925340138375759124755859375000,-0.028609231261945498869803117258925340138375759124755859375000,-0.999181176650761893043295458483044058084487915039062500000000, 3.101122044033623126324528129771351814270019531250000000000000, 5.497787143782137952996436069952324032783508300781250000000000
 0.000222120716219005050586290939129696653253631666302680969238,-0.028609231261945498869803117258925340138375759124755859375000, 0.028609231261945498869803117258925340138375759124755859375000, 0.999181176650761893043295458483044058084487915039062500000000, 0.040470609556169989673435338772833347320556640625000000000000, 2.356194490192344836998472601408138871192932128906250000000000
 0.000222120716219005050586290939129696653253631666302680969238,-0.028609231261945498869803117258925340138375759124755859375000, 0.028609231261945498869803117258925340138375759124755859375000,-0.999181176650761893043295458483044058084487915039062500000000, 3.101122044033623126324528129771351814270019531250000000000000, 2.356194490192344836998472601408138871192932128906250000000000
 0.000222120716219005050586290939129696653253631666302680969238,-0.028609231261945498869803117258925340138375759124755859375000,-0.028609231261945498869803117258925340138375759124755859375000, 0.999181176650761893043295458483044058084487915039062500000000, 0.040470609556169989673435338772833347320556640625000000000000, 3.926990816987241394997454335680231451988220214843750000000000
 0.000222120716219005050586290939129696653253631666302680969238,-0.028609231261945498869803117258925340138375759124755859375000,-0.028609231261945498869803117258925340138375759124755859375000,-0.999181176650761893043295458483044058084487915039062500000000, 3.101122044033623126324528129771351814270019531250000000000000, 3.926990816987241394997454335680231451988220214843750000000000
 0.000222120716219005050586290939129696653253631666302680969238, 0.028609231261946501539972231853425910230726003646850585937500, 0.999181176650761893043295458483044058084487915039062500000000, 0.028609231261946598684486886554623197298496961593627929687500, 1.542183191375514184073836077004671096801757812500000000000000, 1.542171471226158274703266215510666370391845703125000000000000
 0.000222120716219005050586290939129696653253631666302680969238, 0.028609231261946501539972231853425910230726003646850585937500,-0.999181176650761893043295458483044058084487915039062500000000, 0.028609231261946598684486886554623197298496961593627929687500, 1.542183191375514184073836077004671096801757812500000000000000, 4.741013835953427957292660721577703952789306640625000000000000
 0.000222120716219005050586290939129696653253631666302680969238, 0.028609231261946501539972231853425910230726003646850585937500, 0.999181176650761893043295458483044058084487915039062500000000,-0.028609231261946799912410099864246149081736803054809570312500, 1.599409462214279153968732316570822149515151977539062500000000, 1.542171471226158274703266215510666370391845703125000000000000
 0.000222120716219005050586290939129696653253631666302680969238, 0.028609231261946501539972231853425910230726003646850585937500,-0.999181176650761893043295458483044058084487915039062500000000,-0.028609231261946799912410099864246149081736803054809570312500, 1.599409462214279153968732316570822149515151977539062500000000, 4.741013835953427957292660721577703952789306640625000000000000
 0.000222120716219005050586290939129696653253631666302680969238,-0.028609231261946799912410099864246149081736803054809570312500, 0.999181176650761893043295458483044058084487915039062500000000, 0.028609231261946598684486886554623197298496961593627929687500, 1.542183191375514184073836077004671096801757812500000000000000, 1.599421182363635285383907103096134960651397705078125000000000
 0.000222120716219005050586290939129696653253631666302680969238,-0.028609231261946799912410099864246149081736803054809570312500,-0.999181176650761893043295458483044058084487915039062500000000, 0.028609231261946598684486886554623197298496961593627929687500, 1.542183191375514184073836077004671096801757812500000000000000, 4.683764124815951390701229684054851531982421875000000000000000
 0.000222120716219005050586290939129696653253631666302680969238,-0.028609231261946799912410099864246149081736803054809570312500, 0.999181176650761893043295458483044058084487915039062500000000,-0.028609231261946799912410099864246149081736803054809570312500, 1.599409462214279153968732316570822149515151977539062500000000, 1.599421182363635285383907103096134960651397705078125000000000
 0.000222120716219005050586290939129696653253631666302680969238,-0.028609231261946799912410099864246149081736803054809570312500,-0.999181176650761893043295458483044058084487915039062500000000,-0.028609231261946799912410099864246149081736803054809570312500, 1.599409462214279153968732316570822149515151977539062500000000, 4.683764124815951390701229684054851531982421875000000000000000
 0.000222120716219005050586290939129696653253631666302680969238, 0.999181176650761893043295458483044058084487915039062500000000, 0.028609231261945800711687937223359767813235521316528320312500, 0.028609231261946598684486886554623197298496961593627929687500, 1.542183191375514184073836077004671096801757812500000000000000, 0.028624855568737578997984272177745879162102937698364257812500
 0.000222120716219005050586290939129696653253631666302680969238,-0.999181176650761893043295458483044058084487915039062500000000, 0.028609231261945800711687937223359767813235521316528320312500, 0.028609231261946598684486886554623197298496961593627929687500, 1.542183191375514184073836077004671096801757812500000000000000, 3.112967798021055720880667649907991290092468261718750000000000
 0.000222120716219005050586290939129696653253631666302680969238, 0.999181176650761893043295458483044058084487915039062500000000, 0.028609231261945800711687937223359767813235521316528320312500,-0.028609231261946799912410099864246149081736803054809570312500, 1.599409462214279153968732316570822149515151977539062500000000, 0.028624855568737578997984272177745879162102937698364257812500
 0.000222120716219005050586290939129696653253631666302680969238,-0.999181176650761893043295458483044058084487915039062500000000, 0.028609231261945800711687937223359767813235521316528320312500,-0.028609231261946799912410099864246149081736803054809570312500, 1.599409462214279153968732316570822149515151977539062500000000, 3.112967798021055720880667649907991290092468261718750000000000
 0.000222120716219005050586290939129696653253631666302680969238, 0.999181176650761893043295458483044058084487915039062500000000,-0.028609231261945800711687937223359767813235521316528320312500, 0.028609231261946598684486886554623197298496961593627929687500, 1.542183191375514184073836077004671096801757812500000000000000, 6.254560451610848836878631118452176451683044433593750000000000
 0.000222120716219005050586290939129696653253631666302680969238,-0.999181176650761893043295458483044058084487915039062500000000,-0.028609231261945800711687937223359767813235521316528320312500, 0.028609231261946598684486886554623197298496961593627929687500, 1.542183191375514184073836077004671096801757812500000000000000, 3.170217509158530511115259287180379033088684082031250000000000
 0.000222120716219005050586290939129696653253631666302680969238, 0.999181176650761893043295458483044058084487915039062500000000,-0.028609231261945800711687937223359767813235521316528320312500,-0.028609231261946799912410099864246149081736803054809570312500, 1.599409462214279153968732316570822149515151977539062500000000, 6.254560451610848836878631118452176451683044433593750000000000
 0.000222120716219005050586290939129696653253631666302680969238,-0.999181176650761893043295458483044058084487915039062500000000,-0.028609231261945800711687937223359767813235521316528320312500,-0.028609231261946799912410099864246149081736803054809570312500, 1.599409462214279153968732316570822149515151977539062500000000, 3.170217509158530511115259287180379033088684082031250000000000
 0.000347578402229007884551015283847164027974940836429595947266, 0.071425567677115206488558385444775922223925590515136718750000, 0.071425567677115206488558385444775922223925590515136718750000, 0.994885308246133304166392008482944220304489135742187500000000, 0.101183572997942977655938534553570207208395004272460937500000, 0.785398163397448278999490867136046290397644042968750000000000
 0.000347578402229007884551015283847164027974940836429595947266, 0.071425567677114998321741268227924592792987823486328125000000, 0.071425567677114998321741268227924592792987823486328125000000,-0.994885308246133304166392008482944220304489135742187500000000, 3.040409080591851331831776406033895909786224365234375000000000, 0.785398163397448278999490867136046290397644042968750000000000
 0.000347578402229007884551015283847164027974940836429595947266, 0.071425567677115206488558385444775922223925590515136718750000,-0.071425567677115206488558385444775922223925590515136718750000, 0.994885308246133304166392008482944220304489135742187500000000, 0.101183572997942977655938534553570207208395004272460937500000, 5.497787143782137952996436069952324032783508300781250000000000
 0.000347578402229007884551015283847164027974940836429595947266, 0.071425567677114998321741268227924592792987823486328125000000,-0.071425567677114998321741268227924592792987823486328125000000,-0.994885308246133304166392008482944220304489135742187500000000, 3.040409080591851331831776406033895909786224365234375000000000, 5.497787143782137952996436069952324032783508300781250000000000
 0.000347578402229007884551015283847164027974940836429595947266,-0.071425567677115206488558385444775922223925590515136718750000, 0.071425567677115206488558385444775922223925590515136718750000, 0.994885308246133304166392008482944220304489135742187500000000, 0.101183572997942977655938534553570207208395004272460937500000, 2.356194490192344836998472601408138871192932128906250000000000
 0.000347578402229007884551015283847164027974940836429595947266,-0.071425567677114998321741268227924592792987823486328125000000, 0.071425567677114998321741268227924592792987823486328125000000,-0.994885308246133304166392008482944220304489135742187500000000, 3.040409080591851331831776406033895909786224365234375000000000, 2.356194490192344836998472601408138871192932128906250000000000
 0.000347578402229007884551015283847164027974940836429595947266,-0.071425567677115206488558385444775922223925590515136718750000,-0.071425567677115206488558385444775922223925590515136718750000, 0.994885308246133304166392008482944220304489135742187500000000, 0.101183572997942977655938534553570207208395004272460937500000, 3.926990816987241394997454335680231451988220214843750000000000
 0.000347578402229007884551015283847164027974940836429595947266,-0.071425567677114998321741268227924592792987823486328125000000,-0.071425567677114998321741268227924592792987823486328125000000,-0.994885308246133304166392008482944220304489135742187500000000, 3.040409080591851331831776406033895909786224365234375000000000, 3.926990816987241394997454335680231451988220214843750000000000
 0.000347578402229007884551015283847164027974940836429595947266, 0.071425567677115095466255922929121879860758781433105468750000, 0.994885308246133304166392008482944220304489135742187500000000, 0.071425567677115206488558385444775922223925590515136718750000, 1.499309888352585273807449084415566176176071166992187500000000, 1.499126525990012170908016742032486945390701293945312500000000
 0.000347578402229007884551015283847164027974940836429595947266, 0.071425567677115095466255922929121879860758781433105468750000,-0.994885308246133304166392008482944220304489135742187500000000, 0.071425567677115206488558385444775922223925590515136718750000, 1.499309888352585273807449084415566176176071166992187500000000, 4.784058781189574283132515120087191462516784667968750000000000
 0.000347578402229007884551015283847164027974940836429595947266, 0.071425567677115095466255922929121879860758781433105468750000, 0.994885308246133304166392008482944220304489135742187500000000,-0.071425567677115206488558385444775922223925590515136718750000, 1.642282765237207842190514384128618985414505004882812500000000, 1.499126525990012170908016742032486945390701293945312500000000
 0.000347578402229007884551015283847164027974940836429595947266, 0.071425567677115095466255922929121879860758781433105468750000,-0.994885308246133304166392008482944220304489135742187500000000,-0.071425567677115206488558385444775922223925590515136718750000, 1.642282765237207842190514384128618985414505004882812500000000, 4.784058781189574283132515120087191462516784667968750000000000
 0.000347578402229007884551015283847164027974940836429595947266,-0.071425567677115303633073040145973209291696548461914062500000, 0.994885308246133304166392008482944220304489135742187500000000, 0.071425567677115206488558385444775922223925590515136718750000, 1.499309888352585273807449084415566176176071166992187500000000, 1.642466127599781389179156576574314385652542114257812500000000
 0.000347578402229007884551015283847164027974940836429595947266,-0.071425567677115303633073040145973209291696548461914062500000,-0.994885308246133304166392008482944220304489135742187500000000, 0.071425567677115206488558385444775922223925590515136718750000, 1.499309888352585273807449084415566176176071166992187500000000, 4.640719179579805064861375285545364022254943847656250000000000
 0.000347578402229007884551015283847164027974940836429595947266,-0.071425567677115303633073040145973209291696548461914062500000, 0.994885308246133304166392008482944220304489135742187500000000,-0.071425567677115206488558385444775922223925590515136718750000, 1.642282765237207842190514384128618985414505004882812500000000, 1.642466127599781389179156576574314385652542114257812500000000
 0.000347578402229007884551015283847164027974940836429595947266,-0.071425567677115303633073040145973209291696548461914062500000,-0.994885308246133304166392008482944220304489135742187500000000,-0.071425567677115206488558385444775922223925590515136718750000, 1.642282765237207842190514384128618985414505004882812500000000, 4.640719179579805064861375285545364022254943847656250000000000
 0.000347578402229007884551015283847164027974940836429595947266, 0.994885308246133304166392008482944220304489135742187500000000, 0.071425567677114998321741268227924592792987823486328125000000, 0.071425567677115206488558385444775922223925590515136718750000, 1.499309888352585273807449084415566176176071166992187500000000, 0.071669800804884456479904031311889411881566047668457031250000
 0.000347578402229007884551015283847164027974940836429595947266,-0.994885308246133304166392008482944220304489135742187500000000, 0.071425567677114901177226613526727305725216865539550781250000, 0.071425567677115206488558385444775922223925590515136718750000, 1.499309888352585273807449084415566176176071166992187500000000, 3.069922852784908950951603401335887610912322998046875000000000
 0.000347578402229007884551015283847164027974940836429595947266, 0.994885308246133304166392008482944220304489135742187500000000, 0.071425567677114998321741268227924592792987823486328125000000,-0.071425567677115206488558385444775922223925590515136718750000, 1.642282765237207842190514384128618985414505004882812500000000, 0.071669800804884456479904031311889411881566047668457031250000
 0.000347578402229007884551015283847164027974940836429595947266,-0.994885308246133304166392008482944220304489135742187500000000, 0.071425567677114901177226613526727305725216865539550781250000,-0.071425567677115206488558385444775922223925590515136718750000, 1.642282765237207842190514384128618985414505004882812500000000, 3.069922852784908950951603401335887610912322998046875000000000
 0.000347578402229007884551015283847164027974940836429595947266, 0.994885308246133304166392008482944220304489135742187500000000,-0.071425567677114998321741268227924592792987823486328125000000, 0.071425567677115206488558385444775922223925590515136718750000, 1.499309888352585273807449084415566176176071166992187500000000, 6.211515506374701622860357019817456603050231933593750000000000
 0.000347578402229007884551015283847164027974940836429595947266,-0.994885308246133304166392008482944220304489135742187500000000,-0.071425567677114901177226613526727305725216865539550781250000, 0.071425567677115206488558385444775922223925590515136718750000, 1.499309888352585273807449084415566176176071166992187500000000, 3.213262454394677281044323535752482712268829345703125000000000
 0.000347578402229007884551015283847164027974940836429595947266, 0.994885308246133304166392008482944220304489135742187500000000,-0.071425567677114998321741268227924592792987823486328125000000,-0.071425567677115206488558385444775922223925590515136718750000, 1.642282765237207842190514384128618985414505004882812500000000, 6.211515506374701622860357019817456603050231933593750000000000
 0.000347578402229007884551015283847164027974940836429595947266,-0.994885308246133304166392008482944220304489135742187500000000,-0.071425567677114901177226613526727305725216865539550781250000,-0.071425567677115206488558385444775922223925590515136718750000, 1.642282765237207842190514384128618985414505004882812500000000, 3.213262454394677281044323535752482712268829345703125000000000
 0.000435074244359009889692585515419409603055100888013839721680, 0.120919954099556095639123043383733602240681648254394531250000, 0.120919954099556095639123043383733602240681648254394531250000, 0.985269876430373003906026951881358399987220764160156250000000, 0.171851267385220191075134721359063405543565750122070312500000, 0.785398163397448278999490867136046290397644042968750000000000
 0.000435074244359009889692585515419409603055100888013839721680, 0.120919954099555804205579079280141741037368774414062500000000, 0.120919954099555804205579079280141741037368774414062500000000,-0.985269876430373114928329414397012442350387573242187500000000, 2.969741386204573618812219137907959520816802978515625000000000, 0.785398163397448278999490867136046290397644042968750000000000
 0.000435074244359009889692585515419409603055100888013839721680, 0.120919954099556095639123043383733602240681648254394531250000,-0.120919954099556095639123043383733602240681648254394531250000, 0.985269876430373003906026951881358399987220764160156250000000, 0.171851267385220191075134721359063405543565750122070312500000, 5.497787143782137952996436069952324032783508300781250000000000
 0.000435074244359009889692585515419409603055100888013839721680, 0.120919954099555804205579079280141741037368774414062500000000,-0.120919954099555804205579079280141741037368774414062500000000,-0.985269876430373114928329414397012442350387573242187500000000, 2.969741386204573618812219137907959520816802978515625000000000, 5.497787143782137952996436069952324032783508300781250000000000
 0.000435074244359009889692585515419409603055100888013839721680,-0.120919954099556095639123043383733602240681648254394531250000, 0.120919954099556095639123043383733602240681648254394531250000, 0.985269876430373003906026951881358399987220764160156250000000, 0.171851267385220191075134721359063405543565750122070312500000, 2.356194490192344836998472601408138871192932128906250000000000
 0.000435074244359009889692585515419409603055100888013839721680,-0.120919954099555804205579079280141741037368774414062500000000, 0.120919954099555804205579079280141741037368774414062500000000,-0.985269876430373114928329414397012442350387573242187500000000, 2.969741386204573618812219137907959520816802978515625000000000, 2.356194490192344836998472601408138871192932128906250000000000
 0.000435074244359009889692585515419409603055100888013839721680,-0.120919954099556095639123043383733602240681648254394531250000,-0.120919954099556095639123043383733602240681648254394531250000, 0.985269876430373003906026951881358399987220764160156250000000, 0.171851267385220191075134721359063405543565750122070312500000, 3.926990816987241394997454335680231451988220214843750000000000
 0.000435074244359009889692585515419409603055100888013839721680,-0.120919954099555804205579079280141741037368774414062500000000,-0.120919954099555804205579079280141741037368774414062500000000,-0.985269876430373114928329414397012442350387573242187500000000, 2.969741386204573618812219137907959520816802978515625000000000, 3.926990816987241394997454335680231451988220214843750000000000
 0.000435074244359009889692585515419409603055100888013839721680, 0.120919954099555804205579079280141741037368774414062500000000, 0.985269876430373003906026951881358399987220764160156250000000, 0.120919954099555901350093733981339028105139732360839843750000, 1.449579742191718478849793427798431366682052612304687500000000, 1.448679247656851964975999180751387029886245727539062500000000
 0.000435074244359009889692585515419409603055100888013839721680, 0.120919954099555804205579079280141741037368774414062500000000,-0.985269876430373003906026951881358399987220764160156250000000, 0.120919954099555901350093733981339028105139732360839843750000, 1.449579742191718478849793427798431366682052612304687500000000, 4.834506059522734489064532681368291378021240234375000000000000
 0.000435074244359009889692585515419409603055100888013839721680, 0.120919954099555804205579079280141741037368774414062500000000, 0.985269876430373003906026951881358399987220764160156250000000,-0.120919954099555901350093733981339028105139732360839843750000, 1.692012911398074637148170040745753794908523559570312500000000, 1.448679247656851964975999180751387029886245727539062500000000
 0.000435074244359009889692585515419409603055100888013839721680, 0.120919954099555804205579079280141741037368774414062500000000,-0.985269876430373003906026951881358399987220764160156250000000,-0.120919954099555901350093733981339028105139732360839843750000, 1.692012911398074637148170040745753794908523559570312500000000, 4.834506059522734489064532681368291378021240234375000000000000
 0.000435074244359009889692585515419409603055100888013839721680,-0.120919954099556095639123043383733602240681648254394531250000, 0.985269876430373003906026951881358399987220764160156250000000, 0.120919954099555901350093733981339028105139732360839843750000, 1.449579742191718478849793427798431366682052612304687500000000, 1.692913405932941373066569212824106216430664062500000000000000
 0.000435074244359009889692585515419409603055100888013839721680,-0.120919954099556095639123043383733602240681648254394531250000,-0.985269876430373003906026951881358399987220764160156250000000, 0.120919954099555901350093733981339028105139732360839843750000, 1.449579742191718478849793427798431366682052612304687500000000, 4.590271901246644858929357724264264106750488281250000000000000
 0.000435074244359009889692585515419409603055100888013839721680,-0.120919954099556095639123043383733602240681648254394531250000, 0.985269876430373003906026951881358399987220764160156250000000,-0.120919954099555901350093733981339028105139732360839843750000, 1.692012911398074637148170040745753794908523559570312500000000, 1.692913405932941373066569212824106216430664062500000000000000
 0.000435074244359009889692585515419409603055100888013839721680,-0.120919954099556095639123043383733602240681648254394531250000,-0.985269876430373003906026951881358399987220764160156250000000,-0.120919954099555901350093733981339028105139732360839843750000, 1.692012911398074637148170040745753794908523559570312500000000, 4.590271901246644858929357724264264106750488281250000000000000
 0.000435074244359009889692585515419409603055100888013839721680, 0.985269876430373003906026951881358399987220764160156250000000, 0.120919954099555804205579079280141741037368774414062500000000, 0.120919954099555901350093733981339028105139732360839843750000, 1.449579742191718478849793427798431366682052612304687500000000, 0.122117079138044565267406937891792040318250656127929687500000
 0.000435074244359009889692585515419409603055100888013839721680,-0.985269876430373003906026951881358399987220764160156250000000, 0.120919954099555498894247307362093124538660049438476562500000, 0.120919954099555901350093733981339028105139732360839843750000, 1.449579742191718478849793427798431366682052612304687500000000, 3.019475574451749189108795690117403864860534667968750000000000
 0.000435074244359009889692585515419409603055100888013839721680, 0.985269876430373003906026951881358399987220764160156250000000, 0.120919954099555804205579079280141741037368774414062500000000,-0.120919954099555901350093733981339028105139732360839843750000, 1.692012911398074637148170040745753794908523559570312500000000, 0.122117079138044565267406937891792040318250656127929687500000
 0.000435074244359009889692585515419409603055100888013839721680,-0.985269876430373003906026951881358399987220764160156250000000, 0.120919954099555498894247307362093124538660049438476562500000,-0.120919954099555901350093733981339028105139732360839843750000, 1.692012911398074637148170040745753794908523559570312500000000, 3.019475574451749189108795690117403864860534667968750000000000
 0.000435074244359009889692585515419409603055100888013839721680, 0.985269876430373003906026951881358399987220764160156250000000,-0.120919954099555804205579079280141741037368774414062500000000, 0.120919954099555901350093733981339028105139732360839843750000, 1.449579742191718478849793427798431366682052612304687500000000, 6.161068228041541416928339458536356687545776367187500000000000
 0.000435074244359009889692585515419409603055100888013839721680,-0.985269876430373003906026951881358399987220764160156250000000,-0.120919954099555498894247307362093124538660049438476562500000, 0.120919954099555901350093733981339028105139732360839843750000, 1.449579742191718478849793427798431366682052612304687500000000, 3.263709732727837042887131246970966458320617675781250000000000
 0.000435074244359009889692585515419409603055100888013839721680, 0.985269876430373003906026951881358399987220764160156250000000,-0.120919954099555804205579079280141741037368774414062500000000,-0.120919954099555901350093733981339028105139732360839843750000, 1.692012911398074637148170040745753794908523559570312500000000, 6.161068228041541416928339458536356687545776367187500000000000
 0.000435074244359009889692585515419409603055100888013839721680,-0.985269876430373003906026951881358399987220764160156250000000,-0.120919954099555498894247307362093124538660049438476562500000,-0.120919954099555901350093733981339028105139732360839843750000, 1.692012911398074637148170040745753794908523559570312500000000, 3.263709732727837042887131246970966458320617675781250000000000
 0.000497856913652011223540838624757043362478725612163543701172, 0.173867310659438112363517348057939670979976654052734375000000, 0.173867310659438112363517348057939670979976654052734375000000, 0.969298878864568225210973650973755866289138793945312500000000, 0.248433142810070450856585466681281104683876037597656250000000, 0.785398163397448278999490867136046290397644042968750000000000
 0.000497856913652011223540838624757043362478725612163543701172, 0.173867310659438001341214885542285628616809844970703125000000, 0.173867310659438112363517348057939670979976654052734375000000,-0.969298878864568225210973650973755866289138793945312500000000, 2.893159510779722776163680464378558099269866943359375000000000, 0.785398163397448612066398254683008417487144470214843750000000
 0.000497856913652011223540838624757043362478725612163543701172, 0.173867310659438112363517348057939670979976654052734375000000,-0.173867310659438112363517348057939670979976654052734375000000, 0.969298878864568225210973650973755866289138793945312500000000, 0.248433142810070450856585466681281104683876037597656250000000, 5.497787143782137952996436069952324032783508300781250000000000
 0.000497856913652011223540838624757043362478725612163543701172, 0.173867310659438001341214885542285628616809844970703125000000,-0.173867310659438112363517348057939670979976654052734375000000,-0.969298878864568225210973650973755866289138793945312500000000, 2.893159510779722776163680464378558099269866943359375000000000, 5.497787143782137952996436069952324032783508300781250000000000
 0.000497856913652011223540838624757043362478725612163543701172,-0.173867310659438112363517348057939670979976654052734375000000, 0.173867310659438112363517348057939670979976654052734375000000, 0.969298878864568225210973650973755866289138793945312500000000, 0.248433142810070450856585466681281104683876037597656250000000, 2.356194490192344836998472601408138871192932128906250000000000
 0.000497856913652011223540838624757043362478725612163543701172,-0.173867310659438001341214885542285628616809844970703125000000, 0.173867310659438001341214885542285628616809844970703125000000,-0.969298878864568225210973650973755866289138793945312500000000, 2.893159510779723220252890314441174268722534179687500000000000, 2.356194490192344836998472601408138871192932128906250000000000
 0.000497856913652011223540838624757043362478725612163543701172,-0.173867310659438112363517348057939670979976654052734375000000,-0.173867310659438112363517348057939670979976654052734375000000, 0.969298878864568225210973650973755866289138793945312500000000, 0.248433142810070450856585466681281104683876037597656250000000, 3.926990816987241394997454335680231451988220214843750000000000
 0.000497856913652011223540838624757043362478725612163543701172,-0.173867310659438001341214885542285628616809844970703125000000,-0.173867310659438001341214885542285628616809844970703125000000,-0.969298878864568225210973650973755866289138793945312500000000, 2.893159510779723220252890314441174268722534179687500000000000, 3.926990816987241394997454335680231451988220214843750000000000
 0.000497856913652011223540838624757043362478725612163543701172, 0.173867310659438001341214885542285628616809844970703125000000, 0.969298878864568225210973650973755866289138793945312500000000, 0.173867310659437807052185576139891054481267929077148437500000, 1.396040883756149320049644302343949675559997558593750000000000, 1.393309515383315266845443147758487612009048461914062500000000
 0.000497856913652011223540838624757043362478725612163543701172, 0.173867310659438001341214885542285628616809844970703125000000,-0.969298878864568225210973650973755866289138793945312500000000, 0.173867310659437807052185576139891054481267929077148437500000, 1.396040883756149320049644302343949675559997558593750000000000, 4.889875791796271187195088714361190795898437500000000000000000
 0.000497856913652011223540838624757043362478725612163543701172, 0.173867310659438001341214885542285628616809844970703125000000, 0.969298878864568225210973650973755866289138793945312500000000,-0.173867310659437807052185576139891054481267929077148437500000, 1.745551769833643795948319166200235486030578613281250000000000, 1.393309515383315266845443147758487612009048461914062500000000
 0.000497856913652011223540838624757043362478725612163543701172, 0.173867310659438001341214885542285628616809844970703125000000,-0.969298878864568225210973650973755866289138793945312500000000,-0.173867310659437807052185576139891054481267929077148437500000, 1.745551769833643795948319166200235486030578613281250000000000, 4.889875791796271187195088714361190795898437500000000000000000
 0.000497856913652011223540838624757043362478725612163543701172,-0.173867310659438001341214885542285628616809844970703125000000, 0.969298878864568225210973650973755866289138793945312500000000, 0.173867310659437807052185576139891054481267929077148437500000, 1.396040883756149320049644302343949675559997558593750000000000, 1.748283138206478071197125245817005634307861328125000000000000
 0.000497856913652011223540838624757043362478725612163543701172,-0.173867310659438001341214885542285628616809844970703125000000,-0.969298878864568225210973650973755866289138793945312500000000, 0.173867310659437807052185576139891054481267929077148437500000, 1.396040883756149320049644302343949675559997558593750000000000, 4.534902168973108160798801691271364688873291015625000000000000
 0.000497856913652011223540838624757043362478725612163543701172,-0.173867310659438001341214885542285628616809844970703125000000, 0.969298878864568225210973650973755866289138793945312500000000,-0.173867310659437807052185576139891054481267929077148437500000, 1.745551769833643795948319166200235486030578613281250000000000, 1.748283138206478071197125245817005634307861328125000000000000
 0.000497856913652011223540838624757043362478725612163543701172,-0.173867310659438001341214885542285628616809844970703125000000,-0.969298878864568225210973650973755866289138793945312500000000,-0.173867310659437807052185576139891054481267929077148437500000, 1.745551769833643795948319166200235486030578613281250000000000, 4.534902168973108160798801691271364688873291015625000000000000
 0.000497856913652011223540838624757043362478725612163543701172, 0.969298878864568225210973650973755866289138793945312500000000, 0.173867310659438112363517348057939670979976654052734375000000, 0.173867310659437807052185576139891054481267929077148437500000, 1.396040883756149320049644302343949675559997558593750000000000, 0.177486811411581485442567895915999542921781539916992187500000
 0.000497856913652011223540838624757043362478725612163543701172,-0.969298878864568225210973650973755866289138793945312500000000, 0.173867310659438001341214885542285628616809844970703125000000, 0.173867310659437807052185576139891054481267929077148437500000, 1.396040883756149320049644302343949675559997558593750000000000, 2.964105842178212046889029807061888277530670166015625000000000
 0.000497856913652011223540838624757043362478725612163543701172, 0.969298878864568225210973650973755866289138793945312500000000, 0.173867310659438112363517348057939670979976654052734375000000,-0.173867310659437807052185576139891054481267929077148437500000, 1.745551769833643795948319166200235486030578613281250000000000, 0.177486811411581485442567895915999542921781539916992187500000
 0.000497856913652011223540838624757043362478725612163543701172,-0.969298878864568225210973650973755866289138793945312500000000, 0.173867310659438001341214885542285628616809844970703125000000,-0.173867310659437807052185576139891054481267929077148437500000, 1.745551769833643795948319166200235486030578613281250000000000, 2.964105842178212046889029807061888277530670166015625000000000
 0.000497856913652011223540838624757043362478725612163543701172, 0.969298878864568225210973650973755866289138793945312500000000,-0.173867310659438112363517348057939670979976654052734375000000, 0.173867310659437807052185576139891054481267929077148437500000, 1.396040883756149320049644302343949675559997558593750000000000, 6.105698495768004718797783425543457269668579101562500000000000
 0.000497856913652011223540838624757043362478725612163543701172,-0.969298878864568225210973650973755866289138793945312500000000,-0.173867310659438001341214885542285628616809844970703125000000, 0.173867310659437807052185576139891054481267929077148437500000, 1.396040883756149320049644302343949675559997558593750000000000, 3.319079465001374185106897130026482045650482177734375000000000
 0.000497856913652011223540838624757043362478725612163543701172, 0.969298878864568225210973650973755866289138793945312500000000,-0.173867310659438112363517348057939670979976654052734375000000,-0.173867310659437807052185576139891054481267929077148437500000, 1.745551769833643795948319166200235486030578613281250000000000, 6.105698495768004718797783425543457269668579101562500000000000
 0.000497856913652011223540838624757043362478725612163543701172,-0.969298878864568225210973650973755866289138793945312500000000,-0.173867310659438001341214885542285628616809844970703125000000,-0.173867310659437807052185576139891054481267929077148437500000, 1.745551769833643795948319166200235486030578613281250000000000, 3.319079465001374185106897130026482045650482177734375000000000
 0.000543503622200012409017289005674911095411516726016998291016, 0.228464543846773310287190383860433939844369888305664062500000, 0.228464543846773310287190383860433939844369888305664062500000, 0.946365629347226233747392143413890153169631958007812500000000, 0.329000879408365809464243056936538778245449066162109375000000, 0.785398163397448278999490867136046290397644042968750000000000
 0.000543503622200012409017289005674911095411516726016998291016, 0.228464543846773504576219693262828513979911804199218750000000, 0.228464543846773504576219693262828513979911804199218750000000,-0.946365629347226122725089680898236110806465148925781250000000, 2.812591774181427251022569180349819362163543701171875000000000, 0.785398163397448278999490867136046290397644042968750000000000
 0.000543503622200012409017289005674911095411516726016998291016, 0.228464543846773310287190383860433939844369888305664062500000,-0.228464543846773310287190383860433939844369888305664062500000, 0.946365629347226233747392143413890153169631958007812500000000, 0.329000879408365809464243056936538778245449066162109375000000, 5.497787143782137952996436069952324032783508300781250000000000
 0.000543503622200012409017289005674911095411516726016998291016, 0.228464543846773504576219693262828513979911804199218750000000,-0.228464543846773504576219693262828513979911804199218750000000,-0.946365629347226122725089680898236110806465148925781250000000, 2.812591774181427251022569180349819362163543701171875000000000, 5.497787143782137952996436069952324032783508300781250000000000
 0.000543503622200012409017289005674911095411516726016998291016,-0.228464543846773310287190383860433939844369888305664062500000, 0.228464543846773310287190383860433939844369888305664062500000, 0.946365629347226233747392143413890153169631958007812500000000, 0.329000879408365809464243056936538778245449066162109375000000, 2.356194490192344836998472601408138871192932128906250000000000
 0.000543503622200012409017289005674911095411516726016998291016,-0.228464543846773504576219693262828513979911804199218750000000, 0.228464543846773504576219693262828513979911804199218750000000,-0.946365629347226122725089680898236110806465148925781250000000, 2.812591774181427251022569180349819362163543701171875000000000, 2.356194490192344836998472601408138871192932128906250000000000
 0.000543503622200012409017289005674911095411516726016998291016,-0.228464543846773310287190383860433939844369888305664062500000,-0.228464543846773310287190383860433939844369888305664062500000, 0.946365629347226233747392143413890153169631958007812500000000, 0.329000879408365809464243056936538778245449066162109375000000, 3.926990816987241394997454335680231451988220214843750000000000
 0.000543503622200012409017289005674911095411516726016998291016,-0.228464543846773504576219693262828513979911804199218750000000,-0.228464543846773504576219693262828513979911804199218750000000,-0.946365629347226122725089680898236110806465148925781250000000, 2.812591774181427251022569180349819362163543701171875000000000, 3.926990816987241394997454335680231451988220214843750000000000
 0.000543503622200012409017289005674911095411516726016998291016, 0.228464543846773310287190383860433939844369888305664062500000, 0.946365629347226122725089680898236110806465148925781250000000, 0.228464543846773393553917230747174471616744995117187500000000, 1.340296105305444074318188540928531438112258911132812500000000, 1.333916152451795955613533806172199547290802001953125000000000
 0.000543503622200012409017289005674911095411516726016998291016, 0.228464543846773310287190383860433939844369888305664062500000,-0.946365629347226122725089680898236110806465148925781250000000, 0.228464543846773393553917230747174471616744995117187500000000, 1.340296105305444074318188540928531438112258911132812500000000, 4.949269154727790720471602980978786945343017578125000000000000
 0.000543503622200012409017289005674911095411516726016998291016, 0.228464543846773310287190383860433939844369888305664062500000, 0.946365629347226122725089680898236110806465148925781250000000,-0.228464543846773393553917230747174471616744995117187500000000, 1.801296548284349041679774927615653723478317260742187500000000, 1.333916152451795955613533806172199547290802001953125000000000
 0.000543503622200012409017289005674911095411516726016998291016, 0.228464543846773310287190383860433939844369888305664062500000,-0.946365629347226122725089680898236110806465148925781250000000,-0.228464543846773393553917230747174471616744995117187500000000, 1.801296548284349041679774927615653723478317260742187500000000, 4.949269154727790720471602980978786945343017578125000000000000
 0.000543503622200012409017289005674911095411516726016998291016,-0.228464543846773587842946540149569045752286911010742187500000, 0.946365629347226122725089680898236110806465148925781250000000, 0.228464543846773393553917230747174471616744995117187500000000, 1.340296105305444074318188540928531438112258911132812500000000, 1.807676501137997604473639512434601783752441406250000000000000
 0.000543503622200012409017289005674911095411516726016998291016,-0.228464543846773587842946540149569045752286911010742187500000,-0.946365629347226122725089680898236110806465148925781250000000, 0.228464543846773393553917230747174471616744995117187500000000, 1.340296105305444074318188540928531438112258911132812500000000, 4.475508806041588627522287424653768539428710937500000000000000
 0.000543503622200012409017289005674911095411516726016998291016,-0.228464543846773587842946540149569045752286911010742187500000, 0.946365629347226122725089680898236110806465148925781250000000,-0.228464543846773393553917230747174471616744995117187500000000, 1.801296548284349041679774927615653723478317260742187500000000, 1.807676501137997604473639512434601783752441406250000000000000
 0.000543503622200012409017289005674911095411516726016998291016,-0.228464543846773587842946540149569045752286911010742187500000,-0.946365629347226122725089680898236110806465148925781250000000,-0.228464543846773393553917230747174471616744995117187500000000, 1.801296548284349041679774927615653723478317260742187500000000, 4.475508806041588627522287424653768539428710937500000000000000
 0.000543503622200012409017289005674911095411516726016998291016, 0.946365629347226233747392143413890153169631958007812500000000, 0.228464543846773088242585458829125855118036270141601562500000, 0.228464543846773393553917230747174471616744995117187500000000, 1.340296105305444074318188540928531438112258911132812500000000, 0.236880174343100408096418618697498459368944168090820312500000
 0.000543503622200012409017289005674911095411516726016998291016,-0.946365629347226233747392143413890153169631958007812500000000, 0.228464543846773088242585458829125855118036270141601562500000, 0.228464543846773393553917230747174471616744995117187500000000, 1.340296105305444074318188540928531438112258911132812500000000, 2.904712479246692957701725390506908297538757324218750000000000
 0.000543503622200012409017289005674911095411516726016998291016, 0.946365629347226233747392143413890153169631958007812500000000, 0.228464543846773088242585458829125855118036270141601562500000,-0.228464543846773393553917230747174471616744995117187500000000, 1.801296548284349041679774927615653723478317260742187500000000, 0.236880174343100408096418618697498459368944168090820312500000
 0.000543503622200012409017289005674911095411516726016998291016,-0.946365629347226233747392143413890153169631958007812500000000, 0.228464543846773088242585458829125855118036270141601562500000,-0.228464543846773393553917230747174471616744995117187500000000, 1.801296548284349041679774927615653723478317260742187500000000, 2.904712479246692957701725390506908297538757324218750000000000
 0.000543503622200012409017289005674911095411516726016998291016, 0.946365629347226233747392143413890153169631958007812500000000,-0.228464543846773088242585458829125855118036270141601562500000, 0.228464543846773393553917230747174471616744995117187500000000, 1.340296105305444074318188540928531438112258911132812500000000, 6.046305132836486073699688859051093459129333496093750000000000
 0.000543503622200012409017289005674911095411516726016998291016,-0.946365629347226233747392143413890153169631958007812500000000,-0.228464543846773088242585458829125855118036270141601562500000, 0.228464543846773393553917230747174471616744995117187500000000, 1.340296105305444074318188540928531438112258911132812500000000, 3.378472827932893274294201546581462025642395019531250000000000
 0.000543503622200012409017289005674911095411516726016998291016, 0.946365629347226233747392143413890153169631958007812500000000,-0.228464543846773088242585458829125855118036270141601562500000,-0.228464543846773393553917230747174471616744995117187500000000, 1.801296548284349041679774927615653723478317260742187500000000, 6.046305132836486073699688859051093459129333496093750000000000
 0.000543503622200012409017289005674911095411516726016998291016,-0.946365629347226233747392143413890153169631958007812500000000,-0.228464543846773088242585458829125855118036270141601562500000,-0.228464543846773393553917230747174471616744995117187500000000, 1.801296548284349041679774927615653723478317260742187500000000, 3.378472827932893274294201546581462025642395019531250000000000
 0.000576591338822012976911279835690038453321903944015502929688, 0.283480767170151193301563807835918851196765899658203125000000, 0.283480767170151193301563807835918851196765899658203125000000, 0.916120794049149922422259351151296868920326232910156250000000, 0.412501597610082315625845694739837199449539184570312500000000, 0.785398163397448278999490867136046290397644042968750000000000
 0.000576591338822012976911279835690038453321903944015502929688, 0.283480767170151193301563807835918851196765899658203125000000, 0.283480767170151193301563807835918851196765899658203125000000,-0.916120794049149922422259351151296868920326232910156250000000, 2.729091055979711022416722698835656046867370605468750000000000, 0.785398163397448278999490867136046290397644042968750000000000
 0.000576591338822012976911279835690038453321903944015502929688, 0.283480767170151193301563807835918851196765899658203125000000,-0.283480767170151193301563807835918851196765899658203125000000, 0.916120794049149922422259351151296868920326232910156250000000, 0.412501597610082315625845694739837199449539184570312500000000, 5.497787143782137952996436069952324032783508300781250000000000
 0.000576591338822012976911279835690038453321903944015502929688, 0.283480767170151193301563807835918851196765899658203125000000,-0.283480767170151193301563807835918851196765899658203125000000,-0.916120794049149922422259351151296868920326232910156250000000, 2.729091055979711022416722698835656046867370605468750000000000, 5.497787143782137952996436069952324032783508300781250000000000
 0.000576591338822012976911279835690038453321903944015502929688,-0.283480767170151193301563807835918851196765899658203125000000, 0.283480767170151193301563807835918851196765899658203125000000, 0.916120794049149922422259351151296868920326232910156250000000, 0.412501597610082315625845694739837199449539184570312500000000, 2.356194490192344836998472601408138871192932128906250000000000
 0.000576591338822012976911279835690038453321903944015502929688,-0.283480767170151193301563807835918851196765899658203125000000, 0.283480767170151193301563807835918851196765899658203125000000,-0.916120794049149922422259351151296868920326232910156250000000, 2.729091055979711022416722698835656046867370605468750000000000, 2.356194490192344836998472601408138871192932128906250000000000
 0.000576591338822012976911279835690038453321903944015502929688,-0.283480767170151193301563807835918851196765899658203125000000,-0.283480767170151193301563807835918851196765899658203125000000, 0.916120794049149922422259351151296868920326232910156250000000, 0.412501597610082315625845694739837199449539184570312500000000, 3.926990816987241394997454335680231451988220214843750000000000
 0.000576591338822012976911279835690038453321903944015502929688,-0.283480767170151193301563807835918851196765899658203125000000,-0.283480767170151193301563807835918851196765899658203125000000,-0.916120794049149922422259351151296868920326232910156250000000, 2.729091055979711022416722698835656046867370605468750000000000, 3.926990816987241394997454335680231451988220214843750000000000
 0.000576591338822012976911279835690038453321903944015502929688, 0.283480767170151304323866270351572893559932708740234375000000, 0.916120794049149922422259351151296868920326232910156250000000, 0.283480767170151082279261345320264808833599090576171875000000, 1.283374491271310757767309951304923743009567260742187500000000, 1.270705277296321877855689308489672839641571044921875000000000
 0.000576591338822012976911279835690038453321903944015502929688, 0.283480767170151304323866270351572893559932708740234375000000,-0.916120794049149922422259351151296868920326232910156250000000, 0.283480767170151082279261345320264808833599090576171875000000, 1.283374491271310757767309951304923743009567260742187500000000, 5.012480029883263910051027778536081314086914062500000000000000
 0.000576591338822012976911279835690038453321903944015502929688, 0.283480767170151193301563807835918851196765899658203125000000, 0.916120794049149811399956888635642826557159423828125000000000,-0.283480767170151415346168732867226935923099517822265625000000, 1.858218162318482802319863367301877588033676147460937500000000, 1.270705277296321877855689308489672839641571044921875000000000
 0.000576591338822012976911279835690038453321903944015502929688, 0.283480767170151193301563807835918851196765899658203125000000,-0.916120794049149811399956888635642826557159423828125000000000,-0.283480767170151415346168732867226935923099517822265625000000, 1.858218162318482802319863367301877588033676147460937500000000, 5.012480029883263910051027778536081314086914062500000000000000
 0.000576591338822012976911279835690038453321903944015502929688,-0.283480767170151304323866270351572893559932708740234375000000, 0.916120794049149922422259351151296868920326232910156250000000, 0.283480767170151082279261345320264808833599090576171875000000, 1.283374491271310757767309951304923743009567260742187500000000, 1.870887376293471460186879085085820406675338745117187500000000
 0.000576591338822012976911279835690038453321903944015502929688,-0.283480767170151304323866270351572893559932708740234375000000,-0.916120794049149922422259351151296868920326232910156250000000, 0.283480767170151082279261345320264808833599090576171875000000, 1.283374491271310757767309951304923743009567260742187500000000, 4.412297930886114549764442926971241831779479980468750000000000
 0.000576591338822012976911279835690038453321903944015502929688,-0.283480767170151193301563807835918851196765899658203125000000, 0.916120794049149811399956888635642826557159423828125000000000,-0.283480767170151415346168732867226935923099517822265625000000, 1.858218162318482802319863367301877588033676147460937500000000, 1.870887376293471238142274160054512321949005126953125000000000
 0.000576591338822012976911279835690038453321903944015502929688,-0.283480767170151193301563807835918851196765899658203125000000,-0.916120794049149811399956888635642826557159423828125000000000,-0.283480767170151415346168732867226935923099517822265625000000, 1.858218162318482802319863367301877588033676147460937500000000, 4.412297930886115437942862627096474170684814453125000000000000
 0.000576591338822012976911279835690038453321903944015502929688, 0.916120794049150033444561813666950911283493041992187500000000, 0.283480767170151026768110114062437787652015686035156250000000, 0.283480767170151082279261345320264808833599090576171875000000, 1.283374491271310757767309951304923743009567260742187500000000, 0.300091049498574458098687500751111656427383422851562500000000
 0.000576591338822012976911279835690038453321903944015502929688,-0.916120794049150144466864276182604953646659851074218750000000, 0.283480767170150693701202726515475660562515258789062500000000, 0.283480767170151082279261345320264808833599090576171875000000, 1.283374491271310757767309951304923743009567260742187500000000, 2.841501604091219324033090742886997759342193603515625000000000
 0.000576591338822012976911279835690038453321903944015502929688, 0.916120794049149922422259351151296868920326232910156250000000, 0.283480767170151026768110114062437787652015686035156250000000,-0.283480767170151415346168732867226935923099517822265625000000, 1.858218162318482802319863367301877588033676147460937500000000, 0.300091049498574513609838732008938677608966827392578125000000
 0.000576591338822012976911279835690038453321903944015502929688,-0.916120794049150033444561813666950911283493041992187500000000, 0.283480767170150693701202726515475660562515258789062500000000,-0.283480767170151415346168732867226935923099517822265625000000, 1.858218162318482802319863367301877588033676147460937500000000, 2.841501604091218879943880892824381589889526367187500000000000
 0.000576591338822012976911279835690038453321903944015502929688, 0.916120794049150033444561813666950911283493041992187500000000,-0.283480767170151026768110114062437787652015686035156250000000, 0.283480767170151082279261345320264808833599090576171875000000, 1.283374491271310757767309951304923743009567260742187500000000, 5.983094257681011995941844361368566751480102539062500000000000
 0.000576591338822012976911279835690038453321903944015502929688,-0.916120794049150144466864276182604953646659851074218750000000,-0.283480767170150693701202726515475660562515258789062500000000, 0.283480767170151082279261345320264808833599090576171875000000, 1.283374491271310757767309951304923743009567260742187500000000, 3.441683703088366907962836194201372563838958740234375000000000
 0.000576591338822012976911279835690038453321903944015502929688, 0.916120794049149922422259351151296868920326232910156250000000,-0.283480767170151026768110114062437787652015686035156250000000,-0.283480767170151415346168732867226935923099517822265625000000, 1.858218162318482802319863367301877588033676147460937500000000, 5.983094257681011995941844361368566751480102539062500000000000
 0.000576591338822012976911279835690038453321903944015502929688,-0.916120794049150033444561813666950911283493041992187500000000,-0.283480767170150693701202726515475660562515258789062500000000,-0.283480767170151415346168732867226935923099517822265625000000, 1.858218162318482802319863367301877588033676147460937500000000, 3.441683703088367352052046044263988733291625976562500000000000
 0.000600120035923013580951568268773144154693000018596649169922, 0.337968014546733919178933547300403006374835968017578125000000, 0.337968014546733919178933547300403006374835968017578125000000, 0.878382173251869513563860891736112534999847412109375000000000, 0.498329592373309537833847571164369583129882812500000000000000, 0.785398163397448278999490867136046290397644042968750000000000
 0.000600120035923013580951568268773144154693000018596649169922, 0.337968014546733919178933547300403006374835968017578125000000, 0.337968014546733919178933547300403006374835968017578125000000,-0.878382173251869513563860891736112534999847412109375000000000, 2.643263061216483578164115897379815578460693359375000000000000, 0.785398163397448278999490867136046290397644042968750000000000
 0.000600120035923013580951568268773144154693000018596649169922, 0.337968014546733919178933547300403006374835968017578125000000,-0.337968014546733919178933547300403006374835968017578125000000, 0.878382173251869513563860891736112534999847412109375000000000, 0.498329592373309537833847571164369583129882812500000000000000, 5.497787143782137952996436069952324032783508300781250000000000
 0.000600120035923013580951568268773144154693000018596649169922, 0.337968014546733919178933547300403006374835968017578125000000,-0.337968014546733919178933547300403006374835968017578125000000,-0.878382173251869513563860891736112534999847412109375000000000, 2.643263061216483578164115897379815578460693359375000000000000, 5.497787143782137952996436069952324032783508300781250000000000
 0.000600120035923013580951568268773144154693000018596649169922,-0.337968014546733919178933547300403006374835968017578125000000, 0.337968014546733919178933547300403006374835968017578125000000, 0.878382173251869513563860891736112534999847412109375000000000, 0.498329592373309537833847571164369583129882812500000000000000, 2.356194490192344836998472601408138871192932128906250000000000
 0.000600120035923013580951568268773144154693000018596649169922,-0.337968014546733919178933547300403006374835968017578125000000, 0.337968014546733919178933547300403006374835968017578125000000,-0.878382173251869513563860891736112534999847412109375000000000, 2.643263061216483578164115897379815578460693359375000000000000, 2.356194490192344836998472601408138871192932128906250000000000
 0.000600120035923013580951568268773144154693000018596649169922,-0.337968014546733919178933547300403006374835968017578125000000,-0.337968014546733919178933547300403006374835968017578125000000, 0.878382173251869513563860891736112534999847412109375000000000, 0.498329592373309537833847571164369583129882812500000000000000, 3.926990816987241394997454335680231451988220214843750000000000
 0.000600120035923013580951568268773144154693000018596649169922,-0.337968014546733919178933547300403006374835968017578125000000,-0.337968014546733919178933547300403006374835968017578125000000,-0.878382173251869513563860891736112534999847412109375000000000, 2.643263061216483578164115897379815578460693359375000000000000, 3.926990816987241394997454335680231451988220214843750000000000
 0.000600120035923013580951568268773144154693000018596649169922, 0.337968014546733974690084778558230027556419372558593750000000, 0.878382173251869513563860891736112534999847412109375000000000, 0.337968014546733808156631084784748964011669158935546875000000, 1.226039296388976129748016319354064762592315673828125000000000, 1.203494844238697680793848121538758277893066406250000000000000
 0.000600120035923013580951568268773144154693000018596649169922, 0.337968014546733974690084778558230027556419372558593750000000,-0.878382173251869513563860891736112534999847412109375000000000, 0.337968014546733808156631084784748964011669158935546875000000, 1.226039296388976129748016319354064762592315673828125000000000, 5.079690462940888551202078815549612045288085937500000000000000
 0.000600120035923013580951568268773144154693000018596649169922, 0.337968014546733919178933547300403006374835968017578125000000, 0.878382173251869402541558429220458492636680603027343750000000,-0.337968014546734085712387241073884069919586181640625000000000, 1.915553357200817430339156999252736568450927734375000000000000, 1.203494844238697680793848121538758277893066406250000000000000
 0.000600120035923013580951568268773144154693000018596649169922, 0.337968014546733919178933547300403006374835968017578125000000,-0.878382173251869402541558429220458492636680603027343750000000,-0.337968014546734085712387241073884069919586181640625000000000, 1.915553357200817430339156999252736568450927734375000000000000, 5.079690462940888551202078815549612045288085937500000000000000
 0.000600120035923013580951568268773144154693000018596649169922,-0.337968014546733974690084778558230027556419372558593750000000, 0.878382173251869513563860891736112534999847412109375000000000, 0.337968014546733808156631084784748964011669158935546875000000, 1.226039296388976129748016319354064762592315673828125000000000, 1.938097809351095657248720272036734968423843383789062500000000
 0.000600120035923013580951568268773144154693000018596649169922,-0.337968014546733974690084778558230027556419372558593750000000,-0.878382173251869513563860891736112534999847412109375000000000, 0.337968014546733808156631084784748964011669158935546875000000, 1.226039296388976129748016319354064762592315673828125000000000, 4.345087497828490796791811590082943439483642578125000000000000
 0.000600120035923013580951568268773144154693000018596649169922,-0.337968014546733919178933547300403006374835968017578125000000, 0.878382173251869402541558429220458492636680603027343750000000,-0.337968014546734085712387241073884069919586181640625000000000, 1.915553357200817430339156999252736568450927734375000000000000, 1.938097809351095657248720272036734968423843383789062500000000
 0.000600120035923013580951568268773144154693000018596649169922,-0.337968014546733919178933547300403006374835968017578125000000,-0.878382173251869402541558429220458492636680603027343750000000,-0.337968014546734085712387241073884069919586181640625000000000, 1.915553357200817430339156999252736568450927734375000000000000, 4.345087497828490796791811590082943439483642578125000000000000
 0.000600120035923013580951568268773144154693000018596649169922, 0.878382173251869513563860891736112534999847412109375000000000, 0.337968014546733974690084778558230027556419372558593750000000, 0.337968014546733808156631084784748964011669158935546875000000, 1.226039296388976129748016319354064762592315673828125000000000, 0.367301482556198932716284843991161324083805084228515625000000
 0.000600120035923013580951568268773144154693000018596649169922,-0.878382173251869513563860891736112534999847412109375000000000, 0.337968014546733974690084778558230027556419372558593750000000, 0.337968014546733808156631084784748964011669158935546875000000, 1.226039296388976129748016319354064762592315673828125000000000, 2.774291171033594238792829855810850858688354492187500000000000
 0.000600120035923013580951568268773144154693000018596649169922, 0.878382173251869402541558429220458492636680603027343750000000, 0.337968014546733974690084778558230027556419372558593750000000,-0.337968014546734085712387241073884069919586181640625000000000, 1.915553357200817208294552074221428483724594116210937500000000, 0.367301482556198988227436075248988345265388488769531250000000
 0.000600120035923013580951568268773144154693000018596649169922,-0.878382173251869402541558429220458492636680603027343750000000, 0.337968014546733919178933547300403006374835968017578125000000,-0.337968014546734085712387241073884069919586181640625000000000, 1.915553357200817430339156999252736568450927734375000000000000, 2.774291171033594238792829855810850858688354492187500000000000
 0.000600120035923013580951568268773144154693000018596649169922, 0.878382173251869513563860891736112534999847412109375000000000,-0.337968014546733974690084778558230027556419372558593750000000, 0.337968014546733808156631084784748964011669158935546875000000, 1.226039296388976129748016319354064762592315673828125000000000, 5.915883824623387354790793324355036020278930664062500000000000
 0.000600120035923013580951568268773144154693000018596649169922,-0.878382173251869513563860891736112534999847412109375000000000,-0.337968014546733974690084778558230027556419372558593750000000, 0.337968014546733808156631084784748964011669158935546875000000, 1.226039296388976129748016319354064762592315673828125000000000, 3.508894136145991993203097081277519464492797851562500000000000
 0.000600120035923013580951568268773144154693000018596649169922, 0.878382173251869402541558429220458492636680603027343750000000,-0.337968014546733974690084778558230027556419372558593750000000,-0.337968014546734085712387241073884069919586181640625000000000, 1.915553357200817208294552074221428483724594116210937500000000, 5.915883824623387354790793324355036020278930664062500000000000
 0.000600120035923013580951568268773144154693000018596649169922,-0.878382173251869402541558429220458492636680603027343750000000,-0.337968014546733919178933547300403006374835968017578125000000,-0.337968014546734085712387241073884069919586181640625000000000, 1.915553357200817430339156999252736568450927734375000000000000, 3.508894136145991993203097081277519464492797851562500000000000
 0.000616217817272014019985837407489270844962447881698608398438, 0.391135545481953617041881443583406507968902587890625000000000, 0.391135545481953672553032674841233529150485992431640625000000, 0.833082210901822883819534126814687624573707580566406250000000, 0.586139685581564262584208790940465405583381652832031250000000, 0.785398163397448390021793329651700332760810852050781250000000
 0.000616217817272014019985837407489270844962447881698608398438, 0.391135545481953617041881443583406507968902587890625000000000, 0.391135545481953672553032674841233529150485992431640625000000,-0.833082210901822883819534126814687624573707580566406250000000, 2.555452968008228964436057140119373798370361328125000000000000, 0.785398163397448390021793329651700332760810852050781250000000
 0.000616217817272014019985837407489270844962447881698608398438, 0.391135545481953617041881443583406507968902587890625000000000,-0.391135545481953672553032674841233529150485992431640625000000, 0.833082210901822883819534126814687624573707580566406250000000, 0.586139685581564262584208790940465405583381652832031250000000, 5.497787143782137952996436069952324032783508300781250000000000
 0.000616217817272014019985837407489270844962447881698608398438, 0.391135545481953617041881443583406507968902587890625000000000,-0.391135545481953672553032674841233529150485992431640625000000,-0.833082210901822883819534126814687624573707580566406250000000, 2.555452968008228964436057140119373798370361328125000000000000, 5.497787143782137952996436069952324032783508300781250000000000
 0.000616217817272014019985837407489270844962447881698608398438,-0.391135545481953617041881443583406507968902587890625000000000, 0.391135545481953617041881443583406507968902587890625000000000, 0.833082210901822883819534126814687624573707580566406250000000, 0.586139685581564262584208790940465405583381652832031250000000, 2.356194490192344836998472601408138871192932128906250000000000
 0.000616217817272014019985837407489270844962447881698608398438,-0.391135545481953617041881443583406507968902587890625000000000, 0.391135545481953617041881443583406507968902587890625000000000,-0.833082210901822883819534126814687624573707580566406250000000, 2.555452968008228964436057140119373798370361328125000000000000, 2.356194490192344836998472601408138871192932128906250000000000
 0.000616217817272014019985837407489270844962447881698608398438,-0.391135545481953617041881443583406507968902587890625000000000,-0.391135545481953617041881443583406507968902587890625000000000, 0.833082210901822883819534126814687624573707580566406250000000, 0.586139685581564262584208790940465405583381652832031250000000, 3.926990816987241394997454335680231451988220214843750000000000
 0.000616217817272014019985837407489270844962447881698608398438,-0.391135545481953617041881443583406507968902587890625000000000,-0.391135545481953617041881443583406507968902587890625000000000,-0.833082210901822883819534126814687624573707580566406250000000, 2.555452968008228964436057140119373798370361328125000000000000, 3.926990816987241394997454335680231451988220214843750000000000
 0.000616217817272014019985837407489270844962447881698608398438, 0.391135545481953672553032674841233529150485992431640625000000, 0.833082210901822661774929201783379539847373962402343750000000, 0.391135545481953672553032674841233529150485992431640625000000, 1.168931215251151067846535624994430691003799438476562500000000, 1.131841661511713281740298953081946820020675659179687500000000
 0.000616217817272014019985837407489270844962447881698608398438, 0.391135545481953672553032674841233529150485992431640625000000,-0.833082210901822661774929201783379539847373962402343750000000, 0.391135545481953672553032674841233529150485992431640625000000, 1.168931215251151067846535624994430691003799438476562500000000, 5.151343645667872728211023058975115418434143066406250000000000
 0.000616217817272014019985837407489270844962447881698608398438, 0.391135545481953672553032674841233529150485992431640625000000, 0.833082210901822661774929201783379539847373962402343750000000,-0.391135545481953672553032674841233529150485992431640625000000, 1.972661438338642048151427843549754470586776733398437500000000, 1.131841661511713281740298953081946820020675659179687500000000
 0.000616217817272014019985837407489270844962447881698608398438, 0.391135545481953672553032674841233529150485992431640625000000,-0.833082210901822661774929201783379539847373962402343750000000,-0.391135545481953672553032674841233529150485992431640625000000, 1.972661438338642048151427843549754470586776733398437500000000, 5.151343645667872728211023058975115418434143066406250000000000
 0.000616217817272014019985837407489270844962447881698608398438,-0.391135545481953894597637599872541613876819610595703125000000, 0.833082210901822661774929201783379539847373962402343750000000, 0.391135545481953672553032674841233529150485992431640625000000, 1.168931215251151067846535624994430691003799438476562500000000, 2.009750992078080056302269440493546426296234130859375000000000
 0.000616217817272014019985837407489270844962447881698608398438,-0.391135545481953894597637599872541613876819610595703125000000,-0.833082210901822661774929201783379539847373962402343750000000, 0.391135545481953672553032674841233529150485992431640625000000, 1.168931215251151067846535624994430691003799438476562500000000, 4.273434315101505731604447646532207727432250976562500000000000
 0.000616217817272014019985837407489270844962447881698608398438,-0.391135545481953894597637599872541613876819610595703125000000, 0.833082210901822661774929201783379539847373962402343750000000,-0.391135545481953672553032674841233529150485992431640625000000, 1.972661438338642048151427843549754470586776733398437500000000, 2.009750992078080056302269440493546426296234130859375000000000
 0.000616217817272014019985837407489270844962447881698608398438,-0.391135545481953894597637599872541613876819610595703125000000,-0.833082210901822661774929201783379539847373962402343750000000,-0.391135545481953672553032674841233529150485992431640625000000, 1.972661438338642048151427843549754470586776733398437500000000, 4.273434315101505731604447646532207727432250976562500000000000
 0.000616217817272014019985837407489270844962447881698608398438, 0.833082210901822772797231664299033582210540771484375000000000, 0.391135545481953617041881443583406507968902587890625000000000, 0.391135545481953672553032674841233529150485992431640625000000, 1.168931215251151067846535624994430691003799438476562500000000, 0.438954665283183220747531549932318739593029022216796875000000
 0.000616217817272014019985837407489270844962447881698608398438,-0.833082210901822883819534126814687624573707580566406250000000, 0.391135545481953506019578981067752465605735778808593750000000, 0.391135545481953672553032674841233529150485992431640625000000, 1.168931215251151067846535624994430691003799438476562500000000, 2.702637988306610061783885612385347485542297363281250000000000
 0.000616217817272014019985837407489270844962447881698608398438, 0.833082210901822772797231664299033582210540771484375000000000, 0.391135545481953617041881443583406507968902587890625000000000,-0.391135545481953672553032674841233529150485992431640625000000, 1.972661438338642048151427843549754470586776733398437500000000, 0.438954665283183220747531549932318739593029022216796875000000
 0.000616217817272014019985837407489270844962447881698608398438,-0.833082210901822883819534126814687624573707580566406250000000, 0.391135545481953506019578981067752465605735778808593750000000,-0.391135545481953672553032674841233529150485992431640625000000, 1.972661438338642048151427843549754470586776733398437500000000, 2.702637988306610061783885612385347485542297363281250000000000
 0.000616217817272014019985837407489270844962447881698608398438, 0.833082210901822772797231664299033582210540771484375000000000,-0.391135545481953617041881443583406507968902587890625000000000, 0.391135545481953672553032674841233529150485992431640625000000, 1.168931215251151067846535624994430691003799438476562500000000, 5.844230641896403177781849080929532647132873535156250000000000
 0.000616217817272014019985837407489270844962447881698608398438,-0.833082210901822883819534126814687624573707580566406250000000,-0.391135545481953506019578981067752465605735778808593750000000, 0.391135545481953672553032674841233529150485992431640625000000, 1.168931215251151067846535624994430691003799438476562500000000, 3.580547318872976170212041324703022837638854980468750000000000
 0.000616217817272014019985837407489270844962447881698608398438, 0.833082210901822772797231664299033582210540771484375000000000,-0.391135545481953617041881443583406507968902587890625000000000,-0.391135545481953672553032674841233529150485992431640625000000, 1.972661438338642048151427843549754470586776733398437500000000, 5.844230641896403177781849080929532647132873535156250000000000
 0.000616217817272014019985837407489270844962447881698608398438,-0.833082210901822883819534126814687624573707580566406250000000,-0.391135545481953506019578981067752465605735778808593750000000,-0.391135545481953672553032674841233529150485992431640625000000, 1.972661438338642048151427843549754470586776733398437500000000, 3.580547318872976170212041324703022837638854980468750000000000
 0.000626521815244014223904300830980673708836548030376434326172, 0.442286035300140323300865929923020303249359130859375000000000, 0.442286035300140323300865929923020303249359130859375000000000, 0.780234660827732073862250672391382977366447448730468750000000, 0.675755432246059051237807580037042498588562011718750000000000, 0.785398163397448278999490867136046290397644042968750000000000
 0.000626521815244014223904300830980673708836548030376434326172, 0.442286035300140323300865929923020303249359130859375000000000, 0.442286035300140323300865929923020303249359130859375000000000,-0.780234660827732073862250672391382977366447448730468750000000, 2.465837221343734064760155888507142663002014160156250000000000, 0.785398163397448278999490867136046290397644042968750000000000
 0.000626521815244014223904300830980673708836548030376434326172, 0.442286035300140323300865929923020303249359130859375000000000,-0.442286035300140323300865929923020303249359130859375000000000, 0.780234660827732073862250672391382977366447448730468750000000, 0.675755432246059051237807580037042498588562011718750000000000, 5.497787143782137952996436069952324032783508300781250000000000
 0.000626521815244014223904300830980673708836548030376434326172, 0.442286035300140323300865929923020303249359130859375000000000,-0.442286035300140323300865929923020303249359130859375000000000,-0.780234660827732073862250672391382977366447448730468750000000, 2.465837221343734064760155888507142663002014160156250000000000, 5.497787143782137952996436069952324032783508300781250000000000
 0.000626521815244014223904300830980673708836548030376434326172,-0.442286035300140323300865929923020303249359130859375000000000, 0.442286035300140323300865929923020303249359130859375000000000, 0.780234660827732073862250672391382977366447448730468750000000, 0.675755432246059051237807580037042498588562011718750000000000, 2.356194490192344836998472601408138871192932128906250000000000
 0.000626521815244014223904300830980673708836548030376434326172,-0.442286035300140323300865929923020303249359130859375000000000, 0.442286035300140323300865929923020303249359130859375000000000,-0.780234660827732073862250672391382977366447448730468750000000, 2.465837221343734064760155888507142663002014160156250000000000, 2.356194490192344836998472601408138871192932128906250000000000
 0.000626521815244014223904300830980673708836548030376434326172,-0.442286035300140323300865929923020303249359130859375000000000,-0.442286035300140323300865929923020303249359130859375000000000, 0.780234660827732073862250672391382977366447448730468750000000, 0.675755432246059051237807580037042498588562011718750000000000, 3.926990816987241394997454335680231451988220214843750000000000
 0.000626521815244014223904300830980673708836548030376434326172,-0.442286035300140323300865929923020303249359130859375000000000,-0.442286035300140323300865929923020303249359130859375000000000,-0.780234660827732073862250672391382977366447448730468750000000, 2.465837221343734064760155888507142663002014160156250000000000, 3.926990816987241394997454335680231451988220214843750000000000
 0.000626521815244014223904300830980673708836548030376434326172, 0.442286035300140323300865929923020303249359130859375000000000, 0.780234660827732073862250672391382977366447448730468750000000, 0.442286035300140323300865929923020303249359130859375000000000, 1.112650358339955625197603694687131792306900024414062500000000, 1.055098841052699576437134965090081095695495605468750000000000
 0.000626521815244014223904300830980673708836548030376434326172, 0.442286035300140323300865929923020303249359130859375000000000,-0.780234660827732073862250672391382977366447448730468750000000, 0.442286035300140323300865929923020303249359130859375000000000, 1.112650358339955625197603694687131792306900024414062500000000, 5.228086466126886655558791971998289227485656738281250000000000
 0.000626521815244014223904300830980673708836548030376434326172, 0.442286035300140212278563467407366260886192321777343750000000, 0.780234660827731962839948209875728935003280639648437500000000,-0.442286035300140600856622086212155409157276153564453125000000, 2.028942295249837712844964698888361454010009765625000000000000, 1.055098841052699576437134965090081095695495605468750000000000
 0.000626521815244014223904300830980673708836548030376434326172, 0.442286035300140212278563467407366260886192321777343750000000,-0.780234660827731962839948209875728935003280639648437500000000,-0.442286035300140600856622086212155409157276153564453125000000, 2.028942295249837712844964698888361454010009765625000000000000, 5.228086466126886655558791971998289227485656738281250000000000
 0.000626521815244014223904300830980673708836548030376434326172,-0.442286035300140212278563467407366260886192321777343750000000, 0.780234660827732184884553134907037019729614257812500000000000, 0.442286035300140323300865929923020303249359130859375000000000, 1.112650358339955625197603694687131792306900024414062500000000, 2.086493812537093539560828503454104065895080566406250000000000
 0.000626521815244014223904300830980673708836548030376434326172,-0.442286035300140212278563467407366260886192321777343750000000,-0.780234660827732184884553134907037019729614257812500000000000, 0.442286035300140323300865929923020303249359130859375000000000, 1.112650358339955625197603694687131792306900024414062500000000, 4.196691494642492692435098433634266257286071777343750000000000
 0.000626521815244014223904300830980673708836548030376434326172,-0.442286035300140212278563467407366260886192321777343750000000, 0.780234660827732073862250672391382977366447448730468750000000,-0.442286035300140600856622086212155409157276153564453125000000, 2.028942295249837712844964698888361454010009765625000000000000, 2.086493812537093539560828503454104065895080566406250000000000
 0.000626521815244014223904300830980673708836548030376434326172,-0.442286035300140212278563467407366260886192321777343750000000,-0.780234660827732073862250672391382977366447448730468750000000,-0.442286035300140600856622086212155409157276153564453125000000, 2.028942295249837712844964698888361454010009765625000000000000, 4.196691494642492692435098433634266257286071777343750000000000
 0.000626521815244014223904300830980673708836548030376434326172, 0.780234660827732073862250672391382977366447448730468750000000, 0.442286035300140323300865929923020303249359130859375000000000, 0.442286035300140323300865929923020303249359130859375000000000, 1.112650358339955625197603694687131792306900024414062500000000, 0.515697485742197092584149231697665527462959289550781250000000
 0.000626521815244014223904300830980673708836548030376434326172,-0.780234660827731962839948209875728935003280639648437500000000, 0.442286035300140378812017161180847324430942535400390625000000, 0.442286035300140323300865929923020303249359130859375000000000, 1.112650358339955625197603694687131792306900024414062500000000, 2.625895167847596134436116699362173676490783691406250000000000
 0.000626521815244014223904300830980673708836548030376434326172, 0.780234660827731962839948209875728935003280639648437500000000, 0.442286035300140212278563467407366260886192321777343750000000,-0.442286035300140600856622086212155409157276153564453125000000, 2.028942295249837712844964698888361454010009765625000000000000, 0.515697485742196981561846769182011485099792480468750000000000
 0.000626521815244014223904300830980673708836548030376434326172,-0.780234660827731851817645747360074892640113830566406250000000, 0.442286035300140378812017161180847324430942535400390625000000,-0.442286035300140600856622086212155409157276153564453125000000, 2.028942295249837712844964698888361454010009765625000000000000, 2.625895167847596134436116699362173676490783691406250000000000
 0.000626521815244014223904300830980673708836548030376434326172, 0.780234660827732073862250672391382977366447448730468750000000,-0.442286035300140323300865929923020303249359130859375000000000, 0.442286035300140323300865929923020303249359130859375000000000, 1.112650358339955625197603694687131792306900024414062500000000, 5.767487821437389250434080167906358838081359863281250000000000
 0.000626521815244014223904300830980673708836548030376434326172,-0.780234660827731962839948209875728935003280639648437500000000,-0.442286035300140378812017161180847324430942535400390625000000, 0.442286035300140323300865929923020303249359130859375000000000, 1.112650358339955625197603694687131792306900024414062500000000, 3.657290139331990097559810237726196646690368652343750000000000
 0.000626521815244014223904300830980673708836548030376434326172, 0.780234660827731962839948209875728935003280639648437500000000,-0.442286035300140212278563467407366260886192321777343750000000,-0.442286035300140600856622086212155409157276153564453125000000, 2.028942295249837712844964698888361454010009765625000000000000, 5.767487821437389250434080167906358838081359863281250000000000
 0.000626521815244014223904300830980673708836548030376434326172,-0.780234660827731851817645747360074892640113830566406250000000,-0.442286035300140378812017161180847324430942535400390625000000,-0.442286035300140600856622086212155409157276153564453125000000, 2.028942295249837712844964698888361454010009765625000000000000, 3.657290139331990097559810237726196646690368652343750000000000
 0.000632398716097014312875757013898692093789577484130859375000, 0.490778156872605619831517742568394169211387634277343750000000, 0.490778156872605619831517742568394169211387634277343750000000, 0.719912217894276396101815862493822351098060607910156250000000, 0.767120491474627685946074961975682526826858520507812500000000, 0.785398163397448278999490867136046290397644042968750000000000
 0.000632398716097014312875757013898692093789577484130859375000, 0.490778156872605619831517742568394169211387634277343750000000, 0.490778156872605619831517742568394169211387634277343750000000,-0.719912217894276396101815862493822351098060607910156250000000, 2.374472162115165652096493431599810719490051269531250000000000, 0.785398163397448278999490867136046290397644042968750000000000
 0.000632398716097014312875757013898692093789577484130859375000, 0.490778156872605619831517742568394169211387634277343750000000,-0.490778156872605619831517742568394169211387634277343750000000, 0.719912217894276396101815862493822351098060607910156250000000, 0.767120491474627685946074961975682526826858520507812500000000, 5.497787143782137952996436069952324032783508300781250000000000
 0.000632398716097014312875757013898692093789577484130859375000, 0.490778156872605619831517742568394169211387634277343750000000,-0.490778156872605619831517742568394169211387634277343750000000,-0.719912217894276396101815862493822351098060607910156250000000, 2.374472162115165652096493431599810719490051269531250000000000, 5.497787143782137952996436069952324032783508300781250000000000
 0.000632398716097014312875757013898692093789577484130859375000,-0.490778156872605619831517742568394169211387634277343750000000, 0.490778156872605619831517742568394169211387634277343750000000, 0.719912217894276396101815862493822351098060607910156250000000, 0.767120491474627685946074961975682526826858520507812500000000, 2.356194490192344836998472601408138871192932128906250000000000
 0.000632398716097014312875757013898692093789577484130859375000,-0.490778156872605619831517742568394169211387634277343750000000, 0.490778156872605619831517742568394169211387634277343750000000,-0.719912217894276396101815862493822351098060607910156250000000, 2.374472162115165652096493431599810719490051269531250000000000, 2.356194490192344836998472601408138871192932128906250000000000
 0.000632398716097014312875757013898692093789577484130859375000,-0.490778156872605619831517742568394169211387634277343750000000,-0.490778156872605619831517742568394169211387634277343750000000, 0.719912217894276396101815862493822351098060607910156250000000, 0.767120491474627685946074961975682526826858520507812500000000, 3.926990816987241394997454335680231451988220214843750000000000
 0.000632398716097014312875757013898692093789577484130859375000,-0.490778156872605619831517742568394169211387634277343750000000,-0.490778156872605619831517742568394169211387634277343750000000,-0.719912217894276396101815862493822351098060607910156250000000, 2.374472162115165652096493431599810719490051269531250000000000, 3.926990816987241394997454335680231451988220214843750000000000
 0.000632398716097014312875757013898692093789577484130859375000, 0.490778156872605675342668973826221190392971038818359375000000, 0.719912217894276618146420787525130435824394226074218750000000, 0.490778156872605508809215280052740126848220825195312500000000, 1.057813683792125480920276459073647856712341308593750000000000, 0.972444839982863240557264816743554547429084777832031250000000
 0.000632398716097014312875757013898692093789577484130859375000, 0.490778156872605675342668973826221190392971038818359375000000,-0.719912217894276618146420787525130435824394226074218750000000, 0.490778156872605508809215280052740126848220825195312500000000, 1.057813683792125480920276459073647856712341308593750000000000, 5.310740467196723102460964582860469818115234375000000000000000
 0.000632398716097014312875757013898692093789577484130859375000, 0.490778156872605675342668973826221190392971038818359375000000, 0.719912217894276618146420787525130435824394226074218750000000,-0.490778156872605508809215280052740126848220825195312500000000, 2.083778969797667635077687009470537304878234863281250000000000, 0.972444839982863240557264816743554547429084777832031250000000
 0.000632398716097014312875757013898692093789577484130859375000, 0.490778156872605675342668973826221190392971038818359375000000,-0.719912217894276618146420787525130435824394226074218750000000,-0.490778156872605508809215280052740126848220825195312500000000, 2.083778969797667635077687009470537304878234863281250000000000, 5.310740467196723102460964582860469818115234375000000000000000
 0.000632398716097014312875757013898692093789577484130859375000,-0.490778156872605675342668973826221190392971038818359375000000, 0.719912217894276618146420787525130435824394226074218750000000, 0.490778156872605508809215280052740126848220825195312500000000, 1.057813683792125480920276459073647856712341308593750000000000, 2.169147813606929986463001114316284656524658203125000000000000
 0.000632398716097014312875757013898692093789577484130859375000,-0.490778156872605675342668973826221190392971038818359375000000,-0.719912217894276618146420787525130435824394226074218750000000, 0.490778156872605508809215280052740126848220825195312500000000, 1.057813683792125480920276459073647856712341308593750000000000, 4.114037493572656245532925822772085666656494140625000000000000
 0.000632398716097014312875757013898692093789577484130859375000,-0.490778156872605675342668973826221190392971038818359375000000, 0.719912217894276618146420787525130435824394226074218750000000,-0.490778156872605508809215280052740126848220825195312500000000, 2.083778969797667635077687009470537304878234863281250000000000, 2.169147813606929986463001114316284656524658203125000000000000
 0.000632398716097014312875757013898692093789577484130859375000,-0.490778156872605675342668973826221190392971038818359375000000,-0.719912217894276618146420787525130435824394226074218750000000,-0.490778156872605508809215280052740126848220825195312500000000, 2.083778969797667635077687009470537304878234863281250000000000, 4.114037493572656245532925822772085666656494140625000000000000
 0.000632398716097014312875757013898692093789577484130859375000, 0.719912217894276507124118325009476393461227416992187500000000, 0.490778156872605786364971436341875232756137847900390625000000, 0.490778156872605508809215280052740126848220825195312500000000, 1.057813683792125480920276459073647856712341308593750000000000, 0.598351486812033539486321842559846118092536926269531250000000
 0.000632398716097014312875757013898692093789577484130859375000,-0.719912217894276507124118325009476393461227416992187500000000, 0.490778156872605897387273898857529275119304656982421875000000, 0.490778156872605508809215280052740126848220825195312500000000, 1.057813683792125480920276459073647856712341308593750000000000, 2.543241166777759687533944088499993085861206054687500000000000
 0.000632398716097014312875757013898692093789577484130859375000, 0.719912217894276507124118325009476393461227416992187500000000, 0.490778156872605786364971436341875232756137847900390625000000,-0.490778156872605508809215280052740126848220825195312500000000, 2.083778969797667635077687009470537304878234863281250000000000, 0.598351486812033539486321842559846118092536926269531250000000
 0.000632398716097014312875757013898692093789577484130859375000,-0.719912217894276507124118325009476393461227416992187500000000, 0.490778156872605897387273898857529275119304656982421875000000,-0.490778156872605508809215280052740126848220825195312500000000, 2.083778969797667635077687009470537304878234863281250000000000, 2.543241166777759687533944088499993085861206054687500000000000
 0.000632398716097014312875757013898692093789577484130859375000, 0.719912217894276507124118325009476393461227416992187500000000,-0.490778156872605786364971436341875232756137847900390625000000, 0.490778156872605508809215280052740126848220825195312500000000, 1.057813683792125480920276459073647856712341308593750000000000, 5.684833820367552803531907557044178247451782226562500000000000
 0.000632398716097014312875757013898692093789577484130859375000,-0.719912217894276507124118325009476393461227416992187500000000,-0.490778156872605897387273898857529275119304656982421875000000, 0.490778156872605508809215280052740126848220825195312500000000, 1.057813683792125480920276459073647856712341308593750000000000, 3.739944140401826544461982848588377237319946289062500000000000
 0.000632398716097014312875757013898692093789577484130859375000, 0.719912217894276507124118325009476393461227416992187500000000,-0.490778156872605786364971436341875232756137847900390625000000,-0.490778156872605508809215280052740126848220825195312500000000, 2.083778969797667635077687009470537304878234863281250000000000, 5.684833820367552803531907557044178247451782226562500000000000
 0.000632398716097014312875757013898692093789577484130859375000,-0.719912217894276507124118325009476393461227416992187500000000,-0.490778156872605897387273898857529275119304656982421875000000,-0.490778156872605508809215280052740126848220825195312500000000, 2.083778969797667635077687009470537304878234863281250000000000, 3.739944140401826544461982848588377237319946289062500000000000
 0.000635076785154014438784797480508359512896277010440826416016, 0.536000615321146844927113761514192447066307067871093750000000, 0.536000615321146844927113761514192447066307067871093750000000, 0.652232075837047342581342945777578279376029968261718750000000, 0.860270990814408276214919624180765822529792785644531250000000, 0.785398163397448278999490867136046290397644042968750000000000
 0.000635076785154014438784797480508359512896277010440826416016, 0.536000615321146844927113761514192447066307067871093750000000, 0.536000615321146844927113761514192447066307067871093750000000,-0.652232075837047342581342945777578279376029968261718750000000, 2.281321662775384950805346306879073381423950195312500000000000, 0.785398163397448278999490867136046290397644042968750000000000
 0.000635076785154014438784797480508359512896277010440826416016, 0.536000615321146844927113761514192447066307067871093750000000,-0.536000615321146844927113761514192447066307067871093750000000, 0.652232075837047342581342945777578279376029968261718750000000, 0.860270990814408276214919624180765822529792785644531250000000, 5.497787143782137952996436069952324032783508300781250000000000
 0.000635076785154014438784797480508359512896277010440826416016, 0.536000615321146844927113761514192447066307067871093750000000,-0.536000615321146844927113761514192447066307067871093750000000,-0.652232075837047342581342945777578279376029968261718750000000, 2.281321662775384950805346306879073381423950195312500000000000, 5.497787143782137952996436069952324032783508300781250000000000
 0.000635076785154014438784797480508359512896277010440826416016,-0.536000615321146844927113761514192447066307067871093750000000, 0.536000615321146844927113761514192447066307067871093750000000, 0.652232075837047342581342945777578279376029968261718750000000, 0.860270990814408276214919624180765822529792785644531250000000, 2.356194490192344836998472601408138871192932128906250000000000
 0.000635076785154014438784797480508359512896277010440826416016,-0.536000615321146844927113761514192447066307067871093750000000, 0.536000615321146844927113761514192447066307067871093750000000,-0.652232075837047342581342945777578279376029968261718750000000, 2.281321662775384950805346306879073381423950195312500000000000, 2.356194490192344836998472601408138871192932128906250000000000
 0.000635076785154014438784797480508359512896277010440826416016,-0.536000615321146844927113761514192447066307067871093750000000,-0.536000615321146844927113761514192447066307067871093750000000, 0.652232075837047342581342945777578279376029968261718750000000, 0.860270990814408276214919624180765822529792785644531250000000, 3.926990816987241394997454335680231451988220214843750000000000
 0.000635076785154014438784797480508359512896277010440826416016,-0.536000615321146844927113761514192447066307067871093750000000,-0.536000615321146844927113761514192447066307067871093750000000,-0.652232075837047342581342945777578279376029968261718750000000, 2.281321662775384950805346306879073381423950195312500000000000, 3.926990816987241394997454335680231451988220214843750000000000
 0.000635076785154014438784797480508359512896277010440826416016, 0.536000615321146844927113761514192447066307067871093750000000, 0.652232075837047342581342945777578279376029968261718750000000, 0.536000615321146844927113761514192447066307067871093750000000, 1.005103767412206305920108206919394433498382568359375000000000, 0.882906719243330528890112418594071641564369201660156250000000
 0.000635076785154014438784797480508359512896277010440826416016, 0.536000615321146844927113761514192447066307067871093750000000,-0.652232075837047342581342945777578279376029968261718750000000, 0.536000615321146844927113761514192447066307067871093750000000, 1.005103767412206305920108206919394433498382568359375000000000, 5.400278587936255370038907130947336554527282714843750000000000
 0.000635076785154014438784797480508359512896277010440826416016, 0.536000615321146844927113761514192447066307067871093750000000, 0.652232075837047342581342945777578279376029968261718750000000,-0.536000615321146844927113761514192447066307067871093750000000, 2.136488886177586810077855261624790728092193603515625000000000, 0.882906719243330528890112418594071641564369201660156250000000
 0.000635076785154014438784797480508359512896277010440826416016, 0.536000615321146844927113761514192447066307067871093750000000,-0.652232075837047342581342945777578279376029968261718750000000,-0.536000615321146844927113761514192447066307067871093750000000, 2.136488886177586810077855261624790728092193603515625000000000, 5.400278587936255370038907130947336554527282714843750000000000
 0.000635076785154014438784797480508359512896277010440826416016,-0.536000615321147066971718686545500531792640686035156250000000, 0.652232075837047231559040483261924237012863159179687500000000, 0.536000615321146844927113761514192447066307067871093750000000, 1.005103767412206305920108206919394433498382568359375000000000, 2.258685934346463142219363362528383731842041015625000000000000
 0.000635076785154014438784797480508359512896277010440826416016,-0.536000615321147066971718686545500531792640686035156250000000,-0.652232075837047231559040483261924237012863159179687500000000, 0.536000615321146844927113761514192447066307067871093750000000, 1.005103767412206305920108206919394433498382568359375000000000, 4.024499372833123089776563574559986591339111328125000000000000
 0.000635076785154014438784797480508359512896277010440826416016,-0.536000615321147066971718686545500531792640686035156250000000, 0.652232075837047231559040483261924237012863159179687500000000,-0.536000615321146844927113761514192447066307067871093750000000, 2.136488886177586810077855261624790728092193603515625000000000, 2.258685934346463142219363362528383731842041015625000000000000
 0.000635076785154014438784797480508359512896277010440826416016,-0.536000615321147066971718686545500531792640686035156250000000,-0.652232075837047231559040483261924237012863159179687500000000,-0.536000615321146844927113761514192447066307067871093750000000, 2.136488886177586810077855261624790728092193603515625000000000, 4.024499372833123089776563574559986591339111328125000000000000
 0.000635076785154014438784797480508359512896277010440826416016, 0.652232075837047453603645408293232321739196777343750000000000, 0.536000615321146733904811298998538404703140258789062500000000, 0.536000615321146844927113761514192447066307067871093750000000, 1.005103767412206305920108206919394433498382568359375000000000, 0.687889607551565918086566853162366896867752075195312500000000
 0.000635076785154014438784797480508359512896277010440826416016,-0.652232075837047564625947870808886364102363586425781250000000, 0.536000615321146733904811298998538404703140258789062500000000, 0.536000615321146844927113761514192447066307067871093750000000, 1.005103767412206305920108206919394433498382568359375000000000, 2.453703046038227419956001540413126349449157714843750000000000
 0.000635076785154014438784797480508359512896277010440826416016, 0.652232075837047453603645408293232321739196777343750000000000, 0.536000615321146733904811298998538404703140258789062500000000,-0.536000615321146844927113761514192447066307067871093750000000, 2.136488886177586810077855261624790728092193603515625000000000, 0.687889607551565918086566853162366896867752075195312500000000
 0.000635076785154014438784797480508359512896277010440826416016,-0.652232075837047564625947870808886364102363586425781250000000, 0.536000615321146733904811298998538404703140258789062500000000,-0.536000615321146844927113761514192447066307067871093750000000, 2.136488886177586810077855261624790728092193603515625000000000, 2.453703046038227419956001540413126349449157714843750000000000
 0.000635076785154014438784797480508359512896277010440826416016, 0.652232075837047453603645408293232321739196777343750000000000,-0.536000615321146733904811298998538404703140258789062500000000, 0.536000615321146844927113761514192447066307067871093750000000, 1.005103767412206305920108206919394433498382568359375000000000, 5.595295699628020535953965008957311511039733886718750000000000
 0.000635076785154014438784797480508359512896277010440826416016,-0.652232075837047564625947870808886364102363586425781250000000,-0.536000615321146733904811298998538404703140258789062500000000, 0.536000615321146844927113761514192447066307067871093750000000, 1.005103767412206305920108206919394433498382568359375000000000, 3.829482261141358812039925396675243973731994628906250000000000
 0.000635076785154014438784797480508359512896277010440826416016, 0.652232075837047453603645408293232321739196777343750000000000,-0.536000615321146733904811298998538404703140258789062500000000,-0.536000615321146844927113761514192447066307067871093750000000, 2.136488886177586810077855261624790728092193603515625000000000, 5.595295699628020535953965008957311511039733886718750000000000
 0.000635076785154014438784797480508359512896277010440826416016,-0.652232075837047564625947870808886364102363586425781250000000,-0.536000615321146733904811298998538404703140258789062500000000,-0.536000615321146844927113761514192447066307067871093750000000, 2.136488886177586810077855261624790728092193603515625000000000, 3.829482261141358812039925396675243973731994628906250000000000
 0.000635436277530014451478401760198266856605187058448791503906, 0.614210597359660326333141711074858903884887695312500000000000, 0.614210597359660326333141711074858903884887695312500000000000, 0.495470164775012822389044231385923922061920166015625000000000, 1.052420303897429576522881689015775918960571289062500000000000, 0.785398163397448278999490867136046290397644042968750000000000
 0.000635436277530014451478401760198266856605187058448791503906, 0.614210597359660326333141711074858903884887695312500000000000, 0.614210597359660326333141711074858903884887695312500000000000,-0.495470164775012822389044231385923922061920166015625000000000, 2.089172349692363539475081779528409242630004882812500000000000, 0.785398163397448278999490867136046290397644042968750000000000
 0.000635436277530014451478401760198266856605187058448791503906, 0.614210597359660326333141711074858903884887695312500000000000,-0.614210597359660326333141711074858903884887695312500000000000, 0.495470164775012822389044231385923922061920166015625000000000, 1.052420303897429576522881689015775918960571289062500000000000, 5.497787143782137952996436069952324032783508300781250000000000
 0.000635436277530014451478401760198266856605187058448791503906, 0.614210597359660326333141711074858903884887695312500000000000,-0.614210597359660326333141711074858903884887695312500000000000,-0.495470164775012822389044231385923922061920166015625000000000, 2.089172349692363539475081779528409242630004882812500000000000, 5.497787143782137952996436069952324032783508300781250000000000
 0.000635436277530014451478401760198266856605187058448791503906,-0.614210597359660326333141711074858903884887695312500000000000, 0.614210597359660326333141711074858903884887695312500000000000, 0.495470164775012822389044231385923922061920166015625000000000, 1.052420303897429576522881689015775918960571289062500000000000, 2.356194490192344836998472601408138871192932128906250000000000
 0.000635436277530014451478401760198266856605187058448791503906,-0.614210597359660326333141711074858903884887695312500000000000, 0.614210597359660326333141711074858903884887695312500000000000,-0.495470164775012822389044231385923922061920166015625000000000, 2.089172349692363539475081779528409242630004882812500000000000, 2.356194490192344836998472601408138871192932128906250000000000
 0.000635436277530014451478401760198266856605187058448791503906,-0.614210597359660326333141711074858903884887695312500000000000,-0.614210597359660326333141711074858903884887695312500000000000, 0.495470164775012822389044231385923922061920166015625000000000, 1.052420303897429576522881689015775918960571289062500000000000, 3.926990816987241394997454335680231451988220214843750000000000
 0.000635436277530014451478401760198266856605187058448791503906,-0.614210597359660326333141711074858903884887695312500000000000,-0.614210597359660326333141711074858903884887695312500000000000,-0.495470164775012822389044231385923922061920166015625000000000, 2.089172349692363539475081779528409242630004882812500000000000, 3.926990816987241394997454335680231451988220214843750000000000
 0.000635436277530014451478401760198266856605187058448791503906, 0.614210597359660215310839248559204861521720886230468750000000, 0.495470164775013099944800387675059027969837188720703125000000, 0.614210597359660326333141711074858903884887695312500000000000, 0.909411080269823646204940814641304314136505126953125000000000, 0.678799638272538308214620883518364280462265014648437500000000
 0.000635436277530014451478401760198266856605187058448791503906, 0.614210597359660215310839248559204861521720886230468750000000,-0.495470164775013099944800387675059027969837188720703125000000, 0.614210597359660326333141711074858903884887695312500000000000, 0.909411080269823646204940814641304314136505126953125000000000, 5.604385668907047701736701128538697957992553710937500000000000
 0.000635436277530014451478401760198266856605187058448791503906, 0.614210597359660104288536786043550819158554077148437500000000, 0.495470164775012988922497925159404985606670379638671875000000,-0.614210597359660326333141711074858903884887695312500000000000, 2.232181573319969913882232503965497016906738281250000000000000, 0.678799638272538308214620883518364280462265014648437500000000
 0.000635436277530014451478401760198266856605187058448791503906, 0.614210597359660104288536786043550819158554077148437500000000,-0.495470164775012988922497925159404985606670379638671875000000,-0.614210597359660326333141711074858903884887695312500000000000, 2.232181573319969913882232503965497016906738281250000000000000, 5.604385668907047701736701128538697957992553710937500000000000
 0.000635436277530014451478401760198266856605187058448791503906,-0.614210597359660326333141711074858903884887695312500000000000, 0.495470164775012988922497925159404985606670379638671875000000, 0.614210597359660326333141711074858903884887695312500000000000, 0.909411080269823646204940814641304314136505126953125000000000, 2.462793015317255029827947510057128965854644775390625000000000
 0.000635436277530014451478401760198266856605187058448791503906,-0.614210597359660326333141711074858903884887695312500000000000,-0.495470164775012988922497925159404985606670379638671875000000, 0.614210597359660326333141711074858903884887695312500000000000, 0.909411080269823646204940814641304314136505126953125000000000, 3.820392291862331202167979427031241357326507568359375000000000
 0.000635436277530014451478401760198266856605187058448791503906,-0.614210597359660215310839248559204861521720886230468750000000, 0.495470164775012877900195462643750943243503570556640625000000,-0.614210597359660326333141711074858903884887695312500000000000, 2.232181573319969913882232503965497016906738281250000000000000, 2.462793015317255029827947510057128965854644775390625000000000
 0.000635436277530014451478401760198266856605187058448791503906,-0.614210597359660215310839248559204861521720886230468750000000,-0.495470164775012877900195462643750943243503570556640625000000,-0.614210597359660326333141711074858903884887695312500000000000, 2.232181573319969913882232503965497016906738281250000000000000, 3.820392291862331202167979427031241357326507568359375000000000
 0.000635436277530014451478401760198266856605187058448791503906, 0.495470164775012877900195462643750943243503570556640625000000, 0.614210597359660437355444173590512946248054504394531250000000, 0.614210597359660326333141711074858903884887695312500000000000, 0.909411080269823646204940814641304314136505126953125000000000, 0.891996688522358693873570700816344469785690307617187500000000
 0.000635436277530014451478401760198266856605187058448791503906,-0.495470164775012988922497925159404985606670379638671875000000, 0.614210597359660326333141711074858903884887695312500000000000, 0.614210597359660326333141711074858903884887695312500000000000, 0.909411080269823646204940814641304314136505126953125000000000, 2.249595965067434644168997692759148776531219482421875000000000
 0.000635436277530014451478401760198266856605187058448791503906, 0.495470164775012822389044231385923922061920166015625000000000, 0.614210597359660326333141711074858903884887695312500000000000,-0.614210597359660326333141711074858903884887695312500000000000, 2.232181573319969913882232503965497016906738281250000000000000, 0.891996688522358693873570700816344469785690307617187500000000
 0.000635436277530014451478401760198266856605187058448791503906,-0.495470164775012877900195462643750943243503570556640625000000, 0.614210597359660215310839248559204861521720886230468750000000,-0.614210597359660326333141711074858903884887695312500000000000, 2.232181573319969913882232503965497016906738281250000000000000, 2.249595965067434644168997692759148776531219482421875000000000
 0.000635436277530014451478401760198266856605187058448791503906, 0.495470164775012877900195462643750943243503570556640625000000,-0.614210597359660437355444173590512946248054504394531250000000, 0.614210597359660326333141711074858903884887695312500000000000, 0.909411080269823646204940814641304314136505126953125000000000, 5.391188618657227316077751311240717768669128417968750000000000
 0.000635436277530014451478401760198266856605187058448791503906,-0.495470164775012988922497925159404985606670379638671875000000,-0.614210597359660326333141711074858903884887695312500000000000, 0.614210597359660326333141711074858903884887695312500000000000, 0.909411080269823646204940814641304314136505126953125000000000, 4.033589342112151143737719394266605377197265625000000000000000
 0.000635436277530014451478401760198266856605187058448791503906, 0.495470164775012822389044231385923922061920166015625000000000,-0.614210597359660326333141711074858903884887695312500000000000,-0.614210597359660326333141711074858903884887695312500000000000, 2.232181573319969913882232503965497016906738281250000000000000, 5.391188618657227316077751311240717768669128417968750000000000
 0.000635436277530014451478401760198266856605187058448791503906,-0.495470164775012877900195462643750943243503570556640625000000,-0.614210597359660215310839248559204861521720886230468750000000,-0.614210597359660326333141711074858903884887695312500000000000, 2.232181573319969913882232503965497016906738281250000000000000, 4.033589342112151143737719394266605377197265625000000000000000
 0.000635230246271014406360400084139428145135752856731414794922, 0.645930038797750349921500401251250877976417541503906250000000, 0.645930038797750349921500401251250877976417541503906250000000, 0.406876848637856725066086482911487109959125518798828125000000, 1.151763826977096671910771874536294490098953247070312500000000, 0.785398163397448278999490867136046290397644042968750000000000
 0.000635230246271014406360400084139428145135752856731414794922, 0.645930038797750238899197938735596835613250732421875000000000, 0.645930038797750238899197938735596835613250732421875000000000,-0.406876848637856891599540176684968173503875732421875000000000, 1.989828826612696888176401444070506840944290161132812500000000, 0.785398163397448278999490867136046290397644042968750000000000
 0.000635230246271014406360400084139428145135752856731414794922, 0.645930038797750349921500401251250877976417541503906250000000,-0.645930038797750349921500401251250877976417541503906250000000, 0.406876848637856725066086482911487109959125518798828125000000, 1.151763826977096671910771874536294490098953247070312500000000, 5.497787143782137952996436069952324032783508300781250000000000
 0.000635230246271014406360400084139428145135752856731414794922, 0.645930038797750238899197938735596835613250732421875000000000,-0.645930038797750238899197938735596835613250732421875000000000,-0.406876848637856891599540176684968173503875732421875000000000, 1.989828826612696888176401444070506840944290161132812500000000, 5.497787143782137952996436069952324032783508300781250000000000
 0.000635230246271014406360400084139428145135752856731414794922,-0.645930038797750349921500401251250877976417541503906250000000, 0.645930038797750349921500401251250877976417541503906250000000, 0.406876848637856725066086482911487109959125518798828125000000, 1.151763826977096671910771874536294490098953247070312500000000, 2.356194490192344836998472601408138871192932128906250000000000
 0.000635230246271014406360400084139428145135752856731414794922,-0.645930038797750238899197938735596835613250732421875000000000, 0.645930038797750238899197938735596835613250732421875000000000,-0.406876848637856891599540176684968173503875732421875000000000, 1.989828826612696888176401444070506840944290161132812500000000, 2.356194490192344836998472601408138871192932128906250000000000
 0.000635230246271014406360400084139428145135752856731414794922,-0.645930038797750349921500401251250877976417541503906250000000,-0.645930038797750349921500401251250877976417541503906250000000, 0.406876848637856725066086482911487109959125518798828125000000, 1.151763826977096671910771874536294490098953247070312500000000, 3.926990816987241394997454335680231451988220214843750000000000
 0.000635230246271014406360400084139428145135752856731414794922,-0.645930038797750238899197938735596835613250732421875000000000,-0.645930038797750238899197938735596835613250732421875000000000,-0.406876848637856891599540176684968173503875732421875000000000, 1.989828826612696888176401444070506840944290161132812500000000, 3.926990816987241394997454335680231451988220214843750000000000
 0.000635230246271014406360400084139428145135752856731414794922, 0.645930038797750349921500401251250877976417541503906250000000, 0.406876848637856780577237714169314131140708923339843750000000, 0.645930038797750349921500401251250877976417541503906250000000, 0.868555380097424944985107231332221999764442443847656250000000, 0.562121268711056942812831493938574567437171936035156250000000
 0.000635230246271014406360400084139428145135752856731414794922, 0.645930038797750349921500401251250877976417541503906250000000,-0.406876848637856780577237714169314131140708923339843750000000, 0.645930038797750349921500401251250877976417541503906250000000, 0.868555380097424944985107231332221999764442443847656250000000, 5.721064038468528956116188055602833628654479980468750000000000
 0.000635230246271014406360400084139428145135752856731414794922, 0.645930038797750238899197938735596835613250732421875000000000, 0.406876848637856780577237714169314131140708923339843750000000,-0.645930038797750460943802863766904920339584350585937500000000, 2.273037273492368282035158699727617204189300537109375000000000, 0.562121268711057053835133956454228609800338745117187500000000
 0.000635230246271014406360400084139428145135752856731414794922, 0.645930038797750238899197938735596835613250732421875000000000,-0.406876848637856780577237714169314131140708923339843750000000,-0.645930038797750460943802863766904920339584350585937500000000, 2.273037273492368282035158699727617204189300537109375000000000, 5.721064038468528956116188055602833628654479980468750000000000
 0.000635230246271014406360400084139428145135752856731414794922,-0.645930038797750349921500401251250877976417541503906250000000, 0.406876848637856725066086482911487109959125518798828125000000, 0.645930038797750349921500401251250877976417541503906250000000, 0.868555380097424722940502306300913915038108825683593750000000, 2.579471384878736284207434437121264636516571044921875000000000
 0.000635230246271014406360400084139428145135752856731414794922,-0.645930038797750349921500401251250877976417541503906250000000,-0.406876848637856725066086482911487109959125518798828125000000, 0.645930038797750349921500401251250877976417541503906250000000, 0.868555380097424722940502306300913915038108825683593750000000, 3.703713922300849947788492499967105686664581298828125000000000
 0.000635230246271014406360400084139428145135752856731414794922,-0.645930038797750238899197938735596835613250732421875000000000, 0.406876848637856725066086482911487109959125518798828125000000,-0.645930038797750460943802863766904920339584350585937500000000, 2.273037273492368282035158699727617204189300537109375000000000, 2.579471384878736284207434437121264636516571044921875000000000
 0.000635230246271014406360400084139428145135752856731414794922,-0.645930038797750238899197938735596835613250732421875000000000,-0.406876848637856725066086482911487109959125518798828125000000,-0.645930038797750460943802863766904920339584350585937500000000, 2.273037273492368282035158699727617204189300537109375000000000, 3.703713922300849947788492499967105686664581298828125000000000
 0.000635230246271014406360400084139428145135752856731414794922, 0.406876848637856725066086482911487109959125518798828125000000, 0.645930038797750349921500401251250877976417541503906250000000, 0.645930038797750349921500401251250877976417541503906250000000, 0.868555380097424722940502306300913915038108825683593750000000, 1.008675058083839726208452702849172055721282958984375000000000
 0.000635230246271014406360400084139428145135752856731414794922,-0.406876848637857113644145101716276258230209350585937500000000, 0.645930038797750127876895476219942793250083923339843750000000, 0.645930038797750349921500401251250877976417541503906250000000, 0.868555380097424944985107231332221999764442443847656250000000, 2.132917595505954277967930465820245444774627685546875000000000
 0.000635230246271014406360400084139428145135752856731414794922, 0.406876848637856725066086482911487109959125518798828125000000, 0.645930038797750238899197938735596835613250732421875000000000,-0.645930038797750460943802863766904920339584350585937500000000, 2.273037273492368282035158699727617204189300537109375000000000, 1.008675058083839726208452702849172055721282958984375000000000
 0.000635230246271014406360400084139428145135752856731414794922,-0.406876848637857002621842639200622215867042541503906250000000, 0.645930038797750127876895476219942793250083923339843750000000,-0.645930038797750460943802863766904920339584350585937500000000, 2.273037273492368282035158699727617204189300537109375000000000, 2.132917595505953833878720615757629275321960449218750000000000
 0.000635230246271014406360400084139428145135752856731414794922, 0.406876848637856725066086482911487109959125518798828125000000,-0.645930038797750349921500401251250877976417541503906250000000, 0.645930038797750349921500401251250877976417541503906250000000, 0.868555380097424722940502306300913915038108825683593750000000, 5.274510249095746061698264384176582098007202148437500000000000
 0.000635230246271014406360400084139428145135752856731414794922,-0.406876848637857113644145101716276258230209350585937500000000,-0.645930038797750127876895476219942793250083923339843750000000, 0.645930038797750349921500401251250877976417541503906250000000, 0.868555380097424944985107231332221999764442443847656250000000, 4.150267711673631509938786621205508708953857421875000000000000
 0.000635230246271014406360400084139428145135752856731414794922, 0.406876848637856725066086482911487109959125518798828125000000,-0.645930038797750238899197938735596835613250732421875000000000,-0.645930038797750460943802863766904920339584350585937500000000, 2.273037273492368282035158699727617204189300537109375000000000, 5.274510249095746061698264384176582098007202148437500000000000
 0.000635230246271014406360400084139428145135752856731414794922,-0.406876848637857002621842639200622215867042541503906250000000,-0.645930038797750127876895476219942793250083923339843750000000,-0.645930038797750460943802863766904920339584350585937500000000, 2.273037273492368282035158699727617204189300537109375000000000, 4.150267711673632398117206321330741047859191894531250000000000
 0.000635811788142014448939332016408343406510539352893829345703, 0.671805612508922345149642296746606007218360900878906250000000, 0.671805612508922567194247221777914091944694519042968750000000, 0.312016727120555281693725646618986502289772033691406250000000, 1.253481332658097358034865465015172958374023437500000000000000, 0.785398163397448501044095792167354375123977661132812500000000
 0.000635811788142014448939332016408343406510539352893829345703, 0.671805612508922345149642296746606007218360900878906250000000, 0.671805612508922567194247221777914091944694519042968750000000,-0.312016727120555281693725646618986502289772033691406250000000, 1.888111320931695980007702928560320287942886352539062500000000, 0.785398163397448501044095792167354375123977661132812500000000
 0.000635811788142014448939332016408343406510539352893829345703, 0.671805612508922345149642296746606007218360900878906250000000,-0.671805612508922567194247221777914091944694519042968750000000, 0.312016727120555281693725646618986502289772033691406250000000, 1.253481332658097358034865465015172958374023437500000000000000, 5.497787143782137952996436069952324032783508300781250000000000
 0.000635811788142014448939332016408343406510539352893829345703, 0.671805612508922345149642296746606007218360900878906250000000,-0.671805612508922567194247221777914091944694519042968750000000,-0.312016727120555281693725646618986502289772033691406250000000, 1.888111320931695980007702928560320287942886352539062500000000, 5.497787143782137952996436069952324032783508300781250000000000
 0.000635811788142014448939332016408343406510539352893829345703,-0.671805612508922345149642296746606007218360900878906250000000, 0.671805612508922345149642296746606007218360900878906250000000, 0.312016727120555281693725646618986502289772033691406250000000, 1.253481332658097358034865465015172958374023437500000000000000, 2.356194490192344836998472601408138871192932128906250000000000
 0.000635811788142014448939332016408343406510539352893829345703,-0.671805612508922345149642296746606007218360900878906250000000, 0.671805612508922345149642296746606007218360900878906250000000,-0.312016727120555281693725646618986502289772033691406250000000, 1.888111320931695980007702928560320287942886352539062500000000, 2.356194490192344836998472601408138871192932128906250000000000
 0.000635811788142014448939332016408343406510539352893829345703,-0.671805612508922345149642296746606007218360900878906250000000,-0.671805612508922345149642296746606007218360900878906250000000, 0.312016727120555281693725646618986502289772033691406250000000, 1.253481332658097358034865465015172958374023437500000000000000, 3.926990816987241394997454335680231451988220214843750000000000
 0.000635811788142014448939332016408343406510539352893829345703,-0.671805612508922345149642296746606007218360900878906250000000,-0.671805612508922345149642296746606007218360900878906250000000,-0.312016727120555281693725646618986502289772033691406250000000, 1.888111320931695980007702928560320287942886352539062500000000, 3.926990816987241394997454335680231451988220214843750000000000
 0.000635811788142014448939332016408343406510539352893829345703, 0.671805612508922345149642296746606007218360900878906250000000, 0.312016727120555503738330571650294587016105651855468750000000, 0.671805612508922456171944759262260049581527709960937500000000, 0.834152605073239183930411400069715455174446105957031250000000, 0.434801208557561380541045537029276601970195770263671875000000
 0.000635811788142014448939332016408343406510539352893829345703, 0.671805612508922345149642296746606007218360900878906250000000,-0.312016727120555503738330571650294587016105651855468750000000, 0.671805612508922456171944759262260049581527709960937500000000, 0.834152605073239183930411400069715455174446105957031250000000, 5.848384098622024573899125243769958615303039550781250000000000
 0.000635811788142014448939332016408343406510539352893829345703, 0.671805612508922345149642296746606007218360900878906250000000, 0.312016727120555503738330571650294587016105651855468750000000,-0.671805612508922567194247221777914091944694519042968750000000, 2.307440048516554043089854530990123748779296875000000000000000, 0.434801208557561380541045537029276601970195770263671875000000
 0.000635811788142014448939332016408343406510539352893829345703, 0.671805612508922345149642296746606007218360900878906250000000,-0.312016727120555503738330571650294587016105651855468750000000,-0.671805612508922567194247221777914091944694519042968750000000, 2.307440048516554043089854530990123748779296875000000000000000, 5.848384098622024573899125243769958615303039550781250000000000
 0.000635811788142014448939332016408343406510539352893829345703,-0.671805612508922345149642296746606007218360900878906250000000, 0.312016727120555281693725646618986502289772033691406250000000, 0.671805612508922456171944759262260049581527709960937500000000, 0.834152605073239072908108937554061412811279296875000000000000, 2.706791445032231901990371625288389623165130615234375000000000
 0.000635811788142014448939332016408343406510539352893829345703,-0.671805612508922345149642296746606007218360900878906250000000,-0.312016727120555281693725646618986502289772033691406250000000, 0.671805612508922456171944759262260049581527709960937500000000, 0.834152605073239072908108937554061412811279296875000000000000, 3.576393862147354330005555311799980700016021728515625000000000
 0.000635811788142014448939332016408343406510539352893829345703,-0.671805612508922345149642296746606007218360900878906250000000, 0.312016727120555281693725646618986502289772033691406250000000,-0.671805612508922567194247221777914091944694519042968750000000, 2.307440048516554043089854530990123748779296875000000000000000, 2.706791445032231901990371625288389623165130615234375000000000
 0.000635811788142014448939332016408343406510539352893829345703,-0.671805612508922345149642296746606007218360900878906250000000,-0.312016727120555281693725646618986502289772033691406250000000,-0.671805612508922567194247221777914091944694519042968750000000, 2.307440048516554043089854530990123748779296875000000000000000, 3.576393862147354330005555311799980700016021728515625000000000
 0.000635811788142014448939332016408343406510539352893829345703, 0.312016727120555226182574415361159481108188629150390625000000, 0.671805612508922456171944759262260049581527709960937500000000, 0.671805612508922456171944759262260049581527709960937500000000, 0.834152605073239183930411400069715455174446105957031250000000, 1.135995118237335566035994816047605127096176147460937500000000
 0.000635811788142014448939332016408343406510539352893829345703,-0.312016727120555281693725646618986502289772033691406250000000, 0.671805612508922345149642296746606007218360900878906250000000, 0.671805612508922456171944759262260049581527709960937500000000, 0.834152605073239072908108937554061412811279296875000000000000, 2.005597535352457772006573577527888119220733642578125000000000
 0.000635811788142014448939332016408343406510539352893829345703, 0.312016727120555226182574415361159481108188629150390625000000, 0.671805612508922456171944759262260049581527709960937500000000,-0.671805612508922567194247221777914091944694519042968750000000, 2.307440048516554043089854530990123748779296875000000000000000, 1.135995118237335566035994816047605127096176147460937500000000
 0.000635811788142014448939332016408343406510539352893829345703,-0.312016727120555281693725646618986502289772033691406250000000, 0.671805612508922345149642296746606007218360900878906250000000,-0.671805612508922567194247221777914091944694519042968750000000, 2.307440048516554043089854530990123748779296875000000000000000, 2.005597535352457772006573577527888119220733642578125000000000
 0.000635811788142014448939332016408343406510539352893829345703, 0.312016727120555226182574415361159481108188629150390625000000,-0.671805612508922456171944759262260049581527709960937500000000, 0.671805612508922456171944759262260049581527709960937500000000, 0.834152605073239183930411400069715455174446105957031250000000, 5.147190188942250443915327196009457111358642578125000000000000
 0.000635811788142014448939332016408343406510539352893829345703,-0.312016727120555281693725646618986502289772033691406250000000,-0.671805612508922345149642296746606007218360900878906250000000, 0.671805612508922456171944759262260049581527709960937500000000, 0.834152605073239072908108937554061412811279296875000000000000, 4.277587771827128904078563209623098373413085937500000000000000
 0.000635811788142014448939332016408343406510539352893829345703, 0.312016727120555226182574415361159481108188629150390625000000,-0.671805612508922456171944759262260049581527709960937500000000,-0.671805612508922567194247221777914091944694519042968750000000, 2.307440048516554043089854530990123748779296875000000000000000, 5.147190188942250443915327196009457111358642578125000000000000
 0.000635811788142014448939332016408343406510539352893829345703,-0.312016727120555281693725646618986502289772033691406250000000,-0.671805612508922345149642296746606007218360900878906250000000,-0.671805612508922567194247221777914091944694519042968750000000, 2.307440048516554043089854530990123748779296875000000000000000, 4.277587771827128904078563209623098373413085937500000000000000
 0.000637310159031014467241604837255408710916526615619659423828, 0.691088853318625240262917941436171531677246093750000000000000, 0.691088853318625240262917941436171531677246093750000000000000, 0.211642135779941092943445823948422912508249282836914062500000, 1.357541474904093936615367965714540332555770874023437500000000, 0.785398163397448278999490867136046290397644042968750000000000
 0.000637310159031014467241604837255408710916526615619659423828, 0.691088853318625240262917941436171531677246093750000000000000, 0.691088853318625240262917941436171531677246093750000000000000,-0.211642135779941092943445823948422912508249282836914062500000, 1.784051178685699401427200427860952913761138916015625000000000, 0.785398163397448278999490867136046290397644042968750000000000
 0.000637310159031014467241604837255408710916526615619659423828, 0.691088853318625240262917941436171531677246093750000000000000,-0.691088853318625240262917941436171531677246093750000000000000, 0.211642135779941092943445823948422912508249282836914062500000, 1.357541474904093936615367965714540332555770874023437500000000, 5.497787143782137952996436069952324032783508300781250000000000
 0.000637310159031014467241604837255408710916526615619659423828, 0.691088853318625240262917941436171531677246093750000000000000,-0.691088853318625240262917941436171531677246093750000000000000,-0.211642135779941092943445823948422912508249282836914062500000, 1.784051178685699401427200427860952913761138916015625000000000, 5.497787143782137952996436069952324032783508300781250000000000
 0.000637310159031014467241604837255408710916526615619659423828,-0.691088853318625240262917941436171531677246093750000000000000, 0.691088853318625240262917941436171531677246093750000000000000, 0.211642135779941092943445823948422912508249282836914062500000, 1.357541474904093936615367965714540332555770874023437500000000, 2.356194490192344836998472601408138871192932128906250000000000
 0.000637310159031014467241604837255408710916526615619659423828,-0.691088853318625240262917941436171531677246093750000000000000, 0.691088853318625240262917941436171531677246093750000000000000,-0.211642135779941092943445823948422912508249282836914062500000, 1.784051178685699401427200427860952913761138916015625000000000, 2.356194490192344836998472601408138871192932128906250000000000
 0.000637310159031014467241604837255408710916526615619659423828,-0.691088853318625240262917941436171531677246093750000000000000,-0.691088853318625240262917941436171531677246093750000000000000, 0.211642135779941092943445823948422912508249282836914062500000, 1.357541474904093936615367965714540332555770874023437500000000, 3.926990816987241394997454335680231451988220214843750000000000
 0.000637310159031014467241604837255408710916526615619659423828,-0.691088853318625240262917941436171531677246093750000000000000,-0.691088853318625240262917941436171531677246093750000000000000,-0.211642135779941092943445823948422912508249282836914062500000, 1.784051178685699401427200427860952913761138916015625000000000, 3.926990816987241394997454335680231451988220214843750000000000
 0.000637310159031014467241604837255408710916526615619659423828, 0.691088853318625573329825328983133658766746520996093750000000, 0.211642135779941009676718977061682380735874176025390625000000, 0.691088853318625240262917941436171531677246093750000000000000, 0.807801856119344074969035318645182996988296508789062500000000, 0.297175769525534316795045697290333919227123260498046875000000
 0.000637310159031014467241604837255408710916526615619659423828, 0.691088853318625573329825328983133658766746520996093750000000,-0.211642135779941009676718977061682380735874176025390625000000, 0.691088853318625240262917941436171531677246093750000000000000, 0.807801856119344074969035318645182996988296508789062500000000, 5.986009537654052081734334933571517467498779296875000000000000
 0.000637310159031014467241604837255408710916526615619659423828, 0.691088853318625240262917941436171531677246093750000000000000, 0.211642135779940898654416514546028338372707366943359375000000,-0.691088853318625462307522866467479616403579711914062500000000, 2.333790797470449707162742924992926418781280517578125000000000, 0.297175769525534261283894466032506898045539855957031250000000
 0.000637310159031014467241604837255408710916526615619659423828, 0.691088853318625240262917941436171531677246093750000000000000,-0.211642135779940898654416514546028338372707366943359375000000,-0.691088853318625462307522866467479616403579711914062500000000, 2.333790797470449707162742924992926418781280517578125000000000, 5.986009537654052081734334933571517467498779296875000000000000
 0.000637310159031014467241604837255408710916526615619659423828,-0.691088853318625573329825328983133658766746520996093750000000, 0.211642135779940898654416514546028338372707366943359375000000, 0.691088853318625240262917941436171531677246093750000000000000, 0.807801856119344074969035318645182996988296508789062500000000, 2.844416884064258965736371465027332305908203125000000000000000
 0.000637310159031014467241604837255408710916526615619659423828,-0.691088853318625573329825328983133658766746520996093750000000,-0.211642135779940898654416514546028338372707366943359375000000, 0.691088853318625240262917941436171531677246093750000000000000, 0.807801856119344074969035318645182996988296508789062500000000, 3.438768423115327266259555472061038017272949218750000000000000
 0.000637310159031014467241604837255408710916526615619659423828,-0.691088853318625240262917941436171531677246093750000000000000, 0.211642135779940787632114052030374296009540557861328125000000,-0.691088853318625462307522866467479616403579711914062500000000, 2.333790797470449707162742924992926418781280517578125000000000, 2.844416884064258965736371465027332305908203125000000000000000
 0.000637310159031014467241604837255408710916526615619659423828,-0.691088853318625240262917941436171531677246093750000000000000,-0.211642135779940787632114052030374296009540557861328125000000,-0.691088853318625462307522866467479616403579711914062500000000, 2.333790797470449707162742924992926418781280517578125000000000, 3.438768423115327266259555472061038017272949218750000000000000
 0.000637310159031014467241604837255408710916526615619659423828, 0.211642135779941203965748286464076954871416091918945312500000, 0.691088853318625573329825328983133658766746520996093750000000, 0.691088853318625240262917941436171531677246093750000000000000, 0.807801856119344074969035318645182996988296508789062500000000, 1.273620557269361963648179880692623555660247802734375000000000
 0.000637310159031014467241604837255408710916526615619659423828,-0.211642135779941398254777595866471529006958007812500000000000, 0.691088853318625462307522866467479616403579711914062500000000, 0.691088853318625240262917941436171531677246093750000000000000, 0.807801856119344074969035318645182996988296508789062500000000, 1.867972096320431374394388512882869690656661987304687500000000
 0.000637310159031014467241604837255408710916526615619659423828, 0.211642135779941092943445823948422912508249282836914062500000, 0.691088853318625240262917941436171531677246093750000000000000,-0.691088853318625462307522866467479616403579711914062500000000, 2.333790797470449263073533074930310249328613281250000000000000, 1.273620557269362185692784805723931640386581420898437500000000
 0.000637310159031014467241604837255408710916526615619659423828,-0.211642135779941287232475133350817486643791198730468750000000, 0.691088853318625129240615478920517489314079284667968750000000,-0.691088853318625462307522866467479616403579711914062500000000, 2.333790797470449707162742924992926418781280517578125000000000, 1.867972096320431374394388512882869690656661987304687500000000
 0.000637310159031014467241604837255408710916526615619659423828, 0.211642135779941203965748286464076954871416091918945312500000,-0.691088853318625573329825328983133658766746520996093750000000, 0.691088853318625240262917941436171531677246093750000000000000, 0.807801856119344074969035318645182996988296508789062500000000, 5.009564749910223824258537206333130598068237304687500000000000
 0.000637310159031014467241604837255408710916526615619659423828,-0.211642135779941398254777595866471529006958007812500000000000,-0.691088853318625462307522866467479616403579711914062500000000, 0.691088853318625240262917941436171531677246093750000000000000, 0.807801856119344074969035318645182996988296508789062500000000, 4.415213210859154635556933499174192547798156738281250000000000
 0.000637310159031014467241604837255408710916526615619659423828, 0.211642135779941092943445823948422912508249282836914062500000,-0.691088853318625240262917941436171531677246093750000000000000,-0.691088853318625462307522866467479616403579711914062500000000, 2.333790797470449263073533074930310249328613281250000000000000, 5.009564749910223824258537206333130598068237304687500000000000
 0.000637310159031014467241604837255408710916526615619659423828,-0.211642135779941287232475133350817486643791198730468750000000,-0.691088853318625129240615478920517489314079284667968750000000,-0.691088853318625462307522866467479616403579711914062500000000, 2.333790797470449707162742924992926418781280517578125000000000, 4.415213210859154635556933499174192547798156738281250000000000
 0.000639042896137014351277960688690882307128049433231353759766, 0.703046741682325171396428231673780828714370727539062500000000, 0.703046741682325393441033156705088913440704345703125000000000, 0.107007280218366002122465374668536242097616195678710937500000, 1.463583771564598956516078942513559013605117797851562500000000, 0.785398163397448501044095792167354375123977661132812500000000
 0.000639042896137014351277960688690882307128049433231353759766, 0.703046741682325171396428231673780828714370727539062500000000, 0.703046741682325393441033156705088913440704345703125000000000,-0.107007280218366002122465374668536242097616195678710937500000, 1.678008882025194381526489451061934232711791992187500000000000, 0.785398163397448501044095792167354375123977661132812500000000
 0.000639042896137014351277960688690882307128049433231353759766, 0.703046741682325171396428231673780828714370727539062500000000,-0.703046741682325393441033156705088913440704345703125000000000, 0.107007280218366002122465374668536242097616195678710937500000, 1.463583771564598956516078942513559013605117797851562500000000, 5.497787143782137952996436069952324032783508300781250000000000
 0.000639042896137014351277960688690882307128049433231353759766, 0.703046741682325171396428231673780828714370727539062500000000,-0.703046741682325393441033156705088913440704345703125000000000,-0.107007280218366002122465374668536242097616195678710937500000, 1.678008882025194381526489451061934232711791992187500000000000, 5.497787143782137952996436069952324032783508300781250000000000
 0.000639042896137014351277960688690882307128049433231353759766,-0.703046741682325171396428231673780828714370727539062500000000, 0.703046741682325171396428231673780828714370727539062500000000, 0.107007280218366002122465374668536242097616195678710937500000, 1.463583771564598956516078942513559013605117797851562500000000, 2.356194490192344836998472601408138871192932128906250000000000
 0.000639042896137014351277960688690882307128049433231353759766,-0.703046741682325171396428231673780828714370727539062500000000, 0.703046741682325171396428231673780828714370727539062500000000,-0.107007280218366002122465374668536242097616195678710937500000, 1.678008882025194381526489451061934232711791992187500000000000, 2.356194490192344836998472601408138871192932128906250000000000
 0.000639042896137014351277960688690882307128049433231353759766,-0.703046741682325171396428231673780828714370727539062500000000,-0.703046741682325171396428231673780828714370727539062500000000, 0.107007280218366002122465374668536242097616195678710937500000, 1.463583771564598956516078942513559013605117797851562500000000, 3.926990816987241394997454335680231451988220214843750000000000
 0.000639042896137014351277960688690882307128049433231353759766,-0.703046741682325171396428231673780828714370727539062500000000,-0.703046741682325171396428231673780828714370727539062500000000,-0.107007280218366002122465374668536242097616195678710937500000, 1.678008882025194381526489451061934232711791992187500000000000, 3.926990816987241394997454335680231451988220214843750000000000
 0.000639042896137014351277960688690882307128049433231353759766, 0.703046741682325060374125769158126786351203918457031250000000, 0.107007280218365904977950719967338955029845237731933593750000, 0.703046741682325171396428231673780828714370727539062500000000, 0.791123567526622273327063794567948207259178161621093750000000, 0.151045796913459151600278573823743499815464019775390625000000
 0.000639042896137014351277960688690882307128049433231353759766, 0.703046741682325060374125769158126786351203918457031250000000,-0.107007280218365904977950719967338955029845237731933593750000, 0.703046741682325171396428231673780828714370727539062500000000, 0.791123567526622273327063794567948207259178161621093750000000, 6.132139510266126691817589744459837675094604492187500000000000
 0.000639042896137014351277960688690882307128049433231353759766, 0.703046741682325393441033156705088913440704345703125000000000, 0.107007280218365904977950719967338955029845237731933593750000,-0.703046741682324949351823306642472743988037109375000000000000, 2.350469086063170287559387361397966742515563964843750000000000, 0.151045796913459068333551726937002968043088912963867187500000
 0.000639042896137014351277960688690882307128049433231353759766, 0.703046741682325393441033156705088913440704345703125000000000,-0.107007280218365904977950719967338955029845237731933593750000,-0.703046741682324949351823306642472743988037109375000000000000, 2.350469086063170287559387361397966742515563964843750000000000, 6.132139510266127579996009444585070013999938964843750000000000
 0.000639042896137014351277960688690882307128049433231353759766,-0.703046741682325060374125769158126786351203918457031250000000, 0.107007280218365904977950719967338955029845237731933593750000, 0.703046741682325171396428231673780828714370727539062500000000, 0.791123567526622273327063794567948207259178161621093750000000, 2.990546856676334019908836125978268682956695556640625000000000
 0.000639042896137014351277960688690882307128049433231353759766,-0.703046741682325060374125769158126786351203918457031250000000,-0.107007280218365904977950719967338955029845237731933593750000, 0.703046741682325171396428231673780828714370727539062500000000, 0.791123567526622273327063794567948207259178161621093750000000, 3.292638450503252212087090811110101640224456787109375000000000
 0.000639042896137014351277960688690882307128049433231353759766,-0.703046741682325393441033156705088913440704345703125000000000, 0.107007280218366002122465374668536242097616195678710937500000,-0.703046741682324949351823306642472743988037109375000000000000, 2.350469086063170287559387361397966742515563964843750000000000, 2.990546856676334019908836125978268682956695556640625000000000
 0.000639042896137014351277960688690882307128049433231353759766,-0.703046741682325393441033156705088913440704345703125000000000,-0.107007280218366002122465374668536242097616195678710937500000,-0.703046741682324949351823306642472743988037109375000000000000, 2.350469086063170287559387361397966742515563964843750000000000, 3.292638450503252212087090811110101640224456787109375000000000
 0.000639042896137014351277960688690882307128049433231353759766, 0.107007280218365904977950719967338955029845237731933593750000, 0.703046741682325060374125769158126786351203918457031250000000, 0.703046741682325171396428231673780828714370727539062500000000, 0.791123567526622273327063794567948207259178161621093750000000, 1.419750529881437461909854391706176102161407470703125000000000
 0.000639042896137014351277960688690882307128049433231353759766,-0.107007280218365904977950719967338955029845237731933593750000, 0.703046741682325060374125769158126786351203918457031250000000, 0.703046741682325171396428231673780828714370727539062500000000, 0.791123567526622273327063794567948207259178161621093750000000, 1.721842123708355876132714001869317144155502319335937500000000
 0.000639042896137014351277960688690882307128049433231353759766, 0.107007280218366002122465374668536242097616195678710937500000, 0.703046741682325393441033156705088913440704345703125000000000,-0.703046741682324949351823306642472743988037109375000000000000, 2.350469086063170287559387361397966742515563964843750000000000, 1.419750529881437461909854391706176102161407470703125000000000
 0.000639042896137014351277960688690882307128049433231353759766,-0.107007280218366002122465374668536242097616195678710937500000, 0.703046741682325393441033156705088913440704345703125000000000,-0.703046741682324949351823306642472743988037109375000000000000, 2.350469086063170287559387361397966742515563964843750000000000, 1.721842123708355876132714001869317144155502319335937500000000
 0.000639042896137014351277960688690882307128049433231353759766, 0.107007280218365904977950719967338955029845237731933593750000,-0.703046741682325060374125769158126786351203918457031250000000, 0.703046741682325171396428231673780828714370727539062500000000, 0.791123567526622273327063794567948207259178161621093750000000, 4.863434777298149214175282395444810390472412109375000000000000
 0.000639042896137014351277960688690882307128049433231353759766,-0.107007280218365904977950719967338955029845237731933593750000,-0.703046741682325060374125769158126786351203918457031250000000, 0.703046741682325171396428231673780828714370727539062500000000, 0.791123567526622273327063794567948207259178161621093750000000, 4.561343183471230133818608010187745094299316406250000000000000
 0.000639042896137014351277960688690882307128049433231353759766, 0.107007280218366002122465374668536242097616195678710937500000,-0.703046741682325393441033156705088913440704345703125000000000,-0.703046741682324949351823306642472743988037109375000000000000, 2.350469086063170287559387361397966742515563964843750000000000, 4.863434777298149214175282395444810390472412109375000000000000
 0.000639042896137014351277960688690882307128049433231353759766,-0.107007280218366002122465374668536242097616195678710937500000,-0.703046741682325393441033156705088913440704345703125000000000,-0.703046741682324949351823306642472743988037109375000000000000, 2.350469086063170287559387361397966742515563964843750000000000, 4.561343183471230133818608010187745094299316406250000000000000
 0.000318691344995007241197582104064167651813477277755737304688, 0.083549511663546405237923409003997221589088439941406250000000, 0.996503627239150091554620303213596343994140625000000000000000, 0.000000000000000000000000000000000000000000000000000000000000, 1.570796326794896557998981734272092580795288085937500000000000, 1.487149305333219428959523611410986632108688354492187500000000
 0.000318691344995007241197582104064167651813477277755737304688, 0.083549511663546405237923409003997221589088439941406250000000,-0.996503627239150091554620303213596343994140625000000000000000, 0.000000000000000000000000000000000000000000000000000000000000, 1.570796326794896557998981734272092580795288085937500000000000, 4.796036001846366580991798400646075606346130371093750000000000
 0.000318691344995007241197582104064167651813477277755737304688,-0.083549511663546405237923409003997221589088439941406250000000, 0.996503627239150091554620303213596343994140625000000000000000, 0.000000000000000000000000000000000000000000000000000000000000, 1.570796326794896557998981734272092580795288085937500000000000, 1.654443348256573909083044782164506614208221435546875000000000
 0.000318691344995007241197582104064167651813477277755737304688,-0.083549511663546405237923409003997221589088439941406250000000,-0.996503627239150091554620303213596343994140625000000000000000, 0.000000000000000000000000000000000000000000000000000000000000, 1.570796326794896557998981734272092580795288085937500000000000, 4.628741958923011878823672304861247539520263671875000000000000
 0.000318691344995007241197582104064167651813477277755737304688, 0.996503627239150091554620303213596343994140625000000000000000, 0.083549511663546002782076982384751318022608757019042968750000, 0.000000000000000000000000000000000000000000000000000000000000, 1.570796326794896557998981734272092580795288085937500000000000, 0.083647021461676893117065390015341108664870262145996093750000
 0.000318691344995007241197582104064167651813477277755737304688, 0.996503627239150091554620303213596343994140625000000000000000,-0.083549511663546002782076982384751318022608757019042968750000, 0.000000000000000000000000000000000000000000000000000000000000, 1.570796326794896557998981734272092580795288085937500000000000, 6.199538285717909325001073739258572459220886230468750000000000
 0.000318691344995007241197582104064167651813477277755737304688,-0.996503627239150091554620303213596343994140625000000000000000, 0.083549511663545905637562327683554030954837799072265625000000, 0.000000000000000000000000000000000000000000000000000000000000, 1.570796326794896557998981734272092580795288085937500000000000, 3.057945632128116653092320120777003467082977294921875000000000
 0.000318691344995007241197582104064167651813477277755737304688,-0.996503627239150091554620303213596343994140625000000000000000,-0.083549511663545905637562327683554030954837799072265625000000, 0.000000000000000000000000000000000000000000000000000000000000, 1.570796326794896557998981734272092580795288085937500000000000, 3.225239675051469578903606816311366856098175048828125000000000
 0.000318691344995007241197582104064167651813477277755737304688, 0.083549511663546002782076982384751318022608757019042968750000, 0.000000000000000000000000000000000000000000000000000000000000, 0.996503627239150091554620303213596343994140625000000000000000, 0.083647021461676865361489774386427598074078559875488281250000, 0.000000000000000000000000000000000000000000000000000000000000
 0.000318691344995007241197582104064167651813477277755737304688, 0.083549511663545905637562327683554030954837799072265625000000, 0.000000000000000000000000000000000000000000000000000000000000,-0.996503627239150091554620303213596343994140625000000000000000, 3.057945632128116209003110270714387297630310058593750000000000, 0.000000000000000000000000000000000000000000000000000000000000
 0.000318691344995007241197582104064167651813477277755737304688,-0.083549511663546002782076982384751318022608757019042968750000, 0.000000000000000000000000000000000000000000000000000000000000, 0.996503627239150091554620303213596343994140625000000000000000, 0.083647021461676865361489774386427598074078559875488281250000, 3.141592653589793115997963468544185161590576171875000000000000
 0.000318691344995007241197582104064167651813477277755737304688,-0.083549511663545905637562327683554030954837799072265625000000, 0.000000000000000000000000000000000000000000000000000000000000,-0.996503627239150091554620303213596343994140625000000000000000, 3.057945632128116209003110270714387297630310058593750000000000, 3.141592653589793115997963468544185161590576171875000000000000
 0.000318691344995007241197582104064167651813477277755737304688, 0.996503627239150091554620303213596343994140625000000000000000, 0.000000000000000000000000000000000000000000000000000000000000, 0.083549511663546405237923409003997221589088439941406250000000, 1.487149305333219428959523611410986632108688354492187500000000, 0.000000000000000000000000000000000000000000000000000000000000
 0.000318691344995007241197582104064167651813477277755737304688, 0.996503627239150091554620303213596343994140625000000000000000, 0.000000000000000000000000000000000000000000000000000000000000,-0.083549511663546405237923409003997221589088439941406250000000, 1.654443348256573909083044782164506614208221435546875000000000, 0.000000000000000000000000000000000000000000000000000000000000
 0.000318691344995007241197582104064167651813477277755737304688,-0.996503627239150091554620303213596343994140625000000000000000, 0.000000000000000000000000000000000000000000000000000000000000, 0.083549511663546405237923409003997221589088439941406250000000, 1.487149305333219428959523611410986632108688354492187500000000, 3.141592653589793115997963468544185161590576171875000000000000
 0.000318691344995007241197582104064167651813477277755737304688,-0.996503627239150091554620303213596343994140625000000000000000, 0.000000000000000000000000000000000000000000000000000000000000,-0.083549511663546405237923409003997221589088439941406250000000, 1.654443348256573909083044782164506614208221435546875000000000, 3.141592653589793115997963468544185161590576171875000000000000
 0.000318691344995007241197582104064167651813477277755737304688, 0.000000000000000000000000000000000000000000000000000000000000, 0.083549511663546002782076982384751318022608757019042968750000, 0.996503627239150091554620303213596343994140625000000000000000, 0.083647021461676865361489774386427598074078559875488281250000, 1.570796326794896557998981734272092580795288085937500000000000
 0.000318691344995007241197582104064167651813477277755737304688, 0.000000000000000000000000000000000000000000000000000000000000, 0.083549511663545905637562327683554030954837799072265625000000,-0.996503627239150091554620303213596343994140625000000000000000, 3.057945632128116209003110270714387297630310058593750000000000, 1.570796326794896557998981734272092580795288085937500000000000
 0.000318691344995007241197582104064167651813477277755737304688, 0.000000000000000000000000000000000000000000000000000000000000,-0.083549511663546002782076982384751318022608757019042968750000, 0.996503627239150091554620303213596343994140625000000000000000, 0.083647021461676865361489774386427598074078559875488281250000, 4.712388980384689673996945202816277742385864257812500000000000
 0.000318691344995007241197582104064167651813477277755737304688, 0.000000000000000000000000000000000000000000000000000000000000,-0.083549511663545905637562327683554030954837799072265625000000,-0.996503627239150091554620303213596343994140625000000000000000, 3.057945632128116209003110270714387297630310058593750000000000, 4.712388980384689673996945202816277742385864257812500000000000
 0.000318691344995007241197582104064167651813477277755737304688, 0.000000000000000000000000000000000000000000000000000000000000, 0.996503627239150091554620303213596343994140625000000000000000, 0.083549511663546405237923409003997221589088439941406250000000, 1.487149305333219428959523611410986632108688354492187500000000, 1.570796326794896557998981734272092580795288085937500000000000
 0.000318691344995007241197582104064167651813477277755737304688, 0.000000000000000000000000000000000000000000000000000000000000, 0.996503627239150091554620303213596343994140625000000000000000,-0.083549511663546405237923409003997221589088439941406250000000, 1.654443348256573909083044782164506614208221435546875000000000, 1.570796326794896557998981734272092580795288085937500000000000
 0.000318691344995007241197582104064167651813477277755737304688, 0.000000000000000000000000000000000000000000000000000000000000,-0.996503627239150091554620303213596343994140625000000000000000, 0.083549511663546405237923409003997221589088439941406250000000, 1.487149305333219428959523611410986632108688354492187500000000, 4.712388980384689673996945202816277742385864257812500000000000
 0.000318691344995007241197582104064167651813477277755737304688, 0.000000000000000000000000000000000000000000000000000000000000,-0.996503627239150091554620303213596343994140625000000000000000,-0.083549511663546405237923409003997221589088439941406250000000, 1.654443348256573909083044782164506614208221435546875000000000, 4.712388980384689673996945202816277742385864257812500000000000
 0.000467802855859010579316764610879886276961769908666610717773, 0.205014300909948710138763772192760370671749114990234375000000, 0.978758977696963405890073772752657532691955566406250000000000, 0.000000000000000000000000000000000000000000000000000000000000, 1.570796326794896557998981734272092580795288085937500000000000, 1.364318008288039729691831780655775219202041625976562500000000
 0.000467802855859010579316764610879886276961769908666610717773, 0.205014300909948710138763772192760370671749114990234375000000,-0.978758977696963405890073772752657532691955566406250000000000, 0.000000000000000000000000000000000000000000000000000000000000, 1.570796326794896557998981734272092580795288085937500000000000, 4.918867298891546724348700081463903188705444335937500000000000
 0.000467802855859010579316764610879886276961769908666610717773,-0.205014300909948710138763772192760370671749114990234375000000, 0.978758977696963405890073772752657532691955566406250000000000, 0.000000000000000000000000000000000000000000000000000000000000, 1.570796326794896557998981734272092580795288085937500000000000, 1.777274645301753386306131687888409942388534545898437500000000
 0.000467802855859010579316764610879886276961769908666610717773,-0.205014300909948710138763772192760370671749114990234375000000,-0.978758977696963405890073772752657532691955566406250000000000, 0.000000000000000000000000000000000000000000000000000000000000, 1.570796326794896557998981734272092580795288085937500000000000, 4.505910661877832623645190324168652296066284179687500000000000
 0.000467802855859010579316764610879886276961769908666610717773, 0.978758977696963405890073772752657532691955566406250000000000, 0.205014300909948904427793081595154944807291030883789062500000, 0.000000000000000000000000000000000000000000000000000000000000, 1.570796326794896557998981734272092580795288085937500000000000, 0.206478318506856994840603647389798425137996673583984375000000
 0.000467802855859010579316764610879886276961769908666610717773, 0.978758977696963405890073772752657532691955566406250000000000,-0.205014300909948904427793081595154944807291030883789062500000, 0.000000000000000000000000000000000000000000000000000000000000, 1.570796326794896557998981734272092580795288085937500000000000, 6.076706988672729181644172058440744876861572265625000000000000
 0.000467802855859010579316764610879886276961769908666610717773,-0.978758977696963405890073772752657532691955566406250000000000, 0.205014300909948904427793081595154944807291030883789062500000, 0.000000000000000000000000000000000000000000000000000000000000, 1.570796326794896557998981734272092580795288085937500000000000, 2.935114335082936065646208589896559715270996093750000000000000
 0.000467802855859010579316764610879886276961769908666610717773,-0.978758977696963405890073772752657532691955566406250000000000,-0.205014300909948904427793081595154944807291030883789062500000, 0.000000000000000000000000000000000000000000000000000000000000, 1.570796326794896557998981734272092580795288085937500000000000, 3.348070972096650166349718347191810607910156250000000000000000
 0.000467802855859010579316764610879886276961769908666610717773, 0.205014300909948904427793081595154944807291030883789062500000, 0.000000000000000000000000000000000000000000000000000000000000, 0.978758977696963405890073772752657532691955566406250000000000, 0.206478318506857022596179263018711935728788375854492187500000, 0.000000000000000000000000000000000000000000000000000000000000
 0.000467802855859010579316764610879886276961769908666610717773, 0.205014300909948904427793081595154944807291030883789062500000, 0.000000000000000000000000000000000000000000000000000000000000,-0.978758977696963405890073772752657532691955566406250000000000, 2.935114335082936065646208589896559715270996093750000000000000, 0.000000000000000000000000000000000000000000000000000000000000
 0.000467802855859010579316764610879886276961769908666610717773,-0.205014300909948904427793081595154944807291030883789062500000, 0.000000000000000000000000000000000000000000000000000000000000, 0.978758977696963405890073772752657532691955566406250000000000, 0.206478318506857022596179263018711935728788375854492187500000, 3.141592653589793115997963468544185161590576171875000000000000
 0.000467802855859010579316764610879886276961769908666610717773,-0.205014300909948904427793081595154944807291030883789062500000, 0.000000000000000000000000000000000000000000000000000000000000,-0.978758977696963405890073772752657532691955566406250000000000, 2.935114335082936065646208589896559715270996093750000000000000, 3.141592653589793115997963468544185161590576171875000000000000
 0.000467802855859010579316764610879886276961769908666610717773, 0.978758977696963405890073772752657532691955566406250000000000, 0.000000000000000000000000000000000000000000000000000000000000, 0.205014300909948710138763772192760370671749114990234375000000, 1.364318008288039729691831780655775219202041625976562500000000, 0.000000000000000000000000000000000000000000000000000000000000
 0.000467802855859010579316764610879886276961769908666610717773, 0.978758977696963405890073772752657532691955566406250000000000, 0.000000000000000000000000000000000000000000000000000000000000,-0.205014300909948710138763772192760370671749114990234375000000, 1.777274645301753386306131687888409942388534545898437500000000, 0.000000000000000000000000000000000000000000000000000000000000
 0.000467802855859010579316764610879886276961769908666610717773,-0.978758977696963405890073772752657532691955566406250000000000, 0.000000000000000000000000000000000000000000000000000000000000, 0.205014300909948710138763772192760370671749114990234375000000, 1.364318008288039729691831780655775219202041625976562500000000, 3.141592653589793115997963468544185161590576171875000000000000
 0.000467802855859010579316764610879886276961769908666610717773,-0.978758977696963405890073772752657532691955566406250000000000, 0.000000000000000000000000000000000000000000000000000000000000,-0.205014300909948710138763772192760370671749114990234375000000, 1.777274645301753386306131687888409942388534545898437500000000, 3.141592653589793115997963468544185161590576171875000000000000
 0.000467802855859010579316764610879886276961769908666610717773, 0.000000000000000000000000000000000000000000000000000000000000, 0.205014300909948904427793081595154944807291030883789062500000, 0.978758977696963405890073772752657532691955566406250000000000, 0.206478318506857022596179263018711935728788375854492187500000, 1.570796326794896557998981734272092580795288085937500000000000
 0.000467802855859010579316764610879886276961769908666610717773, 0.000000000000000000000000000000000000000000000000000000000000, 0.205014300909948904427793081595154944807291030883789062500000,-0.978758977696963405890073772752657532691955566406250000000000, 2.935114335082936065646208589896559715270996093750000000000000, 1.570796326794896557998981734272092580795288085937500000000000
 0.000467802855859010579316764610879886276961769908666610717773, 0.000000000000000000000000000000000000000000000000000000000000,-0.205014300909948904427793081595154944807291030883789062500000, 0.978758977696963405890073772752657532691955566406250000000000, 0.206478318506857022596179263018711935728788375854492187500000, 4.712388980384689673996945202816277742385864257812500000000000
 0.000467802855859010579316764610879886276961769908666610717773, 0.000000000000000000000000000000000000000000000000000000000000,-0.205014300909948904427793081595154944807291030883789062500000,-0.978758977696963405890073772752657532691955566406250000000000, 2.935114335082936065646208589896559715270996093750000000000000, 4.712388980384689673996945202816277742385864257812500000000000
 0.000467802855859010579316764610879886276961769908666610717773, 0.000000000000000000000000000000000000000000000000000000000000, 0.978758977696963405890073772752657532691955566406250000000000, 0.205014300909948710138763772192760370671749114990234375000000, 1.364318008288039729691831780655775219202041625976562500000000, 1.570796326794896557998981734272092580795288085937500000000000
 0.000467802855859010579316764610879886276961769908666610717773, 0.000000000000000000000000000000000000000000000000000000000000, 0.978758977696963405890073772752657532691955566406250000000000,-0.205014300909948710138763772192760370671749114990234375000000, 1.777274645301753386306131687888409942388534545898437500000000, 1.570796326794896557998981734272092580795288085937500000000000
 0.000467802855859010579316764610879886276961769908666610717773, 0.000000000000000000000000000000000000000000000000000000000000,-0.978758977696963405890073772752657532691955566406250000000000, 0.205014300909948710138763772192760370671749114990234375000000, 1.364318008288039729691831780655775219202041625976562500000000, 4.712388980384689673996945202816277742385864257812500000000000
 0.000467802855859010579316764610879886276961769908666610717773, 0.000000000000000000000000000000000000000000000000000000000000,-0.978758977696963405890073772752657532691955566406250000000000,-0.205014300909948710138763772192760370671749114990234375000000, 1.777274645301753386306131687888409942388534545898437500000000, 4.712388980384689673996945202816277742385864257812500000000000
 0.000553882969760012533987081351227743652998469769954681396484, 0.337020829070663607840430131545872427523136138916015625000000, 0.941497191059284310732380163244670256972312927246093750000000, 0.000000000000000000000000000000000000000000000000000000000000, 1.570796326794896557998981734272092580795288085937500000000000, 1.227045519518668914571435379912145435810089111328125000000000
 0.000553882969760012533987081351227743652998469769954681396484, 0.337020829070663607840430131545872427523136138916015625000000,-0.941497191059284310732380163244670256972312927246093750000000, 0.000000000000000000000000000000000000000000000000000000000000, 1.570796326794896557998981734272092580795288085937500000000000, 5.056139787660917761513701407238841056823730468750000000000000
 0.000553882969760012533987081351227743652998469769954681396484,-0.337020829070663774373883825319353491067886352539062500000000, 0.941497191059284310732380163244670256972312927246093750000000, 0.000000000000000000000000000000000000000000000000000000000000, 1.570796326794896557998981734272092580795288085937500000000000, 1.914547134071124423471133013663347810506820678710937500000000
 0.000553882969760012533987081351227743652998469769954681396484,-0.337020829070663774373883825319353491067886352539062500000000,-0.941497191059284310732380163244670256972312927246093750000000, 0.000000000000000000000000000000000000000000000000000000000000, 1.570796326794896557998981734272092580795288085937500000000000, 4.368638173108461586480188998393714427947998046875000000000000
 0.000553882969760012533987081351227743652998469769954681396484, 0.941497191059284310732380163244670256972312927246093750000000, 0.337020829070663718862732594061526469886302947998046875000000, 0.000000000000000000000000000000000000000000000000000000000000, 1.570796326794896557998981734272092580795288085937500000000000, 0.343750807276227754449848816875601187348365783691406250000000
 0.000553882969760012533987081351227743652998469769954681396484, 0.941497191059284310732380163244670256972312927246093750000000,-0.337020829070663718862732594061526469886302947998046875000000, 0.000000000000000000000000000000000000000000000000000000000000, 1.570796326794896557998981734272092580795288085937500000000000, 5.939434499903358144479170732665807008743286132812500000000000
 0.000553882969760012533987081351227743652998469769954681396484,-0.941497191059284310732380163244670256972312927246093750000000, 0.337020829070663774373883825319353491067886352539062500000000, 0.000000000000000000000000000000000000000000000000000000000000, 1.570796326794896557998981734272092580795288085937500000000000, 2.797841846313565472570417114184238016605377197265625000000000
 0.000553882969760012533987081351227743652998469769954681396484,-0.941497191059284310732380163244670256972312927246093750000000,-0.337020829070663774373883825319353491067886352539062500000000, 0.000000000000000000000000000000000000000000000000000000000000, 1.570796326794896557998981734272092580795288085937500000000000, 3.485343460866020759425509822904132306575775146484375000000000
 0.000553882969760012533987081351227743652998469769954681396484, 0.337020829070663718862732594061526469886302947998046875000000, 0.000000000000000000000000000000000000000000000000000000000000, 0.941497191059284310732380163244670256972312927246093750000000, 0.343750807276227698938697585617774166166782379150390625000000, 0.000000000000000000000000000000000000000000000000000000000000
 0.000553882969760012533987081351227743652998469769954681396484, 0.337020829070663774373883825319353491067886352539062500000000, 0.000000000000000000000000000000000000000000000000000000000000,-0.941497191059284310732380163244670256972312927246093750000000, 2.797841846313565472570417114184238016605377197265625000000000, 0.000000000000000000000000000000000000000000000000000000000000
 0.000553882969760012533987081351227743652998469769954681396484,-0.337020829070663718862732594061526469886302947998046875000000, 0.000000000000000000000000000000000000000000000000000000000000, 0.941497191059284310732380163244670256972312927246093750000000, 0.343750807276227698938697585617774166166782379150390625000000, 3.141592653589793115997963468544185161590576171875000000000000
 0.000553882969760012533987081351227743652998469769954681396484,-0.337020829070663774373883825319353491067886352539062500000000, 0.000000000000000000000000000000000000000000000000000000000000,-0.941497191059284310732380163244670256972312927246093750000000, 2.797841846313565472570417114184238016605377197265625000000000, 3.141592653589793115997963468544185161590576171875000000000000
 0.000553882969760012533987081351227743652998469769954681396484, 0.941497191059284310732380163244670256972312927246093750000000, 0.000000000000000000000000000000000000000000000000000000000000, 0.337020829070663607840430131545872427523136138916015625000000, 1.227045519518668914571435379912145435810089111328125000000000, 0.000000000000000000000000000000000000000000000000000000000000
 0.000553882969760012533987081351227743652998469769954681396484, 0.941497191059284310732380163244670256972312927246093750000000, 0.000000000000000000000000000000000000000000000000000000000000,-0.337020829070663774373883825319353491067886352539062500000000, 1.914547134071124423471133013663347810506820678710937500000000, 0.000000000000000000000000000000000000000000000000000000000000
 0.000553882969760012533987081351227743652998469769954681396484,-0.941497191059284310732380163244670256972312927246093750000000, 0.000000000000000000000000000000000000000000000000000000000000, 0.337020829070663607840430131545872427523136138916015625000000, 1.227045519518668914571435379912145435810089111328125000000000, 3.141592653589793115997963468544185161590576171875000000000000
 0.000553882969760012533987081351227743652998469769954681396484,-0.941497191059284310732380163244670256972312927246093750000000, 0.000000000000000000000000000000000000000000000000000000000000,-0.337020829070663774373883825319353491067886352539062500000000, 1.914547134071124423471133013663347810506820678710937500000000, 3.141592653589793115997963468544185161590576171875000000000000
 0.000553882969760012533987081351227743652998469769954681396484, 0.000000000000000000000000000000000000000000000000000000000000, 0.337020829070663718862732594061526469886302947998046875000000, 0.941497191059284310732380163244670256972312927246093750000000, 0.343750807276227698938697585617774166166782379150390625000000, 1.570796326794896557998981734272092580795288085937500000000000
 0.000553882969760012533987081351227743652998469769954681396484, 0.000000000000000000000000000000000000000000000000000000000000, 0.337020829070663774373883825319353491067886352539062500000000,-0.941497191059284310732380163244670256972312927246093750000000, 2.797841846313565472570417114184238016605377197265625000000000, 1.570796326794896557998981734272092580795288085937500000000000
 0.000553882969760012533987081351227743652998469769954681396484, 0.000000000000000000000000000000000000000000000000000000000000,-0.337020829070663718862732594061526469886302947998046875000000, 0.941497191059284310732380163244670256972312927246093750000000, 0.343750807276227698938697585617774166166782379150390625000000, 4.712388980384689673996945202816277742385864257812500000000000
 0.000553882969760012533987081351227743652998469769954681396484, 0.000000000000000000000000000000000000000000000000000000000000,-0.337020829070663774373883825319353491067886352539062500000000,-0.941497191059284310732380163244670256972312927246093750000000, 2.797841846313565472570417114184238016605377197265625000000000, 4.712388980384689673996945202816277742385864257812500000000000
 0.000553882969760012533987081351227743652998469769954681396484, 0.000000000000000000000000000000000000000000000000000000000000, 0.941497191059284310732380163244670256972312927246093750000000, 0.337020829070663607840430131545872427523136138916015625000000, 1.227045519518668914571435379912145435810089111328125000000000, 1.570796326794896557998981734272092580795288085937500000000000
 0.000553882969760012533987081351227743652998469769954681396484, 0.000000000000000000000000000000000000000000000000000000000000, 0.941497191059284310732380163244670256972312927246093750000000,-0.337020829070663774373883825319353491067886352539062500000000, 1.914547134071124423471133013663347810506820678710937500000000, 1.570796326794896557998981734272092580795288085937500000000000
 0.000553882969760012533987081351227743652998469769954681396484, 0.000000000000000000000000000000000000000000000000000000000000,-0.941497191059284310732380163244670256972312927246093750000000, 0.337020829070663607840430131545872427523136138916015625000000, 1.227045519518668914571435379912145435810089111328125000000000, 4.712388980384689673996945202816277742385864257812500000000000
 0.000553882969760012533987081351227743652998469769954681396484, 0.000000000000000000000000000000000000000000000000000000000000,-0.941497191059284310732380163244670256972312927246093750000000,-0.337020829070663774373883825319353491067886352539062500000000, 1.914547134071124423471133013663347810506820678710937500000000, 4.712388980384689673996945202816277742385864257812500000000000
 0.000604447590719013670527981485491864077630452811717987060547, 0.468905148423396200829671442988910712301731109619140625000000, 0.883248527755372325742655448266305029392242431640625000000000, 0.000000000000000000000000000000000000000000000000000000000000, 1.570796326794896557998981734272092580795288085937500000000000, 1.082745530854517523877689200162421911954879760742187500000000
 0.000604447590719013670527981485491864077630452811717987060547, 0.468905148423396200829671442988910712301731109619140625000000,-0.883248527755372325742655448266305029392242431640625000000000, 0.000000000000000000000000000000000000000000000000000000000000, 1.570796326794896557998981734272092580795288085937500000000000, 5.200439776325068486073632811894640326499938964843750000000000
 0.000604447590719013670527981485491864077630452811717987060547,-0.468905148423396422874276368020218797028064727783203125000000, 0.883248527755372325742655448266305029392242431640625000000000, 0.000000000000000000000000000000000000000000000000000000000000, 1.570796326794896557998981734272092580795288085937500000000000, 2.058847122735275814164879193413071334362030029296875000000000
 0.000604447590719013670527981485491864077630452811717987060547,-0.468905148423396422874276368020218797028064727783203125000000,-0.883248527755372325742655448266305029392242431640625000000000, 0.000000000000000000000000000000000000000000000000000000000000, 1.570796326794896557998981734272092580795288085937500000000000, 4.224338184444309973741837893612682819366455078125000000000000
 0.000604447590719013670527981485491864077630452811717987060547, 0.883248527755372325742655448266305029392242431640625000000000, 0.468905148423396311851973905504564754664897918701171875000000, 0.000000000000000000000000000000000000000000000000000000000000, 1.570796326794896557998981734272092580795288085937500000000000, 0.488050795940379145143594996625324711203575134277343750000000
 0.000604447590719013670527981485491864077630452811717987060547, 0.883248527755372325742655448266305029392242431640625000000000,-0.468905148423396311851973905504564754664897918701171875000000, 0.000000000000000000000000000000000000000000000000000000000000, 1.570796326794896557998981734272092580795288085937500000000000, 5.795134511239207419919239328010007739067077636718750000000000
 0.000604447590719013670527981485491864077630452811717987060547,-0.883248527755372436764957910781959071755409240722656250000000, 0.468905148423395978785066517957602627575397491455078125000000, 0.000000000000000000000000000000000000000000000000000000000000, 1.570796326794896557998981734272092580795288085937500000000000, 2.653541857649414303921275859465822577476501464843750000000000
 0.000604447590719013670527981485491864077630452811717987060547,-0.883248527755372436764957910781959071755409240722656250000000,-0.468905148423395978785066517957602627575397491455078125000000, 0.000000000000000000000000000000000000000000000000000000000000, 1.570796326794896557998981734272092580795288085937500000000000, 3.629643449530171928074651077622547745704650878906250000000000
 0.000604447590719013670527981485491864077630452811717987060547, 0.468905148423396311851973905504564754664897918701171875000000, 0.000000000000000000000000000000000000000000000000000000000000, 0.883248527755372325742655448266305029392242431640625000000000, 0.488050795940379089632443765367497690021991729736328125000000, 0.000000000000000000000000000000000000000000000000000000000000
 0.000604447590719013670527981485491864077630452811717987060547, 0.468905148423395978785066517957602627575397491455078125000000, 0.000000000000000000000000000000000000000000000000000000000000,-0.883248527755372436764957910781959071755409240722656250000000, 2.653541857649414303921275859465822577476501464843750000000000, 0.000000000000000000000000000000000000000000000000000000000000
 0.000604447590719013670527981485491864077630452811717987060547,-0.468905148423396311851973905504564754664897918701171875000000, 0.000000000000000000000000000000000000000000000000000000000000, 0.883248527755372325742655448266305029392242431640625000000000, 0.488050795940379089632443765367497690021991729736328125000000, 3.141592653589793115997963468544185161590576171875000000000000
 0.000604447590719013670527981485491864077630452811717987060547,-0.468905148423395978785066517957602627575397491455078125000000, 0.000000000000000000000000000000000000000000000000000000000000,-0.883248527755372436764957910781959071755409240722656250000000, 2.653541857649414303921275859465822577476501464843750000000000, 3.141592653589793115997963468544185161590576171875000000000000
 0.000604447590719013670527981485491864077630452811717987060547, 0.883248527755372325742655448266305029392242431640625000000000, 0.000000000000000000000000000000000000000000000000000000000000, 0.468905148423396200829671442988910712301731109619140625000000, 1.082745530854517523877689200162421911954879760742187500000000, 0.000000000000000000000000000000000000000000000000000000000000
 0.000604447590719013670527981485491864077630452811717987060547, 0.883248527755372325742655448266305029392242431640625000000000, 0.000000000000000000000000000000000000000000000000000000000000,-0.468905148423396422874276368020218797028064727783203125000000, 2.058847122735275814164879193413071334362030029296875000000000, 0.000000000000000000000000000000000000000000000000000000000000
 0.000604447590719013670527981485491864077630452811717987060547,-0.883248527755372325742655448266305029392242431640625000000000, 0.000000000000000000000000000000000000000000000000000000000000, 0.468905148423396200829671442988910712301731109619140625000000, 1.082745530854517523877689200162421911954879760742187500000000, 3.141592653589793115997963468544185161590576171875000000000000
 0.000604447590719013670527981485491864077630452811717987060547,-0.883248527755372325742655448266305029392242431640625000000000, 0.000000000000000000000000000000000000000000000000000000000000,-0.468905148423396422874276368020218797028064727783203125000000, 2.058847122735275814164879193413071334362030029296875000000000, 3.141592653589793115997963468544185161590576171875000000000000
 0.000604447590719013670527981485491864077630452811717987060547, 0.000000000000000000000000000000000000000000000000000000000000, 0.468905148423396311851973905504564754664897918701171875000000, 0.883248527755372325742655448266305029392242431640625000000000, 0.488050795940379089632443765367497690021991729736328125000000, 1.570796326794896557998981734272092580795288085937500000000000
 0.000604447590719013670527981485491864077630452811717987060547, 0.000000000000000000000000000000000000000000000000000000000000, 0.468905148423395978785066517957602627575397491455078125000000,-0.883248527755372436764957910781959071755409240722656250000000, 2.653541857649414303921275859465822577476501464843750000000000, 1.570796326794896557998981734272092580795288085937500000000000
 0.000604447590719013670527981485491864077630452811717987060547, 0.000000000000000000000000000000000000000000000000000000000000,-0.468905148423396311851973905504564754664897918701171875000000, 0.883248527755372325742655448266305029392242431640625000000000, 0.488050795940379089632443765367497690021991729736328125000000, 4.712388980384689673996945202816277742385864257812500000000000
 0.000604447590719013670527981485491864077630452811717987060547, 0.000000000000000000000000000000000000000000000000000000000000,-0.468905148423395978785066517957602627575397491455078125000000,-0.883248527755372436764957910781959071755409240722656250000000, 2.653541857649414303921275859465822577476501464843750000000000, 4.712388980384689673996945202816277742385864257812500000000000
 0.000604447590719013670527981485491864077630452811717987060547, 0.000000000000000000000000000000000000000000000000000000000000, 0.883248527755372325742655448266305029392242431640625000000000, 0.468905148423396200829671442988910712301731109619140625000000, 1.082745530854517523877689200162421911954879760742187500000000, 1.570796326794896557998981734272092580795288085937500000000000
 0.000604447590719013670527981485491864077630452811717987060547, 0.000000000000000000000000000000000000000000000000000000000000, 0.883248527755372325742655448266305029392242431640625000000000,-0.468905148423396422874276368020218797028064727783203125000000, 2.058847122735275814164879193413071334362030029296875000000000, 1.570796326794896557998981734272092580795288085937500000000000
 0.000604447590719013670527981485491864077630452811717987060547, 0.000000000000000000000000000000000000000000000000000000000000,-0.883248527755372325742655448266305029392242431640625000000000, 0.468905148423396200829671442988910712301731109619140625000000, 1.082745530854517523877689200162421911954879760742187500000000, 4.712388980384689673996945202816277742385864257812500000000000
 0.000604447590719013670527981485491864077630452811717987060547, 0.000000000000000000000000000000000000000000000000000000000000,-0.883248527755372325742655448266305029392242431640625000000000,-0.468905148423396422874276368020218797028064727783203125000000, 2.058847122735275814164879193413071334362030029296875000000000, 4.712388980384689673996945202816277742385864257812500000000000
 0.000631357510351014303805194938234990331693552434444427490234, 0.593940042455733396842276761162793263792991638183593750000000, 0.804509307570572262946484443091321736574172973632812500000000, 0.000000000000000000000000000000000000000000000000000000000000, 1.570796326794896557998981734272092580795288085937500000000000, 0.934848840410602455186506176687544211745262145996093750000000
 0.000631357510351014303805194938234990331693552434444427490234, 0.593940042455733396842276761162793263792991638183593750000000,-0.804509307570572262946484443091321736574172973632812500000000, 0.000000000000000000000000000000000000000000000000000000000000, 1.570796326794896557998981734272092580795288085937500000000000, 5.348336466768984109876328147947788238525390625000000000000000
 0.000631357510351014303805194938234990331693552434444427490234,-0.593940042455733396842276761162793263792991638183593750000000, 0.804509307570572262946484443091321736574172973632812500000000, 0.000000000000000000000000000000000000000000000000000000000000, 1.570796326794896557998981734272092580795288085937500000000000, 2.206743813179190549789154829340986907482147216796875000000000
 0.000631357510351014303805194938234990331693552434444427490234,-0.593940042455733396842276761162793263792991638183593750000000,-0.804509307570572262946484443091321736574172973632812500000000, 0.000000000000000000000000000000000000000000000000000000000000, 1.570796326794896557998981734272092580795288085937500000000000, 4.076441494000395238117562257684767246246337890625000000000000
 0.000631357510351014303805194938234990331693552434444427490234, 0.804509307570572262946484443091321736574172973632812500000000, 0.593940042455733396842276761162793263792991638183593750000000, 0.000000000000000000000000000000000000000000000000000000000000, 1.570796326794896557998981734272092580795288085937500000000000, 0.635947486384294102812475557584548369050025939941406250000000
 0.000631357510351014303805194938234990331693552434444427490234, 0.804509307570572262946484443091321736574172973632812500000000,-0.593940042455733396842276761162793263792991638183593750000000, 0.000000000000000000000000000000000000000000000000000000000000, 1.570796326794896557998981734272092580795288085937500000000000, 5.647237820795291796116543991956859827041625976562500000000000
 0.000631357510351014303805194938234990331693552434444427490234,-0.804509307570572373968786905606975778937339782714843750000000, 0.593940042455733174797671836131485179066658020019531250000000, 0.000000000000000000000000000000000000000000000000000000000000, 1.570796326794896557998981734272092580795288085937500000000000, 2.505645167205499568297000223537907004356384277343750000000000
 0.000631357510351014303805194938234990331693552434444427490234,-0.804509307570572373968786905606975778937339782714843750000000,-0.593940042455733174797671836131485179066658020019531250000000, 0.000000000000000000000000000000000000000000000000000000000000, 1.570796326794896557998981734272092580795288085937500000000000, 3.777540139974086663698926713550463318824768066406250000000000
 0.000631357510351014303805194938234990331693552434444427490234, 0.593940042455733396842276761162793263792991638183593750000000, 0.000000000000000000000000000000000000000000000000000000000000, 0.804509307570572262946484443091321736574172973632812500000000, 0.635947486384294102812475557584548369050025939941406250000000, 0.000000000000000000000000000000000000000000000000000000000000
 0.000631357510351014303805194938234990331693552434444427490234, 0.593940042455733174797671836131485179066658020019531250000000, 0.000000000000000000000000000000000000000000000000000000000000,-0.804509307570572373968786905606975778937339782714843750000000, 2.505645167205499124207790373475290834903717041015625000000000, 0.000000000000000000000000000000000000000000000000000000000000
 0.000631357510351014303805194938234990331693552434444427490234,-0.593940042455733396842276761162793263792991638183593750000000, 0.000000000000000000000000000000000000000000000000000000000000, 0.804509307570572262946484443091321736574172973632812500000000, 0.635947486384294102812475557584548369050025939941406250000000, 3.141592653589793115997963468544185161590576171875000000000000
 0.000631357510351014303805194938234990331693552434444427490234,-0.593940042455733174797671836131485179066658020019531250000000, 0.000000000000000000000000000000000000000000000000000000000000,-0.804509307570572373968786905606975778937339782714843750000000, 2.505645167205499124207790373475290834903717041015625000000000, 3.141592653589793115997963468544185161590576171875000000000000
 0.000631357510351014303805194938234990331693552434444427490234, 0.804509307570572262946484443091321736574172973632812500000000, 0.000000000000000000000000000000000000000000000000000000000000, 0.593940042455733396842276761162793263792991638183593750000000, 0.934848840410602455186506176687544211745262145996093750000000, 0.000000000000000000000000000000000000000000000000000000000000
 0.000631357510351014303805194938234990331693552434444427490234, 0.804509307570572262946484443091321736574172973632812500000000, 0.000000000000000000000000000000000000000000000000000000000000,-0.593940042455733396842276761162793263792991638183593750000000, 2.206743813179190549789154829340986907482147216796875000000000, 0.000000000000000000000000000000000000000000000000000000000000
 0.000631357510351014303805194938234990331693552434444427490234,-0.804509307570572262946484443091321736574172973632812500000000, 0.000000000000000000000000000000000000000000000000000000000000, 0.593940042455733396842276761162793263792991638183593750000000, 0.934848840410602455186506176687544211745262145996093750000000, 3.141592653589793115997963468544185161590576171875000000000000
 0.000631357510351014303805194938234990331693552434444427490234,-0.804509307570572262946484443091321736574172973632812500000000, 0.000000000000000000000000000000000000000000000000000000000000,-0.593940042455733396842276761162793263792991638183593750000000, 2.206743813179190549789154829340986907482147216796875000000000, 3.141592653589793115997963468544185161590576171875000000000000
 0.000631357510351014303805194938234990331693552434444427490234, 0.000000000000000000000000000000000000000000000000000000000000, 0.593940042455733396842276761162793263792991638183593750000000, 0.804509307570572262946484443091321736574172973632812500000000, 0.635947486384294102812475557584548369050025939941406250000000, 1.570796326794896557998981734272092580795288085937500000000000
 0.000631357510351014303805194938234990331693552434444427490234, 0.000000000000000000000000000000000000000000000000000000000000, 0.593940042455733174797671836131485179066658020019531250000000,-0.804509307570572373968786905606975778937339782714843750000000, 2.505645167205499124207790373475290834903717041015625000000000, 1.570796326794896557998981734272092580795288085937500000000000
 0.000631357510351014303805194938234990331693552434444427490234, 0.000000000000000000000000000000000000000000000000000000000000,-0.593940042455733396842276761162793263792991638183593750000000, 0.804509307570572262946484443091321736574172973632812500000000, 0.635947486384294102812475557584548369050025939941406250000000, 4.712388980384689673996945202816277742385864257812500000000000
 0.000631357510351014303805194938234990331693552434444427490234, 0.000000000000000000000000000000000000000000000000000000000000,-0.593940042455733174797671836131485179066658020019531250000000,-0.804509307570572373968786905606975778937339782714843750000000, 2.505645167205499124207790373475290834903717041015625000000000, 4.712388980384689673996945202816277742385864257812500000000000
 0.000631357510351014303805194938234990331693552434444427490234, 0.000000000000000000000000000000000000000000000000000000000000, 0.804509307570572262946484443091321736574172973632812500000000, 0.593940042455733396842276761162793263792991638183593750000000, 0.934848840410602455186506176687544211745262145996093750000000, 1.570796326794896557998981734272092580795288085937500000000000
 0.000631357510351014303805194938234990331693552434444427490234, 0.000000000000000000000000000000000000000000000000000000000000, 0.804509307570572262946484443091321736574172973632812500000000,-0.593940042455733396842276761162793263792991638183593750000000, 2.206743813179190549789154829340986907482147216796875000000000, 1.570796326794896557998981734272092580795288085937500000000000
 0.000631357510351014303805194938234990331693552434444427490234, 0.000000000000000000000000000000000000000000000000000000000000,-0.804509307570572262946484443091321736574172973632812500000000, 0.593940042455733396842276761162793263792991638183593750000000, 0.934848840410602455186506176687544211745262145996093750000000, 4.712388980384689673996945202816277742385864257812500000000000
 0.000631357510351014303805194938234990331693552434444427490234, 0.000000000000000000000000000000000000000000000000000000000000,-0.804509307570572262946484443091321736574172973632812500000000,-0.593940042455733396842276761162793263792991638183593750000000, 2.206743813179190549789154829340986907482147216796875000000000, 4.712388980384689673996945202816277742385864257812500000000000
 0.000407862643186009219287840865675320856098551303148269653320, 0.139498331183226187413026764261303469538688659667968750000000, 0.040975811620503399534953814509208314120769500732421875000000, 0.989374144830526658367375603120308369398117065429687500000000, 0.145909059400935292583056934745400212705135345458984375000000, 0.285701000942798433168690053207683376967906951904296875000000
 0.000407862643186009219287840865675320856098551303148269653320, 0.139498331183226104146299917374562937766313552856445312500000, 0.040975811620503399534953814509208314120769500732421875000000,-0.989374144830526658367375603120308369398117065429687500000000, 2.995683594188857767903755302540957927703857421875000000000000, 0.285701000942798599702143746981164440512657165527343750000000
 0.000407862643186009219287840865675320856098551303148269653320, 0.139498331183226187413026764261303469538688659667968750000000,-0.040975811620503399534953814509208314120769500732421875000000, 0.989374144830526658367375603120308369398117065429687500000000, 0.145909059400935292583056934745400212705135345458984375000000, 5.997484306236787965360690577654168009757995605468750000000000
 0.000407862643186009219287840865675320856098551303148269653320, 0.139498331183226104146299917374562937766313552856445312500000,-0.040975811620503399534953814509208314120769500732421875000000,-0.989374144830526658367375603120308369398117065429687500000000, 2.995683594188857767903755302540957927703857421875000000000000, 5.997484306236787965360690577654168009757995605468750000000000
 0.000407862643186009219287840865675320856098551303148269653320,-0.139498331183226187413026764261303469538688659667968750000000, 0.040975811620503399534953814509208314120769500732421875000000, 0.989374144830526658367375603120308369398117065429687500000000, 0.145909059400935292583056934745400212705135345458984375000000, 2.855891652646994849362727109109982848167419433593750000000000
 0.000407862643186009219287840865675320856098551303148269653320,-0.139498331183226104146299917374562937766313552856445312500000, 0.040975811620503399534953814509208314120769500732421875000000,-0.989374144830526658367375603120308369398117065429687500000000, 2.995683594188857767903755302540957927703857421875000000000000, 2.855891652646994849362727109109982848167419433593750000000000
 0.000407862643186009219287840865675320856098551303148269653320,-0.139498331183226187413026764261303469538688659667968750000000,-0.040975811620503399534953814509208314120769500732421875000000, 0.989374144830526658367375603120308369398117065429687500000000, 0.145909059400935292583056934745400212705135345458984375000000, 3.427293654532591382633199827978387475013732910156250000000000
 0.000407862643186009219287840865675320856098551303148269653320,-0.139498331183226104146299917374562937766313552856445312500000,-0.040975811620503399534953814509208314120769500732421875000000,-0.989374144830526658367375603120308369398117065429687500000000, 2.995683594188857767903755302540957927703857421875000000000000, 3.427293654532591382633199827978387475013732910156250000000000
 0.000407862643186009219287840865675320856098551303148269653320, 0.139498331183225993123997454858908895403146743774414062500000, 0.989374144830526769389678065635962411761283874511718750000000, 0.040975811620503399534953814509208314120769500732421875000000, 1.529809039987118923775710754853207617998123168945312500000000, 1.430723136060300326732885878300294280052185058593750000000000
 0.000407862643186009219287840865675320856098551303148269653320, 0.139498331183225993123997454858908895403146743774414062500000, 0.989374144830526769389678065635962411761283874511718750000000,-0.040975811620503399534953814509208314120769500732421875000000, 1.611783613602674414266857638722285628318786621093750000000000, 1.430723136060300326732885878300294280052185058593750000000000
 0.000407862643186009219287840865675320856098551303148269653320, 0.139498331183225993123997454858908895403146743774414062500000,-0.989374144830526769389678065635962411761283874511718750000000, 0.040975811620503399534953814509208314120769500732421875000000, 1.529809039987118923775710754853207617998123168945312500000000, 4.852462171119285905263041058788076043128967285156250000000000
 0.000407862643186009219287840865675320856098551303148269653320, 0.139498331183225993123997454858908895403146743774414062500000,-0.989374144830526769389678065635962411761283874511718750000000,-0.040975811620503399534953814509208314120769500732421875000000, 1.611783613602674414266857638722285628318786621093750000000000, 4.852462171119285905263041058788076043128967285156250000000000
 0.000407862643186009219287840865675320856098551303148269653320,-0.139498331183226187413026764261303469538688659667968750000000, 0.989374144830526658367375603120308369398117065429687500000000, 0.040975811620503399534953814509208314120769500732421875000000, 1.529809039987118923775710754853207617998123168945312500000000, 1.710869517529493011309682515275198966264724731445312500000000
 0.000407862643186009219287840865675320856098551303148269653320,-0.139498331183226187413026764261303469538688659667968750000000, 0.989374144830526658367375603120308369398117065429687500000000,-0.040975811620503399534953814509208314120769500732421875000000, 1.611783613602674414266857638722285628318786621093750000000000, 1.710869517529493011309682515275198966264724731445312500000000
 0.000407862643186009219287840865675320856098551303148269653320,-0.139498331183226187413026764261303469538688659667968750000000,-0.989374144830526658367375603120308369398117065429687500000000, 0.040975811620503399534953814509208314120769500732421875000000, 1.529809039987118923775710754853207617998123168945312500000000, 4.572315789650093442730849346844479441642761230468750000000000
 0.000407862643186009219287840865675320856098551303148269653320,-0.139498331183226187413026764261303469538688659667968750000000,-0.989374144830526658367375603120308369398117065429687500000000,-0.040975811620503399534953814509208314120769500732421875000000, 1.611783613602674414266857638722285628318786621093750000000000, 4.572315789650093442730849346844479441642761230468750000000000
 0.000407862643186009219287840865675320856098551303148269653320, 0.040975811620503496679468469210405601188540458679199218750000, 0.139498331183226187413026764261303469538688659667968750000000, 0.989374144830526658367375603120308369398117065429687500000000, 0.145909059400935292583056934745400212705135345458984375000000, 1.285095325852097625229930599743966013193130493164062500000000
 0.000407862643186009219287840865675320856098551303148269653320, 0.040975811620503399534953814509208314120769500732421875000000, 0.139498331183226104146299917374562937766313552856445312500000,-0.989374144830526658367375603120308369398117065429687500000000, 2.995683594188857767903755302540957927703857421875000000000000, 1.285095325852098069319140449806582182645797729492187500000000
 0.000407862643186009219287840865675320856098551303148269653320, 0.040975811620503496679468469210405601188540458679199218750000,-0.139498331183226187413026764261303469538688659667968750000000, 0.989374144830526658367375603120308369398117065429687500000000, 0.145909059400935292583056934745400212705135345458984375000000, 4.998089981327488828810601262375712394714355468750000000000000
 0.000407862643186009219287840865675320856098551303148269653320, 0.040975811620503399534953814509208314120769500732421875000000,-0.139498331183226104146299917374562937766313552856445312500000,-0.989374144830526658367375603120308369398117065429687500000000, 2.995683594188857767903755302540957927703857421875000000000000, 4.998089981327487940632181562250480055809020996093750000000000
 0.000407862643186009219287840865675320856098551303148269653320,-0.040975811620503496679468469210405601188540458679199218750000, 0.139498331183226187413026764261303469538688659667968750000000, 0.989374144830526658367375603120308369398117065429687500000000, 0.145909059400935292583056934745400212705135345458984375000000, 1.856497327737695712812637793831527233123779296875000000000000
 0.000407862643186009219287840865675320856098551303148269653320,-0.040975811620503496679468469210405601188540458679199218750000, 0.139498331183226104146299917374562937766313552856445312500000,-0.989374144830526658367375603120308369398117065429687500000000, 2.995683594188857767903755302540957927703857421875000000000000, 1.856497327737695934857242718862835317850112915039062500000000
 0.000407862643186009219287840865675320856098551303148269653320,-0.040975811620503496679468469210405601188540458679199218750000,-0.139498331183226187413026764261303469538688659667968750000000, 0.989374144830526658367375603120308369398117065429687500000000, 0.145909059400935292583056934745400212705135345458984375000000, 4.426687979441890519183289143256843090057373046875000000000000
 0.000407862643186009219287840865675320856098551303148269653320,-0.040975811620503496679468469210405601188540458679199218750000,-0.139498331183226104146299917374562937766313552856445312500000,-0.989374144830526658367375603120308369398117065429687500000000, 2.995683594188857767903755302540957927703857421875000000000000, 4.426687979441890519183289143256843090057373046875000000000000
 0.000407862643186009219287840865675320856098551303148269653320, 0.040975811620503496679468469210405601188540458679199218750000, 0.989374144830526658367375603120308369398117065429687500000000, 0.139498331183226104146299917374562937766313552856445312500000, 1.430841552602688082629356358665972948074340820312500000000000, 1.529404091470273119313105780747719109058380126953125000000000
 0.000407862643186009219287840865675320856098551303148269653320, 0.040975811620503496679468469210405601188540458679199218750000, 0.989374144830526658367375603120308369398117065429687500000000,-0.139498331183226104146299917374562937766313552856445312500000, 1.710751100987105255413212034909520298242568969726562500000000, 1.529404091470273119313105780747719109058380126953125000000000
 0.000407862643186009219287840865675320856098551303148269653320, 0.040975811620503496679468469210405601188540458679199218750000,-0.989374144830526658367375603120308369398117065429687500000000, 0.139498331183226104146299917374562937766313552856445312500000, 1.430841552602688082629356358665972948074340820312500000000000, 4.753781215709313556772031006403267383575439453125000000000000
 0.000407862643186009219287840865675320856098551303148269653320, 0.040975811620503496679468469210405601188540458679199218750000,-0.989374144830526658367375603120308369398117065429687500000000,-0.139498331183226104146299917374562937766313552856445312500000, 1.710751100987105255413212034909520298242568969726562500000000, 4.753781215709313556772031006403267383575439453125000000000000
 0.000407862643186009219287840865675320856098551303148269653320,-0.040975811620503496679468469210405601188540458679199218750000, 0.989374144830526658367375603120308369398117065429687500000000, 0.139498331183226104146299917374562937766313552856445312500000, 1.430841552602688082629356358665972948074340820312500000000000, 1.612188562119520218729462612827774137258529663085937500000000
 0.000407862643186009219287840865675320856098551303148269653320,-0.040975811620503496679468469210405601188540458679199218750000, 0.989374144830526658367375603120308369398117065429687500000000,-0.139498331183226104146299917374562937766313552856445312500000, 1.710751100987105255413212034909520298242568969726562500000000, 1.612188562119520218729462612827774137258529663085937500000000
 0.000407862643186009219287840865675320856098551303148269653320,-0.040975811620503496679468469210405601188540458679199218750000,-0.989374144830526658367375603120308369398117065429687500000000, 0.139498331183226104146299917374562937766313552856445312500000, 1.430841552602688082629356358665972948074340820312500000000000, 4.670996745060065791221859399229288101196289062500000000000000
 0.000407862643186009219287840865675320856098551303148269653320,-0.040975811620503496679468469210405601188540458679199218750000,-0.989374144830526658367375603120308369398117065429687500000000,-0.139498331183226104146299917374562937766313552856445312500000, 1.710751100987105255413212034909520298242568969726562500000000, 4.670996745060065791221859399229288101196289062500000000000000
 0.000407862643186009219287840865675320856098551303148269653320, 0.989374144830526658367375603120308369398117065429687500000000, 0.139498331183226492724358536179352086037397384643554687500000, 0.040975811620503399534953814509208314120769500732421875000000, 1.529809039987118923775710754853207617998123168945312500000000, 0.140073190734596703110881321663327980786561965942382812500000
 0.000407862643186009219287840865675320856098551303148269653320, 0.989374144830526658367375603120308369398117065429687500000000, 0.139498331183226492724358536179352086037397384643554687500000,-0.040975811620503399534953814509208314120769500732421875000000, 1.611783613602674414266857638722285628318786621093750000000000, 0.140073190734596703110881321663327980786561965942382812500000
 0.000407862643186009219287840865675320856098551303148269653320, 0.989374144830526658367375603120308369398117065429687500000000,-0.139498331183226492724358536179352086037397384643554687500000, 0.040975811620503399534953814509208314120769500732421875000000, 1.529809039987118923775710754853207617998123168945312500000000, 6.143112116444989112551411380991339683532714843750000000000000
 0.000407862643186009219287840865675320856098551303148269653320, 0.989374144830526658367375603120308369398117065429687500000000,-0.139498331183226492724358536179352086037397384643554687500000,-0.040975811620503399534953814509208314120769500732421875000000, 1.611783613602674414266857638722285628318786621093750000000000, 6.143112116444989112551411380991339683532714843750000000000000
 0.000407862643186009219287840865675320856098551303148269653320,-0.989374144830526658367375603120308369398117065429687500000000, 0.139498331183226187413026764261303469538688659667968750000000, 0.040975811620503399534953814509208314120769500732421875000000, 1.529809039987118923775710754853207617998123168945312500000000, 3.001519462855196884731867612572386860847473144531250000000000
 0.000407862643186009219287840865675320856098551303148269653320,-0.989374144830526658367375603120308369398117065429687500000000, 0.139498331183226187413026764261303469538688659667968750000000,-0.040975811620503399534953814509208314120769500732421875000000, 1.611783613602674414266857638722285628318786621093750000000000, 3.001519462855196884731867612572386860847473144531250000000000
 0.000407862643186009219287840865675320856098551303148269653320,-0.989374144830526658367375603120308369398117065429687500000000,-0.139498331183226187413026764261303469538688659667968750000000, 0.040975811620503399534953814509208314120769500732421875000000, 1.529809039987118923775710754853207617998123168945312500000000, 3.281665844324389347264059324515983462333679199218750000000000
 0.000407862643186009219287840865675320856098551303148269653320,-0.989374144830526658367375603120308369398117065429687500000000,-0.139498331183226187413026764261303469538688659667968750000000,-0.040975811620503399534953814509208314120769500732421875000000, 1.611783613602674414266857638722285628318786621093750000000000, 3.281665844324389347264059324515983462333679199218750000000000
 0.000407862643186009219287840865675320856098551303148269653320, 0.989374144830526769389678065635962411761283874511718750000000, 0.040975811620501900733870570547878742218017578125000000000000, 0.139498331183226104146299917374562937766313552856445312500000, 1.430841552602688082629356358665972948074340820312500000000000, 0.041392235324621932945898805655815522186458110809326171875000
 0.000407862643186009219287840865675320856098551303148269653320, 0.989374144830526769389678065635962411761283874511718750000000, 0.040975811620501900733870570547878742218017578125000000000000,-0.139498331183226104146299917374562937766313552856445312500000, 1.710751100987105255413212034909520298242568969726562500000000, 0.041392235324621932945898805655815522186458110809326171875000
 0.000407862643186009219287840865675320856098551303148269653320, 0.989374144830526769389678065635962411761283874511718750000000,-0.040975811620501900733870570547878742218017578125000000000000, 0.139498331183226104146299917374562937766313552856445312500000, 1.430841552602688082629356358665972948074340820312500000000000, 6.241793071854964125577680533751845359802246093750000000000000
 0.000407862643186009219287840865675320856098551303148269653320, 0.989374144830526769389678065635962411761283874511718750000000,-0.040975811620501900733870570547878742218017578125000000000000,-0.139498331183226104146299917374562937766313552856445312500000, 1.710751100987105255413212034909520298242568969726562500000000, 6.241793071854964125577680533751845359802246093750000000000000
 0.000407862643186009219287840865675320856098551303148269653320,-0.989374144830526769389678065635962411761283874511718750000000, 0.040975811620501796650462011939453077502548694610595703125000, 0.139498331183226104146299917374562937766313552856445312500000, 1.430841552602688082629356358665972948074340820312500000000000, 3.100200418265171453668926915270276367664337158203125000000000
 0.000407862643186009219287840865675320856098551303148269653320,-0.989374144830526769389678065635962411761283874511718750000000, 0.040975811620501796650462011939453077502548694610595703125000,-0.139498331183226104146299917374562937766313552856445312500000, 1.710751100987105255413212034909520298242568969726562500000000, 3.100200418265171453668926915270276367664337158203125000000000
 0.000407862643186009219287840865675320856098551303148269653320,-0.989374144830526769389678065635962411761283874511718750000000,-0.040975811620501796650462011939453077502548694610595703125000, 0.139498331183226104146299917374562937766313552856445312500000, 1.430841552602688082629356358665972948074340820312500000000000, 3.182984888914414778327000021818093955516815185546875000000000
 0.000407862643186009219287840865675320856098551303148269653320,-0.989374144830526769389678065635962411761283874511718750000000,-0.040975811620501796650462011939453077502548694610595703125000,-0.139498331183226104146299917374562937766313552856445312500000, 1.710751100987105255413212034909520298242568969726562500000000, 3.182984888914414778327000021818093955516815185546875000000000
 0.000475993305781010830890487284250411903485655784606933593750, 0.196799918048501304435049519270251039415597915649414062500000, 0.088519873912933394466406866740726400166749954223632812500000, 0.976439462628657550702371281658997759222984313964843750000000, 0.217502365784156881378663683790364302694797515869140625000000, 0.422684511627819448076337494057952426373958587646484375000000
 0.000475993305781010830890487284250411903485655784606933593750, 0.196799918048501193412747056754596997052431106567382812500000, 0.088519873912933394466406866740726400166749954223632812500000,-0.976439462628657550702371281658997759222984313964843750000000, 2.924090287805636734219660866074264049530029296875000000000000, 0.422684511627819670120942419089260511100292205810546875000000
 0.000475993305781010830890487284250411903485655784606933593750, 0.196799918048501304435049519270251039415597915649414062500000,-0.088519873912933394466406866740726400166749954223632812500000, 0.976439462628657550702371281658997759222984313964843750000000, 0.217502365784156881378663683790364302694797515869140625000000, 5.860500795551766728408438211772590875625610351562500000000000
 0.000475993305781010830890487284250411903485655784606933593750, 0.196799918048501193412747056754596997052431106567382812500000,-0.088519873912933394466406866740726400166749954223632812500000,-0.976439462628657550702371281658997759222984313964843750000000, 2.924090287805636734219660866074264049530029296875000000000000, 5.860500795551766728408438211772590875625610351562500000000000
 0.000475993305781010830890487284250411903485655784606933593750,-0.196799918048501304435049519270251039415597915649414062500000, 0.088519873912933505488709329256380442529916763305664062500000, 0.976439462628657550702371281658997759222984313964843750000000, 0.217502365784156881378663683790364302694797515869140625000000, 2.718908141961973168321264893165789544582366943359375000000000
 0.000475993305781010830890487284250411903485655784606933593750,-0.196799918048501110146020209867856465280055999755859375000000, 0.088519873912933394466406866740726400166749954223632812500000,-0.976439462628657550702371281658997759222984313964843750000000, 2.924090287805636734219660866074264049530029296875000000000000, 2.718908141961973612410474743228405714035034179687500000000000
 0.000475993305781010830890487284250411903485655784606933593750,-0.196799918048501304435049519270251039415597915649414062500000,-0.088519873912933505488709329256380442529916763305664062500000, 0.976439462628657550702371281658997759222984313964843750000000, 0.217502365784156881378663683790364302694797515869140625000000, 3.564277165217613063674662043922580778598785400390625000000000
 0.000475993305781010830890487284250411903485655784606933593750,-0.196799918048501110146020209867856465280055999755859375000000,-0.088519873912933394466406866740726400166749954223632812500000,-0.976439462628657550702371281658997759222984313964843750000000, 2.924090287805636734219660866074264049530029296875000000000000, 3.564277165217612619585452193859964609146118164062500000000000
 0.000475993305781010830890487284250411903485655784606933593750, 0.196799918048501498724078828672645613551139831542968750000000, 0.976439462628657550702371281658997759222984313964843750000000, 0.088519873912933394466406866740726400166749954223632812500000, 1.482160439807701513004190019273664802312850952148437500000000, 1.371912260122472027035200881073251366615295410156250000000000
 0.000475993305781010830890487284250411903485655784606933593750, 0.196799918048501387701776366156991571187973022460937500000000, 0.976439462628657439680068819143343716859817504882812500000000,-0.088519873912933602633223983957577729597687721252441406250000, 1.659432213782091825038378374301828444004058837890625000000000, 1.371912260122472027035200881073251366615295410156250000000000
 0.000475993305781010830890487284250411903485655784606933593750, 0.196799918048501498724078828672645613551139831542968750000000,-0.976439462628657550702371281658997759222984313964843750000000, 0.088519873912933394466406866740726400166749954223632812500000, 1.482160439807701513004190019273664802312850952148437500000000, 4.911273047057114204960726056015118956565856933593750000000000
 0.000475993305781010830890487284250411903485655784606933593750, 0.196799918048501387701776366156991571187973022460937500000000,-0.976439462628657439680068819143343716859817504882812500000000,-0.088519873912933602633223983957577729597687721252441406250000, 1.659432213782091825038378374301828444004058837890625000000000, 4.911273047057114204960726056015118956565856933593750000000000
 0.000475993305781010830890487284250411903485655784606933593750,-0.196799918048501498724078828672645613551139831542968750000000, 0.976439462628657550702371281658997759222984313964843750000000, 0.088519873912933394466406866740726400166749954223632812500000, 1.482160439807701513004190019273664802312850952148437500000000, 1.769680393467321311007367512502241879701614379882812500000000
 0.000475993305781010830890487284250411903485655784606933593750,-0.196799918048501387701776366156991571187973022460937500000000, 0.976439462628657439680068819143343716859817504882812500000000,-0.088519873912933602633223983957577729597687721252441406250000, 1.659432213782091825038378374301828444004058837890625000000000, 1.769680393467321088962762587470933794975280761718750000000000
 0.000475993305781010830890487284250411903485655784606933593750,-0.196799918048501498724078828672645613551139831542968750000000,-0.976439462628657550702371281658997759222984313964843750000000, 0.088519873912933394466406866740726400166749954223632812500000, 1.482160439807701513004190019273664802312850952148437500000000, 4.513504913712265143033164349617436528205871582031250000000000
 0.000475993305781010830890487284250411903485655784606933593750,-0.196799918048501387701776366156991571187973022460937500000000,-0.976439462628657439680068819143343716859817504882812500000000,-0.088519873912933602633223983957577729597687721252441406250000, 1.659432213782091825038378374301828444004058837890625000000000, 4.513504913712265143033164349617436528205871582031250000000000
 0.000475993305781010830890487284250411903485655784606933593750, 0.088519873912933394466406866740726400166749954223632812500000, 0.196799918048501304435049519270251039415597915649414062500000, 0.976439462628657550702371281658997759222984313964843750000000, 0.217502365784156881378663683790364302694797515869140625000000, 1.148111815167077276456097933987621217966079711914062500000000
 0.000475993305781010830890487284250411903485655784606933593750, 0.088519873912933297321892212039529113098978996276855468750000, 0.196799918048501193412747056754596997052431106567382812500000,-0.976439462628657550702371281658997759222984313964843750000000, 2.924090287805636734219660866074264049530029296875000000000000, 1.148111815167077276456097933987621217966079711914062500000000
 0.000475993305781010830890487284250411903485655784606933593750, 0.088519873912933394466406866740726400166749954223632812500000,-0.196799918048501304435049519270251039415597915649414062500000, 0.976439462628657550702371281658997759222984313964843750000000, 0.217502365784156881378663683790364302694797515869140625000000, 5.135073492012509177584433928132057189941406250000000000000000
 0.000475993305781010830890487284250411903485655784606933593750, 0.088519873912933297321892212039529113098978996276855468750000,-0.196799918048501193412747056754596997052431106567382812500000,-0.976439462628657550702371281658997759222984313964843750000000, 2.924090287805636734219660866074264049530029296875000000000000, 5.135073492012509177584433928132057189941406250000000000000000
 0.000475993305781010830890487284250411903485655784606933593750,-0.088519873912933505488709329256380442529916763305664062500000, 0.196799918048501304435049519270251039415597915649414062500000, 0.976439462628657550702371281658997759222984313964843750000000, 0.217502365784156881378663683790364302694797515869140625000000, 1.993480838422716505675680309650488197803497314453125000000000
 0.000475993305781010830890487284250411903485655784606933593750,-0.088519873912933394466406866740726400166749954223632812500000, 0.196799918048501110146020209867856465280055999755859375000000,-0.976439462628657550702371281658997759222984313964843750000000, 2.924090287805636734219660866074264049530029296875000000000000, 1.993480838422716505675680309650488197803497314453125000000000
 0.000475993305781010830890487284250411903485655784606933593750,-0.088519873912933505488709329256380442529916763305664062500000,-0.196799918048501304435049519270251039415597915649414062500000, 0.976439462628657550702371281658997759222984313964843750000000, 0.217502365784156881378663683790364302694797515869140625000000, 4.289704468756870170409456477500498294830322265625000000000000
 0.000475993305781010830890487284250411903485655784606933593750,-0.088519873912933394466406866740726400166749954223632812500000,-0.196799918048501110146020209867856465280055999755859375000000,-0.976439462628657550702371281658997759222984313964843750000000, 2.924090287805636734219660866074264049530029296875000000000000, 4.289704468756870170409456477500498294830322265625000000000000
 0.000475993305781010830890487284250411903485655784606933593750, 0.088519873912933297321892212039529113098978996276855468750000, 0.976439462628657550702371281658997759222984313964843750000000, 0.196799918048501387701776366156991571187973022460937500000000, 1.372703393775004609977941072429530322551727294921875000000000, 1.480387687225217963060686088283546268939971923828125000000000
 0.000475993305781010830890487284250411903485655784606933593750, 0.088519873912933297321892212039529113098978996276855468750000, 0.976439462628657550702371281658997759222984313964843750000000,-0.196799918048501387701776366156991571187973022460937500000000, 1.768889259814788728064627321145962923765182495117187500000000, 1.480387687225217963060686088283546268939971923828125000000000
 0.000475993305781010830890487284250411903485655784606933593750, 0.088519873912933297321892212039529113098978996276855468750000,-0.976439462628657550702371281658997759222984313964843750000000, 0.196799918048501387701776366156991571187973022460937500000000, 1.372703393775004609977941072429530322551727294921875000000000, 4.802797619954368713024450698867440223693847656250000000000000
 0.000475993305781010830890487284250411903485655784606933593750, 0.088519873912933297321892212039529113098978996276855468750000,-0.976439462628657550702371281658997759222984313964843750000000,-0.196799918048501387701776366156991571187973022460937500000000, 1.768889259814788728064627321145962923765182495117187500000000, 4.802797619954368713024450698867440223693847656250000000000000
 0.000475993305781010830890487284250411903485655784606933593750,-0.088519873912933505488709329256380442529916763305664062500000, 0.976439462628657439680068819143343716859817504882812500000000, 0.196799918048501387701776366156991571187973022460937500000000, 1.372703393775004609977941072429530322551727294921875000000000, 1.661204966364575597026487230323255062103271484375000000000000
 0.000475993305781010830890487284250411903485655784606933593750,-0.088519873912933505488709329256380442529916763305664062500000, 0.976439462628657439680068819143343716859817504882812500000000,-0.196799918048501387701776366156991571187973022460937500000000, 1.768889259814788728064627321145962923765182495117187500000000, 1.661204966364575597026487230323255062103271484375000000000000
 0.000475993305781010830890487284250411903485655784606933593750,-0.088519873912933505488709329256380442529916763305664062500000,-0.976439462628657439680068819143343716859817504882812500000000, 0.196799918048501387701776366156991571187973022460937500000000, 1.372703393775004609977941072429530322551727294921875000000000, 4.621980340815010634969439706765115261077880859375000000000000
 0.000475993305781010830890487284250411903485655784606933593750,-0.088519873912933505488709329256380442529916763305664062500000,-0.976439462628657439680068819143343716859817504882812500000000,-0.196799918048501387701776366156991571187973022460937500000000, 1.768889259814788728064627321145962923765182495117187500000000, 4.621980340815010634969439706765115261077880859375000000000000
 0.000475993305781010830890487284250411903485655784606933593750, 0.976439462628657550702371281658997759222984313964843750000000, 0.196799918048501609746381291188299655914306640625000000000000, 0.088519873912933394466406866740726400166749954223632812500000, 1.482160439807701513004190019273664802312850952148437500000000, 0.198884066672424753008385778230149298906326293945312500000000
 0.000475993305781010830890487284250411903485655784606933593750, 0.976439462628657439680068819143343716859817504882812500000000, 0.196799918048501498724078828672645613551139831542968750000000,-0.088519873912933602633223983957577729597687721252441406250000, 1.659432213782091825038378374301828444004058837890625000000000, 0.198884066672424641986083315714495256543159484863281250000000
 0.000475993305781010830890487284250411903485655784606933593750, 0.976439462628657550702371281658997759222984313964843750000000,-0.196799918048501609746381291188299655914306640625000000000000, 0.088519873912933394466406866740726400166749954223632812500000, 1.482160439807701513004190019273664802312850952148437500000000, 6.084301240507161701032146083889529109001159667968750000000000
 0.000475993305781010830890487284250411903485655784606933593750, 0.976439462628657439680068819143343716859817504882812500000000,-0.196799918048501498724078828672645613551139831542968750000000,-0.088519873912933602633223983957577729597687721252441406250000, 1.659432213782091825038378374301828444004058837890625000000000, 6.084301240507161701032146083889529109001159667968750000000000
 0.000475993305781010830890487284250411903485655784606933593750,-0.976439462628657661724673744174651801586151123046875000000000, 0.196799918048501193412747056754596997052431106567382812500000, 0.088519873912933394466406866740726400166749954223632812500000, 1.482160439807701513004190019273664802312850952148437500000000, 2.942708586917369029123392465407960116863250732421875000000000
 0.000475993305781010830890487284250411903485655784606933593750,-0.976439462628657550702371281658997759222984313964843750000000, 0.196799918048501193412747056754596997052431106567382812500000,-0.088519873912933602633223983957577729597687721252441406250000, 1.659432213782091825038378374301828444004058837890625000000000, 2.942708586917369029123392465407960116863250732421875000000000
 0.000475993305781010830890487284250411903485655784606933593750,-0.976439462628657661724673744174651801586151123046875000000000,-0.196799918048501193412747056754596997052431106567382812500000, 0.088519873912933394466406866740726400166749954223632812500000, 1.482160439807701513004190019273664802312850952148437500000000, 3.340476720262217202872534471680410206317901611328125000000000
 0.000475993305781010830890487284250411903485655784606933593750,-0.976439462628657550702371281658997759222984313964843750000000,-0.196799918048501193412747056754596997052431106567382812500000,-0.088519873912933602633223983957577729597687721252441406250000, 1.659432213782091825038378374301828444004058837890625000000000, 3.340476720262217202872534471680410206317901611328125000000000
 0.000475993305781010830890487284250411903485655784606933593750, 0.976439462628657439680068819143343716859817504882812500000000, 0.088519873912934102233585065278020920231938362121582031250000, 0.196799918048501387701776366156991571187973022460937500000000, 1.372703393775004609977941072429530322551727294921875000000000, 0.090408639569679580261230000814975937828421592712402343750000
 0.000475993305781010830890487284250411903485655784606933593750, 0.976439462628657439680068819143343716859817504882812500000000, 0.088519873912934102233585065278020920231938362121582031250000,-0.196799918048501387701776366156991571187973022460937500000000, 1.768889259814788728064627321145962923765182495117187500000000, 0.090408639569679580261230000814975937828421592712402343750000
 0.000475993305781010830890487284250411903485655784606933593750, 0.976439462628657439680068819143343716859817504882812500000000,-0.088519873912934102233585065278020920231938362121582031250000, 0.196799918048501387701776366156991571187973022460937500000000, 1.372703393775004609977941072429530322551727294921875000000000, 6.192776667609906304790001740911975502967834472656250000000000
 0.000475993305781010830890487284250411903485655784606933593750, 0.976439462628657439680068819143343716859817504882812500000000,-0.088519873912934102233585065278020920231938362121582031250000,-0.196799918048501387701776366156991571187973022460937500000000, 1.768889259814788728064627321145962923765182495117187500000000, 6.192776667609906304790001740911975502967834472656250000000000
 0.000475993305781010830890487284250411903485655784606933593750,-0.976439462628657439680068819143343716859817504882812500000000, 0.088519873912934296522614374680415494367480278015136718750000, 0.196799918048501387701776366156991571187973022460937500000000, 1.372703393775004609977941072429530322551727294921875000000000, 3.051184014020113632881248122430406510829925537109375000000000
 0.000475993305781010830890487284250411903485655784606933593750,-0.976439462628657439680068819143343716859817504882812500000000, 0.088519873912934296522614374680415494367480278015136718750000,-0.196799918048501387701776366156991571187973022460937500000000, 1.768889259814788728064627321145962923765182495117187500000000, 3.051184014020113632881248122430406510829925537109375000000000
 0.000475993305781010830890487284250411903485655784606933593750,-0.976439462628657439680068819143343716859817504882812500000000,-0.088519873912934296522614374680415494367480278015136718750000, 0.196799918048501387701776366156991571187973022460937500000000, 1.372703393775004609977941072429530322551727294921875000000000, 3.232001293159472599114678814657963812351226806640625000000000
 0.000475993305781010830890487284250411903485655784606933593750,-0.976439462628657439680068819143343716859817504882812500000000,-0.088519873912934296522614374680415494367480278015136718750000,-0.196799918048501387701776366156991571187973022460937500000000, 1.768889259814788728064627321145962923765182495117187500000000, 3.232001293159472599114678814657963812351226806640625000000000
 0.000526815118641011975904320241426148641039617359638214111328, 0.254618373254896612767339547644951380789279937744140625000000, 0.139768018296981794135191989880695473402738571166992187500000, 0.956887864413780042660562230594223365187644958496093750000000, 0.294705015592374275357201440783683210611343383789062500000000, 0.502022413048097027044036622100975364446640014648437500000000
 0.000526815118641011975904320241426148641039617359638214111328, 0.254618373254896390722734622613643296062946319580078125000000, 0.139768018296981794135191989880695473402738571166992187500000,-0.956887864413780042660562230594223365187644958496093750000000, 2.846887637997419506774576802854426205158233642578125000000000, 0.502022413048097471133246472163591533899307250976562500000000
 0.000526815118641011975904320241426148641039617359638214111328, 0.254618373254896612767339547644951380789279937744140625000000,-0.139768018296981794135191989880695473402738571166992187500000, 0.956887864413780042660562230594223365187644958496093750000000, 0.294705015592374275357201440783683210611343383789062500000000, 5.781162894131488982907285389956086874008178710937500000000000
 0.000526815118641011975904320241426148641039617359638214111328, 0.254618373254896390722734622613643296062946319580078125000000,-0.139768018296981794135191989880695473402738571166992187500000,-0.956887864413780042660562230594223365187644958496093750000000, 2.846887637997419506774576802854426205158233642578125000000000, 5.781162894131488982907285389956086874008178710937500000000000
 0.000526815118641011975904320241426148641039617359638214111328,-0.254618373254896612767339547644951380789279937744140625000000, 0.139768018296981905157494452396349515765905380249023437500000, 0.956887864413780042660562230594223365187644958496093750000000, 0.294705015592374275357201440783683210611343383789062500000000, 2.639570240541695866909321921411901712417602539062500000000000
 0.000526815118641011975904320241426148641039617359638214111328,-0.254618373254896390722734622613643296062946319580078125000000, 0.139768018296981794135191989880695473402738571166992187500000,-0.956887864413780042660562230594223365187644958496093750000000, 2.846887637997419506774576802854426205158233642578125000000000, 2.639570240541695866909321921411901712417602539062500000000000
 0.000526815118641011975904320241426148641039617359638214111328,-0.254618373254896612767339547644951380789279937744140625000000,-0.139768018296981905157494452396349515765905380249023437500000, 0.956887864413780042660562230594223365187644958496093750000000, 0.294705015592374275357201440783683210611343383789062500000000, 3.643615066637890365086605015676468610763549804687500000000000
 0.000526815118641011975904320241426148641039617359638214111328,-0.254618373254896390722734622613643296062946319580078125000000,-0.139768018296981794135191989880695473402738571166992187500000,-0.956887864413780042660562230594223365187644958496093750000000, 2.846887637997419506774576802854426205158233642578125000000000, 3.643615066637890365086605015676468610763549804687500000000000
 0.000526815118641011975904320241426148641039617359638214111328, 0.254618373254896390722734622613643296062946319580078125000000, 0.956887864413780042660562230594223365187644958496093750000000, 0.139768018296981988424221299283090047538280487060546875000000, 1.430569197305067152825586163089610636234283447265625000000000, 1.310732314588680225142525159753859043121337890625000000000000
 0.000526815118641011975904320241426148641039617359638214111328, 0.254618373254896390722734622613643296062946319580078125000000, 0.956887864413780042660562230594223365187644958496093750000000,-0.139768018296981988424221299283090047538280487060546875000000, 1.711023456284726185216982230485882610082626342773437500000000, 1.310732314588680225142525159753859043121337890625000000000000
 0.000526815118641011975904320241426148641039617359638214111328, 0.254618373254896390722734622613643296062946319580078125000000,-0.956887864413780042660562230594223365187644958496093750000000, 0.139768018296981988424221299283090047538280487060546875000000, 1.430569197305067152825586163089610636234283447265625000000000, 4.972452992590906006853401777334511280059814453125000000000000
 0.000526815118641011975904320241426148641039617359638214111328, 0.254618373254896390722734622613643296062946319580078125000000,-0.956887864413780042660562230594223365187644958496093750000000,-0.139768018296981988424221299283090047538280487060546875000000, 1.711023456284726185216982230485882610082626342773437500000000, 4.972452992590906006853401777334511280059814453125000000000000
 0.000526815118641011975904320241426148641039617359638214111328,-0.254618373254896612767339547644951380789279937744140625000000, 0.956887864413779931638259768078569322824478149414062500000000, 0.139768018296981988424221299283090047538280487060546875000000, 1.430569197305067152825586163089610636234283447265625000000000, 1.830860339001113334944648158852942287921905517578125000000000
 0.000526815118641011975904320241426148641039617359638214111328,-0.254618373254896612767339547644951380789279937744140625000000, 0.956887864413779931638259768078569322824478149414062500000000,-0.139768018296981988424221299283090047538280487060546875000000, 1.711023456284726185216982230485882610082626342773437500000000, 1.830860339001113334944648158852942287921905517578125000000000
 0.000526815118641011975904320241426148641039617359638214111328,-0.254618373254896612767339547644951380789279937744140625000000,-0.956887864413779931638259768078569322824478149414062500000000, 0.139768018296981988424221299283090047538280487060546875000000, 1.430569197305067152825586163089610636234283447265625000000000, 4.452324968178473341140488628298044204711914062500000000000000
 0.000526815118641011975904320241426148641039617359638214111328,-0.254618373254896612767339547644951380789279937744140625000000,-0.956887864413779931638259768078569322824478149414062500000000,-0.139768018296981988424221299283090047538280487060546875000000, 1.711023456284726185216982230485882610082626342773437500000000, 4.452324968178473341140488628298044204711914062500000000000000
 0.000526815118641011975904320241426148641039617359638214111328, 0.139768018296981794135191989880695473402738571166992187500000, 0.254618373254896612767339547644951380789279937744140625000000, 0.956887864413780042660562230594223365187644958496093750000000, 0.294705015592374275357201440783683210611343383789062500000000, 1.068773913746799530954945112171117216348648071289062500000000
 0.000526815118641011975904320241426148641039617359638214111328, 0.139768018296981794135191989880695473402738571166992187500000, 0.254618373254896390722734622613643296062946319580078125000000,-0.956887864413780042660562230594223365187644958496093750000000, 2.846887637997419506774576802854426205158233642578125000000000, 1.068773913746799086865735262108501046895980834960937500000000
 0.000526815118641011975904320241426148641039617359638214111328, 0.139768018296981794135191989880695473402738571166992187500000,-0.254618373254896612767339547644951380789279937744140625000000, 0.956887864413780042660562230594223365187644958496093750000000, 0.294705015592374275357201440783683210611343383789062500000000, 5.214411393432786923085586749948561191558837890625000000000000
 0.000526815118641011975904320241426148641039617359638214111328, 0.139768018296981794135191989880695473402738571166992187500000,-0.254618373254896390722734622613643296062946319580078125000000,-0.956887864413780042660562230594223365187644958496093750000000, 2.846887637997419506774576802854426205158233642578125000000000, 5.214411393432786923085586749948561191558837890625000000000000
 0.000526815118641011975904320241426148641039617359638214111328,-0.139768018296981794135191989880695473402738571166992187500000, 0.254618373254896612767339547644951380789279937744140625000000, 0.956887864413780042660562230594223365187644958496093750000000, 0.294705015592374275357201440783683210611343383789062500000000, 2.072818739842993807087623281404376029968261718750000000000000
 0.000526815118641011975904320241426148641039617359638214111328,-0.139768018296981710868465142993954941630363464355468750000000, 0.254618373254896390722734622613643296062946319580078125000000,-0.956887864413780042660562230594223365187644958496093750000000, 2.846887637997419506774576802854426205158233642578125000000000, 2.072818739842993807087623281404376029968261718750000000000000
 0.000526815118641011975904320241426148641039617359638214111328,-0.139768018296981794135191989880695473402738571166992187500000,-0.254618373254896612767339547644951380789279937744140625000000, 0.956887864413780042660562230594223365187644958496093750000000, 0.294705015592374275357201440783683210611343383789062500000000, 4.210366567336592424908303655683994293212890625000000000000000
 0.000526815118641011975904320241426148641039617359638214111328,-0.139768018296981710868465142993954941630363464355468750000000,-0.254618373254896390722734622613643296062946319580078125000000,-0.956887864413780042660562230594223365187644958496093750000000, 2.846887637997419506774576802854426205158233642578125000000000, 4.210366567336592424908303655683994293212890625000000000000000
 0.000526815118641011975904320241426148641039617359638214111328, 0.139768018296981794135191989880695473402738571166992187500000, 0.956887864413780042660562230594223365187644958496093750000000, 0.254618373254896612767339547644951380789279937744140625000000, 1.313343277321358026910047556157223880290985107421875000000000, 1.425756796885613519876301324984524399042129516601562500000000
 0.000526815118641011975904320241426148641039617359638214111328, 0.139768018296981794135191989880695473402738571166992187500000, 0.956887864413780042660562230594223365187644958496093750000000,-0.254618373254896779300793241418432444334030151367187500000000, 1.828249376268435311132520837418269366025924682617187500000000, 1.425756796885613519876301324984524399042129516601562500000000
 0.000526815118641011975904320241426148641039617359638214111328, 0.139768018296981794135191989880695473402738571166992187500000,-0.956887864413780042660562230594223365187644958496093750000000, 0.254618373254896612767339547644951380789279937744140625000000, 1.313343277321358026910047556157223880290985107421875000000000, 4.857428510293972934164230537135154008865356445312500000000000
 0.000526815118641011975904320241426148641039617359638214111328, 0.139768018296981794135191989880695473402738571166992187500000,-0.956887864413780042660562230594223365187644958496093750000000,-0.254618373254896779300793241418432444334030151367187500000000, 1.828249376268435311132520837418269366025924682617187500000000, 4.857428510293972934164230537135154008865356445312500000000000
 0.000526815118641011975904320241426148641039617359638214111328,-0.139768018296981988424221299283090047538280487060546875000000, 0.956887864413780042660562230594223365187644958496093750000000, 0.254618373254896612767339547644951380789279937744140625000000, 1.313343277321358026910047556157223880290985107421875000000000, 1.715835856704179818166267068590968847274780273437500000000000
 0.000526815118641011975904320241426148641039617359638214111328,-0.139768018296981988424221299283090047538280487060546875000000, 0.956887864413780042660562230594223365187644958496093750000000,-0.254618373254896779300793241418432444334030151367187500000000, 1.828249376268435311132520837418269366025924682617187500000000, 1.715835856704179818166267068590968847274780273437500000000000
 0.000526815118641011975904320241426148641039617359638214111328,-0.139768018296981988424221299283090047538280487060546875000000,-0.956887864413780042660562230594223365187644958496093750000000, 0.254618373254896612767339547644951380789279937744140625000000, 1.313343277321358026910047556157223880290985107421875000000000, 4.567349450475406413829659868497401475906372070312500000000000
 0.000526815118641011975904320241426148641039617359638214111328,-0.139768018296981988424221299283090047538280487060546875000000,-0.956887864413780042660562230594223365187644958496093750000000,-0.254618373254896779300793241418432444334030151367187500000000, 1.828249376268435311132520837418269366025924682617187500000000, 4.567349450475406413829659868497401475906372070312500000000000
 0.000526815118641011975904320241426148641039617359638214111328, 0.956887864413779931638259768078569322824478149414062500000000, 0.254618373254896779300793241418432444334030151367187500000000, 0.139768018296981988424221299283090047538280487060546875000000, 1.430569197305067152825586163089610636234283447265625000000000, 0.260064012206216776945666424580849707126617431640625000000000
 0.000526815118641011975904320241426148641039617359638214111328, 0.956887864413779931638259768078569322824478149414062500000000, 0.254618373254896779300793241418432444334030151367187500000000,-0.139768018296981988424221299283090047538280487060546875000000, 1.711023456284726185216982230485882610082626342773437500000000, 0.260064012206216776945666424580849707126617431640625000000000
 0.000526815118641011975904320241426148641039617359638214111328, 0.956887864413779931638259768078569322824478149414062500000000,-0.254618373254896779300793241418432444334030151367187500000000, 0.139768018296981988424221299283090047538280487060546875000000, 1.430569197305067152825586163089610636234283447265625000000000, 6.023121294973369899139470362570136785507202148437500000000000
 0.000526815118641011975904320241426148641039617359638214111328, 0.956887864413779931638259768078569322824478149414062500000000,-0.254618373254896779300793241418432444334030151367187500000000,-0.139768018296981988424221299283090047538280487060546875000000, 1.711023456284726185216982230485882610082626342773437500000000, 6.023121294973369899139470362570136785507202148437500000000000
 0.000526815118641011975904320241426148641039617359638214111328,-0.956887864413779931638259768078569322824478149414062500000000, 0.254618373254896890323095703934086486697196960449218750000000, 0.139768018296981988424221299283090047538280487060546875000000, 1.430569197305067152825586163089610636234283447265625000000000, 2.881528641383576339052297043963335454463958740234375000000000
 0.000526815118641011975904320241426148641039617359638214111328,-0.956887864413779931638259768078569322824478149414062500000000, 0.254618373254896890323095703934086486697196960449218750000000,-0.139768018296981988424221299283090047538280487060546875000000, 1.711023456284726185216982230485882610082626342773437500000000, 2.881528641383576339052297043963335454463958740234375000000000
 0.000526815118641011975904320241426148641039617359638214111328,-0.956887864413779931638259768078569322824478149414062500000000,-0.254618373254896890323095703934086486697196960449218750000000, 0.139768018296981988424221299283090047538280487060546875000000, 1.430569197305067152825586163089610636234283447265625000000000, 3.401656665796009892943629893125034868717193603515625000000000
 0.000526815118641011975904320241426148641039617359638214111328,-0.956887864413779931638259768078569322824478149414062500000000,-0.254618373254896890323095703934086486697196960449218750000000,-0.139768018296981988424221299283090047538280487060546875000000, 1.711023456284726185216982230485882610082626342773437500000000, 3.401656665796009892943629893125034868717193603515625000000000
 0.000526815118641011975904320241426148641039617359638214111328, 0.956887864413780042660562230594223365187644958496093750000000, 0.139768018296981794135191989880695473402738571166992187500000, 0.254618373254896612767339547644951380789279937744140625000000, 1.313343277321358026910047556157223880290985107421875000000000, 0.145039529909283010367104793658654671162366867065429687500000
 0.000526815118641011975904320241426148641039617359638214111328, 0.956887864413780042660562230594223365187644958496093750000000, 0.139768018296981794135191989880695473402738571166992187500000,-0.254618373254896779300793241418432444334030151367187500000000, 1.828249376268435311132520837418269366025924682617187500000000, 0.145039529909283010367104793658654671162366867065429687500000
 0.000526815118641011975904320241426148641039617359638214111328, 0.956887864413780042660562230594223365187644958496093750000000,-0.139768018296981794135191989880695473402738571166992187500000, 0.254618373254896612767339547644951380789279937744140625000000, 1.313343277321358026910047556157223880290985107421875000000000, 6.138145777270302971828641602769494056701660156250000000000000
 0.000526815118641011975904320241426148641039617359638214111328, 0.956887864413780042660562230594223365187644958496093750000000,-0.139768018296981794135191989880695473402738571166992187500000,-0.254618373254896779300793241418432444334030151367187500000000, 1.828249376268435311132520837418269366025924682617187500000000, 6.138145777270302971828641602769494056701660156250000000000000
 0.000526815118641011975904320241426148641039617359638214111328,-0.956887864413780042660562230594223365187644958496093750000000, 0.139768018296981488823860217962646856904029846191406250000000, 0.254618373254896612767339547644951380789279937744140625000000, 1.313343277321358026910047556157223880290985107421875000000000, 2.996553123680510744009097834350541234016418457031250000000000
 0.000526815118641011975904320241426148641039617359638214111328,-0.956887864413780042660562230594223365187644958496093750000000, 0.139768018296981488823860217962646856904029846191406250000000,-0.254618373254896779300793241418432444334030151367187500000000, 1.828249376268435311132520837418269366025924682617187500000000, 2.996553123680510744009097834350541234016418457031250000000000
 0.000526815118641011975904320241426148641039617359638214111328,-0.956887864413780042660562230594223365187644958496093750000000,-0.139768018296981488823860217962646856904029846191406250000000, 0.254618373254896612767339547644951380789279937744140625000000, 1.313343277321358026910047556157223880290985107421875000000000, 3.286632183499075487986829102737829089164733886718750000000000
 0.000526815118641011975904320241426148641039617359638214111328,-0.956887864413780042660562230594223365187644958496093750000000,-0.139768018296981488823860217962646856904029846191406250000000,-0.254618373254896779300793241418432444334030151367187500000000, 1.828249376268435311132520837418269366025924682617187500000000, 3.286632183499075487986829102737829089164733886718750000000000
 0.000564304856051012801269883834009988277102820575237274169922, 0.312128107471387583604638393808272667229175567626953125000000, 0.192945254222652712305929867397935595363378524780273437500000, 0.930240922234281120140053644718136638402938842773437500000000, 0.375727473288279656404853312778868712484836578369140625000000, 0.553665868549594430980675952014280483126640319824218750000000
 0.000564304856051012801269883834009988277102820575237274169922, 0.312128107471387472582335931292618624866008758544921875000000, 0.192945254222652601283627404882281553000211715698242187500000,-0.930240922234281120140053644718136638402938842773437500000000, 2.765865180301513959193471237085759639739990234375000000000000, 0.553665868549594319958373489498626440763473510742187500000000
 0.000564304856051012801269883834009988277102820575237274169922, 0.312128107471387583604638393808272667229175567626953125000000,-0.192945254222652712305929867397935595363378524780273437500000, 0.930240922234281120140053644718136638402938842773437500000000, 0.375727473288279656404853312778868712484836578369140625000000, 5.729519438629991689992948522558435797691345214843750000000000
 0.000564304856051012801269883834009988277102820575237274169922, 0.312128107471387472582335931292618624866008758544921875000000,-0.192945254222652601283627404882281553000211715698242187500000,-0.930240922234281120140053644718136638402938842773437500000000, 2.765865180301513959193471237085759639739990234375000000000000, 5.729519438629991689992948522558435797691345214843750000000000
 0.000564304856051012801269883834009988277102820575237274169922,-0.312128107471387583604638393808272667229175567626953125000000, 0.192945254222652712305929867397935595363378524780273437500000, 0.930240922234281120140053644718136638402938842773437500000000, 0.375727473288279656404853312778868712484836578369140625000000, 2.587926785040199018084194904076866805553436279296875000000000
 0.000564304856051012801269883834009988277102820575237274169922,-0.312128107471387472582335931292618624866008758544921875000000, 0.192945254222652601283627404882281553000211715698242187500000,-0.930240922234281120140053644718136638402938842773437500000000, 2.765865180301513959193471237085759639739990234375000000000000, 2.587926785040199018084194904076866805553436279296875000000000
 0.000564304856051012801269883834009988277102820575237274169922,-0.312128107471387583604638393808272667229175567626953125000000,-0.192945254222652712305929867397935595363378524780273437500000, 0.930240922234281120140053644718136638402938842773437500000000, 0.375727473288279656404853312778868712484836578369140625000000, 3.695258522139387213911732033011503517627716064453125000000000
 0.000564304856051012801269883834009988277102820575237274169922,-0.312128107471387472582335931292618624866008758544921875000000,-0.192945254222652601283627404882281553000211715698242187500000,-0.930240922234281120140053644718136638402938842773437500000000, 2.765865180301513959193471237085759639739990234375000000000000, 3.695258522139387213911732033011503517627716064453125000000000
 0.000564304856051012801269883834009988277102820575237274169922, 0.312128107471387472582335931292618624866008758544921875000000, 0.930240922234281231162356107233790680766105651855468750000000, 0.192945254222652712305929867397935595363378524780273437500000, 1.376633404314348219088515179464593529701232910156250000000000, 1.247065853800336299173068255186080932617187500000000000000000
 0.000564304856051012801269883834009988277102820575237274169922, 0.312128107471387472582335931292618624866008758544921875000000, 0.930240922234281231162356107233790680766105651855468750000000,-0.192945254222652712305929867397935595363378524780273437500000, 1.764959249275445118954053214110899716615676879882812500000000, 1.247065853800336299173068255186080932617187500000000000000000
 0.000564304856051012801269883834009988277102820575237274169922, 0.312128107471387472582335931292618624866008758544921875000000,-0.930240922234281231162356107233790680766105651855468750000000, 0.192945254222652712305929867397935595363378524780273437500000, 1.376633404314348219088515179464593529701232910156250000000000, 5.036119453379249932822858681902289390563964843750000000000000
 0.000564304856051012801269883834009988277102820575237274169922, 0.312128107471387472582335931292618624866008758544921875000000,-0.930240922234281231162356107233790680766105651855468750000000,-0.192945254222652712305929867397935595363378524780273437500000, 1.764959249275445118954053214110899716615676879882812500000000, 5.036119453379249932822858681902289390563964843750000000000000
 0.000564304856051012801269883834009988277102820575237274169922,-0.312128107471387805649243318839580751955509185791015625000000, 0.930240922234281120140053644718136638402938842773437500000000, 0.192945254222652712305929867397935595363378524780273437500000, 1.376633404314348219088515179464593529701232910156250000000000, 1.894526799789457260914105063420720398426055908203125000000000
 0.000564304856051012801269883834009988277102820575237274169922,-0.312128107471387805649243318839580751955509185791015625000000, 0.930240922234281120140053644718136638402938842773437500000000,-0.192945254222652712305929867397935595363378524780273437500000, 1.764959249275445118954053214110899716615676879882812500000000, 1.894526799789457260914105063420720398426055908203125000000000
 0.000564304856051012801269883834009988277102820575237274169922,-0.312128107471387805649243318839580751955509185791015625000000,-0.930240922234281120140053644718136638402938842773437500000000, 0.192945254222652712305929867397935595363378524780273437500000, 1.376633404314348219088515179464593529701232910156250000000000, 4.388658507390129415171031723730266094207763671875000000000000
 0.000564304856051012801269883834009988277102820575237274169922,-0.312128107471387805649243318839580751955509185791015625000000,-0.930240922234281120140053644718136638402938842773437500000000,-0.192945254222652712305929867397935595363378524780273437500000, 1.764959249275445118954053214110899716615676879882812500000000, 4.388658507390129415171031723730266094207763671875000000000000
 0.000564304856051012801269883834009988277102820575237274169922, 0.192945254222652712305929867397935595363378524780273437500000, 0.312128107471387583604638393808272667229175567626953125000000, 0.930240922234281120140053644718136638402938842773437500000000, 0.375727473288279656404853312778868712484836578369140625000000, 1.017130458245302238040608244773466140031814575195312500000000
 0.000564304856051012801269883834009988277102820575237274169922, 0.192945254222652601283627404882281553000211715698242187500000, 0.312128107471387472582335931292618624866008758544921875000000,-0.930240922234281120140053644718136638402938842773437500000000, 2.765865180301513959193471237085759639739990234375000000000000, 1.017130458245302238040608244773466140031814575195312500000000
 0.000564304856051012801269883834009988277102820575237274169922, 0.192945254222652712305929867397935595363378524780273437500000,-0.312128107471387583604638393808272667229175567626953125000000, 0.930240922234281120140053644718136638402938842773437500000000, 0.375727473288279656404853312778868712484836578369140625000000, 5.266054848934284215999923617346212267875671386718750000000000
 0.000564304856051012801269883834009988277102820575237274169922, 0.192945254222652601283627404882281553000211715698242187500000,-0.312128107471387472582335931292618624866008758544921875000000,-0.930240922234281120140053644718136638402938842773437500000000, 2.765865180301513959193471237085759639739990234375000000000000, 5.266054848934284215999923617346212267875671386718750000000000
 0.000564304856051012801269883834009988277102820575237274169922,-0.192945254222652795572656714284676127135753631591796875000000, 0.312128107471387583604638393808272667229175567626953125000000, 0.930240922234281120140053644718136638402938842773437500000000, 0.375727473288279656404853312778868712484836578369140625000000, 2.124462195344491100001960148802027106285095214843750000000000
 0.000564304856051012801269883834009988277102820575237274169922,-0.192945254222652712305929867397935595363378524780273437500000, 0.312128107471387472582335931292618624866008758544921875000000,-0.930240922234281120140053644718136638402938842773437500000000, 2.765865180301513959193471237085759639739990234375000000000000, 2.124462195344491100001960148802027106285095214843750000000000
 0.000564304856051012801269883834009988277102820575237274169922,-0.192945254222652795572656714284676127135753631591796875000000,-0.312128107471387583604638393808272667229175567626953125000000, 0.930240922234281120140053644718136638402938842773437500000000, 0.375727473288279656404853312778868712484836578369140625000000, 4.158723111835095131993966788286343216896057128906250000000000
 0.000564304856051012801269883834009988277102820575237274169922,-0.192945254222652712305929867397935595363378524780273437500000,-0.312128107471387472582335931292618624866008758544921875000000,-0.930240922234281120140053644718136638402938842773437500000000, 2.765865180301513959193471237085759639739990234375000000000000, 4.158723111835095131993966788286343216896057128906250000000000
 0.000564304856051012801269883834009988277102820575237274169922, 0.192945254222652490261324942366627510637044906616210937500000, 0.930240922234281342184658569749444723129272460937500000000000, 0.312128107471387306048882237519137561321258544921875000000000, 1.253364097380133213022190830088220536708831787109375000000000, 1.366281918997327649023532103456091135740280151367187500000000
 0.000564304856051012801269883834009988277102820575237274169922, 0.192945254222652490261324942366627510637044906616210937500000, 0.930240922234281231162356107233790680766105651855468750000000,-0.312128107471387472582335931292618624866008758544921875000000, 1.888228556209660125020377563487272709608078002929687500000000, 1.366281918997327649023532103456091135740280151367187500000000
 0.000564304856051012801269883834009988277102820575237274169922, 0.192945254222652490261324942366627510637044906616210937500000,-0.930240922234281342184658569749444723129272460937500000000000, 0.312128107471387306048882237519137561321258544921875000000000, 1.253364097380133213022190830088220536708831787109375000000000, 4.916903388182258360927789908600971102714538574218750000000000
 0.000564304856051012801269883834009988277102820575237274169922, 0.192945254222652490261324942366627510637044906616210937500000,-0.930240922234281231162356107233790680766105651855468750000000,-0.312128107471387472582335931292618624866008758544921875000000, 1.888228556209660125020377563487272709608078002929687500000000, 4.916903388182258360927789908600971102714538574218750000000000
 0.000564304856051012801269883834009988277102820575237274169922,-0.192945254222652712305929867397935595363378524780273437500000, 0.930240922234281231162356107233790680766105651855468750000000, 0.312128107471387306048882237519137561321258544921875000000000, 1.253364097380133213022190830088220536708831787109375000000000, 1.775310734592465689019036290119402110576629638671875000000000
 0.000564304856051012801269883834009988277102820575237274169922,-0.192945254222652712305929867397935595363378524780273437500000, 0.930240922234281120140053644718136638402938842773437500000000,-0.312128107471387472582335931292618624866008758544921875000000, 1.888228556209660125020377563487272709608078002929687500000000, 1.775310734592465689019036290119402110576629638671875000000000
 0.000564304856051012801269883834009988277102820575237274169922,-0.192945254222652712305929867397935595363378524780273437500000,-0.930240922234281231162356107233790680766105651855468750000000, 0.312128107471387306048882237519137561321258544921875000000000, 1.253364097380133213022190830088220536708831787109375000000000, 4.507874572587120098887680796906352043151855468750000000000000
 0.000564304856051012801269883834009988277102820575237274169922,-0.192945254222652712305929867397935595363378524780273437500000,-0.930240922234281120140053644718136638402938842773437500000000,-0.312128107471387472582335931292618624866008758544921875000000, 1.888228556209660125020377563487272709608078002929687500000000, 4.507874572587120098887680796906352043151855468750000000000000
 0.000564304856051012801269883834009988277102820575237274169922, 0.930240922234281231162356107233790680766105651855468750000000, 0.312128107471387417071184700034791603684425354003906250000000, 0.192945254222652712305929867397935595363378524780273437500000, 1.376633404314348219088515179464593529701232910156250000000000, 0.323730472994560203314762247828184626996517181396484375000000
 0.000564304856051012801269883834009988277102820575237274169922, 0.930240922234281231162356107233790680766105651855468750000000, 0.312128107471387417071184700034791603684425354003906250000000,-0.192945254222652712305929867397935595363378524780273437500000, 1.764959249275445118954053214110899716615676879882812500000000, 0.323730472994560203314762247828184626996517181396484375000000
 0.000564304856051012801269883834009988277102820575237274169922, 0.930240922234281231162356107233790680766105651855468750000000,-0.312128107471387417071184700034791603684425354003906250000000, 0.192945254222652712305929867397935595363378524780273437500000, 1.376633404314348219088515179464593529701232910156250000000000, 5.959454834185025973170013458002358675003051757812500000000000
 0.000564304856051012801269883834009988277102820575237274169922, 0.930240922234281231162356107233790680766105651855468750000000,-0.312128107471387417071184700034791603684425354003906250000000,-0.192945254222652712305929867397935595363378524780273437500000, 1.764959249275445118954053214110899716615676879882812500000000, 5.959454834185025973170013458002358675003051757812500000000000
 0.000564304856051012801269883834009988277102820575237274169922,-0.930240922234281231162356107233790680766105651855468750000000, 0.312128107471387472582335931292618624866008758544921875000000, 0.192945254222652712305929867397935595363378524780273437500000, 1.376633404314348219088515179464593529701232910156250000000000, 2.817862180595232857172049989458173513412475585937500000000000
 0.000564304856051012801269883834009988277102820575237274169922,-0.930240922234281231162356107233790680766105651855468750000000, 0.312128107471387472582335931292618624866008758544921875000000,-0.192945254222652712305929867397935595363378524780273437500000, 1.764959249275445118954053214110899716615676879882812500000000, 2.817862180595232857172049989458173513412475585937500000000000
 0.000564304856051012801269883834009988277102820575237274169922,-0.930240922234281231162356107233790680766105651855468750000000,-0.312128107471387472582335931292618624866008758544921875000000, 0.192945254222652712305929867397935595363378524780273437500000, 1.376633404314348219088515179464593529701232910156250000000000, 3.465323126584353374823876947630196809768676757812500000000000
 0.000564304856051012801269883834009988277102820575237274169922,-0.930240922234281231162356107233790680766105651855468750000000,-0.312128107471387472582335931292618624866008758544921875000000,-0.192945254222652712305929867397935595363378524780273437500000, 1.764959249275445118954053214110899716615676879882812500000000, 3.465323126584353374823876947630196809768676757812500000000000
 0.000564304856051012801269883834009988277102820575237274169922, 0.930240922234281231162356107233790680766105651855468750000000, 0.192945254222652795572656714284676127135753631591796875000000, 0.312128107471387306048882237519137561321258544921875000000000, 1.253364097380133213022190830088220536708831787109375000000000, 0.204514407797569242042357018362963572144508361816406250000000
 0.000564304856051012801269883834009988277102820575237274169922, 0.930240922234281120140053644718136638402938842773437500000000, 0.192945254222652795572656714284676127135753631591796875000000,-0.312128107471387472582335931292618624866008758544921875000000, 1.888228556209660125020377563487272709608078002929687500000000, 0.204514407797569242042357018362963572144508361816406250000000
 0.000564304856051012801269883834009988277102820575237274169922, 0.930240922234281231162356107233790680766105651855468750000000,-0.192945254222652795572656714284676127135753631591796875000000, 0.312128107471387306048882237519137561321258544921875000000000, 1.253364097380133213022190830088220536708831787109375000000000, 6.078670899382016656886662531178444623947143554687500000000000
 0.000564304856051012801269883834009988277102820575237274169922, 0.930240922234281120140053644718136638402938842773437500000000,-0.192945254222652795572656714284676127135753631591796875000000,-0.312128107471387472582335931292618624866008758544921875000000, 1.888228556209660125020377563487272709608078002929687500000000, 6.078670899382016656886662531178444623947143554687500000000000
 0.000564304856051012801269883834009988277102820575237274169922,-0.930240922234281231162356107233790680766105651855468750000000, 0.192945254222652712305929867397935595363378524780273437500000, 0.312128107471387306048882237519137561321258544921875000000000, 1.253364097380133213022190830088220536708831787109375000000000, 2.937078245792223984977908912696875631809234619140625000000000
 0.000564304856051012801269883834009988277102820575237274169922,-0.930240922234281120140053644718136638402938842773437500000000, 0.192945254222652712305929867397935595363378524780273437500000,-0.312128107471387472582335931292618624866008758544921875000000, 1.888228556209660125020377563487272709608078002929687500000000, 2.937078245792223984977908912696875631809234619140625000000000
 0.000564304856051012801269883834009988277102820575237274169922,-0.930240922234281231162356107233790680766105651855468750000000,-0.192945254222652712305929867397935595363378524780273437500000, 0.312128107471387306048882237519137561321258544921875000000000, 1.253364097380133213022190830088220536708831787109375000000000, 3.346107061387362247018018024391494691371917724609375000000000
 0.000564304856051012801269883834009988277102820575237274169922,-0.930240922234281120140053644718136638402938842773437500000000,-0.192945254222652712305929867397935595363378524780273437500000,-0.312128107471387472582335931292618624866008758544921875000000, 1.888228556209660125020377563487272709608078002929687500000000, 3.346107061387362247018018024391494691371917724609375000000000
 0.000591450107661013442864050837499689805554226040840148925781, 0.368598107850249323558244896048563532531261444091796875000000, 0.246789833706156092052452777352300472557544708251953125000000, 0.896231115766744523831732749385992065072059631347656250000000, 0.459597496131445792943992501022876240313053131103515625000000, 0.589986680612690439495793270907597616314888000488281250000000
 0.000591450107661013442864050837499689805554226040840148925781, 0.368598107850249323558244896048563532531261444091796875000000, 0.246789833706156092052452777352300472557544708251953125000000,-0.896231115766744523831732749385992065072059631347656250000000, 2.681995157458347378565122198779135942459106445312500000000000, 0.589986680612690439495793270907597616314888000488281250000000
 0.000591450107661013442864050837499689805554226040840148925781, 0.368598107850249323558244896048563532531261444091796875000000,-0.246789833706156092052452777352300472557544708251953125000000, 0.896231115766744523831732749385992065072059631347656250000000, 0.459597496131445792943992501022876240313053131103515625000000, 5.693198626566895903522436128696426749229431152343750000000000
 0.000591450107661013442864050837499689805554226040840148925781, 0.368598107850249323558244896048563532531261444091796875000000,-0.246789833706156092052452777352300472557544708251953125000000,-0.896231115766744523831732749385992065072059631347656250000000, 2.681995157458347378565122198779135942459106445312500000000000, 5.693198626566895903522436128696426749229431152343750000000000
 0.000591450107661013442864050837499689805554226040840148925781,-0.368598107850249323558244896048563532531261444091796875000000, 0.246789833706156092052452777352300472557544708251953125000000, 0.896231115766744523831732749385992065072059631347656250000000, 0.459597496131445792943992501022876240313053131103515625000000, 2.551605972977102787524472660152241587638854980468750000000000
 0.000591450107661013442864050837499689805554226040840148925781,-0.368598107850249323558244896048563532531261444091796875000000, 0.246789833706156092052452777352300472557544708251953125000000,-0.896231115766744523831732749385992065072059631347656250000000, 2.681995157458347378565122198779135942459106445312500000000000, 2.551605972977102787524472660152241587638854980468750000000000
 0.000591450107661013442864050837499689805554226040840148925781,-0.368598107850249323558244896048563532531261444091796875000000,-0.246789833706156092052452777352300472557544708251953125000000, 0.896231115766744523831732749385992065072059631347656250000000, 0.459597496131445792943992501022876240313053131103515625000000, 3.731579334202483444471454276936128735542297363281250000000000
 0.000591450107661013442864050837499689805554226040840148925781,-0.368598107850249323558244896048563532531261444091796875000000,-0.246789833706156092052452777352300472557544708251953125000000,-0.896231115766744523831732749385992065072059631347656250000000, 2.681995157458347378565122198779135942459106445312500000000000, 3.731579334202483444471454276936128735542297363281250000000000
 0.000591450107661013442864050837499689805554226040840148925781, 0.368598107850249101513639971017255447804927825927734375000000, 0.896231115766744523831732749385992065072059631347656250000000, 0.246789833706156092052452777352300472557544708251953125000000, 1.321430105336379057234807987697422504425048828125000000000000, 1.180607442509428839372276343056000769138336181640625000000000
 0.000591450107661013442864050837499689805554226040840148925781, 0.368598107850249101513639971017255447804927825927734375000000, 0.896231115766744523831732749385992065072059631347656250000000,-0.246789833706156397363784549270349089056253433227539062500000, 1.820162548253414502852365330909378826618194580078125000000000, 1.180607442509428839372276343056000769138336181640625000000000
 0.000591450107661013442864050837499689805554226040840148925781, 0.368598107850249101513639971017255447804927825927734375000000,-0.896231115766744523831732749385992065072059631347656250000000, 0.246789833706156092052452777352300472557544708251953125000000, 1.321430105336379057234807987697422504425048828125000000000000, 5.102577864670157836712860444094985723495483398437500000000000
 0.000591450107661013442864050837499689805554226040840148925781, 0.368598107850249101513639971017255447804927825927734375000000,-0.896231115766744523831732749385992065072059631347656250000000,-0.246789833706156397363784549270349089056253433227539062500000, 1.820162548253414502852365330909378826618194580078125000000000, 5.102577864670157836712860444094985723495483398437500000000000
 0.000591450107661013442864050837499689805554226040840148925781,-0.368598107850249101513639971017255447804927825927734375000000, 0.896231115766744523831732749385992065072059631347656250000000, 0.246789833706156092052452777352300472557544708251953125000000, 1.321430105336379057234807987697422504425048828125000000000000, 1.960985211080364498670292050519492477178573608398437500000000
 0.000591450107661013442864050837499689805554226040840148925781,-0.368598107850249101513639971017255447804927825927734375000000, 0.896231115766744523831732749385992065072059631347656250000000,-0.246789833706156397363784549270349089056253433227539062500000, 1.820162548253414502852365330909378826618194580078125000000000, 1.960985211080364498670292050519492477178573608398437500000000
 0.000591450107661013442864050837499689805554226040840148925781,-0.368598107850249101513639971017255447804927825927734375000000,-0.896231115766744523831732749385992065072059631347656250000000, 0.246789833706156092052452777352300472557544708251953125000000, 1.321430105336379057234807987697422504425048828125000000000000, 4.322200096099221511281029961537569761276245117187500000000000
 0.000591450107661013442864050837499689805554226040840148925781,-0.368598107850249101513639971017255447804927825927734375000000,-0.896231115766744523831732749385992065072059631347656250000000,-0.246789833706156397363784549270349089056253433227539062500000, 1.820162548253414502852365330909378826618194580078125000000000, 4.322200096099221511281029961537569761276245117187500000000000
 0.000591450107661013442864050837499689805554226040840148925781, 0.246789833706156092052452777352300472557544708251953125000000, 0.368598107850249323558244896048563532531261444091796875000000, 0.896231115766744523831732749385992065072059631347656250000000, 0.459597496131445792943992501022876240313053131103515625000000, 0.980809646182206229525490925880149006843566894531250000000000
 0.000591450107661013442864050837499689805554226040840148925781, 0.246789833706156092052452777352300472557544708251953125000000, 0.368598107850249323558244896048563532531261444091796875000000,-0.896231115766744523831732749385992065072059631347656250000000, 2.681995157458347378565122198779135942459106445312500000000000, 0.980809646182206229525490925880149006843566894531250000000000
 0.000591450107661013442864050837499689805554226040840148925781, 0.246789833706156092052452777352300472557544708251953125000000,-0.368598107850249323558244896048563532531261444091796875000000, 0.896231115766744523831732749385992065072059631347656250000000, 0.459597496131445792943992501022876240313053131103515625000000, 5.302375660997380002470436011208221316337585449218750000000000
 0.000591450107661013442864050837499689805554226040840148925781, 0.246789833706156092052452777352300472557544708251953125000000,-0.368598107850249323558244896048563532531261444091796875000000,-0.896231115766744523831732749385992065072059631347656250000000, 2.681995157458347378565122198779135942459106445312500000000000, 5.302375660997380002470436011208221316337585449218750000000000
 0.000591450107661013442864050837499689805554226040840148925781,-0.246789833706156286341482086754695046693086624145507812500000, 0.368598107850249212535942433532909490168094635009765625000000, 0.896231115766744523831732749385992065072059631347656250000000, 0.459597496131445792943992501022876240313053131103515625000000, 2.160783007407587330561682392726652324199676513671875000000000
 0.000591450107661013442864050837499689805554226040840148925781,-0.246789833706156286341482086754695046693086624145507812500000, 0.368598107850249212535942433532909490168094635009765625000000,-0.896231115766744523831732749385992065072059631347656250000000, 2.681995157458347378565122198779135942459106445312500000000000, 2.160783007407587330561682392726652324199676513671875000000000
 0.000591450107661013442864050837499689805554226040840148925781,-0.246789833706156286341482086754695046693086624145507812500000,-0.368598107850249212535942433532909490168094635009765625000000, 0.896231115766744523831732749385992065072059631347656250000000, 0.459597496131445792943992501022876240313053131103515625000000, 4.122402299771998457345034694299101829528808593750000000000000
 0.000591450107661013442864050837499689805554226040840148925781,-0.246789833706156286341482086754695046693086624145507812500000,-0.368598107850249212535942433532909490168094635009765625000000,-0.896231115766744523831732749385992065072059631347656250000000, 2.681995157458347378565122198779135942459106445312500000000000, 4.122402299771998457345034694299101829528808593750000000000000
 0.000591450107661013442864050837499689805554226040840148925781, 0.246789833706156092052452777352300472557544708251953125000000, 0.896231115766744523831732749385992065072059631347656250000000, 0.368598107850249212535942433532909490168094635009765625000000, 1.193295835466253285161997155228164047002792358398437500000000, 1.302091688934949642586502704943995922803878784179687500000000
 0.000591450107661013442864050837499689805554226040840148925781, 0.246789833706156092052452777352300472557544708251953125000000, 0.896231115766744523831732749385992065072059631347656250000000,-0.368598107850249212535942433532909490168094635009765625000000, 1.948296818123540052880571238347329199314117431640625000000000, 1.302091688934949642586502704943995922803878784179687500000000
 0.000591450107661013442864050837499689805554226040840148925781, 0.246789833706156092052452777352300472557544708251953125000000,-0.896231115766744523831732749385992065072059631347656250000000, 0.368598107850249212535942433532909490168094635009765625000000, 1.193295835466253285161997155228164047002792358398437500000000, 4.981093618244636367364819307113066315650939941406250000000000
 0.000591450107661013442864050837499689805554226040840148925781, 0.246789833706156092052452777352300472557544708251953125000000,-0.896231115766744523831732749385992065072059631347656250000000,-0.368598107850249212535942433532909490168094635009765625000000, 1.948296818123540052880571238347329199314117431640625000000000, 4.981093618244636367364819307113066315650939941406250000000000
 0.000591450107661013442864050837499689805554226040840148925781,-0.246789833706156286341482086754695046693086624145507812500000, 0.896231115766744523831732749385992065072059631347656250000000, 0.368598107850249212535942433532909490168094635009765625000000, 1.193295835466253285161997155228164047002792358398437500000000, 1.839500964654843695456065688631497323513031005859375000000000
 0.000591450107661013442864050837499689805554226040840148925781,-0.246789833706156286341482086754695046693086624145507812500000, 0.896231115766744523831732749385992065072059631347656250000000,-0.368598107850249212535942433532909490168094635009765625000000, 1.948296818123539830835966313316021114587783813476562500000000, 1.839500964654843695456065688631497323513031005859375000000000
 0.000591450107661013442864050837499689805554226040840148925781,-0.246789833706156286341482086754695046693086624145507812500000,-0.896231115766744523831732749385992065072059631347656250000000, 0.368598107850249212535942433532909490168094635009765625000000, 1.193295835466253285161997155228164047002792358398437500000000, 4.443684342524742092450651398394256830215454101562500000000000
 0.000591450107661013442864050837499689805554226040840148925781,-0.246789833706156286341482086754695046693086624145507812500000,-0.896231115766744523831732749385992065072059631347656250000000,-0.368598107850249212535942433532909490168094635009765625000000, 1.948296818123539830835966313316021114587783813476562500000000, 4.443684342524742092450651398394256830215454101562500000000000
 0.000591450107661013442864050837499689805554226040840148925781, 0.896231115766744523831732749385992065072059631347656250000000, 0.368598107850248990491337508501601405441761016845703125000000, 0.246789833706156092052452777352300472557544708251953125000000, 1.321430105336379057234807987697422504425048828125000000000000, 0.390188884285467718626705391216091811656951904296875000000000
 0.000591450107661013442864050837499689805554226040840148925781, 0.896231115766744523831732749385992065072059631347656250000000, 0.368598107850248990491337508501601405441761016845703125000000,-0.246789833706156397363784549270349089056253433227539062500000, 1.820162548253414502852365330909378826618194580078125000000000, 0.390188884285467718626705391216091811656951904296875000000000
 0.000591450107661013442864050837499689805554226040840148925781, 0.896231115766744523831732749385992065072059631347656250000000,-0.368598107850248990491337508501601405441761016845703125000000, 0.246789833706156092052452777352300472557544708251953125000000, 1.321430105336379057234807987697422504425048828125000000000000, 5.892996422894118069280011695809662342071533203125000000000000
 0.000591450107661013442864050837499689805554226040840148925781, 0.896231115766744523831732749385992065072059631347656250000000,-0.368598107850248990491337508501601405441761016845703125000000,-0.246789833706156397363784549270349089056253433227539062500000, 1.820162548253414502852365330909378826618194580078125000000000, 5.892996422894118069280011695809662342071533203125000000000000
 0.000591450107661013442864050837499689805554226040840148925781,-0.896231115766744523831732749385992065072059631347656250000000, 0.368598107850249101513639971017255447804927825927734375000000, 0.246789833706156092052452777352300472557544708251953125000000, 1.321430105336379057234807987697422504425048828125000000000000, 2.751403769304325397371258077328093349933624267578125000000000
 0.000591450107661013442864050837499689805554226040840148925781,-0.896231115766744523831732749385992065072059631347656250000000, 0.368598107850249101513639971017255447804927825927734375000000,-0.246789833706156397363784549270349089056253433227539062500000, 1.820162548253414502852365330909378826618194580078125000000000, 2.751403769304325397371258077328093349933624267578125000000000
 0.000591450107661013442864050837499689805554226040840148925781,-0.896231115766744523831732749385992065072059631347656250000000,-0.368598107850249101513639971017255447804927825927734375000000, 0.246789833706156092052452777352300472557544708251953125000000, 1.321430105336379057234807987697422504425048828125000000000000, 3.531781537875260834624668859760276973247528076171875000000000
 0.000591450107661013442864050837499689805554226040840148925781,-0.896231115766744523831732749385992065072059631347656250000000,-0.368598107850249101513639971017255447804927825927734375000000,-0.246789833706156397363784549270349089056253433227539062500000, 1.820162548253414502852365330909378826618194580078125000000000, 3.531781537875260834624668859760276973247528076171875000000000
 0.000591450107661013442864050837499689805554226040840148925781, 0.896231115766744523831732749385992065072059631347656250000000, 0.246789833706156286341482086754695046693086624145507812500000, 0.368598107850249212535942433532909490168094635009765625000000, 1.193295835466253285161997155228164047002792358398437500000000, 0.268704637859947081945932723101577721536159515380859375000000
 0.000591450107661013442864050837499689805554226040840148925781, 0.896231115766744523831732749385992065072059631347656250000000, 0.246789833706156286341482086754695046693086624145507812500000,-0.368598107850249212535942433532909490168094635009765625000000, 1.948296818123539830835966313316021114587783813476562500000000, 0.268704637859947081945932723101577721536159515380859375000000
 0.000591450107661013442864050837499689805554226040840148925781, 0.896231115766744523831732749385992065072059631347656250000000,-0.246789833706156286341482086754695046693086624145507812500000, 0.368598107850249212535942433532909490168094635009765625000000, 1.193295835466253285161997155228164047002792358398437500000000, 6.014480669319639538628052832791581749916076660156250000000000
 0.000591450107661013442864050837499689805554226040840148925781, 0.896231115766744523831732749385992065072059631347656250000000,-0.246789833706156286341482086754695046693086624145507812500000,-0.368598107850249212535942433532909490168094635009765625000000, 1.948296818123539830835966313316021114587783813476562500000000, 6.014480669319639538628052832791581749916076660156250000000000
 0.000591450107661013442864050837499689805554226040840148925781,-0.896231115766744523831732749385992065072059631347656250000000, 0.246789833706156286341482086754695046693086624145507812500000, 0.368598107850249212535942433532909490168094635009765625000000, 1.193295835466253285161997155228164047002792358398437500000000, 2.872888015729845978540879514184780418872833251953125000000000
 0.000591450107661013442864050837499689805554226040840148925781,-0.896231115766744523831732749385992065072059631347656250000000, 0.246789833706156286341482086754695046693086624145507812500000,-0.368598107850249212535942433532909490168094635009765625000000, 1.948296818123539830835966313316021114587783813476562500000000, 2.872888015729845978540879514184780418872833251953125000000000
 0.000591450107661013442864050837499689805554226040840148925781,-0.896231115766744523831732749385992065072059631347656250000000,-0.246789833706156286341482086754695046693086624145507812500000, 0.368598107850249212535942433532909490168094635009765625000000, 1.193295835466253285161997155228164047002792358398437500000000, 3.410297291449740253455047422903589904308319091796875000000000
 0.000591450107661013442864050837499689805554226040840148925781,-0.896231115766744523831732749385992065072059631347656250000000,-0.246789833706156286341482086754695046693086624145507812500000,-0.368598107850249212535942433532909490168094635009765625000000, 1.948296818123539830835966313316021114587783813476562500000000, 3.410297291449740253455047422903589904308319091796875000000000
 0.000610456125787013832197092089160150862880982458591461181641, 0.423376032154785475469793709635268896818161010742187500000000, 0.300310412478540900149681647235411219298839569091796875000000, 0.854731765850455960098486229981062933802604675292968750000000, 0.545762466451932271027658316597808152437210083007812500000000, 0.616955731617555347412462651845999062061309814453125000000000
 0.000610456125787013832197092089160150862880982458591461181641, 0.423376032154785475469793709635268896818161010742187500000000, 0.300310412478540900149681647235411219298839569091796875000000,-0.854731765850455960098486229981062933802604675292968750000000, 2.595830187137861067014910076977685093879699707031250000000000, 0.616955731617555347412462651845999062061309814453125000000000
 0.000610456125787013832197092089160150862880982458591461181641, 0.423376032154785475469793709635268896818161010742187500000000,-0.300310412478540900149681647235411219298839569091796875000000, 0.854731765850455960098486229981062933802604675292968750000000, 0.545762466451932271027658316597808152437210083007812500000000, 5.666229575562031328672674135304987430572509765625000000000000
 0.000610456125787013832197092089160150862880982458591461181641, 0.423376032154785475469793709635268896818161010742187500000000,-0.300310412478540900149681647235411219298839569091796875000000,-0.854731765850455960098486229981062933802604675292968750000000, 2.595830187137861067014910076977685093879699707031250000000000, 5.666229575562031328672674135304987430572509765625000000000000
 0.000610456125787013832197092089160150862880982458591461181641,-0.423376032154785586492096172150922939181327819824218750000000, 0.300310412478540789127379184719757176935672760009765625000000, 0.854731765850455960098486229981062933802604675292968750000000, 0.545762466451932271027658316597808152437210083007812500000000, 2.524636921972238212674710666760802268981933593750000000000000
 0.000610456125787013832197092089160150862880982458591461181641,-0.423376032154785586492096172150922939181327819824218750000000, 0.300310412478540789127379184719757176935672760009765625000000,-0.854731765850455960098486229981062933802604675292968750000000, 2.595830187137861067014910076977685093879699707031250000000000, 2.524636921972238212674710666760802268981933593750000000000000
 0.000610456125787013832197092089160150862880982458591461181641,-0.423376032154785586492096172150922939181327819824218750000000,-0.300310412478540789127379184719757176935672760009765625000000, 0.854731765850455960098486229981062933802604675292968750000000, 0.545762466451932271027658316597808152437210083007812500000000, 3.758548385207348019321216270327568054199218750000000000000000
 0.000610456125787013832197092089160150862880982458591461181641,-0.423376032154785586492096172150922939181327819824218750000000,-0.300310412478540789127379184719757176935672760009765625000000,-0.854731765850455960098486229981062933802604675292968750000000, 2.595830187137861067014910076977685093879699707031250000000000, 3.758548385207348019321216270327568054199218750000000000000000
 0.000610456125787013832197092089160150862880982458591461181641, 0.423376032154785586492096172150922939181327819824218750000000, 0.854731765850455849076183767465408891439437866210937500000000, 0.300310412478540900149681647235411219298839569091796875000000, 1.265778255427925325093951869348529726266860961914062500000000, 1.110890051387069199506640870822593569755554199218750000000000
 0.000610456125787013832197092089160150862880982458591461181641, 0.423376032154785586492096172150922939181327819824218750000000, 0.854731765850455849076183767465408891439437866210937500000000,-0.300310412478540900149681647235411219298839569091796875000000, 1.875814398161868012948616524226963520050048828125000000000000, 1.110890051387069199506640870822593569755554199218750000000000
 0.000610456125787013832197092089160150862880982458591461181641, 0.423376032154785586492096172150922939181327819824218750000000,-0.854731765850455849076183767465408891439437866210937500000000, 0.300310412478540900149681647235411219298839569091796875000000, 1.265778255427925325093951869348529726266860961914062500000000, 5.172295255792517032489286066265776753425598144531250000000000
 0.000610456125787013832197092089160150862880982458591461181641, 0.423376032154785586492096172150922939181327819824218750000000,-0.854731765850455849076183767465408891439437866210937500000000,-0.300310412478540900149681647235411219298839569091796875000000, 1.875814398161868012948616524226963520050048828125000000000000, 5.172295255792517032489286066265776753425598144531250000000000
 0.000610456125787013832197092089160150862880982458591461181641,-0.423376032154785697514398634666576981544494628906250000000000, 0.854731765850455849076183767465408891439437866210937500000000, 0.300310412478540900149681647235411219298839569091796875000000, 1.265778255427925325093951869348529726266860961914062500000000, 2.030702602202723916491322597721591591835021972656250000000000
 0.000610456125787013832197092089160150862880982458591461181641,-0.423376032154785697514398634666576981544494628906250000000000, 0.854731765850455849076183767465408891439437866210937500000000,-0.300310412478540900149681647235411219298839569091796875000000, 1.875814398161868012948616524226963520050048828125000000000000, 2.030702602202723916491322597721591591835021972656250000000000
 0.000610456125787013832197092089160150862880982458591461181641,-0.423376032154785697514398634666576981544494628906250000000000,-0.854731765850455849076183767465408891439437866210937500000000, 0.300310412478540900149681647235411219298839569091796875000000, 1.265778255427925325093951869348529726266860961914062500000000, 4.252482704976862315504604339366778731346130371093750000000000
 0.000610456125787013832197092089160150862880982458591461181641,-0.423376032154785697514398634666576981544494628906250000000000,-0.854731765850455849076183767465408891439437866210937500000000,-0.300310412478540900149681647235411219298839569091796875000000, 1.875814398161868012948616524226963520050048828125000000000000, 4.252482704976862315504604339366778731346130371093750000000000
 0.000610456125787013832197092089160150862880982458591461181641, 0.300310412478540789127379184719757176935672760009765625000000, 0.423376032154785586492096172150922939181327819824218750000000, 0.854731765850455960098486229981062933802604675292968750000000, 0.545762466451932271027658316597808152437210083007812500000000, 0.953840595177341654675728932488709688186645507812500000000000
 0.000610456125787013832197092089160150862880982458591461181641, 0.300310412478540789127379184719757176935672760009765625000000, 0.423376032154785586492096172150922939181327819824218750000000,-0.854731765850455960098486229981062933802604675292968750000000, 2.595830187137861067014910076977685093879699707031250000000000, 0.953840595177341654675728932488709688186645507812500000000000
 0.000610456125787013832197092089160150862880982458591461181641, 0.300310412478540789127379184719757176935672760009765625000000,-0.423376032154785586492096172150922939181327819824218750000000, 0.854731765850455960098486229981062933802604675292968750000000, 0.545762466451932271027658316597808152437210083007812500000000, 5.329344712002244577320198004599660634994506835937500000000000
 0.000610456125787013832197092089160150862880982458591461181641, 0.300310412478540789127379184719757176935672760009765625000000,-0.423376032154785586492096172150922939181327819824218750000000,-0.854731765850455960098486229981062933802604675292968750000000, 2.595830187137861067014910076977685093879699707031250000000000, 5.329344712002244577320198004599660634994506835937500000000000
 0.000610456125787013832197092089160150862880982458591461181641,-0.300310412478541011171984109751065261662006378173828125000000, 0.423376032154785475469793709635268896818161010742187500000000, 0.854731765850455960098486229981062933802604675292968750000000, 0.545762466451932271027658316597808152437210083007812500000000, 2.187752058412451905411444386118091642856597900390625000000000
 0.000610456125787013832197092089160150862880982458591461181641,-0.300310412478541011171984109751065261662006378173828125000000, 0.423376032154785475469793709635268896818161010742187500000000,-0.854731765850455960098486229981062933802604675292968750000000, 2.595830187137861067014910076977685093879699707031250000000000, 2.187752058412451905411444386118091642856597900390625000000000
 0.000610456125787013832197092089160150862880982458591461181641,-0.300310412478541011171984109751065261662006378173828125000000,-0.423376032154785475469793709635268896818161010742187500000000, 0.854731765850455960098486229981062933802604675292968750000000, 0.545762466451932271027658316597808152437210083007812500000000, 4.095433248767134770673692401032894849777221679687500000000000
 0.000610456125787013832197092089160150862880982458591461181641,-0.300310412478541011171984109751065261662006378173828125000000,-0.423376032154785475469793709635268896818161010742187500000000,-0.854731765850455960098486229981062933802604675292968750000000, 2.595830187137861067014910076977685093879699707031250000000000, 4.095433248767134770673692401032894849777221679687500000000000
 0.000610456125787013832197092089160150862880982458591461181641, 0.300310412478540678105076722204103134572505950927734375000000, 0.854731765850456182143091155012371018528938293457031250000000, 0.423376032154785308936340015861787833273410797119140625000000, 1.133627743500638551665815612068399786949157714843750000000000, 1.232918918037959610245479780132882297039031982421875000000000
 0.000610456125787013832197092089160150862880982458591461181641, 0.300310412478540678105076722204103134572505950927734375000000, 0.854731765850456071120788692496716976165771484375000000000000,-0.423376032154785475469793709635268896818161010742187500000000, 2.007964910089155008421357706538401544094085693359375000000000, 1.232918918037959610245479780132882297039031982421875000000000
 0.000610456125787013832197092089160150862880982458591461181641, 0.300310412478540678105076722204103134572505950927734375000000,-0.854731765850456182143091155012371018528938293457031250000000, 0.423376032154785308936340015861787833273410797119140625000000, 1.133627743500638551665815612068399786949157714843750000000000, 5.050266389141626177661237306892871856689453125000000000000000
 0.000610456125787013832197092089160150862880982458591461181641, 0.300310412478540678105076722204103134572505950927734375000000,-0.854731765850456071120788692496716976165771484375000000000000,-0.423376032154785475469793709635268896818161010742187500000000, 2.007964910089155008421357706538401544094085693359375000000000, 5.050266389141626177661237306892871856689453125000000000000000
 0.000610456125787013832197092089160150862880982458591461181641,-0.300310412478541011171984109751065261662006378173828125000000, 0.854731765850456071120788692496716976165771484375000000000000, 0.423376032154785308936340015861787833273410797119140625000000, 1.133627743500638551665815612068399786949157714843750000000000, 1.908673735551833949841693538473919034004211425781250000000000
 0.000610456125787013832197092089160150862880982458591461181641,-0.300310412478540900149681647235411219298839569091796875000000, 0.854731765850455960098486229981062933802604675292968750000000,-0.423376032154785475469793709635268896818161010742187500000000, 2.007964910089155008421357706538401544094085693359375000000000, 1.908673735551833949841693538473919034004211425781250000000000
 0.000610456125787013832197092089160150862880982458591461181641,-0.300310412478541011171984109751065261662006378173828125000000,-0.854731765850456071120788692496716976165771484375000000000000, 0.423376032154785308936340015861787833273410797119140625000000, 1.133627743500638551665815612068399786949157714843750000000000, 4.374511571627752282154233398614451289176940917968750000000000
 0.000610456125787013832197092089160150862880982458591461181641,-0.300310412478540900149681647235411219298839569091796875000000,-0.854731765850455960098486229981062933802604675292968750000000,-0.423376032154785475469793709635268896818161010742187500000000, 2.007964910089155008421357706538401544094085693359375000000000, 4.374511571627752282154233398614451289176940917968750000000000
 0.000610456125787013832197092089160150862880982458591461181641, 0.854731765850455849076183767465408891439437866210937500000000, 0.423376032154785586492096172150922939181327819824218750000000, 0.300310412478540900149681647235411219298839569091796875000000, 1.265778255427925325093951869348529726266860961914062500000000, 0.459906275407827358492340863449499011039733886718750000000000
 0.000610456125787013832197092089160150862880982458591461181641, 0.854731765850455849076183767465408891439437866210937500000000, 0.423376032154785586492096172150922939181327819824218750000000,-0.300310412478540900149681647235411219298839569091796875000000, 1.875814398161868012948616524226963520050048828125000000000000, 0.459906275407827358492340863449499011039733886718750000000000
 0.000610456125787013832197092089160150862880982458591461181641, 0.854731765850455849076183767465408891439437866210937500000000,-0.423376032154785586492096172150922939181327819824218750000000, 0.300310412478540900149681647235411219298839569091796875000000, 1.265778255427925325093951869348529726266860961914062500000000, 5.823279031771758873503586073638871312141418457031250000000000
 0.000610456125787013832197092089160150862880982458591461181641, 0.854731765850455849076183767465408891439437866210937500000000,-0.423376032154785586492096172150922939181327819824218750000000,-0.300310412478540900149681647235411219298839569091796875000000, 1.875814398161868012948616524226963520050048828125000000000000, 5.823279031771758873503586073638871312141418457031250000000000
 0.000610456125787013832197092089160150862880982458591461181641,-0.854731765850455849076183767465408891439437866210937500000000, 0.423376032154785586492096172150922939181327819824218750000000, 0.300310412478540900149681647235411219298839569091796875000000, 1.265778255427925325093951869348529726266860961914062500000000, 2.681686378181965757505622605094686150550842285156250000000000
 0.000610456125787013832197092089160150862880982458591461181641,-0.854731765850455849076183767465408891439437866210937500000000, 0.423376032154785586492096172150922939181327819824218750000000,-0.300310412478540900149681647235411219298839569091796875000000, 1.875814398161868012948616524226963520050048828125000000000000, 2.681686378181965757505622605094686150550842285156250000000000
 0.000610456125787013832197092089160150862880982458591461181641,-0.854731765850455849076183767465408891439437866210937500000000,-0.423376032154785586492096172150922939181327819824218750000000, 0.300310412478540900149681647235411219298839569091796875000000, 1.265778255427925325093951869348529726266860961914062500000000, 3.601498928997620474490304331993684172630310058593750000000000
 0.000610456125787013832197092089160150862880982458591461181641,-0.854731765850455849076183767465408891439437866210937500000000,-0.423376032154785586492096172150922939181327819824218750000000,-0.300310412478540900149681647235411219298839569091796875000000, 1.875814398161868012948616524226963520050048828125000000000000, 3.601498928997620474490304331993684172630310058593750000000000
 0.000610456125787013832197092089160150862880982458591461181641, 0.854731765850456071120788692496716976165771484375000000000000, 0.300310412478541011171984109751065261662006378173828125000000, 0.423376032154785308936340015861787833273410797119140625000000, 1.133627743500638551665815612068399786949157714843750000000000, 0.337877408756937391842711804201826453208923339843750000000000
 0.000610456125787013832197092089160150862880982458591461181641, 0.854731765850455960098486229981062933802604675292968750000000, 0.300310412478540900149681647235411219298839569091796875000000,-0.423376032154785475469793709635268896818161010742187500000000, 2.007964910089155008421357706538401544094085693359375000000000, 0.337877408756937336331560572943999432027339935302734375000000
 0.000610456125787013832197092089160150862880982458591461181641, 0.854731765850456071120788692496716976165771484375000000000000,-0.300310412478541011171984109751065261662006378173828125000000, 0.423376032154785308936340015861787833273410797119140625000000, 1.133627743500638551665815612068399786949157714843750000000000, 5.945307898422648840153215132886543869972229003906250000000000
 0.000610456125787013832197092089160150862880982458591461181641, 0.854731765850455960098486229981062933802604675292968750000000,-0.300310412478540900149681647235411219298839569091796875000000,-0.423376032154785475469793709635268896818161010742187500000000, 2.007964910089155008421357706538401544094085693359375000000000, 5.945307898422648840153215132886543869972229003906250000000000
 0.000610456125787013832197092089160150862880982458591461181641,-0.854731765850455960098486229981062933802604675292968750000000, 0.300310412478541177705437803524546325206756591796875000000000, 0.423376032154785308936340015861787833273410797119140625000000, 1.133627743500638551665815612068399786949157714843750000000000, 2.803715244832855724155251664342358708381652832031250000000000
 0.000610456125787013832197092089160150862880982458591461181641,-0.854731765850455849076183767465408891439437866210937500000000, 0.300310412478541122194286572266719304025173187255859375000000,-0.423376032154785475469793709635268896818161010742187500000000, 2.007964910089155008421357706538401544094085693359375000000000, 2.803715244832855724155251664342358708381652832031250000000000
 0.000610456125787013832197092089160150862880982458591461181641,-0.854731765850455960098486229981062933802604675292968750000000,-0.300310412478541177705437803524546325206756591796875000000000, 0.423376032154785308936340015861787833273410797119140625000000, 1.133627743500638551665815612068399786949157714843750000000000, 3.479470062346730507840675272746011614799499511718750000000000
 0.000610456125787013832197092089160150862880982458591461181641,-0.854731765850455849076183767465408891439437866210937500000000,-0.300310412478541122194286572266719304025173187255859375000000,-0.423376032154785475469793709635268896818161010742187500000000, 2.007964910089155008421357706538401544094085693359375000000000, 3.479470062346730507840675272746011614799499511718750000000000
 0.000623025286071014132265044604963577512535266578197479248047, 0.475867123605924591256410849382518790662288665771484375000000, 0.352668432817503318954521773775923065841197967529296875000000, 0.805714252800004637755648673191899433732032775878906250000000, 0.633915957742972713262474826478864997625350952148437500000000, 0.637785219887475829381173753063194453716278076171875000000000
 0.000623025286071014132265044604963577512535266578197479248047, 0.475867123605924591256410849382518790662288665771484375000000, 0.352668432817503318954521773775923065841197967529296875000000,-0.805714252800004526733346210676245391368865966796875000000000, 2.507676695846820180690883717034012079238891601562500000000000, 0.637785219887475829381173753063194453716278076171875000000000
 0.000623025286071014132265044604963577512535266578197479248047, 0.475867123605924591256410849382518790662288665771484375000000,-0.352668432817503318954521773775923065841197967529296875000000, 0.805714252800004637755648673191899433732032775878906250000000, 0.633915957742972713262474826478864997625350952148437500000000, 5.645400087292109958525543333962559700012207031250000000000000
 0.000623025286071014132265044604963577512535266578197479248047, 0.475867123605924591256410849382518790662288665771484375000000,-0.352668432817503318954521773775923065841197967529296875000000,-0.805714252800004526733346210676245391368865966796875000000000, 2.507676695846820180690883717034012079238891601562500000000000, 5.645400087292109958525543333962559700012207031250000000000000
 0.000623025286071014132265044604963577512535266578197479248047,-0.475867123605924813301015774413826875388622283935546875000000, 0.352668432817503318954521773775923065841197967529296875000000, 0.805714252800004637755648673191899433732032775878906250000000, 0.633915957742972935307079751510173082351684570312500000000000, 2.503807433702317730705999565543606877326965332031250000000000
 0.000623025286071014132265044604963577512535266578197479248047,-0.475867123605924813301015774413826875388622283935546875000000, 0.352668432817503318954521773775923065841197967529296875000000,-0.805714252800004526733346210676245391368865966796875000000000, 2.507676695846820180690883717034012079238891601562500000000000, 2.503807433702317730705999565543606877326965332031250000000000
 0.000623025286071014132265044604963577512535266578197479248047,-0.475867123605924813301015774413826875388622283935546875000000,-0.352668432817503318954521773775923065841197967529296875000000, 0.805714252800004637755648673191899433732032775878906250000000, 0.633915957742972935307079751510173082351684570312500000000000, 3.779377873477268501289927371544763445854187011718750000000000
 0.000623025286071014132265044604963577512535266578197479248047,-0.475867123605924813301015774413826875388622283935546875000000,-0.352668432817503318954521773775923065841197967529296875000000,-0.805714252800004526733346210676245391368865966796875000000000, 2.507676695846820180690883717034012079238891601562500000000000, 3.779377873477268501289927371544763445854187011718750000000000
 0.000623025286071014132265044604963577512535266578197479248047, 0.475867123605924480234108386866864748299121856689453125000000, 0.805714252800004748777951135707553476095199584960937500000000, 0.352668432817503207932219311260269023478031158447265625000000, 1.210375093601867346748690579261165112257003784179687500000000, 1.037305957587893567861669907870236784219741821289062500000000
 0.000623025286071014132265044604963577512535266578197479248047, 0.475867123605924480234108386866864748299121856689453125000000, 0.805714252800004748777951135707553476095199584960937500000000,-0.352668432817503207932219311260269023478031158447265625000000, 1.931217559987925991293877814314328134059906005859375000000000, 1.037305957587893567861669907870236784219741821289062500000000
 0.000623025286071014132265044604963577512535266578197479248047, 0.475867123605924480234108386866864748299121856689453125000000,-0.805714252800004748777951135707553476095199584960937500000000, 0.352668432817503207932219311260269023478031158447265625000000, 1.210375093601867346748690579261165112257003784179687500000000, 5.245879349591692886178861954249441623687744140625000000000000
 0.000623025286071014132265044604963577512535266578197479248047, 0.475867123605924480234108386866864748299121856689453125000000,-0.805714252800004748777951135707553476095199584960937500000000,-0.352668432817503207932219311260269023478031158447265625000000, 1.931217559987925991293877814314328134059906005859375000000000, 5.245879349591692886178861954249441623687744140625000000000000
 0.000623025286071014132265044604963577512535266578197479248047,-0.475867123605924591256410849382518790662288665771484375000000, 0.805714252800004748777951135707553476095199584960937500000000, 0.352668432817503207932219311260269023478031158447265625000000, 1.210375093601867346748690579261165112257003784179687500000000, 2.104286696001899770180898485705256462097167968750000000000000
 0.000623025286071014132265044604963577512535266578197479248047,-0.475867123605924591256410849382518790662288665771484375000000, 0.805714252800004748777951135707553476095199584960937500000000,-0.352668432817503207932219311260269023478031158447265625000000, 1.931217559987925991293877814314328134059906005859375000000000, 2.104286696001899770180898485705256462097167968750000000000000
 0.000623025286071014132265044604963577512535266578197479248047,-0.475867123605924591256410849382518790662288665771484375000000,-0.805714252800004748777951135707553476095199584960937500000000, 0.352668432817503207932219311260269023478031158447265625000000, 1.210375093601867346748690579261165112257003784179687500000000, 4.178898611177686461815028451383113861083984375000000000000000
 0.000623025286071014132265044604963577512535266578197479248047,-0.475867123605924591256410849382518790662288665771484375000000,-0.805714252800004748777951135707553476095199584960937500000000,-0.352668432817503207932219311260269023478031158447265625000000, 1.931217559987925991293877814314328134059906005859375000000000, 4.178898611177686461815028451383113861083984375000000000000000
 0.000623025286071014132265044604963577512535266578197479248047, 0.352668432817503318954521773775923065841197967529296875000000, 0.475867123605924591256410849382518790662288665771484375000000, 0.805714252800004637755648673191899433732032775878906250000000, 0.633915957742972713262474826478864997625350952148437500000000, 0.933011106907420728617807981208898127079010009765625000000000
 0.000623025286071014132265044604963577512535266578197479248047, 0.352668432817503318954521773775923065841197967529296875000000, 0.475867123605924591256410849382518790662288665771484375000000,-0.805714252800004526733346210676245391368865966796875000000000, 2.507676695846820180690883717034012079238891601562500000000000, 0.933011106907420728617807981208898127079010009765625000000000
 0.000623025286071014132265044604963577512535266578197479248047, 0.352668432817503318954521773775923065841197967529296875000000,-0.475867123605924591256410849382518790662288665771484375000000, 0.805714252800004637755648673191899433732032775878906250000000, 0.633915957742972713262474826478864997625350952148437500000000, 5.350174200272165947467328805942088365554809570312500000000000
 0.000623025286071014132265044604963577512535266578197479248047, 0.352668432817503318954521773775923065841197967529296875000000,-0.475867123605924591256410849382518790662288665771484375000000,-0.805714252800004526733346210676245391368865966796875000000000, 2.507676695846820180690883717034012079238891601562500000000000, 5.350174200272165947467328805942088365554809570312500000000000
 0.000623025286071014132265044604963577512535266578197479248047,-0.352668432817503318954521773775923065841197967529296875000000, 0.475867123605924591256410849382518790662288665771484375000000, 0.805714252800004637755648673191899433732032775878906250000000, 0.633915957742972713262474826478864997625350952148437500000000, 2.208581546682372387380155487335287034511566162109375000000000
 0.000623025286071014132265044604963577512535266578197479248047,-0.352668432817503318954521773775923065841197967529296875000000, 0.475867123605924591256410849382518790662288665771484375000000,-0.805714252800004526733346210676245391368865966796875000000000, 2.507676695846820180690883717034012079238891601562500000000000, 2.208581546682372387380155487335287034511566162109375000000000
 0.000623025286071014132265044604963577512535266578197479248047,-0.352668432817503318954521773775923065841197967529296875000000,-0.475867123605924591256410849382518790662288665771484375000000, 0.805714252800004637755648673191899433732032775878906250000000, 0.633915957742972713262474826478864997625350952148437500000000, 4.074603760497213400526561599690467119216918945312500000000000
 0.000623025286071014132265044604963577512535266578197479248047,-0.352668432817503318954521773775923065841197967529296875000000,-0.475867123605924591256410849382518790662288665771484375000000,-0.805714252800004526733346210676245391368865966796875000000000, 2.507676695846820180690883717034012079238891601562500000000000, 4.074603760497213400526561599690467119216918945312500000000000
 0.000623025286071014132265044604963577512535266578197479248047, 0.352668432817503318954521773775923065841197967529296875000000, 0.805714252800004748777951135707553476095199584960937500000000, 0.475867123605924480234108386866864748299121856689453125000000, 1.074846649080395399877829731849487870931625366210937500000000, 1.158210420570909837678641451930161565542221069335937500000000
 0.000623025286071014132265044604963577512535266578197479248047, 0.352668432817503207932219311260269023478031158447265625000000, 0.805714252800004637755648673191899433732032775878906250000000,-0.475867123605924702278713311898172833025455474853515625000000, 2.066746004509397938164738661726005375385284423828125000000000, 1.158210420570909837678641451930161565542221069335937500000000
 0.000623025286071014132265044604963577512535266578197479248047, 0.352668432817503318954521773775923065841197967529296875000000,-0.805714252800004748777951135707553476095199584960937500000000, 0.475867123605924480234108386866864748299121856689453125000000, 1.074846649080395399877829731849487870931625366210937500000000, 5.124974886608676172272680560126900672912597656250000000000000
 0.000623025286071014132265044604963577512535266578197479248047, 0.352668432817503207932219311260269023478031158447265625000000,-0.805714252800004637755648673191899433732032775878906250000000,-0.475867123605924702278713311898172833025455474853515625000000, 2.066746004509397938164738661726005375385284423828125000000000, 5.124974886608676172272680560126900672912597656250000000000000
 0.000623025286071014132265044604963577512535266578197479248047,-0.352668432817503318954521773775923065841197967529296875000000, 0.805714252800004748777951135707553476095199584960937500000000, 0.475867123605924480234108386866864748299121856689453125000000, 1.074846649080395399877829731849487870931625366210937500000000, 1.983382233018883500363926941645331680774688720703125000000000
 0.000623025286071014132265044604963577512535266578197479248047,-0.352668432817503207932219311260269023478031158447265625000000, 0.805714252800004637755648673191899433732032775878906250000000,-0.475867123605924702278713311898172833025455474853515625000000, 2.066746004509397938164738661726005375385284423828125000000000, 1.983382233018883500363926941645331680774688720703125000000000
 0.000623025286071014132265044604963577512535266578197479248047,-0.352668432817503318954521773775923065841197967529296875000000,-0.805714252800004748777951135707553476095199584960937500000000, 0.475867123605924480234108386866864748299121856689453125000000, 1.074846649080395399877829731849487870931625366210937500000000, 4.299803074160703175721209845505654811859130859375000000000000
 0.000623025286071014132265044604963577512535266578197479248047,-0.352668432817503207932219311260269023478031158447265625000000,-0.805714252800004637755648673191899433732032775878906250000000,-0.475867123605924702278713311898172833025455474853515625000000, 2.066746004509397938164738661726005375385284423828125000000000, 4.299803074160703175721209845505654811859130859375000000000000
 0.000623025286071014132265044604963577512535266578197479248047, 0.805714252800004748777951135707553476095199584960937500000000, 0.475867123605924591256410849382518790662288665771484375000000, 0.352668432817503207932219311260269023478031158447265625000000, 1.210375093601867346748690579261165112257003784179687500000000, 0.533490369207003212181916751433163881301879882812500000000000
 0.000623025286071014132265044604963577512535266578197479248047, 0.805714252800004748777951135707553476095199584960937500000000, 0.475867123605924591256410849382518790662288665771484375000000,-0.352668432817503207932219311260269023478031158447265625000000, 1.931217559987925991293877814314328134059906005859375000000000, 0.533490369207003212181916751433163881301879882812500000000000
 0.000623025286071014132265044604963577512535266578197479248047, 0.805714252800004748777951135707553476095199584960937500000000,-0.475867123605924591256410849382518790662288665771484375000000, 0.352668432817503207932219311260269023478031158447265625000000, 1.210375093601867346748690579261165112257003784179687500000000, 5.749694937972583019814010185655206441879272460937500000000000
 0.000623025286071014132265044604963577512535266578197479248047, 0.805714252800004748777951135707553476095199584960937500000000,-0.475867123605924591256410849382518790662288665771484375000000,-0.352668432817503207932219311260269023478031158447265625000000, 1.931217559987925991293877814314328134059906005859375000000000, 5.749694937972583019814010185655206441879272460937500000000000
 0.000623025286071014132265044604963577512535266578197479248047,-0.805714252800004859800253598223207518458366394042968750000000, 0.475867123605924480234108386866864748299121856689453125000000, 0.352668432817503207932219311260269023478031158447265625000000, 1.210375093601867346748690579261165112257003784179687500000000, 2.608102284382790347905256567173637449741363525390625000000000
 0.000623025286071014132265044604963577512535266578197479248047,-0.805714252800004859800253598223207518458366394042968750000000, 0.475867123605924480234108386866864748299121856689453125000000,-0.352668432817503207932219311260269023478031158447265625000000, 1.931217559987925991293877814314328134059906005859375000000000, 2.608102284382790347905256567173637449741363525390625000000000
 0.000623025286071014132265044604963577512535266578197479248047,-0.805714252800004859800253598223207518458366394042968750000000,-0.475867123605924480234108386866864748299121856689453125000000, 0.352668432817503207932219311260269023478031158447265625000000, 1.210375093601867346748690579261165112257003784179687500000000, 3.675083022796795884090670369914732873439788818359375000000000
 0.000623025286071014132265044604963577512535266578197479248047,-0.805714252800004859800253598223207518458366394042968750000000,-0.475867123605924480234108386866864748299121856689453125000000,-0.352668432817503207932219311260269023478031158447265625000000, 1.931217559987925991293877814314328134059906005859375000000000, 3.675083022796795884090670369914732873439788818359375000000000
 0.000623025286071014132265044604963577512535266578197479248047, 0.805714252800004748777951135707553476095199584960937500000000, 0.352668432817503318954521773775923065841197967529296875000000, 0.475867123605924480234108386866864748299121856689453125000000, 1.074846649080395399877829731849487870931625366210937500000000, 0.412585906223986886853793976115412078797817230224609375000000
 0.000623025286071014132265044604963577512535266578197479248047, 0.805714252800004637755648673191899433732032775878906250000000, 0.352668432817503207932219311260269023478031158447265625000000,-0.475867123605924702278713311898172833025455474853515625000000, 2.066746004509397938164738661726005375385284423828125000000000, 0.412585906223986831342642744857585057616233825683593750000000
 0.000623025286071014132265044604963577512535266578197479248047, 0.805714252800004748777951135707553476095199584960937500000000,-0.352668432817503318954521773775923065841197967529296875000000, 0.475867123605924480234108386866864748299121856689453125000000, 1.074846649080395399877829731849487870931625366210937500000000, 5.870599400955599733720191579777747392654418945312500000000000
 0.000623025286071014132265044604963577512535266578197479248047, 0.805714252800004637755648673191899433732032775878906250000000,-0.352668432817503207932219311260269023478031158447265625000000,-0.475867123605924702278713311898172833025455474853515625000000, 2.066746004509397938164738661726005375385284423828125000000000, 5.870599400955599733720191579777747392654418945312500000000000
 0.000623025286071014132265044604963577512535266578197479248047,-0.805714252800004970822556060738861560821533203125000000000000, 0.352668432817502874865311923713306896388530731201171875000000, 0.475867123605924480234108386866864748299121856689453125000000, 1.074846649080395399877829731849487870931625366210937500000000, 2.729006747365807061811437961296178400516510009765625000000000
 0.000623025286071014132265044604963577512535266578197479248047,-0.805714252800004859800253598223207518458366394042968750000000, 0.352668432817502874865311923713306896388530731201171875000000,-0.475867123605924702278713311898172833025455474853515625000000, 2.066746004509397938164738661726005375385284423828125000000000, 2.729006747365807061811437961296178400516510009765625000000000
 0.000623025286071014132265044604963577512535266578197479248047,-0.805714252800004970822556060738861560821533203125000000000000,-0.352668432817502874865311923713306896388530731201171875000000, 0.475867123605924480234108386866864748299121856689453125000000, 1.074846649080395399877829731849487870931625366210937500000000, 3.554178559813779170184488975792191922664642333984375000000000
 0.000623025286071014132265044604963577512535266578197479248047,-0.805714252800004859800253598223207518458366394042968750000000,-0.352668432817502874865311923713306896388530731201171875000000,-0.475867123605924702278713311898172833025455474853515625000000, 2.066746004509397938164738661726005375385284423828125000000000, 3.554178559813779170184488975792191922664642333984375000000000
 0.000630561876176014305880879184940113191260024905204772949219, 0.525517857979646119126471148774726316332817077636718750000000, 0.403113486114571317742161227215547114610671997070312500000000, 0.749219926494912313863494546239962801337242126464843750000000, 0.723912820862887773643024047487415373325347900390625000000000, 0.654342093025319537780148948513669893145561218261718750000000
 0.000630561876176014305880879184940113191260024905204772949219, 0.525517857979646119126471148774726316332817077636718750000000, 0.403113486114571317742161227215547114610671997070312500000000,-0.749219926494912313863494546239962801337242126464843750000000, 2.417679832726905342354939421056769788265228271484375000000000, 0.654342093025319537780148948513669893145561218261718750000000
 0.000630561876176014305880879184940113191260024905204772949219, 0.525517857979646119126471148774726316332817077636718750000000,-0.403113486114571317742161227215547114610671997070312500000000, 0.749219926494912313863494546239962801337242126464843750000000, 0.723912820862887773643024047487415373325347900390625000000000, 5.628843214154266583193475526059046387672424316406250000000000
 0.000630561876176014305880879184940113191260024905204772949219, 0.525517857979646119126471148774726316332817077636718750000000,-0.403113486114571317742161227215547114610671997070312500000000,-0.749219926494912313863494546239962801337242126464843750000000, 2.417679832726905342354939421056769788265228271484375000000000, 5.628843214154266583193475526059046387672424316406250000000000
 0.000630561876176014305880879184940113191260024905204772949219,-0.525517857979646230148773611290380358695983886718750000000000, 0.403113486114571095697556302184239029884338378906250000000000, 0.749219926494912313863494546239962801337242126464843750000000, 0.723912820862887773643024047487415373325347900390625000000000, 2.487250560564473911284721907577477395534515380859375000000000
 0.000630561876176014305880879184940113191260024905204772949219,-0.525517857979646230148773611290380358695983886718750000000000, 0.403113486114571095697556302184239029884338378906250000000000,-0.749219926494912313863494546239962801337242126464843750000000, 2.417679832726905342354939421056769788265228271484375000000000, 2.487250560564473911284721907577477395534515380859375000000000
 0.000630561876176014305880879184940113191260024905204772949219,-0.525517857979646230148773611290380358695983886718750000000000,-0.403113486114571095697556302184239029884338378906250000000000, 0.749219926494912313863494546239962801337242126464843750000000, 0.723912820862887773643024047487415373325347900390625000000000, 3.795934746615112320711205029510892927646636962890625000000000
 0.000630561876176014305880879184940113191260024905204772949219,-0.525517857979646230148773611290380358695983886718750000000000,-0.403113486114571095697556302184239029884338378906250000000000,-0.749219926494912313863494546239962801337242126464843750000000, 2.417679832726905342354939421056769788265228271484375000000000, 3.795934746615112320711205029510892927646636962890625000000000
 0.000630561876176014305880879184940113191260024905204772949219, 0.525517857979646341171076073806034401059150695800781250000000, 0.749219926494912202841192083724308758974075317382812500000000, 0.403113486114571317742161227215547114610671997070312500000000, 1.155879860289747318446984536421950906515121459960937500000000, 0.959117962577584304284528116113506257534027099609375000000000
 0.000630561876176014305880879184940113191260024905204772949219, 0.525517857979646341171076073806034401059150695800781250000000, 0.749219926494912202841192083724308758974075317382812500000000,-0.403113486114571317742161227215547114610671997070312500000000, 1.985712793300045797550978932122234255075454711914062500000000, 0.959117962577584304284528116113506257534027099609375000000000
 0.000630561876176014305880879184940113191260024905204772949219, 0.525517857979646341171076073806034401059150695800781250000000,-0.749219926494912202841192083724308758974075317382812500000000, 0.403113486114571317742161227215547114610671997070312500000000, 1.155879860289747318446984536421950906515121459960937500000000, 5.324067344602001483622188970912247896194458007812500000000000
 0.000630561876176014305880879184940113191260024905204772949219, 0.525517857979646341171076073806034401059150695800781250000000,-0.749219926494912202841192083724308758974075317382812500000000,-0.403113486114571317742161227215547114610671997070312500000000, 1.985712793300045797550978932122234255075454711914062500000000, 5.324067344602001483622188970912247896194458007812500000000000
 0.000630561876176014305880879184940113191260024905204772949219,-0.525517857979646341171076073806034401059150695800781250000000, 0.749219926494912202841192083724308758974075317382812500000000, 0.403113486114571317742161227215547114610671997070312500000000, 1.155879860289747318446984536421950906515121459960937500000000, 2.182474691012208811713435352430678904056549072265625000000000
 0.000630561876176014305880879184940113191260024905204772949219,-0.525517857979646341171076073806034401059150695800781250000000, 0.749219926494912202841192083724308758974075317382812500000000,-0.403113486114571317742161227215547114610671997070312500000000, 1.985712793300045797550978932122234255075454711914062500000000, 2.182474691012208811713435352430678904056549072265625000000000
 0.000630561876176014305880879184940113191260024905204772949219,-0.525517857979646341171076073806034401059150695800781250000000,-0.749219926494912202841192083724308758974075317382812500000000, 0.403113486114571317742161227215547114610671997070312500000000, 1.155879860289747318446984536421950906515121459960937500000000, 4.100710616167377864371701434720307588577270507812500000000000
 0.000630561876176014305880879184940113191260024905204772949219,-0.525517857979646341171076073806034401059150695800781250000000,-0.749219926494912202841192083724308758974075317382812500000000,-0.403113486114571317742161227215547114610671997070312500000000, 1.985712793300045797550978932122234255075454711914062500000000, 4.100710616167377864371701434720307588577270507812500000000000
 0.000630561876176014305880879184940113191260024905204772949219, 0.403113486114571095697556302184239029884338378906250000000000, 0.525517857979646230148773611290380358695983886718750000000000, 0.749219926494912313863494546239962801337242126464843750000000, 0.723912820862887773643024047487415373325347900390625000000000, 0.916454233769577464308042635821038857102394104003906250000000
 0.000630561876176014305880879184940113191260024905204772949219, 0.403113486114571095697556302184239029884338378906250000000000, 0.525517857979646230148773611290380358695983886718750000000000,-0.749219926494912313863494546239962801337242126464843750000000, 2.417679832726905342354939421056769788265228271484375000000000, 0.916454233769577464308042635821038857102394104003906250000000
 0.000630561876176014305880879184940113191260024905204772949219, 0.403113486114571095697556302184239029884338378906250000000000,-0.525517857979646230148773611290380358695983886718750000000000, 0.749219926494912313863494546239962801337242126464843750000000, 0.723912820862887773643024047487415373325347900390625000000000, 5.366731073410008434620976913720369338989257812500000000000000
 0.000630561876176014305880879184940113191260024905204772949219, 0.403113486114571095697556302184239029884338378906250000000000,-0.525517857979646230148773611290380358695983886718750000000000,-0.749219926494912313863494546239962801337242126464843750000000, 2.417679832726905342354939421056769788265228271484375000000000, 5.366731073410008434620976913720369338989257812500000000000000
 0.000630561876176014305880879184940113191260024905204772949219,-0.403113486114571095697556302184239029884338378906250000000000, 0.525517857979646230148773611290380358695983886718750000000000, 0.749219926494912313863494546239962801337242126464843750000000, 0.723912820862887773643024047487415373325347900390625000000000, 2.225138419820215762712223295238800346851348876953125000000000
 0.000630561876176014305880879184940113191260024905204772949219,-0.403113486114571095697556302184239029884338378906250000000000, 0.525517857979646230148773611290380358695983886718750000000000,-0.749219926494912313863494546239962801337242126464843750000000, 2.417679832726905342354939421056769788265228271484375000000000, 2.225138419820215762712223295238800346851348876953125000000000
 0.000630561876176014305880879184940113191260024905204772949219,-0.403113486114571095697556302184239029884338378906250000000000,-0.525517857979646230148773611290380358695983886718750000000000, 0.749219926494912313863494546239962801337242126464843750000000, 0.723912820862887773643024047487415373325347900390625000000000, 4.058046887359370913372913491912186145782470703125000000000000
 0.000630561876176014305880879184940113191260024905204772949219,-0.403113486114571095697556302184239029884338378906250000000000,-0.525517857979646230148773611290380358695983886718750000000000,-0.749219926494912313863494546239962801337242126464843750000000, 2.417679832726905342354939421056769788265228271484375000000000, 4.058046887359370913372913491912186145782470703125000000000000
 0.000630561876176014305880879184940113191260024905204772949219, 0.403113486114571206719858764699893072247505187988281250000000, 0.749219926494912202841192083724308758974075317382812500000000, 0.525517857979646341171076073806034401059150695800781250000000, 1.017472643758709160977105057099834084510803222656250000000000, 1.077178495365839427932996841263957321643829345703125000000000
 0.000630561876176014305880879184940113191260024905204772949219, 0.403113486114571206719858764699893072247505187988281250000000, 0.749219926494912202841192083724308758974075317382812500000000,-0.525517857979646341171076073806034401059150695800781250000000, 2.124120009831083955020858411444351077079772949218750000000000, 1.077178495365839427932996841263957321643829345703125000000000
 0.000630561876176014305880879184940113191260024905204772949219, 0.403113486114571206719858764699893072247505187988281250000000,-0.749219926494912202841192083724308758974075317382812500000000, 0.525517857979646341171076073806034401059150695800781250000000, 1.017472643758709160977105057099834084510803222656250000000000, 5.206006811813747248152139945887029170989990234375000000000000
 0.000630561876176014305880879184940113191260024905204772949219, 0.403113486114571206719858764699893072247505187988281250000000,-0.749219926494912202841192083724308758974075317382812500000000,-0.525517857979646341171076073806034401059150695800781250000000, 2.124120009831083955020858411444351077079772949218750000000000, 5.206006811813747248152139945887029170989990234375000000000000
 0.000630561876176014305880879184940113191260024905204772949219,-0.403113486114571206719858764699893072247505187988281250000000, 0.749219926494912202841192083724308758974075317382812500000000, 0.525517857979646341171076073806034401059150695800781250000000, 1.017472643758709160977105057099834084510803222656250000000000, 2.064414158223953688064966627280227839946746826171875000000000
 0.000630561876176014305880879184940113191260024905204772949219,-0.403113486114571206719858764699893072247505187988281250000000, 0.749219926494912202841192083724308758974075317382812500000000,-0.525517857979646341171076073806034401059150695800781250000000, 2.124120009831083955020858411444351077079772949218750000000000, 2.064414158223953688064966627280227839946746826171875000000000
 0.000630561876176014305880879184940113191260024905204772949219,-0.403113486114571206719858764699893072247505187988281250000000,-0.749219926494912202841192083724308758974075317382812500000000, 0.525517857979646341171076073806034401059150695800781250000000, 1.017472643758709160977105057099834084510803222656250000000000, 4.218771148955632099841750459745526313781738281250000000000000
 0.000630561876176014305880879184940113191260024905204772949219,-0.403113486114571206719858764699893072247505187988281250000000,-0.749219926494912202841192083724308758974075317382812500000000,-0.525517857979646341171076073806034401059150695800781250000000, 2.124120009831083955020858411444351077079772949218750000000000, 4.218771148955632099841750459745526313781738281250000000000000
 0.000630561876176014305880879184940113191260024905204772949219, 0.749219926494912202841192083724308758974075317382812500000000, 0.525517857979646341171076073806034401059150695800781250000000, 0.403113486114571317742161227215547114610671997070312500000000, 1.155879860289747318446984536421950906515121459960937500000000, 0.611678364217312364736756080674240365624427795410156250000000
 0.000630561876176014305880879184940113191260024905204772949219, 0.749219926494912202841192083724308758974075317382812500000000, 0.525517857979646341171076073806034401059150695800781250000000,-0.403113486114571317742161227215547114610671997070312500000000, 1.985712793300045797550978932122234255075454711914062500000000, 0.611678364217312364736756080674240365624427795410156250000000
 0.000630561876176014305880879184940113191260024905204772949219, 0.749219926494912202841192083724308758974075317382812500000000,-0.525517857979646341171076073806034401059150695800781250000000, 0.403113486114571317742161227215547114610671997070312500000000, 1.155879860289747318446984536421950906515121459960937500000000, 5.671506942962273534192263468867167830467224121093750000000000
 0.000630561876176014305880879184940113191260024905204772949219, 0.749219926494912202841192083724308758974075317382812500000000,-0.525517857979646341171076073806034401059150695800781250000000,-0.403113486114571317742161227215547114610671997070312500000000, 1.985712793300045797550978932122234255075454711914062500000000, 5.671506942962273534192263468867167830467224121093750000000000
 0.000630561876176014305880879184940113191260024905204772949219,-0.749219926494912202841192083724308758974075317382812500000000, 0.525517857979646341171076073806034401059150695800781250000000, 0.403113486114571317742161227215547114610671997070312500000000, 1.155879860289747318446984536421950906515121459960937500000000, 2.529914289372480862283509850385598838329315185546875000000000
 0.000630561876176014305880879184940113191260024905204772949219,-0.749219926494912202841192083724308758974075317382812500000000, 0.525517857979646341171076073806034401059150695800781250000000,-0.403113486114571317742161227215547114610671997070312500000000, 1.985712793300045797550978932122234255075454711914062500000000, 2.529914289372480862283509850385598838329315185546875000000000
 0.000630561876176014305880879184940113191260024905204772949219,-0.749219926494912202841192083724308758974075317382812500000000,-0.525517857979646341171076073806034401059150695800781250000000, 0.403113486114571317742161227215547114610671997070312500000000, 1.155879860289747318446984536421950906515121459960937500000000, 3.753271017807105369712417086702771484851837158203125000000000
 0.000630561876176014305880879184940113191260024905204772949219,-0.749219926494912202841192083724308758974075317382812500000000,-0.525517857979646341171076073806034401059150695800781250000000,-0.403113486114571317742161227215547114610671997070312500000000, 1.985712793300045797550978932122234255075454711914062500000000, 3.753271017807105369712417086702771484851837158203125000000000
 0.000630561876176014305880879184940113191260024905204772949219, 0.749219926494912202841192083724308758974075317382812500000000, 0.403113486114571317742161227215547114610671997070312500000000, 0.525517857979646341171076073806034401059150695800781250000000, 1.017472643758709160977105057099834084510803222656250000000000, 0.493617831429057241088287355523789301514625549316406250000000
 0.000630561876176014305880879184940113191260024905204772949219, 0.749219926494912202841192083724308758974075317382812500000000, 0.403113486114571317742161227215547114610671997070312500000000,-0.525517857979646341171076073806034401059150695800781250000000, 2.124120009831083955020858411444351077079772949218750000000000, 0.493617831429057241088287355523789301514625549316406250000000
 0.000630561876176014305880879184940113191260024905204772949219, 0.749219926494912202841192083724308758974075317382812500000000,-0.403113486114571317742161227215547114610671997070312500000000, 0.525517857979646341171076073806034401059150695800781250000000, 1.017472643758709160977105057099834084510803222656250000000000, 5.789567475750528657840732194017618894577026367187500000000000
 0.000630561876176014305880879184940113191260024905204772949219, 0.749219926494912202841192083724308758974075317382812500000000,-0.403113486114571317742161227215547114610671997070312500000000,-0.525517857979646341171076073806034401059150695800781250000000, 2.124120009831083955020858411444351077079772949218750000000000, 5.789567475750528657840732194017618894577026367187500000000000
 0.000630561876176014305880879184940113191260024905204772949219,-0.749219926494912202841192083724308758974075317382812500000000, 0.403113486114571206719858764699893072247505187988281250000000, 0.525517857979646341171076073806034401059150695800781250000000, 1.017472643758709160977105057099834084510803222656250000000000, 2.647974822160735985931978575536049902439117431640625000000000
 0.000630561876176014305880879184940113191260024905204772949219,-0.749219926494912202841192083724308758974075317382812500000000, 0.403113486114571206719858764699893072247505187988281250000000,-0.525517857979646341171076073806034401059150695800781250000000, 2.124120009831083955020858411444351077079772949218750000000000, 2.647974822160735985931978575536049902439117431640625000000000
 0.000630561876176014305880879184940113191260024905204772949219,-0.749219926494912202841192083724308758974075317382812500000000,-0.403113486114571206719858764699893072247505187988281250000000, 0.525517857979646341171076073806034401059150695800781250000000, 1.017472643758709160977105057099834084510803222656250000000000, 3.635210485018850246063948361552320420742034912109375000000000
 0.000630561876176014305880879184940113191260024905204772949219,-0.749219926494912202841192083724308758974075317382812500000000,-0.403113486114571206719858764699893072247505187988281250000000,-0.525517857979646341171076073806034401059150695800781250000000, 2.124120009831083955020858411444351077079772949218750000000000, 3.635210485018850246063948361552320420742034912109375000000000
 0.000634309276760014429871747942968340794323012232780456542969, 0.571802563373459027395995235565351322293281555175781250000000, 0.450942644834235073503236890246625989675521850585937500000000, 0.685341199395925970705434338015038520097732543945312500000000, 0.815724193643666883879461693140910938382148742675781250000000, 0.667771606439538478738882076868321746587753295898437500000000
 0.000634309276760014429871747942968340794323012232780456542969, 0.571802563373458805351390310534043237566947937011718750000000, 0.450942644834234906969783196473144926130771636962890625000000,-0.685341199395926081727736800530692562460899353027343750000000, 2.325868459946126787230014087981544435024261474609375000000000, 0.667771606439538478738882076868321746587753295898437500000000
 0.000634309276760014429871747942968340794323012232780456542969, 0.571802563373459027395995235565351322293281555175781250000000,-0.450942644834235073503236890246625989675521850585937500000000, 0.685341199395925970705434338015038520097732543945312500000000, 0.815724193643666883879461693140910938382148742675781250000000, 5.615413700740047531212439935188740491867065429687500000000000
 0.000634309276760014429871747942968340794323012232780456542969, 0.571802563373458805351390310534043237566947937011718750000000,-0.450942644834234906969783196473144926130771636962890625000000,-0.685341199395926081727736800530692562460899353027343750000000, 2.325868459946126787230014087981544435024261474609375000000000, 5.615413700740047531212439935188740491867065429687500000000000
 0.000634309276760014429871747942968340794323012232780456542969,-0.571802563373459027395995235565351322293281555175781250000000, 0.450942644834235073503236890246625989675521850585937500000000, 0.685341199395925970705434338015038520097732543945312500000000, 0.815724193643666883879461693140910938382148742675781250000000, 2.473821047150254859303686316707171499729156494140625000000000
 0.000634309276760014429871747942968340794323012232780456542969,-0.571802563373458805351390310534043237566947937011718750000000, 0.450942644834234906969783196473144926130771636962890625000000,-0.685341199395926081727736800530692562460899353027343750000000, 2.325868459946126787230014087981544435024261474609375000000000, 2.473821047150254859303686316707171499729156494140625000000000
 0.000634309276760014429871747942968340794323012232780456542969,-0.571802563373459027395995235565351322293281555175781250000000,-0.450942644834235073503236890246625989675521850585937500000000, 0.685341199395925970705434338015038520097732543945312500000000, 0.815724193643666883879461693140910938382148742675781250000000, 3.809364260029331372692240620381198823451995849609375000000000
 0.000634309276760014429871747942968340794323012232780456542969,-0.571802563373458805351390310534043237566947937011718750000000,-0.450942644834234906969783196473144926130771636962890625000000,-0.685341199395926081727736800530692562460899353027343750000000, 2.325868459946126787230014087981544435024261474609375000000000, 3.809364260029331372692240620381198823451995849609375000000000
 0.000634309276760014429871747942968340794323012232780456542969, 0.571802563373458805351390310534043237566947937011718750000000, 0.685341199395926081727736800530692562460899353027343750000000, 0.450942644834235017992085658988798968493938446044921875000000, 1.102975147109553244462176735396496951580047607421875000000000, 0.875468558788151440808178449515253305435180664062500000000000
 0.000634309276760014429871747942968340794323012232780456542969, 0.571802563373458805351390310534043237566947937011718750000000, 0.685341199395926081727736800530692562460899353027343750000000,-0.450942644834235017992085658988798968493938446044921875000000, 2.038617506480239871535786733147688210010528564453125000000000, 0.875468558788151440808178449515253305435180664062500000000000
 0.000634309276760014429871747942968340794323012232780456542969, 0.571802563373458805351390310534043237566947937011718750000000,-0.685341199395926081727736800530692562460899353027343750000000, 0.450942644834235017992085658988798968493938446044921875000000, 1.102975147109553244462176735396496951580047607421875000000000, 5.407716748391434791187748487573117017745971679687500000000000
 0.000634309276760014429871747942968340794323012232780456542969, 0.571802563373458805351390310534043237566947937011718750000000,-0.685341199395926081727736800530692562460899353027343750000000,-0.450942644834235017992085658988798968493938446044921875000000, 2.038617506480239871535786733147688210010528564453125000000000, 5.407716748391434791187748487573117017745971679687500000000000
 0.000634309276760014429871747942968340794323012232780456542969,-0.571802563373459249440600160596659407019615173339843750000000, 0.685341199395925748660829412983730435371398925781250000000000, 0.450942644834235017992085658988798968493938446044921875000000, 1.102975147109553244462176735396496951580047607421875000000000, 2.266124094801642563368204719154164195060729980468750000000000
 0.000634309276760014429871747942968340794323012232780456542969,-0.571802563373459249440600160596659407019615173339843750000000, 0.685341199395925748660829412983730435371398925781250000000000,-0.450942644834235017992085658988798968493938446044921875000000, 2.038617506480239871535786733147688210010528564453125000000000, 2.266124094801642563368204719154164195060729980468750000000000
 0.000634309276760014429871747942968340794323012232780456542969,-0.571802563373459249440600160596659407019615173339843750000000,-0.685341199395925748660829412983730435371398925781250000000000, 0.450942644834235017992085658988798968493938446044921875000000, 1.102975147109553244462176735396496951580047607421875000000000, 4.017061212377943668627722217934206128120422363281250000000000
 0.000634309276760014429871747942968340794323012232780456542969,-0.571802563373459249440600160596659407019615173339843750000000,-0.685341199395925748660829412983730435371398925781250000000000,-0.450942644834235017992085658988798968493938446044921875000000, 2.038617506480239871535786733147688210010528564453125000000000, 4.017061212377943668627722217934206128120422363281250000000000
 0.000634309276760014429871747942968340794323012232780456542969, 0.450942644834235073503236890246625989675521850585937500000000, 0.571802563373459027395995235565351322293281555175781250000000, 0.685341199395925970705434338015038520097732543945312500000000, 0.815724193643666883879461693140910938382148742675781250000000, 0.903024720355358190282402119919424876570701599121093750000000
 0.000634309276760014429871747942968340794323012232780456542969, 0.450942644834234906969783196473144926130771636962890625000000, 0.571802563373458805351390310534043237566947937011718750000000,-0.685341199395926081727736800530692562460899353027343750000000, 2.325868459946126787230014087981544435024261474609375000000000, 0.903024720355358190282402119919424876570701599121093750000000
 0.000634309276760014429871747942968340794323012232780456542969, 0.450942644834235073503236890246625989675521850585937500000000,-0.571802563373459027395995235565351322293281555175781250000000, 0.685341199395925970705434338015038520097732543945312500000000, 0.815724193643666883879461693140910938382148742675781250000000, 5.380160586824228374780432204715907573699951171875000000000000
 0.000634309276760014429871747942968340794323012232780456542969, 0.450942644834234906969783196473144926130771636962890625000000,-0.571802563373458805351390310534043237566947937011718750000000,-0.685341199395926081727736800530692562460899353027343750000000, 2.325868459946126787230014087981544435024261474609375000000000, 5.380160586824228374780432204715907573699951171875000000000000
 0.000634309276760014429871747942968340794323012232780456542969,-0.450942644834235295547841815277934074401855468750000000000000, 0.571802563373458805351390310534043237566947937011718750000000, 0.685341199395925970705434338015038520097732543945312500000000, 0.815724193643666883879461693140910938382148742675781250000000, 2.238567933234435702871678586234338581562042236328125000000000
 0.000634309276760014429871747942968340794323012232780456542969,-0.450942644834235184525539352762280032038688659667968750000000, 0.571802563373458694329087848018389195203781127929687500000000,-0.685341199395926081727736800530692562460899353027343750000000, 2.325868459946126343140804237918928265571594238281250000000000, 2.238567933234435258782468736171722412109375000000000000000000
 0.000634309276760014429871747942968340794323012232780456542969,-0.450942644834235295547841815277934074401855468750000000000000,-0.571802563373458805351390310534043237566947937011718750000000, 0.685341199395925970705434338015038520097732543945312500000000, 0.815724193643666883879461693140910938382148742675781250000000, 4.044617373945150973213458200916647911071777343750000000000000
 0.000634309276760014429871747942968340794323012232780456542969,-0.450942644834235184525539352762280032038688659667968750000000,-0.571802563373458694329087848018389195203781127929687500000000,-0.685341199395926081727736800530692562460899353027343750000000, 2.325868459946126343140804237918928265571594238281250000000000, 4.044617373945150973213458200916647911071777343750000000000000
 0.000634309276760014429871747942968340794323012232780456542969, 0.450942644834235017992085658988798968493938446044921875000000, 0.685341199395925970705434338015038520097732543945312500000000, 0.571802563373458916373692773049697279930114746093750000000000, 0.962094950051274100388809529249556362628936767578125000000000, 0.988829827848819120639234370173653587698936462402343750000000
 0.000634309276760014429871747942968340794323012232780456542969, 0.450942644834235017992085658988798968493938446044921875000000, 0.685341199395925970705434338015038520097732543945312500000000,-0.571802563373458916373692773049697279930114746093750000000000, 2.179497703538519015609153939294628798961639404296875000000000, 0.988829827848819120639234370173653587698936462402343750000000
 0.000634309276760014429871747942968340794323012232780456542969, 0.450942644834235017992085658988798968493938446044921875000000,-0.685341199395925970705434338015038520097732543945312500000000, 0.571802563373458916373692773049697279930114746093750000000000, 0.962094950051274100388809529249556362628936767578125000000000, 5.294355479330767444423599954461678862571716308593750000000000
 0.000634309276760014429871747942968340794323012232780456542969, 0.450942644834235017992085658988798968493938446044921875000000,-0.685341199395925970705434338015038520097732543945312500000000,-0.571802563373458916373692773049697279930114746093750000000000, 2.179497703538519015609153939294628798961639404296875000000000, 5.294355479330767444423599954461678862571716308593750000000000
 0.000634309276760014429871747942968340794323012232780456542969,-0.450942644834235184525539352762280032038688659667968750000000, 0.685341199395925970705434338015038520097732543945312500000000, 0.571802563373458916373692773049697279930114746093750000000000, 0.962094950051274100388809529249556362628936767578125000000000, 2.152762825740974328425636485917493700981140136718750000000000
 0.000634309276760014429871747942968340794323012232780456542969,-0.450942644834235184525539352762280032038688659667968750000000, 0.685341199395925970705434338015038520097732543945312500000000,-0.571802563373458916373692773049697279930114746093750000000000, 2.179497703538519015609153939294628798961639404296875000000000, 2.152762825740974328425636485917493700981140136718750000000000
 0.000634309276760014429871747942968340794323012232780456542969,-0.450942644834235184525539352762280032038688659667968750000000,-0.685341199395925970705434338015038520097732543945312500000000, 0.571802563373458916373692773049697279930114746093750000000000, 0.962094950051274100388809529249556362628936767578125000000000, 4.130422481438611903570290451170876622200012207031250000000000
 0.000634309276760014429871747942968340794323012232780456542969,-0.450942644834235184525539352762280032038688659667968750000000,-0.685341199395925970705434338015038520097732543945312500000000,-0.571802563373458916373692773049697279930114746093750000000000, 2.179497703538519015609153939294628798961639404296875000000000, 4.130422481438611903570290451170876622200012207031250000000000
 0.000634309276760014429871747942968340794323012232780456542969, 0.685341199395926081727736800530692562460899353027343750000000, 0.571802563373458805351390310534043237566947937011718750000000, 0.450942644834235017992085658988798968493938446044921875000000, 1.102975147109553244462176735396496951580047607421875000000000, 0.695327768006745228213105747272493317723274230957031250000000
 0.000634309276760014429871747942968340794323012232780456542969, 0.685341199395926081727736800530692562460899353027343750000000, 0.571802563373458805351390310534043237566947937011718750000000,-0.450942644834235017992085658988798968493938446044921875000000, 2.038617506480239871535786733147688210010528564453125000000000, 0.695327768006745228213105747272493317723274230957031250000000
 0.000634309276760014429871747942968340794323012232780456542969, 0.685341199395926081727736800530692562460899353027343750000000,-0.571802563373458805351390310534043237566947937011718750000000, 0.450942644834235017992085658988798968493938446044921875000000, 1.102975147109553244462176735396496951580047607421875000000000, 5.587857539172841114805123652331531047821044921875000000000000
 0.000634309276760014429871747942968340794323012232780456542969, 0.685341199395926081727736800530692562460899353027343750000000,-0.571802563373458805351390310534043237566947937011718750000000,-0.450942644834235017992085658988798968493938446044921875000000, 2.038617506480239871535786733147688210010528564453125000000000, 5.587857539172841114805123652331531047821044921875000000000000
 0.000634309276760014429871747942968340794323012232780456542969,-0.685341199395926081727736800530692562460899353027343750000000, 0.571802563373458805351390310534043237566947937011718750000000, 0.450942644834235017992085658988798968493938446044921875000000, 1.102975147109553244462176735396496951580047607421875000000000, 2.446264885583047998807160183787345886230468750000000000000000
 0.000634309276760014429871747942968340794323012232780456542969,-0.685341199395926081727736800530692562460899353027343750000000, 0.571802563373458805351390310534043237566947937011718750000000,-0.450942644834235017992085658988798968493938446044921875000000, 2.038617506480239871535786733147688210010528564453125000000000, 2.446264885583047998807160183787345886230468750000000000000000
 0.000634309276760014429871747942968340794323012232780456542969,-0.685341199395926081727736800530692562460899353027343750000000,-0.571802563373458805351390310534043237566947937011718750000000, 0.450942644834235017992085658988798968493938446044921875000000, 1.102975147109553244462176735396496951580047607421875000000000, 3.836920421596538233188766753301024436950683593750000000000000
 0.000634309276760014429871747942968340794323012232780456542969,-0.685341199395926081727736800530692562460899353027343750000000,-0.571802563373458805351390310534043237566947937011718750000000,-0.450942644834235017992085658988798968493938446044921875000000, 2.038617506480239871535786733147688210010528564453125000000000, 3.836920421596538233188766753301024436950683593750000000000000
 0.000634309276760014429871747942968340794323012232780456542969, 0.685341199395925970705434338015038520097732543945312500000000, 0.450942644834235017992085658988798968493938446044921875000000, 0.571802563373458916373692773049697279930114746093750000000000, 0.962094950051274100388809529249556362628936767578125000000000, 0.581966498946077548382049826614093035459518432617187500000000
 0.000634309276760014429871747942968340794323012232780456542969, 0.685341199395925970705434338015038520097732543945312500000000, 0.450942644834235017992085658988798968493938446044921875000000,-0.571802563373458916373692773049697279930114746093750000000000, 2.179497703538519015609153939294628798961639404296875000000000, 0.581966498946077548382049826614093035459518432617187500000000
 0.000634309276760014429871747942968340794323012232780456542969, 0.685341199395925970705434338015038520097732543945312500000000,-0.450942644834235017992085658988798968493938446044921875000000, 0.571802563373458916373692773049697279930114746093750000000000, 0.962094950051274100388809529249556362628936767578125000000000, 5.701218808233508461569272185442969202995300292968750000000000
 0.000634309276760014429871747942968340794323012232780456542969, 0.685341199395925970705434338015038520097732543945312500000000,-0.450942644834235017992085658988798968493938446044921875000000,-0.571802563373458916373692773049697279930114746093750000000000, 2.179497703538519015609153939294628798961639404296875000000000, 5.701218808233508461569272185442969202995300292968750000000000
 0.000634309276760014429871747942968340794323012232780456542969,-0.685341199395926081727736800530692562460899353027343750000000, 0.450942644834235017992085658988798968493938446044921875000000, 0.571802563373458916373692773049697279930114746093750000000000, 0.962094950051274100388809529249556362628936767578125000000000, 2.559626154643715789660518566961400210857391357421875000000000
 0.000634309276760014429871747942968340794323012232780456542969,-0.685341199395926081727736800530692562460899353027343750000000, 0.450942644834235017992085658988798968493938446044921875000000,-0.571802563373458916373692773049697279930114746093750000000000, 2.179497703538519015609153939294628798961639404296875000000000, 2.559626154643715789660518566961400210857391357421875000000000
 0.000634309276760014429871747942968340794323012232780456542969,-0.685341199395926081727736800530692562460899353027343750000000,-0.450942644834235017992085658988798968493938446044921875000000, 0.571802563373458916373692773049697279930114746093750000000000, 0.962094950051274100388809529249556362628936767578125000000000, 3.723559152535870442335408370126970112323760986328125000000000
 0.000634309276760014429871747942968340794323012232780456542969,-0.685341199395926081727736800530692562460899353027343750000000,-0.450942644834235017992085658988798968493938446044921875000000,-0.571802563373458916373692773049697279930114746093750000000000, 2.179497703538519015609153939294628798961639404296875000000000, 3.723559152535870442335408370126970112323760986328125000000000
 0.000517626894574011744108721355672741992748342454433441162109, 0.268692777272341198901983716496033594012260437011718750000000, 0.047113225024232499582588218345335917547345161437988281250000, 0.962073040610478824596896174625726416707038879394531250000000, 0.276293888632423378926006307665375061333179473876953125000000, 0.173577831535628057668674273372744210064411163330078125000000
 0.000517626894574011744108721355672741992748342454433441162109, 0.268692777272340976857378791464725509285926818847656250000000, 0.047113225024232499582588218345335917547345161437988281250000,-0.962073040610478935619198637141380459070205688476562500000000, 2.865298764957370458716923167230561375617980957031250000000000, 0.173577831535628196446552351517311763018369674682617187500000
 0.000517626894574011744108721355672741992748342454433441162109, 0.268692777272341198901983716496033594012260437011718750000000,-0.047113225024232499582588218345335917547345161437988281250000, 0.962073040610478824596896174625726416707038879394531250000000, 0.276293888632423378926006307665375061333179473876953125000000, 6.109607475643958451883008820004761219024658203125000000000000
 0.000517626894574011744108721355672741992748342454433441162109, 0.268692777272340976857378791464725509285926818847656250000000,-0.047113225024232499582588218345335917547345161437988281250000,-0.962073040610478935619198637141380459070205688476562500000000, 2.865298764957370458716923167230561375617980957031250000000000, 6.109607475643958451883008820004761219024658203125000000000000
 0.000517626894574011744108721355672741992748342454433441162109,-0.268692777272341198901983716496033594012260437011718750000000, 0.047113225024232402438073563644138630479574203491210937500000, 0.962073040610478824596896174625726416707038879394531250000000, 0.276293888632423378926006307665375061333179473876953125000000, 2.968014822054165335885045351460576057434082031250000000000000
 0.000517626894574011744108721355672741992748342454433441162109,-0.268692777272340976857378791464725509285926818847656250000000, 0.047113225024232402438073563644138630479574203491210937500000,-0.962073040610478935619198637141380459070205688476562500000000, 2.865298764957370458716923167230561375617980957031250000000000, 2.968014822054165335885045351460576057434082031250000000000000
 0.000517626894574011744108721355672741992748342454433441162109,-0.268692777272341198901983716496033594012260437011718750000000,-0.047113225024232402438073563644138630479574203491210937500000, 0.962073040610478824596896174625726416707038879394531250000000, 0.276293888632423378926006307665375061333179473876953125000000, 3.315170485125420896110881585627794265747070312500000000000000
 0.000517626894574011744108721355672741992748342454433441162109,-0.268692777272340976857378791464725509285926818847656250000000,-0.047113225024232402438073563644138630479574203491210937500000,-0.962073040610478935619198637141380459070205688476562500000000, 2.865298764957370458716923167230561375617980957031250000000000, 3.315170485125420896110881585627794265747070312500000000000000
 0.000517626894574011744108721355672741992748342454433441162109, 0.268692777272341309924286179011687636375427246093750000000000, 0.962073040610478824596896174625726416707038879394531250000000, 0.047113225024232402438073563644138630479574203491210937500000, 1.523665655146681396914232209383044391870498657226562500000000, 1.298450565330824257870290239225141704082489013671875000000000
 0.000517626894574011744108721355672741992748342454433441162109, 0.268692777272341309924286179011687636375427246093750000000000, 0.962073040610478824596896174625726416707038879394531250000000,-0.047113225024232596727102873046533204615116119384765625000000, 1.617926998443111941128336184192448854446411132812500000000000, 1.298450565330824257870290239225141704082489013671875000000000
 0.000517626894574011744108721355672741992748342454433441162109, 0.268692777272341309924286179011687636375427246093750000000000,-0.962073040610478824596896174625726416707038879394531250000000, 0.047113225024232402438073563644138630479574203491210937500000, 1.523665655146681396914232209383044391870498657226562500000000, 4.984734741848761530036426847800612449645996093750000000000000
 0.000517626894574011744108721355672741992748342454433441162109, 0.268692777272341309924286179011687636375427246093750000000000,-0.962073040610478824596896174625726416707038879394531250000000,-0.047113225024232596727102873046533204615116119384765625000000, 1.617926998443111941128336184192448854446411132812500000000000, 4.984734741848761530036426847800612449645996093750000000000000
 0.000517626894574011744108721355672741992748342454433441162109,-0.268692777272341476457739872785168699920177459716796875000000, 0.962073040610478824596896174625726416707038879394531250000000, 0.047113225024232402438073563644138630479574203491210937500000, 1.523665655146681396914232209383044391870498657226562500000000, 1.843142088258969302216883079381659626960754394531250000000000
 0.000517626894574011744108721355672741992748342454433441162109,-0.268692777272341476457739872785168699920177459716796875000000, 0.962073040610478824596896174625726416707038879394531250000000,-0.047113225024232596727102873046533204615116119384765625000000, 1.617926998443111941128336184192448854446411132812500000000000, 1.843142088258969302216883079381659626960754394531250000000000
 0.000517626894574011744108721355672741992748342454433441162109,-0.268692777272341476457739872785168699920177459716796875000000,-0.962073040610478824596896174625726416707038879394531250000000, 0.047113225024232402438073563644138630479574203491210937500000, 1.523665655146681396914232209383044391870498657226562500000000, 4.440043218920616929779043857706710696220397949218750000000000
 0.000517626894574011744108721355672741992748342454433441162109,-0.268692777272341476457739872785168699920177459716796875000000,-0.962073040610478824596896174625726416707038879394531250000000,-0.047113225024232596727102873046533204615116119384765625000000, 1.617926998443111941128336184192448854446411132812500000000000, 4.440043218920616929779043857706710696220397949218750000000000
 0.000517626894574011744108721355672741992748342454433441162109, 0.047113225024232402438073563644138630479574203491210937500000, 0.268692777272341198901983716496033594012260437011718750000000, 0.962073040610478824596896174625726416707038879394531250000000, 0.276293888632423378926006307665375061333179473876953125000000, 1.397218495259268999930668542219791561365127563476562500000000
 0.000517626894574011744108721355672741992748342454433441162109, 0.047113225024232402438073563644138630479574203491210937500000, 0.268692777272340976857378791464725509285926818847656250000000,-0.962073040610478935619198637141380459070205688476562500000000, 2.865298764957370458716923167230561375617980957031250000000000, 1.397218495259268777886063617188483476638793945312500000000000
 0.000517626894574011744108721355672741992748342454433441162109, 0.047113225024232402438073563644138630479574203491210937500000,-0.268692777272341198901983716496033594012260437011718750000000, 0.962073040610478824596896174625726416707038879394531250000000, 0.276293888632423378926006307665375061333179473876953125000000, 4.885966811920317454109863319899886846542358398437500000000000
 0.000517626894574011744108721355672741992748342454433441162109, 0.047113225024232402438073563644138630479574203491210937500000,-0.268692777272340976857378791464725509285926818847656250000000,-0.962073040610478935619198637141380459070205688476562500000000, 2.865298764957370458716923167230561375617980957031250000000000, 4.885966811920317454109863319899886846542358398437500000000000
 0.000517626894574011744108721355672741992748342454433441162109,-0.047113225024232402438073563644138630479574203491210937500000, 0.268692777272341198901983716496033594012260437011718750000000, 0.962073040610478824596896174625726416707038879394531250000000, 0.276293888632423378926006307665375061333179473876953125000000, 1.744374158330524338111899851355701684951782226562500000000000
 0.000517626894574011744108721355672741992748342454433441162109,-0.047113225024232402438073563644138630479574203491210937500000, 0.268692777272340976857378791464725509285926818847656250000000,-0.962073040610478935619198637141380459070205688476562500000000, 2.865298764957370458716923167230561375617980957031250000000000, 1.744374158330524560156504776387009769678115844726562500000000
 0.000517626894574011744108721355672741992748342454433441162109,-0.047113225024232402438073563644138630479574203491210937500000,-0.268692777272341198901983716496033594012260437011718750000000, 0.962073040610478824596896174625726416707038879394531250000000, 0.276293888632423378926006307665375061333179473876953125000000, 4.538811148849061893884027085732668638229370117187500000000000
 0.000517626894574011744108721355672741992748342454433441162109,-0.047113225024232402438073563644138630479574203491210937500000,-0.268692777272340976857378791464725509285926818847656250000000,-0.962073040610478935619198637141380459070205688476562500000000, 2.865298764957370458716923167230561375617980957031250000000000, 4.538811148849061893884027085732668638229370117187500000000000
 0.000517626894574011744108721355672741992748342454433441162109, 0.047113225024232201210150350334515678696334362030029296875000, 0.962073040610478713574593712110072374343872070312500000000000, 0.268692777272341476457739872785168699920177459716796875000000, 1.298760682646658448646803662995807826519012451171875000000000, 1.521864887919217812495276120898779481649398803710937500000000
 0.000517626894574011744108721355672741992748342454433441162109, 0.047113225024232201210150350334515678696334362030029296875000, 0.962073040610478713574593712110072374343872070312500000000000,-0.268692777272341476457739872785168699920177459716796875000000, 1.842831970943134667351159805548377335071563720703125000000000, 1.521864887919217812495276120898779481649398803710937500000000
 0.000517626894574011744108721355672741992748342454433441162109, 0.047113225024232201210150350334515678696334362030029296875000,-0.962073040610478713574593712110072374343872070312500000000000, 0.268692777272341476457739872785168699920177459716796875000000, 1.298760682646658448646803662995807826519012451171875000000000, 4.761320419260368197456045891158282756805419921875000000000000
 0.000517626894574011744108721355672741992748342454433441162109, 0.047113225024232201210150350334515678696334362030029296875000,-0.962073040610478713574593712110072374343872070312500000000000,-0.268692777272341476457739872785168699920177459716796875000000, 1.842831970943134667351159805548377335071563720703125000000000, 4.761320419260368197456045891158282756805419921875000000000000
 0.000517626894574011744108721355672741992748342454433441162109,-0.047113225024232499582588218345335917547345161437988281250000, 0.962073040610478713574593712110072374343872070312500000000000, 0.268692777272341476457739872785168699920177459716796875000000, 1.298760682646658448646803662995807826519012451171875000000000, 1.619727765670575747591897197708021849393844604492187500000000
 0.000517626894574011744108721355672741992748342454433441162109,-0.047113225024232499582588218345335917547345161437988281250000, 0.962073040610478713574593712110072374343872070312500000000000,-0.268692777272341476457739872785168699920177459716796875000000, 1.842831970943134667351159805548377335071563720703125000000000, 1.619727765670575747591897197708021849393844604492187500000000
 0.000517626894574011744108721355672741992748342454433441162109,-0.047113225024232499582588218345335917547345161437988281250000,-0.962073040610478713574593712110072374343872070312500000000000, 0.268692777272341476457739872785168699920177459716796875000000, 1.298760682646658448646803662995807826519012451171875000000000, 4.663457541509010262359424814349040389060974121093750000000000
 0.000517626894574011744108721355672741992748342454433441162109,-0.047113225024232499582588218345335917547345161437988281250000,-0.962073040610478713574593712110072374343872070312500000000000,-0.268692777272341476457739872785168699920177459716796875000000, 1.842831970943134667351159805548377335071563720703125000000000, 4.663457541509010262359424814349040389060974121093750000000000
 0.000517626894574011744108721355672741992748342454433441162109, 0.962073040610478824596896174625726416707038879394531250000000, 0.268692777272341420946588641527341678738594055175781250000000, 0.047113225024232402438073563644138630479574203491210937500000, 1.523665655146681396914232209383044391870498657226562500000000, 0.272345761464072577684447651336085982620716094970703125000000
 0.000517626894574011744108721355672741992748342454433441162109, 0.962073040610478824596896174625726416707038879394531250000000, 0.268692777272341420946588641527341678738594055175781250000000,-0.047113225024232596727102873046533204615116119384765625000000, 1.617926998443111941128336184192448854446411132812500000000000, 0.272345761464072577684447651336085982620716094970703125000000
 0.000517626894574011744108721355672741992748342454433441162109, 0.962073040610478824596896174625726416707038879394531250000000,-0.268692777272341420946588641527341678738594055175781250000000, 0.047113225024232402438073563644138630479574203491210937500000, 1.523665655146681396914232209383044391870498657226562500000000, 6.010839545715513487778025591978803277015686035156250000000000
 0.000517626894574011744108721355672741992748342454433441162109, 0.962073040610478824596896174625726416707038879394531250000000,-0.268692777272341420946588641527341678738594055175781250000000,-0.047113225024232596727102873046533204615116119384765625000000, 1.617926998443111941128336184192448854446411132812500000000000, 6.010839545715513487778025591978803277015686035156250000000000
 0.000517626894574011744108721355672741992748342454433441162109,-0.962073040610478935619198637141380459070205688476562500000000, 0.268692777272341087879681253980379551649093627929687500000000, 0.047113225024232402438073563644138630479574203491210937500000, 1.523665655146681396914232209383044391870498657226562500000000, 2.869246892125720815869271973497234284877777099609375000000000
 0.000517626894574011744108721355672741992748342454433441162109,-0.962073040610478935619198637141380459070205688476562500000000, 0.268692777272341087879681253980379551649093627929687500000000,-0.047113225024232596727102873046533204615116119384765625000000, 1.617926998443111941128336184192448854446411132812500000000000, 2.869246892125720815869271973497234284877777099609375000000000
 0.000517626894574011744108721355672741992748342454433441162109,-0.962073040610478935619198637141380459070205688476562500000000,-0.268692777272341087879681253980379551649093627929687500000000, 0.047113225024232402438073563644138630479574203491210937500000, 1.523665655146681396914232209383044391870498657226562500000000, 3.413938415053865416126654963591136038303375244140625000000000
 0.000517626894574011744108721355672741992748342454433441162109,-0.962073040610478935619198637141380459070205688476562500000000,-0.268692777272341087879681253980379551649093627929687500000000,-0.047113225024232596727102873046533204615116119384765625000000, 1.617926998443111941128336184192448854446411132812500000000000, 3.413938415053865416126654963591136038303375244140625000000000
 0.000517626894574011744108721355672741992748342454433441162109, 0.962073040610478713574593712110072374343872070312500000000000, 0.047113225024232097126741791726090013980865478515625000000000, 0.268692777272341476457739872785168699920177459716796875000000, 1.298760682646658448646803662995807826519012451171875000000000, 0.048931438875678745503705613373313099145889282226562500000000
 0.000517626894574011744108721355672741992748342454433441162109, 0.962073040610478713574593712110072374343872070312500000000000, 0.047113225024232097126741791726090013980865478515625000000000,-0.268692777272341476457739872785168699920177459716796875000000, 1.842831970943134667351159805548377335071563720703125000000000, 0.048931438875678745503705613373313099145889282226562500000000
 0.000517626894574011744108721355672741992748342454433441162109, 0.962073040610478713574593712110072374343872070312500000000000,-0.047113225024232097126741791726090013980865478515625000000000, 0.268692777272341476457739872785168699920177459716796875000000, 1.298760682646658448646803662995807826519012451171875000000000, 6.234253868303907708536826248746365308761596679687500000000000
 0.000517626894574011744108721355672741992748342454433441162109, 0.962073040610478713574593712110072374343872070312500000000000,-0.047113225024232097126741791726090013980865478515625000000000,-0.268692777272341476457739872785168699920177459716796875000000, 1.842831970943134667351159805548377335071563720703125000000000, 6.234253868303907708536826248746365308761596679687500000000000
 0.000517626894574011744108721355672741992748342454433441162109,-0.962073040610478713574593712110072374343872070312500000000000, 0.047113225024231999982227137024892726913094520568847656250000, 0.268692777272341476457739872785168699920177459716796875000000, 1.298760682646658448646803662995807826519012451171875000000000, 3.092661214714114592538862780202180147171020507812500000000000
 0.000517626894574011744108721355672741992748342454433441162109,-0.962073040610478713574593712110072374343872070312500000000000, 0.047113225024231999982227137024892726913094520568847656250000,-0.268692777272341476457739872785168699920177459716796875000000, 1.842831970943134667351159805548377335071563720703125000000000, 3.092661214714114592538862780202180147171020507812500000000000
 0.000517626894574011744108721355672741992748342454433441162109,-0.962073040610478713574593712110072374343872070312500000000000,-0.047113225024231999982227137024892726913094520568847656250000, 0.268692777272341476457739872785168699920177459716796875000000, 1.298760682646658448646803662995807826519012451171875000000000, 3.190524092465471639457064156886190176010131835937500000000000
 0.000517626894574011744108721355672741992748342454433441162109,-0.962073040610478713574593712110072374343872070312500000000000,-0.047113225024231999982227137024892726913094520568847656250000,-0.268692777272341476457739872785168699920177459716796875000000, 1.842831970943134667351159805548377335071563720703125000000000, 3.190524092465471639457064156886190176010131835937500000000000
 0.000556484031331012539076108502911210962338373064994812011719, 0.330600681990480926852882248567766509950160980224609375000000, 0.097844873039427002203716199346672510728240013122558593750000, 0.938685021659197094123783244867809116840362548828125000000000, 0.352000050135954978269836601612041704356670379638671875000000, 0.287747084630807725691425957847968675196170806884765625000000
 0.000556484031331012539076108502911210962338373064994812011719, 0.330600681990480926852882248567766509950160980224609375000000, 0.097844873039427002203716199346672510728240013122558593750000,-0.938685021659197094123783244867809116840362548828125000000000, 2.789592603453838304261580560705624520778656005859375000000000, 0.287747084630807725691425957847968675196170806884765625000000
 0.000556484031331012539076108502911210962338373064994812011719, 0.330600681990480926852882248567766509950160980224609375000000,-0.097844873039427002203716199346672510728240013122558593750000, 0.938685021659197094123783244867809116840362548828125000000000, 0.352000050135954978269836601612041704356670379638671875000000, 5.995438222548778561815652210498228669166564941406250000000000
 0.000556484031331012539076108502911210962338373064994812011719, 0.330600681990480926852882248567766509950160980224609375000000,-0.097844873039427002203716199346672510728240013122558593750000,-0.938685021659197094123783244867809116840362548828125000000000, 2.789592603453838304261580560705624520778656005859375000000000, 5.995438222548778561815652210498228669166564941406250000000000
 0.000556484031331012539076108502911210962338373064994812011719,-0.330600681990480926852882248567766509950160980224609375000000, 0.097844873039427002203716199346672510728240013122558593750000, 0.938685021659197094123783244867809116840362548828125000000000, 0.352000050135954978269836601612041704356670379638671875000000, 2.853845568958985445817688741954043507575988769531250000000000
 0.000556484031331012539076108502911210962338373064994812011719,-0.330600681990480926852882248567766509950160980224609375000000, 0.097844873039427002203716199346672510728240013122558593750000,-0.938685021659197094123783244867809116840362548828125000000000, 2.789592603453838304261580560705624520778656005859375000000000, 2.853845568958985445817688741954043507575988769531250000000000
 0.000556484031331012539076108502911210962338373064994812011719,-0.330600681990480926852882248567766509950160980224609375000000,-0.097844873039427002203716199346672510728240013122558593750000, 0.938685021659197094123783244867809116840362548828125000000000, 0.352000050135954978269836601612041704356670379638671875000000, 3.429339738220600786178238195134326815605163574218750000000000
 0.000556484031331012539076108502911210962338373064994812011719,-0.330600681990480926852882248567766509950160980224609375000000,-0.097844873039427002203716199346672510728240013122558593750000,-0.938685021659197094123783244867809116840362548828125000000000, 2.789592603453838304261580560705624520778656005859375000000000, 3.429339738220600786178238195134326815605163574218750000000000
 0.000556484031331012539076108502911210962338373064994812011719, 0.330600681990480926852882248567766509950160980224609375000000, 0.938685021659197094123783244867809116840362548828125000000000, 0.097844873039426905059201544645475223660469055175781250000000, 1.472794655713397293794741926831193268299102783203125000000000, 1.232166906640613790457905452058184891939163208007812500000000
 0.000556484031331012539076108502911210962338373064994812011719, 0.330600681990480926852882248567766509950160980224609375000000, 0.938685021659197094123783244867809116840362548828125000000000,-0.097844873039427099348230854047869797796010971069335937500000, 1.668797997876396044247826466744299978017807006835937500000000, 1.232166906640613790457905452058184891939163208007812500000000
 0.000556484031331012539076108502911210962338373064994812011719, 0.330600681990480926852882248567766509950160980224609375000000,-0.938685021659197094123783244867809116840362548828125000000000, 0.097844873039426905059201544645475223660469055175781250000000, 1.472794655713397293794741926831193268299102783203125000000000, 5.051018400538972663582626410061493515968322753906250000000000
 0.000556484031331012539076108502911210962338373064994812011719, 0.330600681990480926852882248567766509950160980224609375000000,-0.938685021659197094123783244867809116840362548828125000000000,-0.097844873039427099348230854047869797796010971069335937500000, 1.668797997876396044247826466744299978017807006835937500000000, 5.051018400538972663582626410061493515968322753906250000000000
 0.000556484031331012539076108502911210962338373064994812011719,-0.330600681990481093386335942341247573494911193847656250000000, 0.938685021659196983101480782352155074477195739746093750000000, 0.097844873039426905059201544645475223660469055175781250000000, 1.472794655713397293794741926831193268299102783203125000000000, 1.909425746949179769629267866548616439104080200195312500000000
 0.000556484031331012539076108502911210962338373064994812011719,-0.330600681990481093386335942341247573494911193847656250000000, 0.938685021659196983101480782352155074477195739746093750000000,-0.097844873039427099348230854047869797796010971069335937500000, 1.668797997876396044247826466744299978017807006835937500000000, 1.909425746949179769629267866548616439104080200195312500000000
 0.000556484031331012539076108502911210962338373064994812011719,-0.330600681990481093386335942341247573494911193847656250000000,-0.938685021659196983101480782352155074477195739746093750000000, 0.097844873039426905059201544645475223660469055175781250000000, 1.472794655713397293794741926831193268299102783203125000000000, 4.373759560230406684411263995571061968803405761718750000000000
 0.000556484031331012539076108502911210962338373064994812011719,-0.330600681990481093386335942341247573494911193847656250000000,-0.938685021659196983101480782352155074477195739746093750000000,-0.097844873039427099348230854047869797796010971069335937500000, 1.668797997876396044247826466744299978017807006835937500000000, 4.373759560230406684411263995571061968803405761718750000000000
 0.000556484031331012539076108502911210962338373064994812011719, 0.097844873039426905059201544645475223660469055175781250000000, 0.330600681990480926852882248567766509950160980224609375000000, 0.938685021659197094123783244867809116840362548828125000000000, 0.352000050135954645202929214065079577267169952392578125000000, 1.283049242164089109863311932713259011507034301757812500000000
 0.000556484031331012539076108502911210962338373064994812011719, 0.097844873039426905059201544645475223660469055175781250000000, 0.330600681990480926852882248567766509950160980224609375000000,-0.938685021659197094123783244867809116840362548828125000000000, 2.789592603453838748350790410768240690231323242187500000000000, 1.283049242164089109863311932713259011507034301757812500000000
 0.000556484031331012539076108502911210962338373064994812011719, 0.097844873039426905059201544645475223660469055175781250000000,-0.330600681990480926852882248567766509950160980224609375000000, 0.938685021659197094123783244867809116840362548828125000000000, 0.352000050135954645202929214065079577267169952392578125000000, 5.000136065015497344177219929406419396400451660156250000000000
 0.000556484031331012539076108502911210962338373064994812011719, 0.097844873039426905059201544645475223660469055175781250000000,-0.330600681990480926852882248567766509950160980224609375000000,-0.938685021659197094123783244867809116840362548828125000000000, 2.789592603453838748350790410768240690231323242187500000000000, 5.000136065015497344177219929406419396400451660156250000000000
 0.000556484031331012539076108502911210962338373064994812011719,-0.097844873039427002203716199346672510728240013122558593750000, 0.330600681990480926852882248567766509950160980224609375000000, 0.938685021659197094123783244867809116840362548828125000000000, 0.352000050135954978269836601612041704356670379638671875000000, 1.858543411425704450223861385893542319536209106445312500000000
 0.000556484031331012539076108502911210962338373064994812011719,-0.097844873039427002203716199346672510728240013122558593750000, 0.330600681990480926852882248567766509950160980224609375000000,-0.938685021659197094123783244867809116840362548828125000000000, 2.789592603453838304261580560705624520778656005859375000000000, 1.858543411425704450223861385893542319536209106445312500000000
 0.000556484031331012539076108502911210962338373064994812011719,-0.097844873039427002203716199346672510728240013122558593750000,-0.330600681990480926852882248567766509950160980224609375000000, 0.938685021659197094123783244867809116840362548828125000000000, 0.352000050135954978269836601612041704356670379638671875000000, 4.424641895753882003816670476226136088371276855468750000000000
 0.000556484031331012539076108502911210962338373064994812011719,-0.097844873039427002203716199346672510728240013122558593750000,-0.330600681990480926852882248567766509950160980224609375000000,-0.938685021659197094123783244867809116840362548828125000000000, 2.789592603453838304261580560705624520778656005859375000000000, 4.424641895753882003816670476226136088371276855468750000000000
 0.000556484031331012539076108502911210962338373064994812011719, 0.097844873039426794036899082129821181297302246093750000000000, 0.938685021659197094123783244867809116840362548828125000000000, 0.330600681990480982364033479825593531131744384765625000000000, 1.233856352285440882710076948569621890783309936523437500000000, 1.466935291164824795018262193480040878057479858398437500000000
 0.000556484031331012539076108502911210962338373064994812011719, 0.097844873039426794036899082129821181297302246093750000000000, 0.938685021659197205146085707383463159203529357910156250000000,-0.330600681990480815830579786052112467586994171142578125000000, 1.907736301304352233287886519974563270807266235351562500000000, 1.466935291164824795018262193480040878057479858398437500000000
 0.000556484031331012539076108502911210962338373064994812011719, 0.097844873039426794036899082129821181297302246093750000000000,-0.938685021659197094123783244867809116840362548828125000000000, 0.330600681990480982364033479825593531131744384765625000000000, 1.233856352285440882710076948569621890783309936523437500000000, 4.816250016014761214933059818577021360397338867187500000000000
 0.000556484031331012539076108502911210962338373064994812011719, 0.097844873039426794036899082129821181297302246093750000000000,-0.938685021659197205146085707383463159203529357910156250000000,-0.330600681990480815830579786052112467586994171142578125000000, 1.907736301304352233287886519974563270807266235351562500000000, 4.816250016014761214933059818577021360397338867187500000000000
 0.000556484031331012539076108502911210962338373064994812011719,-0.097844873039427002203716199346672510728240013122558593750000, 0.938685021659197094123783244867809116840362548828125000000000, 0.330600681990480982364033479825593531131744384765625000000000, 1.233856352285440882710076948569621890783309936523437500000000, 1.674657362424968543024306200095452368259429931640625000000000
 0.000556484031331012539076108502911210962338373064994812011719,-0.097844873039427002203716199346672510728240013122558593750000, 0.938685021659197205146085707383463159203529357910156250000000,-0.330600681990480815830579786052112467586994171142578125000000, 1.907736301304352233287886519974563270807266235351562500000000, 1.674657362424968543024306200095452368259429931640625000000000
 0.000556484031331012539076108502911210962338373064994812011719,-0.097844873039427002203716199346672510728240013122558593750000,-0.938685021659197094123783244867809116840362548828125000000000, 0.330600681990480982364033479825593531131744384765625000000000, 1.233856352285440882710076948569621890783309936523437500000000, 4.608527944754618133060830587055534124374389648437500000000000
 0.000556484031331012539076108502911210962338373064994812011719,-0.097844873039427002203716199346672510728240013122558593750000,-0.938685021659197205146085707383463159203529357910156250000000,-0.330600681990480815830579786052112467586994171142578125000000, 1.907736301304352233287886519974563270807266235351562500000000, 4.608527944754618133060830587055534124374389648437500000000000
 0.000556484031331012539076108502911210962338373064994812011719, 0.938685021659197094123783244867809116840362548828125000000000, 0.330600681990480815830579786052112467586994171142578125000000, 0.097844873039426905059201544645475223660469055175781250000000, 1.472794655713397293794741926831193268299102783203125000000000, 0.338629420154282767541076282213907688856124877929687500000000
 0.000556484031331012539076108502911210962338373064994812011719, 0.938685021659197094123783244867809116840362548828125000000000, 0.330600681990480815830579786052112467586994171142578125000000,-0.097844873039427099348230854047869797796010971069335937500000, 1.668797997876396044247826466744299978017807006835937500000000, 0.338629420154282767541076282213907688856124877929687500000000
 0.000556484031331012539076108502911210962338373064994812011719, 0.938685021659197094123783244867809116840362548828125000000000,-0.330600681990480815830579786052112467586994171142578125000000, 0.097844873039426905059201544645475223660469055175781250000000, 1.472794655713397293794741926831193268299102783203125000000000, 5.944555887025303242410245729843154549598693847656250000000000
 0.000556484031331012539076108502911210962338373064994812011719, 0.938685021659197094123783244867809116840362548828125000000000,-0.330600681990480815830579786052112467586994171142578125000000,-0.097844873039427099348230854047869797796010971069335937500000, 1.668797997876396044247826466744299978017807006835937500000000, 5.944555887025303242410245729843154549598693847656250000000000
 0.000556484031331012539076108502911210962338373064994812011719,-0.938685021659197205146085707383463159203529357910156250000000, 0.330600681990480427252521167247323319315910339355468750000000, 0.097844873039426905059201544645475223660469055175781250000000, 1.472794655713397293794741926831193268299102783203125000000000, 2.802963233435511014590701961424201726913452148437500000000000
 0.000556484031331012539076108502911210962338373064994812011719,-0.938685021659197205146085707383463159203529357910156250000000, 0.330600681990480427252521167247323319315910339355468750000000,-0.097844873039427099348230854047869797796010971069335937500000, 1.668797997876396044247826466744299978017807006835937500000000, 2.802963233435511014590701961424201726913452148437500000000000
 0.000556484031331012539076108502911210962338373064994812011719,-0.938685021659197205146085707383463159203529357910156250000000,-0.330600681990480427252521167247323319315910339355468750000000, 0.097844873039426905059201544645475223660469055175781250000000, 1.472794655713397293794741926831193268299102783203125000000000, 3.480222073744075217405224975664168596267700195312500000000000
 0.000556484031331012539076108502911210962338373064994812011719,-0.938685021659197205146085707383463159203529357910156250000000,-0.330600681990480427252521167247323319315910339355468750000000,-0.097844873039427099348230854047869797796010971069335937500000, 1.668797997876396044247826466744299978017807006835937500000000, 3.480222073744075217405224975664168596267700195312500000000000
 0.000556484031331012539076108502911210962338373064994812011719, 0.938685021659197094123783244867809116840362548828125000000000, 0.097844873039426905059201544645475223660469055175781250000000, 0.330600681990480982364033479825593531131744384765625000000000, 1.233856352285440882710076948569621890783309936523437500000000, 0.103861035630071874003022003307705745100975036621093750000000
 0.000556484031331012539076108502911210962338373064994812011719, 0.938685021659197205146085707383463159203529357910156250000000, 0.097844873039426905059201544645475223660469055175781250000000,-0.330600681990480815830579786052112467586994171142578125000000, 1.907736301304352233287886519974563270807266235351562500000000, 0.103861035630071860125234195493248989805579185485839843750000
 0.000556484031331012539076108502911210962338373064994812011719, 0.938685021659197094123783244867809116840362548828125000000000,-0.097844873039426905059201544645475223660469055175781250000000, 0.330600681990480982364033479825593531131744384765625000000000, 1.233856352285440882710076948569621890783309936523437500000000, 6.179324271549514691059812321327626705169677734375000000000000
 0.000556484031331012539076108502911210962338373064994812011719, 0.938685021659197205146085707383463159203529357910156250000000,-0.097844873039426905059201544645475223660469055175781250000000,-0.330600681990480815830579786052112467586994171142578125000000, 1.907736301304352233287886519974563270807266235351562500000000, 6.179324271549514691059812321327626705169677734375000000000000
 0.000556484031331012539076108502911210962338373064994812011719,-0.938685021659197094123783244867809116840362548828125000000000, 0.097844873039426599747869772727426607161760330200195312500000, 0.330600681990480982364033479825593531131744384765625000000000, 1.233856352285440882710076948569621890783309936523437500000000, 3.037731617959721575061848852783441543579101562500000000000000
 0.000556484031331012539076108502911210962338373064994812011719,-0.938685021659197205146085707383463159203529357910156250000000, 0.097844873039426599747869772727426607161760330200195312500000,-0.330600681990480815830579786052112467586994171142578125000000, 1.907736301304352233287886519974563270807266235351562500000000, 3.037731617959721575061848852783441543579101562500000000000000
 0.000556484031331012539076108502911210962338373064994812011719,-0.938685021659197094123783244867809116840362548828125000000000,-0.097844873039426599747869772727426607161760330200195312500000, 0.330600681990480982364033479825593531131744384765625000000000, 1.233856352285440882710076948569621890783309936523437500000000, 3.245453689219864656934078084304928779602050781250000000000000
 0.000556484031331012539076108502911210962338373064994812011719,-0.938685021659197205146085707383463159203529357910156250000000,-0.097844873039426599747869772727426607161760330200195312500000,-0.330600681990480815830579786052112467586994171142578125000000, 1.907736301304352233287886519974563270807266235351562500000000, 3.245453689219864656934078084304928779602050781250000000000000
 0.000585642667104013239440241100908224325394257903099060058594, 0.390490685059498410236500376413459889590740203857421875000000, 0.150539581002527289577130886755185201764106750488281250000000, 0.908215205462530872360105149709852412343025207519531250000000, 0.431796904812670745421598894608905538916587829589843750000000, 0.367956312236763727341326557507272809743881225585937500000000
 0.000585642667104013239440241100908224325394257903099060058594, 0.390490685059498021658441757608670741319656372070312500000000, 0.150539581002527206310404039868444669991731643676757812500000,-0.908215205462530983382407612225506454706192016601562500000000, 2.709795748777123147732481811544857919216156005859375000000000, 0.367956312236763838363629020022926852107048034667968750000000
 0.000585642667104013239440241100908224325394257903099060058594, 0.390490685059498410236500376413459889590740203857421875000000,-0.150539581002527289577130886755185201764106750488281250000000, 0.908215205462530872360105149709852412343025207519531250000000, 0.431796904812670745421598894608905538916587829589843750000000, 5.915228994942822282609995454549789428710937500000000000000000
 0.000585642667104013239440241100908224325394257903099060058594, 0.390490685059498021658441757608670741319656372070312500000000,-0.150539581002527206310404039868444669991731643676757812500000,-0.908215205462530983382407612225506454706192016601562500000000, 2.709795748777123147732481811544857919216156005859375000000000, 5.915228994942822282609995454549789428710937500000000000000000
 0.000585642667104013239440241100908224325394257903099060058594,-0.390490685059498521258802838929113931953907012939453125000000, 0.150539581002527206310404039868444669991731643676757812500000, 0.908215205462530872360105149709852412343025207519531250000000, 0.431796904812670745421598894608905538916587829589843750000000, 2.773636341353029610701241836068220436573028564453125000000000
 0.000585642667104013239440241100908224325394257903099060058594,-0.390490685059498077169592988866497762501239776611328125000000, 0.150539581002527012021374730466050095856189727783203125000000,-0.908215205462530983382407612225506454706192016601562500000000, 2.709795748777123147732481811544857919216156005859375000000000, 2.773636341353030054790451686130836606025695800781250000000000
 0.000585642667104013239440241100908224325394257903099060058594,-0.390490685059498521258802838929113931953907012939453125000000,-0.150539581002527206310404039868444669991731643676757812500000, 0.908215205462530872360105149709852412343025207519531250000000, 0.431796904812670745421598894608905538916587829589843750000000, 3.509548965826556621294685101020149886608123779296875000000000
 0.000585642667104013239440241100908224325394257903099060058594,-0.390490685059498077169592988866497762501239776611328125000000,-0.150539581002527012021374730466050095856189727783203125000000,-0.908215205462530983382407612225506454706192016601562500000000, 2.709795748777123147732481811544857919216156005859375000000000, 3.509548965826556177205475250957533717155456542968750000000000
 0.000585642667104013239440241100908224325394257903099060058594, 0.390490685059498188191895451382151804864406585693359375000000, 0.908215205462530872360105149709852412343025207519531250000000, 0.150539581002527289577130886755185201764106750488281250000000, 1.419682275710756780284782507806085050106048583984375000000000, 1.164737161024797629238491936121135950088500976562500000000000
 0.000585642667104013239440241100908224325394257903099060058594, 0.390490685059498188191895451382151804864406585693359375000000, 0.908215205462530872360105149709852412343025207519531250000000,-0.150539581002527289577130886755185201764106750488281250000000, 1.721910377879036557757785885769408196210861206054687500000000, 1.164737161024797629238491936121135950088500976562500000000000
 0.000585642667104013239440241100908224325394257903099060058594, 0.390490685059498188191895451382151804864406585693359375000000,-0.908215205462530872360105149709852412343025207519531250000000, 0.150539581002527289577130886755185201764106750488281250000000, 1.419682275710756780284782507806085050106048583984375000000000, 5.118448146154788602757435000967234373092651367187500000000000
 0.000585642667104013239440241100908224325394257903099060058594, 0.390490685059498188191895451382151804864406585693359375000000,-0.908215205462530872360105149709852412343025207519531250000000,-0.150539581002527289577130886755185201764106750488281250000000, 1.721910377879036557757785885769408196210861206054687500000000, 5.118448146154788602757435000967234373092651367187500000000000
 0.000585642667104013239440241100908224325394257903099060058594,-0.390490685059498410236500376413459889590740203857421875000000, 0.908215205462530761337802687194198369979858398437500000000000, 0.150539581002527289577130886755185201764106750488281250000000, 1.419682275710756780284782507806085050106048583984375000000000, 1.976855492564995708804076457454357296228408813476562500000000
 0.000585642667104013239440241100908224325394257903099060058594,-0.390490685059498410236500376413459889590740203857421875000000, 0.908215205462530761337802687194198369979858398437500000000000,-0.150539581002527289577130886755185201764106750488281250000000, 1.721910377879036557757785885769408196210861206054687500000000, 1.976855492564995708804076457454357296228408813476562500000000
 0.000585642667104013239440241100908224325394257903099060058594,-0.390490685059498410236500376413459889590740203857421875000000,-0.908215205462530761337802687194198369979858398437500000000000, 0.150539581002527289577130886755185201764106750488281250000000, 1.419682275710756780284782507806085050106048583984375000000000, 4.306329814614590745236455404665321111679077148437500000000000
 0.000585642667104013239440241100908224325394257903099060058594,-0.390490685059498410236500376413459889590740203857421875000000,-0.908215205462530761337802687194198369979858398437500000000000,-0.150539581002527289577130886755185201764106750488281250000000, 1.721910377879036557757785885769408196210861206054687500000000, 4.306329814614590745236455404665321111679077148437500000000000
 0.000585642667104013239440241100908224325394257903099060058594, 0.150539581002527289577130886755185201764106750488281250000000, 0.390490685059498410236500376413459889590740203857421875000000, 0.908215205462530872360105149709852412343025207519531250000000, 0.431796904812670745421598894608905538916587829589843750000000, 1.202840014558132830657655176764819771051406860351562500000000
 0.000585642667104013239440241100908224325394257903099060058594, 0.150539581002527206310404039868444669991731643676757812500000, 0.390490685059498021658441757608670741319656372070312500000000,-0.908215205462530983382407612225506454706192016601562500000000, 2.709795748777123147732481811544857919216156005859375000000000, 1.202840014558132830657655176764819771051406860351562500000000
 0.000585642667104013239440241100908224325394257903099060058594, 0.150539581002527289577130886755185201764106750488281250000000,-0.390490685059498410236500376413459889590740203857421875000000, 0.908215205462530872360105149709852412343025207519531250000000, 0.431796904812670745421598894608905538916587829589843750000000, 5.080345292621453623382876685354858636856079101562500000000000
 0.000585642667104013239440241100908224325394257903099060058594, 0.150539581002527206310404039868444669991731643676757812500000,-0.390490685059498021658441757608670741319656372070312500000000,-0.908215205462530983382407612225506454706192016601562500000000, 2.709795748777123147732481811544857919216156005859375000000000, 5.080345292621453623382876685354858636856079101562500000000000
 0.000585642667104013239440241100908224325394257903099060058594,-0.150539581002527400599433349270839244127273559570312500000000, 0.390490685059498410236500376413459889590740203857421875000000, 0.908215205462530872360105149709852412343025207519531250000000, 0.431796904812670745421598894608905538916587829589843750000000, 1.938752639031660507384913216810673475265502929687500000000000
 0.000585642667104013239440241100908224325394257903099060058594,-0.150539581002527289577130886755185201764106750488281250000000, 0.390490685059498021658441757608670741319656372070312500000000,-0.908215205462530983382407612225506454706192016601562500000000, 2.709795748777123147732481811544857919216156005859375000000000, 1.938752639031660729429518141841981559991836547851562500000000
 0.000585642667104013239440241100908224325394257903099060058594,-0.150539581002527400599433349270839244127273559570312500000000,-0.390490685059498410236500376413459889590740203857421875000000, 0.908215205462530872360105149709852412343025207519531250000000, 0.431796904812670745421598894608905538916587829589843750000000, 4.344432668147925724611013720277696847915649414062500000000000
 0.000585642667104013239440241100908224325394257903099060058594,-0.150539581002527289577130886755185201764106750488281250000000,-0.390490685059498021658441757608670741319656372070312500000000,-0.908215205462530983382407612225506454706192016601562500000000, 2.709795748777123147732481811544857919216156005859375000000000, 4.344432668147925724611013720277696847915649414062500000000000
 0.000585642667104013239440241100908224325394257903099060058594, 0.150539581002527289577130886755185201764106750488281250000000, 0.908215205462530983382407612225506454706192016601562500000000, 0.390490685059498188191895451382151804864406585693359375000000, 1.169631792574989948008123974432237446308135986328125000000000, 1.406536554474342892717686481773853302001953125000000000000000
 0.000585642667104013239440241100908224325394257903099060058594, 0.150539581002527289577130886755185201764106750488281250000000, 0.908215205462530872360105149709852412343025207519531250000000,-0.390490685059498410236500376413459889590740203857421875000000, 1.971960861014803390034444419143255800008773803710937500000000, 1.406536554474342892717686481773853302001953125000000000000000
 0.000585642667104013239440241100908224325394257903099060058594, 0.150539581002527289577130886755185201764106750488281250000000,-0.908215205462530983382407612225506454706192016601562500000000, 0.390490685059498188191895451382151804864406585693359375000000, 1.169631792574989948008123974432237446308135986328125000000000, 4.876648752705243339278240455314517021179199218750000000000000
 0.000585642667104013239440241100908224325394257903099060058594, 0.150539581002527289577130886755185201764106750488281250000000,-0.908215205462530872360105149709852412343025207519531250000000,-0.390490685059498410236500376413459889590740203857421875000000, 1.971960861014803390034444419143255800008773803710937500000000, 4.876648752705243339278240455314517021179199218750000000000000
 0.000585642667104013239440241100908224325394257903099060058594,-0.150539581002527289577130886755185201764106750488281250000000, 0.908215205462530983382407612225506454706192016601562500000000, 0.390490685059498188191895451382151804864406585693359375000000, 1.169631792574989948008123974432237446308135986328125000000000, 1.735056099115450223280276986770331859588623046875000000000000
 0.000585642667104013239440241100908224325394257903099060058594,-0.150539581002527289577130886755185201764106750488281250000000, 0.908215205462530872360105149709852412343025207519531250000000,-0.390490685059498410236500376413459889590740203857421875000000, 1.971960861014803390034444419143255800008773803710937500000000, 1.735056099115450223280276986770331859588623046875000000000000
 0.000585642667104013239440241100908224325394257903099060058594,-0.150539581002527289577130886755185201764106750488281250000000,-0.908215205462530983382407612225506454706192016601562500000000, 0.390490685059498188191895451382151804864406585693359375000000, 1.169631792574989948008123974432237446308135986328125000000000, 4.548129208064136008715649950318038463592529296875000000000000
 0.000585642667104013239440241100908224325394257903099060058594,-0.150539581002527289577130886755185201764106750488281250000000,-0.908215205462530872360105149709852412343025207519531250000000,-0.390490685059498410236500376413459889590740203857421875000000, 1.971960861014803390034444419143255800008773803710937500000000, 4.548129208064136008715649950318038463592529296875000000000000
 0.000585642667104013239440241100908224325394257903099060058594, 0.908215205462530872360105149709852412343025207519531250000000, 0.390490685059498188191895451382151804864406585693359375000000, 0.150539581002527289577130886755185201764106750488281250000000, 1.419682275710756780284782507806085050106048583984375000000000, 0.406059165770098928760489798150956630706787109375000000000000
 0.000585642667104013239440241100908224325394257903099060058594, 0.908215205462530872360105149709852412343025207519531250000000, 0.390490685059498188191895451382151804864406585693359375000000,-0.150539581002527289577130886755185201764106750488281250000000, 1.721910377879036557757785885769408196210861206054687500000000, 0.406059165770098928760489798150956630706787109375000000000000
 0.000585642667104013239440241100908224325394257903099060058594, 0.908215205462530872360105149709852412343025207519531250000000,-0.390490685059498188191895451382151804864406585693359375000000, 0.150539581002527289577130886755185201764106750488281250000000, 1.419682275710756780284782507806085050106048583984375000000000, 5.877126141409487303235437138937413692474365234375000000000000
 0.000585642667104013239440241100908224325394257903099060058594, 0.908215205462530872360105149709852412343025207519531250000000,-0.390490685059498188191895451382151804864406585693359375000000,-0.150539581002527289577130886755185201764106750488281250000000, 1.721910377879036557757785885769408196210861206054687500000000, 5.877126141409487303235437138937413692474365234375000000000000
 0.000585642667104013239440241100908224325394257903099060058594,-0.908215205462530872360105149709852412343025207519531250000000, 0.390490685059498188191895451382151804864406585693359375000000, 0.150539581002527289577130886755185201764106750488281250000000, 1.419682275710756780284782507806085050106048583984375000000000, 2.735533487819694187237473670393228530883789062500000000000000
 0.000585642667104013239440241100908224325394257903099060058594,-0.908215205462530872360105149709852412343025207519531250000000, 0.390490685059498188191895451382151804864406585693359375000000,-0.150539581002527289577130886755185201764106750488281250000000, 1.721910377879036557757785885769408196210861206054687500000000, 2.735533487819694187237473670393228530883789062500000000000000
 0.000585642667104013239440241100908224325394257903099060058594,-0.908215205462530872360105149709852412343025207519531250000000,-0.390490685059498188191895451382151804864406585693359375000000, 0.150539581002527289577130886755185201764106750488281250000000, 1.419682275710756780284782507806085050106048583984375000000000, 3.547651819359892044758453266695141792297363281250000000000000
 0.000585642667104013239440241100908224325394257903099060058594,-0.908215205462530872360105149709852412343025207519531250000000,-0.390490685059498188191895451382151804864406585693359375000000,-0.150539581002527289577130886755185201764106750488281250000000, 1.721910377879036557757785885769408196210861206054687500000000, 3.547651819359892044758453266695141792297363281250000000000000
 0.000585642667104013239440241100908224325394257903099060058594, 0.908215205462530983382407612225506454706192016601562500000000, 0.150539581002527012021374730466050095856189727783203125000000, 0.390490685059498188191895451382151804864406585693359375000000, 1.169631792574989948008123974432237446308135986328125000000000, 0.164259772320553332214387864951277151703834533691406250000000
 0.000585642667104013239440241100908224325394257903099060058594, 0.908215205462530872360105149709852412343025207519531250000000, 0.150539581002527012021374730466050095856189727783203125000000,-0.390490685059498410236500376413459889590740203857421875000000, 1.971960861014803612079049344174563884735107421875000000000000, 0.164259772320553359969963480580190662294626235961914062500000
 0.000585642667104013239440241100908224325394257903099060058594, 0.908215205462530983382407612225506454706192016601562500000000,-0.150539581002527012021374730466050095856189727783203125000000, 0.390490685059498188191895451382151804864406585693359375000000, 1.169631792574989948008123974432237446308135986328125000000000, 6.118925534859032566714631684590131044387817382812500000000000
 0.000585642667104013239440241100908224325394257903099060058594, 0.908215205462530872360105149709852412343025207519531250000000,-0.150539581002527012021374730466050095856189727783203125000000,-0.390490685059498410236500376413459889590740203857421875000000, 1.971960861014803612079049344174563884735107421875000000000000, 6.118925534859032566714631684590131044387817382812500000000000
 0.000585642667104013239440241100908224325394257903099060058594,-0.908215205462530983382407612225506454706192016601562500000000, 0.150539581002526900999072267950396053493022918701171875000000, 0.390490685059498188191895451382151804864406585693359375000000, 1.169631792574989948008123974432237446308135986328125000000000, 2.977332881269239894805878066108562052249908447265625000000000
 0.000585642667104013239440241100908224325394257903099060058594,-0.908215205462530872360105149709852412343025207519531250000000, 0.150539581002526789976769805434742011129856109619140625000000,-0.390490685059498410236500376413459889590740203857421875000000, 1.971960861014803612079049344174563884735107421875000000000000, 2.977332881269239894805878066108562052249908447265625000000000
 0.000585642667104013239440241100908224325394257903099060058594,-0.908215205462530983382407612225506454706192016601562500000000,-0.150539581002526900999072267950396053493022918701171875000000, 0.390490685059498188191895451382151804864406585693359375000000, 1.169631792574989948008123974432237446308135986328125000000000, 3.305852425910346337190048870979808270931243896484375000000000
 0.000585642667104013239440241100908224325394257903099060058594,-0.908215205462530872360105149709852412343025207519531250000000,-0.150539581002526789976769805434742011129856109619140625000000,-0.390490685059498410236500376413459889590740203857421875000000, 1.971960861014803612079049344174563884735107421875000000000000, 3.305852425910346337190048870979808270931243896484375000000000
 0.000606638692578013766394662287240180376102216541767120361328, 0.447995795190439083377498263871530070900917053222656250000000, 0.203972815629605092047071934757695998996496200561523437500000, 0.870456695060597085422671170817920938134193420410156250000000, 0.514666985954599587316238284984137862920761108398437500000000, 0.427253268091238092019068517402047291398048400878906250000000
 0.000606638692578013766394662287240180376102216541767120361328, 0.447995795190438805821742107582394964993000030517578125000000, 0.203972815629605008780345087870955467224121093750000000000000,-0.870456695060597307467276095849229022860527038574218750000000, 2.626925667635194194815539958653971552848815917968750000000000, 0.427253268091238203041370979917701333761215209960937500000000
 0.000606638692578013766394662287240180376102216541767120361328, 0.447995795190439083377498263871530070900917053222656250000000,-0.203972815629605092047071934757695998996496200561523437500000, 0.870456695060597085422671170817920938134193420410156250000000, 0.514666985954599587316238284984137862920761108398437500000000, 5.855932039088347806909951032139360904693603515625000000000000
 0.000606638692578013766394662287240180376102216541767120361328, 0.447995795190438805821742107582394964993000030517578125000000,-0.203972815629605008780345087870955467224121093750000000000000,-0.870456695060597307467276095849229022860527038574218750000000, 2.626925667635194194815539958653971552848815917968750000000000, 5.855932039088347806909951032139360904693603515625000000000000
 0.000606638692578013766394662287240180376102216541767120361328,-0.447995795190439083377498263871530070900917053222656250000000, 0.203972815629605092047071934757695998996496200561523437500000, 0.870456695060597085422671170817920938134193420410156250000000, 0.514666985954599587316238284984137862920761108398437500000000, 2.714339385498555135001197413657791912555694580078125000000000
 0.000606638692578013766394662287240180376102216541767120361328,-0.447995795190438805821742107582394964993000030517578125000000, 0.203972815629605008780345087870955467224121093750000000000000,-0.870456695060597307467276095849229022860527038574218750000000, 2.626925667635194194815539958653971552848815917968750000000000, 2.714339385498555135001197413657791912555694580078125000000000
 0.000606638692578013766394662287240180376102216541767120361328,-0.447995795190439083377498263871530070900917053222656250000000,-0.203972815629605092047071934757695998996496200561523437500000, 0.870456695060597085422671170817920938134193420410156250000000, 0.514666985954599587316238284984137862920761108398437500000000, 3.568845921681031096994729523430578410625457763671875000000000
 0.000606638692578013766394662287240180376102216541767120361328,-0.447995795190438805821742107582394964993000030517578125000000,-0.203972815629605008780345087870955467224121093750000000000000,-0.870456695060597307467276095849229022860527038574218750000000, 2.626925667635194194815539958653971552848815917968750000000000, 3.568845921681031096994729523430578410625457763671875000000000
 0.000606638692578013766394662287240180376102216541767120361328, 0.447995795190438916844044570098049007356166839599609375000000, 0.870456695060597307467276095849229022860527038574218750000000, 0.203972815629604786735740162839647382497787475585937500000000, 1.365381977517787559506245997908990830183029174804687500000000, 1.095483666875427752884775145503226667642593383789062500000000
 0.000606638692578013766394662287240180376102216541767120361328, 0.447995795190438916844044570098049007356166839599609375000000, 0.870456695060597307467276095849229022860527038574218750000000,-0.203972815629605008780345087870955467224121093750000000000000, 1.776210676072006000580927320697810500860214233398437500000000, 1.095483666875427752884775145503226667642593383789062500000000
 0.000606638692578013766394662287240180376102216541767120361328, 0.447995795190438916844044570098049007356166839599609375000000,-0.870456695060597307467276095849229022860527038574218750000000, 0.203972815629604786735740162839647382497787475585937500000000, 1.365381977517787559506245997908990830183029174804687500000000, 5.187701640304158701155756716616451740264892578125000000000000
 0.000606638692578013766394662287240180376102216541767120361328, 0.447995795190438916844044570098049007356166839599609375000000,-0.870456695060597307467276095849229022860527038574218750000000,-0.203972815629605008780345087870955467224121093750000000000000, 1.776210676072006000580927320697810500860214233398437500000000, 5.187701640304158701155756716616451740264892578125000000000000
 0.000606638692578013766394662287240180376102216541767120361328,-0.447995795190439083377498263871530070900917053222656250000000, 0.870456695060597196444973633333574980497360229492187500000000, 0.203972815629604786735740162839647382497787475585937500000000, 1.365381977517787559506245997908990830183029174804687500000000, 2.046108986714365585157793248072266578674316406250000000000000
 0.000606638692578013766394662287240180376102216541767120361328,-0.447995795190439083377498263871530070900917053222656250000000, 0.870456695060597196444973633333574980497360229492187500000000,-0.203972815629605008780345087870955467224121093750000000000000, 1.776210676072006000580927320697810500860214233398437500000000, 2.046108986714365585157793248072266578674316406250000000000000
 0.000606638692578013766394662287240180376102216541767120361328,-0.447995795190439083377498263871530070900917053222656250000000,-0.870456695060597196444973633333574980497360229492187500000000, 0.203972815629604786735740162839647382497787475585937500000000, 1.365381977517787559506245997908990830183029174804687500000000, 4.237076320465220646838133689016103744506835937500000000000000
 0.000606638692578013766394662287240180376102216541767120361328,-0.447995795190439083377498263871530070900917053222656250000000,-0.870456695060597196444973633333574980497360229492187500000000,-0.203972815629605008780345087870955467224121093750000000000000, 1.776210676072006000580927320697810500860214233398437500000000, 4.237076320465220646838133689016103744506835937500000000000000
 0.000606638692578013766394662287240180376102216541767120361328, 0.203972815629605092047071934757695998996496200561523437500000, 0.447995795190439083377498263871530070900917053222656250000000, 0.870456695060597085422671170817920938134193420410156250000000, 0.514666985954599587316238284984137862920761108398437500000000, 1.143543058703658577002215679385699331760406494140625000000000
 0.000606638692578013766394662287240180376102216541767120361328, 0.203972815629605008780345087870955467224121093750000000000000, 0.447995795190438805821742107582394964993000030517578125000000,-0.870456695060597307467276095849229022860527038574218750000000, 2.626925667635194194815539958653971552848815917968750000000000, 1.143543058703658354957610754354391247034072875976562500000000
 0.000606638692578013766394662287240180376102216541767120361328, 0.203972815629605092047071934757695998996496200561523437500000,-0.447995795190439083377498263871530070900917053222656250000000, 0.870456695060597085422671170817920938134193420410156250000000, 0.514666985954599587316238284984137862920761108398437500000000, 5.139642248475928099082921107765287160873413085937500000000000
 0.000606638692578013766394662287240180376102216541767120361328, 0.203972815629605008780345087870955467224121093750000000000000,-0.447995795190438805821742107582394964993000030517578125000000,-0.870456695060597307467276095849229022860527038574218750000000, 2.626925667635194194815539958653971552848815917968750000000000, 5.139642248475928099082921107765287160873413085937500000000000
 0.000606638692578013766394662287240180376102216541767120361328,-0.203972815629605092047071934757695998996496200561523437500000, 0.447995795190438972355195801355876028537750244140625000000000, 0.870456695060597085422671170817920938134193420410156250000000, 0.514666985954599365271633359952829778194427490234375000000000, 1.998049594886134761040352714189793914556503295898437500000000
 0.000606638692578013766394662287240180376102216541767120361328,-0.203972815629605008780345087870955467224121093750000000000000, 0.447995795190438805821742107582394964993000030517578125000000,-0.870456695060597307467276095849229022860527038574218750000000, 2.626925667635194194815539958653971552848815917968750000000000, 1.998049594886134761040352714189793914556503295898437500000000
 0.000606638692578013766394662287240180376102216541767120361328,-0.203972815629605092047071934757695998996496200561523437500000,-0.447995795190438972355195801355876028537750244140625000000000, 0.870456695060597085422671170817920938134193420410156250000000, 0.514666985954599365271633359952829778194427490234375000000000, 4.285135712293451248910969297867268323898315429687500000000000
 0.000606638692578013766394662287240180376102216541767120361328,-0.203972815629605008780345087870955467224121093750000000000000,-0.447995795190438805821742107582394964993000030517578125000000,-0.870456695060597307467276095849229022860527038574218750000000, 2.626925667635194194815539958653971552848815917968750000000000, 4.285135712293451248910969297867268323898315429687500000000000
 0.000606638692578013766394662287240180376102216541767120361328, 0.203972815629605008780345087870955467224121093750000000000000, 0.870456695060597196444973633333574980497360229492187500000000, 0.447995795190438916844044570098049007356166839599609375000000, 1.106274000560049985963928520504850894212722778320312500000000, 1.340620814345161893044178214040584862232208251953125000000000
 0.000606638692578013766394662287240180376102216541767120361328, 0.203972815629604897758042625355301424860954284667968750000000, 0.870456695060597085422671170817920938134193420410156250000000,-0.447995795190439083377498263871530070900917053222656250000000, 2.035318653029743352078639873070642352104187011718750000000000, 1.340620814345161893044178214040584862232208251953125000000000
 0.000606638692578013766394662287240180376102216541767120361328, 0.203972815629605008780345087870955467224121093750000000000000,-0.870456695060597196444973633333574980497360229492187500000000, 0.447995795190438916844044570098049007356166839599609375000000, 1.106274000560049985963928520504850894212722778320312500000000, 4.942564492834424783040958573110401630401611328125000000000000
 0.000606638692578013766394662287240180376102216541767120361328, 0.203972815629604897758042625355301424860954284667968750000000,-0.870456695060597085422671170817920938134193420410156250000000,-0.447995795190439083377498263871530070900917053222656250000000, 2.035318653029743352078639873070642352104187011718750000000000, 4.942564492834424783040958573110401630401611328125000000000000
 0.000606638692578013766394662287240180376102216541767120361328,-0.203972815629605203069374397273350041359663009643554687500000, 0.870456695060597085422671170817920938134193420410156250000000, 0.447995795190438916844044570098049007356166839599609375000000, 1.106274000560049985963928520504850894212722778320312500000000, 1.800971839244631667042995104566216468811035156250000000000000
 0.000606638692578013766394662287240180376102216541767120361328,-0.203972815629605203069374397273350041359663009643554687500000, 0.870456695060596974400368708302266895771026611328125000000000,-0.447995795190439083377498263871530070900917053222656250000000, 2.035318653029743352078639873070642352104187011718750000000000, 1.800971839244631667042995104566216468811035156250000000000000
 0.000606638692578013766394662287240180376102216541767120361328,-0.203972815629605203069374397273350041359663009643554687500000,-0.870456695060597085422671170817920938134193420410156250000000, 0.447995795190438916844044570098049007356166839599609375000000, 1.106274000560049985963928520504850894212722778320312500000000, 4.482213467934954564952931832522153854370117187500000000000000
 0.000606638692578013766394662287240180376102216541767120361328,-0.203972815629605203069374397273350041359663009643554687500000,-0.870456695060596974400368708302266895771026611328125000000000,-0.447995795190439083377498263871530070900917053222656250000000, 2.035318653029743352078639873070642352104187011718750000000000, 4.482213467934954564952931832522153854370117187500000000000000
 0.000606638692578013766394662287240180376102216541767120361328, 0.870456695060597196444973633333574980497360229492187500000000, 0.447995795190439083377498263871530070900917053222656250000000, 0.203972815629604786735740162839647382497787475585937500000000, 1.365381977517787559506245997908990830183029174804687500000000, 0.475312659919468971647660282542346976697444915771484375000000
 0.000606638692578013766394662287240180376102216541767120361328, 0.870456695060597196444973633333574980497360229492187500000000, 0.447995795190439083377498263871530070900917053222656250000000,-0.203972815629605008780345087870955467224121093750000000000000, 1.776210676072006000580927320697810500860214233398437500000000, 0.475312659919468971647660282542346976697444915771484375000000
 0.000606638692578013766394662287240180376102216541767120361328, 0.870456695060597196444973633333574980497360229492187500000000,-0.447995795190439083377498263871530070900917053222656250000000, 0.203972815629604786735740162839647382497787475585937500000000, 1.365381977517787559506245997908990830183029174804687500000000, 5.807872647260117204837115423288196325302124023437500000000000
 0.000606638692578013766394662287240180376102216541767120361328, 0.870456695060597196444973633333574980497360229492187500000000,-0.447995795190439083377498263871530070900917053222656250000000,-0.203972815629605008780345087870955467224121093750000000000000, 1.776210676072006000580927320697810500860214233398437500000000, 5.807872647260117204837115423288196325302124023437500000000000
 0.000606638692578013766394662287240180376102216541767120361328,-0.870456695060597085422671170817920938134193420410156250000000, 0.447995795190439416444405651418492197990417480468750000000000, 0.203972815629604786735740162839647382497787475585937500000000, 1.365381977517787559506245997908990830183029174804687500000000, 2.666279993670324088839151954744011163711547851562500000000000
 0.000606638692578013766394662287240180376102216541767120361328,-0.870456695060597085422671170817920938134193420410156250000000, 0.447995795190439416444405651418492197990417480468750000000000,-0.203972815629605008780345087870955467224121093750000000000000, 1.776210676072006000580927320697810500860214233398437500000000, 2.666279993670324088839151954744011163711547851562500000000000
 0.000606638692578013766394662287240180376102216541767120361328,-0.870456695060597085422671170817920938134193420410156250000000,-0.447995795190439416444405651418492197990417480468750000000000, 0.203972815629604786735740162839647382497787475585937500000000, 1.365381977517787559506245997908990830183029174804687500000000, 3.616905313509262143156774982344359159469604492187500000000000
 0.000606638692578013766394662287240180376102216541767120361328,-0.870456695060597085422671170817920938134193420410156250000000,-0.447995795190439416444405651418492197990417480468750000000000,-0.203972815629605008780345087870955467224121093750000000000000, 1.776210676072006000580927320697810500860214233398437500000000, 3.616905313509262143156774982344359159469604492187500000000000
 0.000606638692578013766394662287240180376102216541767120361328, 0.870456695060597196444973633333574980497360229492187500000000, 0.203972815629605008780345087870955467224121093750000000000000, 0.447995795190438916844044570098049007356166839599609375000000, 1.106274000560049985963928520504850894212722778320312500000000, 0.230175512449734720465954751489334739744663238525390625000000
 0.000606638692578013766394662287240180376102216541767120361328, 0.870456695060597085422671170817920938134193420410156250000000, 0.203972815629604897758042625355301424860954284667968750000000,-0.447995795190439083377498263871530070900917053222656250000000, 2.035318653029743352078639873070642352104187011718750000000000, 0.230175512449734637199227904602594207972288131713867187500000
 0.000606638692578013766394662287240180376102216541767120361328, 0.870456695060597196444973633333574980497360229492187500000000,-0.203972815629605008780345087870955467224121093750000000000000, 0.447995795190438916844044570098049007356166839599609375000000, 1.106274000560049985963928520504850894212722778320312500000000, 6.053009794729851122951913566794246435165405273437500000000000
 0.000606638692578013766394662287240180376102216541767120361328, 0.870456695060597085422671170817920938134193420410156250000000,-0.203972815629604897758042625355301424860954284667968750000000,-0.447995795190439083377498263871530070900917053222656250000000, 2.035318653029743352078639873070642352104187011718750000000000, 6.053009794729852011130333266919478774070739746093750000000000
 0.000606638692578013766394662287240180376102216541767120361328,-0.870456695060597196444973633333574980497360229492187500000000, 0.203972815629604703469013315952906850725412368774414062500000, 0.447995795190438916844044570098049007356166839599609375000000, 1.106274000560049985963928520504850894212722778320312500000000, 2.911417141140058895132369798375293612480163574218750000000000
 0.000606638692578013766394662287240180376102216541767120361328,-0.870456695060597085422671170817920938134193420410156250000000, 0.203972815629604703469013315952906850725412368774414062500000,-0.447995795190439083377498263871530070900917053222656250000000, 2.035318653029743352078639873070642352104187011718750000000000, 2.911417141140058895132369798375293612480163574218750000000000
 0.000606638692578013766394662287240180376102216541767120361328,-0.870456695060597196444973633333574980497360229492187500000000,-0.203972815629604703469013315952906850725412368774414062500000, 0.447995795190438916844044570098049007356166839599609375000000, 1.106274000560049985963928520504850894212722778320312500000000, 3.371768166039527336863557138713076710700988769531250000000000
 0.000606638692578013766394662287240180376102216541767120361328,-0.870456695060597085422671170817920938134193420410156250000000,-0.203972815629604703469013315952906850725412368774414062500000,-0.447995795190439083377498263871530070900917053222656250000000, 2.035318653029743352078639873070642352104187011718750000000000, 3.371768166039527336863557138713076710700988769531250000000000
 0.000620882496223014077561808132799114900990389287471771240234, 0.502707684891978145991231485822936519980430603027343750000000, 0.257152994112110622193512199373799376189708709716796875000000, 0.825322555834822946252415931667201220989227294921875000000000, 0.600023127651107879287906143872532993555068969726562500000000, 0.472833628094151858789473408251069486141204833984375000000000
 0.000620882496223014077561808132799114900990389287471771240234, 0.502707684891977923946626560791628435254096984863281250000000, 0.257152994112110511171209736858145333826541900634765625000000,-0.825322555834823057274718394182855263352394104003906250000000, 2.541569525938685902843872099765576422214508056640625000000000, 0.472833628094151858789473408251069486141204833984375000000000
 0.000620882496223014077561808132799114900990389287471771240234, 0.502707684891978145991231485822936519980430603027343750000000,-0.257152994112110622193512199373799376189708709716796875000000, 0.825322555834822946252415931667201220989227294921875000000000, 0.600023127651107879287906143872532993555068969726562500000000, 5.810351679085433929117243678774684667587280273437500000000000
 0.000620882496223014077561808132799114900990389287471771240234, 0.502707684891977923946626560791628435254096984863281250000000,-0.257152994112110511171209736858145333826541900634765625000000,-0.825322555834823057274718394182855263352394104003906250000000, 2.541569525938685902843872099765576422214508056640625000000000, 5.810351679085433929117243678774684667587280273437500000000000
 0.000620882496223014077561808132799114900990389287471771240234,-0.502707684891978257013533948338590562343597412109375000000000, 0.257152994112110622193512199373799376189708709716796875000000, 0.825322555834822946252415931667201220989227294921875000000000, 0.600023127651107879287906143872532993555068969726562500000000, 2.668759025495641257208490060293115675449371337890625000000000
 0.000620882496223014077561808132799114900990389287471771240234,-0.502707684891978034968929023307282477617263793945312500000000, 0.257152994112110511171209736858145333826541900634765625000000,-0.825322555834823057274718394182855263352394104003906250000000, 2.541569525938685458754662249702960252761840820312500000000000, 2.668759025495641257208490060293115675449371337890625000000000
 0.000620882496223014077561808132799114900990389287471771240234,-0.502707684891978257013533948338590562343597412109375000000000,-0.257152994112110622193512199373799376189708709716796875000000, 0.825322555834822946252415931667201220989227294921875000000000, 0.600023127651107879287906143872532993555068969726562500000000, 3.614426281683944974787436876795254647731781005859375000000000
 0.000620882496223014077561808132799114900990389287471771240234,-0.502707684891978034968929023307282477617263793945312500000000,-0.257152994112110511171209736858145333826541900634765625000000,-0.825322555834823057274718394182855263352394104003906250000000, 2.541569525938685458754662249702960252761840820312500000000000, 3.614426281683944974787436876795254647731781005859375000000000
 0.000620882496223014077561808132799114900990389287471771240234, 0.502707684891978034968929023307282477617263793945312500000000, 0.825322555834822946252415931667201220989227294921875000000000, 0.257152994112110677704663430631626397371292114257812500000000, 1.310721364363603536062896637304220348596572875976562500000000, 1.023709220215716308999276407121215015649795532226562500000000
 0.000620882496223014077561808132799114900990389287471771240234, 0.502707684891978034968929023307282477617263793945312500000000, 0.825322555834822946252415931667201220989227294921875000000000,-0.257152994112110677704663430631626397371292114257812500000000, 1.830871289226189801979671756271272897720336914062500000000000, 1.023709220215716308999276407121215015649795532226562500000000
 0.000620882496223014077561808132799114900990389287471771240234, 0.502707684891978034968929023307282477617263793945312500000000,-0.825322555834822946252415931667201220989227294921875000000000, 0.257152994112110677704663430631626397371292114257812500000000, 1.310721364363603536062896637304220348596572875976562500000000, 5.259476086963870145041255454998463392257690429687500000000000
 0.000620882496223014077561808132799114900990389287471771240234, 0.502707684891978034968929023307282477617263793945312500000000,-0.825322555834822946252415931667201220989227294921875000000000,-0.257152994112110677704663430631626397371292114257812500000000, 1.830871289226189801979671756271272897720336914062500000000000, 5.259476086963870145041255454998463392257690429687500000000000
 0.000620882496223014077561808132799114900990389287471771240234,-0.502707684891978257013533948338590562343597412109375000000000, 0.825322555834822835230113469151547178626060485839843750000000, 0.257152994112110677704663430631626397371292114257812500000000, 1.310721364363603536062896637304220348596572875976562500000000, 2.117883433374077029043291986454278230667114257812500000000000
 0.000620882496223014077561808132799114900990389287471771240234,-0.502707684891978257013533948338590562343597412109375000000000, 0.825322555834822835230113469151547178626060485839843750000000,-0.257152994112110677704663430631626397371292114257812500000000, 1.830871289226189801979671756271272897720336914062500000000000, 2.117883433374077029043291986454278230667114257812500000000000
 0.000620882496223014077561808132799114900990389287471771240234,-0.502707684891978257013533948338590562343597412109375000000000,-0.825322555834822835230113469151547178626060485839843750000000, 0.257152994112110677704663430631626397371292114257812500000000, 1.310721364363603536062896637304220348596572875976562500000000, 4.165301873805509202952634950634092092514038085937500000000000
 0.000620882496223014077561808132799114900990389287471771240234,-0.502707684891978257013533948338590562343597412109375000000000,-0.825322555834822835230113469151547178626060485839843750000000,-0.257152994112110677704663430631626397371292114257812500000000, 1.830871289226189801979671756271272897720336914062500000000000, 4.165301873805509202952634950634092092514038085937500000000000
 0.000620882496223014077561808132799114900990389287471771240234, 0.257152994112110677704663430631626397371292114257812500000000, 0.502707684891978145991231485822936519980430603027343750000000, 0.825322555834822946252415931667201220989227294921875000000000, 0.600023127651107879287906143872532993555068969726562500000000, 1.097962698700744699209508326021023094654083251953125000000000
 0.000620882496223014077561808132799114900990389287471771240234, 0.257152994112110622193512199373799376189708709716796875000000, 0.502707684891977923946626560791628435254096984863281250000000,-0.825322555834823057274718394182855263352394104003906250000000, 2.541569525938685458754662249702960252761840820312500000000000, 1.097962698700744477164903400989715009927749633789062500000000
 0.000620882496223014077561808132799114900990389287471771240234, 0.257152994112110677704663430631626397371292114257812500000000,-0.502707684891978145991231485822936519980430603027343750000000, 0.825322555834822946252415931667201220989227294921875000000000, 0.600023127651107879287906143872532993555068969726562500000000, 5.185222608478841976875628461129963397979736328125000000000000
 0.000620882496223014077561808132799114900990389287471771240234, 0.257152994112110622193512199373799376189708709716796875000000,-0.502707684891977923946626560791628435254096984863281250000000,-0.825322555834823057274718394182855263352394104003906250000000, 2.541569525938685458754662249702960252761840820312500000000000, 5.185222608478841976875628461129963397979736328125000000000000
 0.000620882496223014077561808132799114900990389287471771240234,-0.257152994112110788726965893147280439734458923339843750000000, 0.502707684891978145991231485822936519980430603027343750000000, 0.825322555834822946252415931667201220989227294921875000000000, 0.600023127651107879287906143872532993555068969726562500000000, 2.043629954889048860877664992585778236389160156250000000000000
 0.000620882496223014077561808132799114900990389287471771240234,-0.257152994112110677704663430631626397371292114257812500000000, 0.502707684891977923946626560791628435254096984863281250000000,-0.825322555834823057274718394182855263352394104003906250000000, 2.541569525938685458754662249702960252761840820312500000000000, 2.043629954889048860877664992585778236389160156250000000000000
 0.000620882496223014077561808132799114900990389287471771240234,-0.257152994112110788726965893147280439734458923339843750000000,-0.502707684891978145991231485822936519980430603027343750000000, 0.825322555834822946252415931667201220989227294921875000000000, 0.600023127651107879287906143872532993555068969726562500000000, 4.239555352290537371118261944502592086791992187500000000000000
 0.000620882496223014077561808132799114900990389287471771240234,-0.257152994112110677704663430631626397371292114257812500000000,-0.502707684891977923946626560791628435254096984863281250000000,-0.825322555834823057274718394182855263352394104003906250000000, 2.541569525938685458754662249702960252761840820312500000000000, 4.239555352290537371118261944502592086791992187500000000000000
 0.000620882496223014077561808132799114900990389287471771240234, 0.257152994112110677704663430631626397371292114257812500000000, 0.825322555834822946252415931667201220989227294921875000000000, 0.502707684891977923946626560791628435254096984863281250000000, 1.044068153856153369218873194768093526363372802734375000000000, 1.268750940357582734918651112820953130722045898437500000000000
 0.000620882496223014077561808132799114900990389287471771240234, 0.257152994112110677704663430631626397371292114257812500000000, 0.825322555834823057274718394182855263352394104003906250000000,-0.502707684891977812924324098275974392890930175781250000000000, 2.097524499733639746779090273776091635227203369140625000000000, 1.268750940357582734918651112820953130722045898437500000000000
 0.000620882496223014077561808132799114900990389287471771240234, 0.257152994112110677704663430631626397371292114257812500000000,-0.825322555834822946252415931667201220989227294921875000000000, 0.502707684891977923946626560791628435254096984863281250000000, 1.044068153856153369218873194768093526363372802734375000000000, 5.014434366822003497077275824267417192459106445312500000000000
 0.000620882496223014077561808132799114900990389287471771240234, 0.257152994112110677704663430631626397371292114257812500000000,-0.825322555834823057274718394182855263352394104003906250000000,-0.502707684891977812924324098275974392890930175781250000000000, 2.097524499733639746779090273776091635227203369140625000000000, 5.014434366822003497077275824267417192459106445312500000000000
 0.000620882496223014077561808132799114900990389287471771240234,-0.257152994112111010771570818178588524460792541503906250000000, 0.825322555834822946252415931667201220989227294921875000000000, 0.502707684891977923946626560791628435254096984863281250000000, 1.044068153856153369218873194768093526363372802734375000000000, 1.872841713232210825168522205785848200321197509765625000000000
 0.000620882496223014077561808132799114900990389287471771240234,-0.257152994112111010771570818178588524460792541503906250000000, 0.825322555834823057274718394182855263352394104003906250000000,-0.502707684891977812924324098275974392890930175781250000000000, 2.097524499733639746779090273776091635227203369140625000000000, 1.872841713232210825168522205785848200321197509765625000000000
 0.000620882496223014077561808132799114900990389287471771240234,-0.257152994112111010771570818178588524460792541503906250000000,-0.825322555834822946252415931667201220989227294921875000000000, 0.502707684891977923946626560791628435254096984863281250000000, 1.044068153856153369218873194768093526363372802734375000000000, 4.410343593947375850916614581365138292312622070312500000000000
 0.000620882496223014077561808132799114900990389287471771240234,-0.257152994112111010771570818178588524460792541503906250000000,-0.825322555834823057274718394182855263352394104003906250000000,-0.502707684891977812924324098275974392890930175781250000000000, 2.097524499733639746779090273776091635227203369140625000000000, 4.410343593947375850916614581365138292312622070312500000000000
 0.000620882496223014077561808132799114900990389287471771240234, 0.825322555834822946252415931667201220989227294921875000000000, 0.502707684891978034968929023307282477617263793945312500000000, 0.257152994112110677704663430631626397371292114257812500000000, 1.310721364363603536062896637304220348596572875976562500000000, 0.547087106579180248999705327150877565145492553710937500000000
 0.000620882496223014077561808132799114900990389287471771240234, 0.825322555834822946252415931667201220989227294921875000000000, 0.502707684891978034968929023307282477617263793945312500000000,-0.257152994112110677704663430631626397371292114257812500000000, 1.830871289226189801979671756271272897720336914062500000000000, 0.547087106579180248999705327150877565145492553710937500000000
 0.000620882496223014077561808132799114900990389287471771240234, 0.825322555834822946252415931667201220989227294921875000000000,-0.502707684891978034968929023307282477617263793945312500000000, 0.257152994112110677704663430631626397371292114257812500000000, 1.310721364363603536062896637304220348596572875976562500000000, 5.736098200600405760951616684906184673309326171875000000000000
 0.000620882496223014077561808132799114900990389287471771240234, 0.825322555834822946252415931667201220989227294921875000000000,-0.502707684891978034968929023307282477617263793945312500000000,-0.257152994112110677704663430631626397371292114257812500000000, 1.830871289226189801979671756271272897720336914062500000000000, 5.736098200600405760951616684906184673309326171875000000000000
 0.000620882496223014077561808132799114900990389287471771240234,-0.825322555834822946252415931667201220989227294921875000000000, 0.502707684891978034968929023307282477617263793945312500000000, 0.257152994112110677704663430631626397371292114257812500000000, 1.310721364363603536062896637304220348596572875976562500000000, 2.594505547010613089042863066424615681171417236328125000000000
 0.000620882496223014077561808132799114900990389287471771240234,-0.825322555834822946252415931667201220989227294921875000000000, 0.502707684891978034968929023307282477617263793945312500000000,-0.257152994112110677704663430631626397371292114257812500000000, 1.830871289226189801979671756271272897720336914062500000000000, 2.594505547010613089042863066424615681171417236328125000000000
 0.000620882496223014077561808132799114900990389287471771240234,-0.825322555834822946252415931667201220989227294921875000000000,-0.502707684891978034968929023307282477617263793945312500000000, 0.257152994112110677704663430631626397371292114257812500000000, 1.310721364363603536062896637304220348596572875976562500000000, 3.688679760168973142953063870663754642009735107421875000000000
 0.000620882496223014077561808132799114900990389287471771240234,-0.825322555834822946252415931667201220989227294921875000000000,-0.502707684891978034968929023307282477617263793945312500000000,-0.257152994112110677704663430631626397371292114257812500000000, 1.830871289226189801979671756271272897720336914062500000000000, 3.688679760168973142953063870663754642009735107421875000000000
 0.000620882496223014077561808132799114900990389287471771240234, 0.825322555834823057274718394182855263352394104003906250000000, 0.257152994112110400148907274342491291463375091552734375000000, 0.502707684891977923946626560791628435254096984863281250000000, 1.044068153856153369218873194768093526363372802734375000000000, 0.302045386437313490013423233904177322983741760253906250000000
 0.000620882496223014077561808132799114900990389287471771240234, 0.825322555834823168297020856698509305715560913085937500000000, 0.257152994112110400148907274342491291463375091552734375000000,-0.502707684891977812924324098275974392890930175781250000000000, 2.097524499733639746779090273776091635227203369140625000000000, 0.302045386437313490013423233904177322983741760253906250000000
 0.000620882496223014077561808132799114900990389287471771240234, 0.825322555834823057274718394182855263352394104003906250000000,-0.257152994112110400148907274342491291463375091552734375000000, 0.502707684891977923946626560791628435254096984863281250000000, 1.044068153856153369218873194768093526363372802734375000000000, 5.981139920742272408915596315637230873107910156250000000000000
 0.000620882496223014077561808132799114900990389287471771240234, 0.825322555834823168297020856698509305715560913085937500000000,-0.257152994112110400148907274342491291463375091552734375000000,-0.502707684891977812924324098275974392890930175781250000000000, 2.097524499733639746779090273776091635227203369140625000000000, 5.981139920742272408915596315637230873107910156250000000000000
 0.000620882496223014077561808132799114900990389287471771240234,-0.825322555834823057274718394182855263352394104003906250000000, 0.257152994112110511171209736858145333826541900634765625000000, 0.502707684891977923946626560791628435254096984863281250000000, 1.044068153856153369218873194768093526363372802734375000000000, 2.839547267152479737006842697155661880970001220703125000000000
 0.000620882496223014077561808132799114900990389287471771240234,-0.825322555834823168297020856698509305715560913085937500000000, 0.257152994112110511171209736858145333826541900634765625000000,-0.502707684891977812924324098275974392890930175781250000000000, 2.097524499733639746779090273776091635227203369140625000000000, 2.839547267152479737006842697155661880970001220703125000000000
 0.000620882496223014077561808132799114900990389287471771240234,-0.825322555834823057274718394182855263352394104003906250000000,-0.257152994112110511171209736858145333826541900634765625000000, 0.502707684891977923946626560791628435254096984863281250000000, 1.044068153856153369218873194768093526363372802734375000000000, 3.443638040027106494989084239932708442211151123046875000000000
 0.000620882496223014077561808132799114900990389287471771240234,-0.825322555834823168297020856698509305715560913085937500000000,-0.257152994112110511171209736858145333826541900634765625000000,-0.502707684891977812924324098275974392890930175781250000000000, 2.097524499733639746779090273776091635227203369140625000000000, 3.443638040027106494989084239932708442211151123046875000000000
 0.000629631429782014301679837764424974011490121483802795410156, 0.554208739226021651624876085406867787241935729980468750000000, 0.309219137581566883010708579604397527873516082763671875000000, 0.772810583725931810050724379834719002246856689453125000000000, 0.687538388883211171176412790373433381319046020507812500000000, 0.508924120507346255948277757852338254451751708984375000000000
 0.000629631429782014301679837764424974011490121483802795410156, 0.554208739226021651624876085406867787241935729980468750000000, 0.309219137581566883010708579604397527873516082763671875000000,-0.772810583725931810050724379834719002246856689453125000000000, 2.454054264706582166866155603202059864997863769531250000000000, 0.508924120507346255948277757852338254451751708984375000000000
 0.000629631429782014301679837764424974011490121483802795410156, 0.554208739226021651624876085406867787241935729980468750000000,-0.309219137581566883010708579604397527873516082763671875000000, 0.772810583725931810050724379834719002246856689453125000000000, 0.687538388883211171176412790373433381319046020507812500000000, 5.774261186672239531958439329173415899276733398437500000000000
 0.000629631429782014301679837764424974011490121483802795410156, 0.554208739226021651624876085406867787241935729980468750000000,-0.309219137581566883010708579604397527873516082763671875000000,-0.772810583725931810050724379834719002246856689453125000000000, 2.454054264706582166866155603202059864997863769531250000000000, 5.774261186672239531958439329173415899276733398437500000000000
 0.000629631429782014301679837764424974011490121483802795410156,-0.554208739226021651624876085406867787241935729980468750000000, 0.309219137581566994033011042120051570236682891845703125000000, 0.772810583725931810050724379834719002246856689453125000000000, 0.687538388883211393221017715404741466045379638671875000000000, 2.632668533082446860049685710691846907138824462890625000000000
 0.000629631429782014301679837764424974011490121483802795410156,-0.554208739226021651624876085406867787241935729980468750000000, 0.309219137581566994033011042120051570236682891845703125000000,-0.772810583725931810050724379834719002246856689453125000000000, 2.454054264706581722776945753139443695545196533203125000000000, 2.632668533082446860049685710691846907138824462890625000000000
 0.000629631429782014301679837764424974011490121483802795410156,-0.554208739226021651624876085406867787241935729980468750000000,-0.309219137581566994033011042120051570236682891845703125000000, 0.772810583725931810050724379834719002246856689453125000000000, 0.687538388883211393221017715404741466045379638671875000000000, 3.650516774097139371946241226396523416042327880859375000000000
 0.000629631429782014301679837764424974011490121483802795410156,-0.554208739226021651624876085406867787241935729980468750000000,-0.309219137581566994033011042120051570236682891845703125000000,-0.772810583725931810050724379834719002246856689453125000000000, 2.454054264706581722776945753139443695545196533203125000000000, 3.650516774097139371946241226396523416042327880859375000000000
 0.000629631429782014301679837764424974011490121483802795410156, 0.554208739226021540602573622891213744878768920898437500000000, 0.772810583725931921073026842350373044610023498535156250000000, 0.309219137581567105055313504635705612599849700927734375000000, 1.256424508148912710936428993591107428073883056640625000000000, 0.948663358440186232911628394504077732563018798828125000000000
 0.000629631429782014301679837764424974011490121483802795410156, 0.554208739226021540602573622891213744878768920898437500000000, 0.772810583725931921073026842350373044610023498535156250000000,-0.309219137581567105055313504635705612599849700927734375000000, 1.885168145440880627106139399984385818243026733398437500000000, 0.948663358440186232911628394504077732563018798828125000000000
 0.000629631429782014301679837764424974011490121483802795410156, 0.554208739226021540602573622891213744878768920898437500000000,-0.772810583725931921073026842350373044610023498535156250000000, 0.309219137581567105055313504635705612599849700927734375000000, 1.256424508148912710936428993591107428073883056640625000000000, 5.334521948739400443173508392646908760070800781250000000000000
 0.000629631429782014301679837764424974011490121483802795410156, 0.554208739226021540602573622891213744878768920898437500000000,-0.772810583725931921073026842350373044610023498535156250000000,-0.309219137581567105055313504635705612599849700927734375000000, 1.885168145440880627106139399984385818243026733398437500000000, 5.334521948739400443173508392646908760070800781250000000000000
 0.000629631429782014301679837764424974011490121483802795410156,-0.554208739226021762647178547922521829605102539062500000000000, 0.772810583725931810050724379834719002246856689453125000000000, 0.309219137581567105055313504635705612599849700927734375000000, 1.256424508148912710936428993591107428073883056640625000000000, 2.192929295149607327175544924102723598480224609375000000000000
 0.000629631429782014301679837764424974011490121483802795410156,-0.554208739226021762647178547922521829605102539062500000000000, 0.772810583725931810050724379834719002246856689453125000000000,-0.309219137581567105055313504635705612599849700927734375000000, 1.885168145440880627106139399984385818243026733398437500000000, 2.192929295149607327175544924102723598480224609375000000000000
 0.000629631429782014301679837764424974011490121483802795410156,-0.554208739226021762647178547922521829605102539062500000000000,-0.772810583725931810050724379834719002246856689453125000000000, 0.309219137581567105055313504635705612599849700927734375000000, 1.256424508148912710936428993591107428073883056640625000000000, 4.090256012029978904820382012985646724700927734375000000000000
 0.000629631429782014301679837764424974011490121483802795410156,-0.554208739226021762647178547922521829605102539062500000000000,-0.772810583725931810050724379834719002246856689453125000000000,-0.309219137581567105055313504635705612599849700927734375000000, 1.885168145440880627106139399984385818243026733398437500000000, 4.090256012029978904820382012985646724700927734375000000000000
 0.000629631429782014301679837764424974011490121483802795410156, 0.309219137581566883010708579604397527873516082763671875000000, 0.554208739226021651624876085406867787241935729980468750000000, 0.772810583725931810050724379834719002246856689453125000000000, 0.687538388883211171176412790373433381319046020507812500000000, 1.061872206287550524095308901451062411069869995117187500000000
 0.000629631429782014301679837764424974011490121483802795410156, 0.309219137581566883010708579604397527873516082763671875000000, 0.554208739226021651624876085406867787241935729980468750000000,-0.772810583725931810050724379834719002246856689453125000000000, 2.454054264706582166866155603202059864997863769531250000000000, 1.061872206287550524095308901451062411069869995117187500000000
 0.000629631429782014301679837764424974011490121483802795410156, 0.309219137581566883010708579604397527873516082763671875000000,-0.554208739226021651624876085406867787241935729980468750000000, 0.772810583725931810050724379834719002246856689453125000000000, 0.687538388883211171176412790373433381319046020507812500000000, 5.221313100892035485856013110605999827384948730468750000000000
 0.000629631429782014301679837764424974011490121483802795410156, 0.309219137581566883010708579604397527873516082763671875000000,-0.554208739226021651624876085406867787241935729980468750000000,-0.772810583725931810050724379834719002246856689453125000000000, 2.454054264706582166866155603202059864997863769531250000000000, 5.221313100892035485856013110605999827384948730468750000000000
 0.000629631429782014301679837764424974011490121483802795410156,-0.309219137581566883010708579604397527873516082763671875000000, 0.554208739226021651624876085406867787241935729980468750000000, 0.772810583725931810050724379834719002246856689453125000000000, 0.687538388883211171176412790373433381319046020507812500000000, 2.079720447302242813947259492124430835247039794921875000000000
 0.000629631429782014301679837764424974011490121483802795410156,-0.309219137581566883010708579604397527873516082763671875000000, 0.554208739226021651624876085406867787241935729980468750000000,-0.772810583725931810050724379834719002246856689453125000000000, 2.454054264706582166866155603202059864997863769531250000000000, 2.079720447302242813947259492124430835247039794921875000000000
 0.000629631429782014301679837764424974011490121483802795410156,-0.309219137581566883010708579604397527873516082763671875000000,-0.554208739226021651624876085406867787241935729980468750000000, 0.772810583725931810050724379834719002246856689453125000000000, 0.687538388883211171176412790373433381319046020507812500000000, 4.203464859877342973959457594901323318481445312500000000000000
 0.000629631429782014301679837764424974011490121483802795410156,-0.309219137581566883010708579604397527873516082763671875000000,-0.554208739226021651624876085406867787241935729980468750000000,-0.772810583725931810050724379834719002246856689453125000000000, 2.454054264706582166866155603202059864997863769531250000000000, 4.203464859877342973959457594901323318481445312500000000000000
 0.000629631429782014301679837764424974011490121483802795410156, 0.309219137581566883010708579604397527873516082763671875000000, 0.772810583725931921073026842350373044610023498535156250000000, 0.554208739226021540602573622891213744878768920898437500000000, 0.983384264838642496719955943262903019785881042480468750000000, 1.190184088804354223256609657255467027425765991210937500000000
 0.000629631429782014301679837764424974011490121483802795410156, 0.309219137581566883010708579604397527873516082763671875000000, 0.772810583725931810050724379834719002246856689453125000000000,-0.554208739226021762647178547922521829605102539062500000000000, 2.158208388751150952344914912828244268894195556640625000000000, 1.190184088804354223256609657255467027425765991210937500000000
 0.000629631429782014301679837764424974011490121483802795410156, 0.309219137581566883010708579604397527873516082763671875000000,-0.772810583725931921073026842350373044610023498535156250000000, 0.554208739226021540602573622891213744878768920898437500000000, 0.983384264838642496719955943262903019785881042480468750000000, 5.093001218375231786694712354801595211029052734375000000000000
 0.000629631429782014301679837764424974011490121483802795410156, 0.309219137581566883010708579604397527873516082763671875000000,-0.772810583725931810050724379834719002246856689453125000000000,-0.554208739226021762647178547922521829605102539062500000000000, 2.158208388751150952344914912828244268894195556640625000000000, 5.093001218375231786694712354801595211029052734375000000000000
 0.000629631429782014301679837764424974011490121483802795410156,-0.309219137581567216077615967151359654963016510009765625000000, 0.772810583725931810050724379834719002246856689453125000000000, 0.554208739226021540602573622891213744878768920898437500000000, 0.983384264838642496719955943262903019785881042480468750000000, 1.951408564785439558875168586382642388343811035156250000000000
 0.000629631429782014301679837764424974011490121483802795410156,-0.309219137581567216077615967151359654963016510009765625000000, 0.772810583725931699028421917319064959883689880371093750000000,-0.554208739226021762647178547922521829605102539062500000000000, 2.158208388751150952344914912828244268894195556640625000000000, 1.951408564785439558875168586382642388343811035156250000000000
 0.000629631429782014301679837764424974011490121483802795410156,-0.309219137581567216077615967151359654963016510009765625000000,-0.772810583725931810050724379834719002246856689453125000000000, 0.554208739226021540602573622891213744878768920898437500000000, 0.983384264838642496719955943262903019785881042480468750000000, 4.331776742394146673120758350705727934837341308593750000000000
 0.000629631429782014301679837764424974011490121483802795410156,-0.309219137581567216077615967151359654963016510009765625000000,-0.772810583725931699028421917319064959883689880371093750000000,-0.554208739226021762647178547922521829605102539062500000000000, 2.158208388751150952344914912828244268894195556640625000000000, 4.331776742394146673120758350705727934837341308593750000000000
 0.000629631429782014301679837764424974011490121483802795410156, 0.772810583725931810050724379834719002246856689453125000000000, 0.554208739226021762647178547922521829605102539062500000000000, 0.309219137581567105055313504635705612599849700927734375000000, 1.256424508148912710936428993591107428073883056640625000000000, 0.622132968354710658154260727314976975321769714355468750000000
 0.000629631429782014301679837764424974011490121483802795410156, 0.772810583725931810050724379834719002246856689453125000000000, 0.554208739226021762647178547922521829605102539062500000000000,-0.309219137581567105055313504635705612599849700927734375000000, 1.885168145440880627106139399984385818243026733398437500000000, 0.622132968354710658154260727314976975321769714355468750000000
 0.000629631429782014301679837764424974011490121483802795410156, 0.772810583725931810050724379834719002246856689453125000000000,-0.554208739226021762647178547922521829605102539062500000000000, 0.309219137581567105055313504635705612599849700927734375000000, 1.256424508148912710936428993591107428073883056640625000000000, 5.661052338824875462819363747257739305496215820312500000000000
 0.000629631429782014301679837764424974011490121483802795410156, 0.772810583725931810050724379834719002246856689453125000000000,-0.554208739226021762647178547922521829605102539062500000000000,-0.309219137581567105055313504635705612599849700927734375000000, 1.885168145440880627106139399984385818243026733398437500000000, 5.661052338824875462819363747257739305496215820312500000000000
 0.000629631429782014301679837764424974011490121483802795410156,-0.772810583725931921073026842350373044610023498535156250000000, 0.554208739226021540602573622891213744878768920898437500000000, 0.309219137581567105055313504635705612599849700927734375000000, 1.256424508148912710936428993591107428073883056640625000000000, 2.519459685235082790910610128776170313358306884765625000000000
 0.000629631429782014301679837764424974011490121483802795410156,-0.772810583725931921073026842350373044610023498535156250000000, 0.554208739226021540602573622891213744878768920898437500000000,-0.309219137581567105055313504635705612599849700927734375000000, 1.885168145440880627106139399984385818243026733398437500000000, 2.519459685235082790910610128776170313358306884765625000000000
 0.000629631429782014301679837764424974011490121483802795410156,-0.772810583725931921073026842350373044610023498535156250000000,-0.554208739226021540602573622891213744878768920898437500000000, 0.309219137581567105055313504635705612599849700927734375000000, 1.256424508148912710936428993591107428073883056640625000000000, 3.763725621944503441085316808312200009822845458984375000000000
 0.000629631429782014301679837764424974011490121483802795410156,-0.772810583725931921073026842350373044610023498535156250000000,-0.554208739226021540602573622891213744878768920898437500000000,-0.309219137581567105055313504635705612599849700927734375000000, 1.885168145440880627106139399984385818243026733398437500000000, 3.763725621944503441085316808312200009822845458984375000000000
 0.000629631429782014301679837764424974011490121483802795410156, 0.772810583725931921073026842350373044610023498535156250000000, 0.309219137581566883010708579604397527873516082763671875000000, 0.554208739226021540602573622891213744878768920898437500000000, 0.983384264838642496719955943262903019785881042480468750000000, 0.380612237990542445764674539532279595732688903808593750000000
 0.000629631429782014301679837764424974011490121483802795410156, 0.772810583725931810050724379834719002246856689453125000000000, 0.309219137581566883010708579604397527873516082763671875000000,-0.554208739226021762647178547922521829605102539062500000000000, 2.158208388751150952344914912828244268894195556640625000000000, 0.380612237990542501275825770790106616914272308349609375000000
 0.000629631429782014301679837764424974011490121483802795410156, 0.772810583725931921073026842350373044610023498535156250000000,-0.309219137581566883010708579604397527873516082763671875000000, 0.554208739226021540602573622891213744878768920898437500000000, 0.983384264838642496719955943262903019785881042480468750000000, 5.902573069189044119298159785103052854537963867187500000000000
 0.000629631429782014301679837764424974011490121483802795410156, 0.772810583725931810050724379834719002246856689453125000000000,-0.309219137581566883010708579604397527873516082763671875000000,-0.554208739226021762647178547922521829605102539062500000000000, 2.158208388751150952344914912828244268894195556640625000000000, 5.902573069189044119298159785103052854537963867187500000000000
 0.000629631429782014301679837764424974011490121483802795410156,-0.772810583725931810050724379834719002246856689453125000000000, 0.309219137581567216077615967151359654963016510009765625000000, 0.554208739226021540602573622891213744878768920898437500000000, 0.983384264838642496719955943262903019785881042480468750000000, 2.760980415599250559210986466496251523494720458984375000000000
 0.000629631429782014301679837764424974011490121483802795410156,-0.772810583725931699028421917319064959883689880371093750000000, 0.309219137581567216077615967151359654963016510009765625000000,-0.554208739226021762647178547922521829605102539062500000000000, 2.158208388751150952344914912828244268894195556640625000000000, 2.760980415599250559210986466496251523494720458984375000000000
 0.000629631429782014301679837764424974011490121483802795410156,-0.772810583725931810050724379834719002246856689453125000000000,-0.309219137581567216077615967151359654963016510009765625000000, 0.554208739226021540602573622891213744878768920898437500000000, 0.983384264838642496719955943262903019785881042480468750000000, 3.522204891580335672784940470592118799686431884765625000000000
 0.000629631429782014301679837764424974011490121483802795410156,-0.772810583725931699028421917319064959883689880371093750000000,-0.309219137581567216077615967151359654963016510009765625000000,-0.554208739226021762647178547922521829605102539062500000000000, 2.158208388751150952344914912828244268894195556640625000000000, 3.522204891580335672784940470592118799686431884765625000000000
 0.000634042375679014181752424228477593715069815516471862792969, 0.602085088737518647761248757888097316026687622070312500000000, 0.359380750613027599715820770143182016909122467041015625000000, 0.712978977255817270020088471937924623489379882812500000000000, 0.777058754747196545054066518787294626235961914062500000000000, 0.538132269744744484718523835908854380249977111816406250000000
 0.000634042375679014181752424228477593715069815516471862792969, 0.602085088737518647761248757888097316026687622070312500000000, 0.359380750613027599715820770143182016909122467041015625000000,-0.712978977255817158997786009422270581126213073730468750000000, 2.364533898842596570943896949756890535354614257812500000000000, 0.538132269744744484718523835908854380249977111816406250000000
 0.000634042375679014181752424228477593715069815516471862792969, 0.602085088737518647761248757888097316026687622070312500000000,-0.359380750613027599715820770143182016909122467041015625000000, 0.712978977255817270020088471937924623489379882812500000000000, 0.777058754747196545054066518787294626235961914062500000000000, 5.745053037434841414210495713632553815841674804687500000000000
 0.000634042375679014181752424228477593715069815516471862792969, 0.602085088737518647761248757888097316026687622070312500000000,-0.359380750613027599715820770143182016909122467041015625000000,-0.712978977255817158997786009422270581126213073730468750000000, 2.364533898842596570943896949756890535354614257812500000000000, 5.745053037434841414210495713632553815841674804687500000000000
 0.000634042375679014181752424228477593715069815516471862792969,-0.602085088737518647761248757888097316026687622070312500000000, 0.359380750613027599715820770143182016909122467041015625000000, 0.712978977255817270020088471937924623489379882812500000000000, 0.777058754747196545054066518787294626235961914062500000000000, 2.603460383845048742301742095150984823703765869140625000000000
 0.000634042375679014181752424228477593715069815516471862792969,-0.602085088737518647761248757888097316026687622070312500000000, 0.359380750613027599715820770143182016909122467041015625000000,-0.712978977255817158997786009422270581126213073730468750000000, 2.364533898842596570943896949756890535354614257812500000000000, 2.603460383845048742301742095150984823703765869140625000000000
 0.000634042375679014181752424228477593715069815516471862792969,-0.602085088737518647761248757888097316026687622070312500000000,-0.359380750613027599715820770143182016909122467041015625000000, 0.712978977255817270020088471937924623489379882812500000000000, 0.777058754747196545054066518787294626235961914062500000000000, 3.679724923334537489694184841937385499477386474609375000000000
 0.000634042375679014181752424228477593715069815516471862792969,-0.602085088737518647761248757888097316026687622070312500000000,-0.359380750613027599715820770143182016909122467041015625000000,-0.712978977255817158997786009422270581126213073730468750000000, 2.364533898842596570943896949756890535354614257812500000000000, 3.679724923334537489694184841937385499477386474609375000000000
 0.000634042375679014181752424228477593715069815516471862792969, 0.602085088737518647761248757888097316026687622070312500000000, 0.712978977255817270020088471937924623489379882812500000000000, 0.359380750613027488693518307627527974545955657958984375000000, 1.203192100888198501351666891423519700765609741210937500000000, 0.869524980713277773070046805514721199870109558105468750000000
 0.000634042375679014181752424228477593715069815516471862792969, 0.602085088737518647761248757888097316026687622070312500000000, 0.712978977255817270020088471937924623489379882812500000000000,-0.359380750613027488693518307627527974545955657958984375000000, 1.938400552701594836690901502151973545551300048828125000000000, 0.869524980713277773070046805514721199870109558105468750000000
 0.000634042375679014181752424228477593715069815516471862792969, 0.602085088737518647761248757888097316026687622070312500000000,-0.712978977255817270020088471937924623489379882812500000000000, 0.359380750613027488693518307627527974545955657958984375000000, 1.203192100888198501351666891423519700765609741210937500000000, 5.413660326466308347903577669057995080947875976562500000000000
 0.000634042375679014181752424228477593715069815516471862792969, 0.602085088737518647761248757888097316026687622070312500000000,-0.712978977255817270020088471937924623489379882812500000000000,-0.359380750613027488693518307627527974545955657958984375000000, 1.938400552701594836690901502151973545551300048828125000000000, 5.413660326466308347903577669057995080947875976562500000000000
 0.000634042375679014181752424228477593715069815516471862792969,-0.602085088737518869805853682919405400753021240234375000000000, 0.712978977255817158997786009422270581126213073730468750000000, 0.359380750613027488693518307627527974545955657958984375000000, 1.203192100888198501351666891423519700765609741210937500000000, 2.272067672876515675994824050576426088809967041015625000000000
 0.000634042375679014181752424228477593715069815516471862792969,-0.602085088737518869805853682919405400753021240234375000000000, 0.712978977255817158997786009422270581126213073730468750000000,-0.359380750613027488693518307627527974545955657958984375000000, 1.938400552701594836690901502151973545551300048828125000000000, 2.272067672876515675994824050576426088809967041015625000000000
 0.000634042375679014181752424228477593715069815516471862792969,-0.602085088737518869805853682919405400753021240234375000000000,-0.712978977255817158997786009422270581126213073730468750000000, 0.359380750613027488693518307627527974545955657958984375000000, 1.203192100888198501351666891423519700765609741210937500000000, 4.011117634303071000090312736574560403823852539062500000000000
 0.000634042375679014181752424228477593715069815516471862792969,-0.602085088737518869805853682919405400753021240234375000000000,-0.712978977255817158997786009422270581126213073730468750000000,-0.359380750613027488693518307627527974545955657958984375000000, 1.938400552701594836690901502151973545551300048828125000000000, 4.011117634303071000090312736574560403823852539062500000000000
 0.000634042375679014181752424228477593715069815516471862792969, 0.359380750613027488693518307627527974545955657958984375000000, 0.602085088737518758783551220403751358389854431152343750000000, 0.712978977255817270020088471937924623489379882812500000000000, 0.777058754747196545054066518787294626235961914062500000000000, 1.032664057050152406347365285910200327634811401367187500000000
 0.000634042375679014181752424228477593715069815516471862792969, 0.359380750613027488693518307627527974545955657958984375000000, 0.602085088737518758783551220403751358389854431152343750000000,-0.712978977255817158997786009422270581126213073730468750000000, 2.364533898842596570943896949756890535354614257812500000000000, 1.032664057050152406347365285910200327634811401367187500000000
 0.000634042375679014181752424228477593715069815516471862792969, 0.359380750613027488693518307627527974545955657958984375000000,-0.602085088737518758783551220403751358389854431152343750000000, 0.712978977255817270020088471937924623489379882812500000000000, 0.777058754747196545054066518787294626235961914062500000000000, 5.250521250129433603603956726146861910820007324218750000000000
 0.000634042375679014181752424228477593715069815516471862792969, 0.359380750613027488693518307627527974545955657958984375000000,-0.602085088737518758783551220403751358389854431152343750000000,-0.712978977255817158997786009422270581126213073730468750000000, 2.364533898842596570943896949756890535354614257812500000000000, 5.250521250129433603603956726146861910820007324218750000000000
 0.000634042375679014181752424228477593715069815516471862792969,-0.359380750613027377671215845111873932182788848876953125000000, 0.602085088737518758783551220403751358389854431152343750000000, 0.712978977255817270020088471937924623489379882812500000000000, 0.777058754747196545054066518787294626235961914062500000000000, 2.108928596539640931695203107665292918682098388671875000000000
 0.000634042375679014181752424228477593715069815516471862792969,-0.359380750613027377671215845111873932182788848876953125000000, 0.602085088737518758783551220403751358389854431152343750000000,-0.712978977255817158997786009422270581126213073730468750000000, 2.364533898842596570943896949756890535354614257812500000000000, 2.108928596539640931695203107665292918682098388671875000000000
 0.000634042375679014181752424228477593715069815516471862792969,-0.359380750613027377671215845111873932182788848876953125000000,-0.602085088737518758783551220403751358389854431152343750000000, 0.712978977255817270020088471937924623489379882812500000000000, 0.777058754747196545054066518787294626235961914062500000000000, 4.174256710639944856211513979360461235046386718750000000000000
 0.000634042375679014181752424228477593715069815516471862792969,-0.359380750613027377671215845111873932182788848876953125000000,-0.602085088737518758783551220403751358389854431152343750000000,-0.712978977255817158997786009422270581126213073730468750000000, 2.364533898842596570943896949756890535354614257812500000000000, 4.174256710639944856211513979360461235046386718750000000000000
 0.000634042375679014181752424228477593715069815516471862792969, 0.359380750613027599715820770143182016909122467041015625000000, 0.712978977255817270020088471937924623489379882812500000000000, 0.602085088737518647761248757888097316026687622070312500000000, 0.924686301704997770656291322666220366954803466796875000000000, 1.103909834475556683841546146140899509191513061523437500000000
 0.000634042375679014181752424228477593715069815516471862792969, 0.359380750613027599715820770143182016909122467041015625000000, 0.712978977255817270020088471937924623489379882812500000000000,-0.602085088737518647761248757888097316026687622070312500000000, 2.216906351884795345341672145877964794635772705078125000000000, 1.103909834475556683841546146140899509191513061523437500000000
 0.000634042375679014181752424228477593715069815516471862792969, 0.359380750613027599715820770143182016909122467041015625000000,-0.712978977255817270020088471937924623489379882812500000000000, 0.602085088737518647761248757888097316026687622070312500000000, 0.924686301704997770656291322666220366954803466796875000000000, 5.179275472704029326109775865916162729263305664062500000000000
 0.000634042375679014181752424228477593715069815516471862792969, 0.359380750613027599715820770143182016909122467041015625000000,-0.712978977255817270020088471937924623489379882812500000000000,-0.602085088737518647761248757888097316026687622070312500000000, 2.216906351884795345341672145877964794635772705078125000000000, 5.179275472704029326109775865916162729263305664062500000000000
 0.000634042375679014181752424228477593715069815516471862792969,-0.359380750613027710738123232658836059272289276123046875000000, 0.712978977255817270020088471937924623489379882812500000000000, 0.602085088737518647761248757888097316026687622070312500000000, 0.924686301704997770656291322666220366954803466796875000000000, 2.037682819114236654201022247434593737125396728515625000000000
 0.000634042375679014181752424228477593715069815516471862792969,-0.359380750613027710738123232658836059272289276123046875000000, 0.712978977255817270020088471937924623489379882812500000000000,-0.602085088737518647761248757888097316026687622070312500000000, 2.216906351884795345341672145877964794635772705078125000000000, 2.037682819114236654201022247434593737125396728515625000000000
 0.000634042375679014181752424228477593715069815516471862792969,-0.359380750613027710738123232658836059272289276123046875000000,-0.712978977255817270020088471937924623489379882812500000000000, 0.602085088737518647761248757888097316026687622070312500000000, 0.924686301704997770656291322666220366954803466796875000000000, 4.245502488065350021884114539716392755508422851562500000000000
 0.000634042375679014181752424228477593715069815516471862792969,-0.359380750613027710738123232658836059272289276123046875000000,-0.712978977255817270020088471937924623489379882812500000000000,-0.602085088737518647761248757888097316026687622070312500000000, 2.216906351884795345341672145877964794635772705078125000000000, 4.245502488065350021884114539716392755508422851562500000000000
 0.000634042375679014181752424228477593715069815516471862792969, 0.712978977255817270020088471937924623489379882812500000000000, 0.602085088737518647761248757888097316026687622070312500000000, 0.359380750613027488693518307627527974545955657958984375000000, 1.203192100888198501351666891423519700765609741210937500000000, 0.701271346081618784928934928757371380925178527832031250000000
 0.000634042375679014181752424228477593715069815516471862792969, 0.712978977255817270020088471937924623489379882812500000000000, 0.602085088737518647761248757888097316026687622070312500000000,-0.359380750613027488693518307627527974545955657958984375000000, 1.938400552701594836690901502151973545551300048828125000000000, 0.701271346081618784928934928757371380925178527832031250000000
 0.000634042375679014181752424228477593715069815516471862792969, 0.712978977255817270020088471937924623489379882812500000000000,-0.602085088737518647761248757888097316026687622070312500000000, 0.359380750613027488693518307627527974545955657958984375000000, 1.203192100888198501351666891423519700765609741210937500000000, 5.581913961097967558089294470846652984619140625000000000000000
 0.000634042375679014181752424228477593715069815516471862792969, 0.712978977255817270020088471937924623489379882812500000000000,-0.602085088737518647761248757888097316026687622070312500000000,-0.359380750613027488693518307627527974545955657958984375000000, 1.938400552701594836690901502151973545551300048828125000000000, 5.581913961097967558089294470846652984619140625000000000000000
 0.000634042375679014181752424228477593715069815516471862792969,-0.712978977255817270020088471937924623489379882812500000000000, 0.602085088737518536738946295372443273663520812988281250000000, 0.359380750613027488693518307627527974545955657958984375000000, 1.203192100888198501351666891423519700765609741210937500000000, 2.440321307508174442091331002302467823028564453125000000000000
 0.000634042375679014181752424228477593715069815516471862792969,-0.712978977255817270020088471937924623489379882812500000000000, 0.602085088737518536738946295372443273663520812988281250000000,-0.359380750613027488693518307627527974545955657958984375000000, 1.938400552701594836690901502151973545551300048828125000000000, 2.440321307508174442091331002302467823028564453125000000000000
 0.000634042375679014181752424228477593715069815516471862792969,-0.712978977255817270020088471937924623489379882812500000000000,-0.602085088737518536738946295372443273663520812988281250000000, 0.359380750613027488693518307627527974545955657958984375000000, 1.203192100888198501351666891423519700765609741210937500000000, 3.842863999671411789904595934785902500152587890625000000000000
 0.000634042375679014181752424228477593715069815516471862792969,-0.712978977255817270020088471937924623489379882812500000000000,-0.602085088737518536738946295372443273663520812988281250000000,-0.359380750613027488693518307627527974545955657958984375000000, 1.938400552701594836690901502151973545551300048828125000000000, 3.842863999671411789904595934785902500152587890625000000000000
 0.000634042375679014181752424228477593715069815516471862792969, 0.712978977255817270020088471937924623489379882812500000000000, 0.359380750613027599715820770143182016909122467041015625000000, 0.602085088737518647761248757888097316026687622070312500000000, 0.924686301704997770656291322666220366954803466796875000000000, 0.466886492319339985179738050646847113966941833496093750000000
 0.000634042375679014181752424228477593715069815516471862792969, 0.712978977255817270020088471937924623489379882812500000000000, 0.359380750613027599715820770143182016909122467041015625000000,-0.602085088737518647761248757888097316026687622070312500000000, 2.216906351884795345341672145877964794635772705078125000000000, 0.466886492319339985179738050646847113966941833496093750000000
 0.000634042375679014181752424228477593715069815516471862792969, 0.712978977255817270020088471937924623489379882812500000000000,-0.359380750613027599715820770143182016909122467041015625000000, 0.602085088737518647761248757888097316026687622070312500000000, 0.924686301704997770656291322666220366954803466796875000000000, 5.816298814860246579883096273988485336303710937500000000000000
 0.000634042375679014181752424228477593715069815516471862792969, 0.712978977255817270020088471937924623489379882812500000000000,-0.359380750613027599715820770143182016909122467041015625000000,-0.602085088737518647761248757888097316026687622070312500000000, 2.216906351884795345341672145877964794635772705078125000000000, 5.816298814860246579883096273988485336303710937500000000000000
 0.000634042375679014181752424228477593715069815516471862792969,-0.712978977255817381042390934453578665852546691894531250000000, 0.359380750613027488693518307627527974545955657958984375000000, 0.602085088737518647761248757888097316026687622070312500000000, 0.924686301704997770656291322666220366954803466796875000000000, 2.674706161270453463885132805444300174713134765625000000000000
 0.000634042375679014181752424228477593715069815516471862792969,-0.712978977255817381042390934453578665852546691894531250000000, 0.359380750613027488693518307627527974545955657958984375000000,-0.602085088737518647761248757888097316026687622070312500000000, 2.216906351884795345341672145877964794635772705078125000000000, 2.674706161270453463885132805444300174713134765625000000000000
 0.000634042375679014181752424228477593715069815516471862792969,-0.712978977255817381042390934453578665852546691894531250000000,-0.359380750613027488693518307627527974545955657958984375000000, 0.602085088737518647761248757888097316026687622070312500000000, 0.924686301704997770656291322666220366954803466796875000000000, 3.608479145909132768110794131644070148468017578125000000000000
 0.000634042375679014181752424228477593715069815516471862792969,-0.712978977255817381042390934453578665852546691894531250000000,-0.359380750613027488693518307627527974545955657958984375000000,-0.602085088737518647761248757888097316026687622070312500000000, 2.216906351884795345341672145877964794635772705078125000000000, 3.608479145909132768110794131644070148468017578125000000000000
 0.000582962767711013270591213775162486854242160916328430175781, 0.401985140917959393735969797489815391600131988525390625000000, 0.050633899343786599456240793415418011136353015899658203125000, 0.914245128353666225429208225250476971268653869628906250000000, 0.417155477841270105887616637119208462536334991455078125000000, 0.125299748478385070127316680554940830916166305541992187500000
 0.000582962767711013270591213775162486854242160916328430175781, 0.401985140917959116180213641200680285692214965820312500000000, 0.050633899343786599456240793415418011136353015899658203125000,-0.914245128353666336451510687766131013631820678710937500000000, 2.724437175748523731755312837776727974414825439453125000000000, 0.125299748478385153394043527441681362688541412353515625000000
 0.000582962767711013270591213775162486854242160916328430175781, 0.401985140917959393735969797489815391600131988525390625000000,-0.050633899343786599456240793415418011136353015899658203125000, 0.914245128353666225429208225250476971268653869628906250000000, 0.417155477841270105887616637119208462536334991455078125000000, 6.157885558701201134113034640904515981674194335937500000000000
 0.000582962767711013270591213775162486854242160916328430175781, 0.401985140917959116180213641200680285692214965820312500000000,-0.050633899343786599456240793415418011136353015899658203125000,-0.914245128353666336451510687766131013631820678710937500000000, 2.724437175748523731755312837776727974414825439453125000000000, 6.157885558701201134113034640904515981674194335937500000000000
 0.000582962767711013270591213775162486854242160916328430175781,-0.401985140917959393735969797489815391600131988525390625000000, 0.050633899343786599456240793415418011136353015899658203125000, 0.914245128353666225429208225250476971268653869628906250000000, 0.417155477841270105887616637119208462536334991455078125000000, 3.016292905111408018115071172360330820083618164062500000000000
 0.000582962767711013270591213775162486854242160916328430175781,-0.401985140917959116180213641200680285692214965820312500000000, 0.050633899343786599456240793415418011136353015899658203125000,-0.914245128353666336451510687766131013631820678710937500000000, 2.724437175748523731755312837776727974414825439453125000000000, 3.016292905111408018115071172360330820083618164062500000000000
 0.000582962767711013270591213775162486854242160916328430175781,-0.401985140917959393735969797489815391600131988525390625000000,-0.050633899343786599456240793415418011136353015899658203125000, 0.914245128353666225429208225250476971268653869628906250000000, 0.417155477841270105887616637119208462536334991455078125000000, 3.266892402068178213880855764728039503097534179687500000000000
 0.000582962767711013270591213775162486854242160916328430175781,-0.401985140917959116180213641200680285692214965820312500000000,-0.050633899343786599456240793415418011136353015899658203125000,-0.914245128353666336451510687766131013631820678710937500000000, 2.724437175748523731755312837776727974414825439453125000000000, 3.266892402068178213880855764728039503097534179687500000000000
 0.000582962767711013270591213775162486854242160916328430175781, 0.401985140917959227202516103716334328055381774902343750000000, 0.914245128353666336451510687766131013631820678710937500000000, 0.050633899343786599456240793415418011136353015899658203125000, 1.520140766655921460426270641619339585304260253906250000000000, 1.156548558373112101094193349126726388931274414062500000000000
 0.000582962767711013270591213775162486854242160916328430175781, 0.401985140917959227202516103716334328055381774902343750000000, 0.914245128353666336451510687766131013631820678710937500000000,-0.050633899343786800684164006725040962919592857360839843750000, 1.621451886933871877616297751956153661012649536132812500000000, 1.156548558373112101094193349126726388931274414062500000000000
 0.000582962767711013270591213775162486854242160916328430175781, 0.401985140917959227202516103716334328055381774902343750000000,-0.914245128353666336451510687766131013631820678710937500000000, 0.050633899343786599456240793415418011136353015899658203125000, 1.520140766655921460426270641619339585304260253906250000000000, 5.126636748806474130901733587961643934249877929687500000000000
 0.000582962767711013270591213775162486854242160916328430175781, 0.401985140917959227202516103716334328055381774902343750000000,-0.914245128353666336451510687766131013631820678710937500000000,-0.050633899343786800684164006725040962919592857360839843750000, 1.621451886933871877616297751956153661012649536132812500000000, 5.126636748806474130901733587961643934249877929687500000000000
 0.000582962767711013270591213775162486854242160916328430175781,-0.401985140917959393735969797489815391600131988525390625000000, 0.914245128353666225429208225250476971268653869628906250000000, 0.050633899343786599456240793415418011136353015899658203125000, 1.520140766655921460426270641619339585304260253906250000000000, 1.985044095216681236948375044448766857385635375976562500000000
 0.000582962767711013270591213775162486854242160916328430175781,-0.401985140917959393735969797489815391600131988525390625000000, 0.914245128353666225429208225250476971268653869628906250000000,-0.050633899343786800684164006725040962919592857360839843750000, 1.621451886933871877616297751956153661012649536132812500000000, 1.985044095216681236948375044448766857385635375976562500000000
 0.000582962767711013270591213775162486854242160916328430175781,-0.401985140917959393735969797489815391600131988525390625000000,-0.914245128353666225429208225250476971268653869628906250000000, 0.050633899343786599456240793415418011136353015899658203125000, 1.520140766655921460426270641619339585304260253906250000000000, 4.298141211962905217092156817670911550521850585937500000000000
 0.000582962767711013270591213775162486854242160916328430175781,-0.401985140917959393735969797489815391600131988525390625000000,-0.914245128353666225429208225250476971268653869628906250000000,-0.050633899343786800684164006725040962919592857360839843750000, 1.621451886933871877616297751956153661012649536132812500000000, 4.298141211962905217092156817670911550521850585937500000000000
 0.000582962767711013270591213775162486854242160916328430175781, 0.050633899343786696600755448116615298204123973846435546875000, 0.401985140917959393735969797489815391600131988525390625000000, 0.914245128353666225429208225250476971268653869628906250000000, 0.417155477841270105887616637119208462536334991455078125000000, 1.445496578316511238071484513056930154561996459960937500000000
 0.000582962767711013270591213775162486854242160916328430175781, 0.050633899343786696600755448116615298204123973846435546875000, 0.401985140917959116180213641200680285692214965820312500000000,-0.914245128353666336451510687766131013631820678710937500000000, 2.724437175748523287666102987714111804962158203125000000000000, 1.445496578316511238071484513056930154561996459960937500000000
 0.000582962767711013270591213775162486854242160916328430175781, 0.050633899343786696600755448116615298204123973846435546875000,-0.401985140917959393735969797489815391600131988525390625000000, 0.914245128353666225429208225250476971268653869628906250000000, 0.417155477841270105887616637119208462536334991455078125000000, 4.837688728863074771879837499000132083892822265625000000000000
 0.000582962767711013270591213775162486854242160916328430175781, 0.050633899343786696600755448116615298204123973846435546875000,-0.401985140917959116180213641200680285692214965820312500000000,-0.914245128353666336451510687766131013631820678710937500000000, 2.724437175748523287666102987714111804962158203125000000000000, 4.837688728863074771879837499000132083892822265625000000000000
 0.000582962767711013270591213775162486854242160916328430175781,-0.050633899343786696600755448116615298204123973846435546875000, 0.401985140917959393735969797489815391600131988525390625000000, 0.914245128353666225429208225250476971268653869628906250000000, 0.417155477841270105887616637119208462536334991455078125000000, 1.696096075273281877926478955487255007028579711914062500000000
 0.000582962767711013270591213775162486854242160916328430175781,-0.050633899343786696600755448116615298204123973846435546875000, 0.401985140917959116180213641200680285692214965820312500000000,-0.914245128353666336451510687766131013631820678710937500000000, 2.724437175748523287666102987714111804962158203125000000000000, 1.696096075273282099971083880518563091754913330078125000000000
 0.000582962767711013270591213775162486854242160916328430175781,-0.050633899343786696600755448116615298204123973846435546875000,-0.401985140917959393735969797489815391600131988525390625000000, 0.914245128353666225429208225250476971268653869628906250000000, 0.417155477841270105887616637119208462536334991455078125000000, 4.587089231906304576114052906632423400878906250000000000000000
 0.000582962767711013270591213775162486854242160916328430175781,-0.050633899343786696600755448116615298204123973846435546875000,-0.401985140917959116180213641200680285692214965820312500000000,-0.914245128353666336451510687766131013631820678710937500000000, 2.724437175748523287666102987714111804962158203125000000000000, 4.587089231906304576114052906632423400878906250000000000000000
 0.000582962767711013270591213775162486854242160916328430175781, 0.050633899343786696600755448116615298204123973846435546875000, 0.914245128353666225429208225250476971268653869628906250000000, 0.401985140917959393735969797489815391600131988525390625000000, 1.157112487997022265417967901157680898904800415039062500000000, 1.515469562762090882657162183022592216730117797851562500000000
 0.000582962767711013270591213775162486854242160916328430175781, 0.050633899343786696600755448116615298204123973846435546875000, 0.914245128353666114406905762734822928905487060546875000000000,-0.401985140917959615780574722521123476326465606689453125000000, 1.984480165592771294669205417449120432138442993164062500000000, 1.515469562762090882657162183022592216730117797851562500000000
 0.000582962767711013270591213775162486854242160916328430175781, 0.050633899343786696600755448116615298204123973846435546875000,-0.914245128353666225429208225250476971268653869628906250000000, 0.401985140917959393735969797489815391600131988525390625000000, 1.157112487997022265417967901157680898904800415039062500000000, 4.767715744417495571383369679097086191177368164062500000000000
 0.000582962767711013270591213775162486854242160916328430175781, 0.050633899343786696600755448116615298204123973846435546875000,-0.914245128353666114406905762734822928905487060546875000000000,-0.401985140917959615780574722521123476326465606689453125000000, 1.984480165592771294669205417449120432138442993164062500000000, 4.767715744417495571383369679097086191177368164062500000000000
 0.000582962767711013270591213775162486854242160916328430175781,-0.050633899343786696600755448116615298204123973846435546875000, 0.914245128353666225429208225250476971268653869628906250000000, 0.401985140917959393735969797489815391600131988525390625000000, 1.157112487997022265417967901157680898904800415039062500000000, 1.626123090827702455385406210552901029586791992187500000000000
 0.000582962767711013270591213775162486854242160916328430175781,-0.050633899343786696600755448116615298204123973846435546875000, 0.914245128353666114406905762734822928905487060546875000000000,-0.401985140917959615780574722521123476326465606689453125000000, 1.984480165592771294669205417449120432138442993164062500000000, 1.626123090827702455385406210552901029586791992187500000000000
 0.000582962767711013270591213775162486854242160916328430175781,-0.050633899343786696600755448116615298204123973846435546875000,-0.914245128353666225429208225250476971268653869628906250000000, 0.401985140917959393735969797489815391600131988525390625000000, 1.157112487997022265417967901157680898904800415039062500000000, 4.657062216351883776610520726535469293594360351562500000000000
 0.000582962767711013270591213775162486854242160916328430175781,-0.050633899343786696600755448116615298204123973846435546875000,-0.914245128353666114406905762734822928905487060546875000000000,-0.401985140917959615780574722521123476326465606689453125000000, 1.984480165592771294669205417449120432138442993164062500000000, 4.657062216351883776610520726535469293594360351562500000000000
 0.000582962767711013270591213775162486854242160916328430175781, 0.914245128353666225429208225250476971268653869628906250000000, 0.401985140917959393735969797489815391600131988525390625000000, 0.050633899343786599456240793415418011136353015899658203125000, 1.520140766655921460426270641619339585304260253906250000000000, 0.414247768421784623438242078918847255408763885498046875000000
 0.000582962767711013270591213775162486854242160916328430175781, 0.914245128353666225429208225250476971268653869628906250000000, 0.401985140917959393735969797489815391600131988525390625000000,-0.050633899343786800684164006725040962919592857360839843750000, 1.621451886933871877616297751956153661012649536132812500000000, 0.414247768421784623438242078918847255408763885498046875000000
 0.000582962767711013270591213775162486854242160916328430175781, 0.914245128353666225429208225250476971268653869628906250000000,-0.401985140917959393735969797489815391600131988525390625000000, 0.050633899343786599456240793415418011136353015899658203125000, 1.520140766655921460426270641619339585304260253906250000000000, 5.868937538757801775091138551943004131317138671875000000000000
 0.000582962767711013270591213775162486854242160916328430175781, 0.914245128353666225429208225250476971268653869628906250000000,-0.401985140917959393735969797489815391600131988525390625000000,-0.050633899343786800684164006725040962919592857360839843750000, 1.621451886933871877616297751956153661012649536132812500000000, 5.868937538757801775091138551943004131317138671875000000000000
 0.000582962767711013270591213775162486854242160916328430175781,-0.914245128353666336451510687766131013631820678710937500000000, 0.401985140917959227202516103716334328055381774902343750000000, 0.050633899343786599456240793415418011136353015899658203125000, 1.520140766655921460426270641619339585304260253906250000000000, 2.727344885168008659093175083398818969726562500000000000000000
 0.000582962767711013270591213775162486854242160916328430175781,-0.914245128353666336451510687766131013631820678710937500000000, 0.401985140917959227202516103716334328055381774902343750000000,-0.050633899343786800684164006725040962919592857360839843750000, 1.621451886933871877616297751956153661012649536132812500000000, 2.727344885168008659093175083398818969726562500000000000000000
 0.000582962767711013270591213775162486854242160916328430175781,-0.914245128353666336451510687766131013631820678710937500000000,-0.401985140917959227202516103716334328055381774902343750000000, 0.050633899343786599456240793415418011136353015899658203125000, 1.520140766655921460426270641619339585304260253906250000000000, 3.555840422011577572902751853689551353454589843750000000000000
 0.000582962767711013270591213775162486854242160916328430175781,-0.914245128353666336451510687766131013631820678710937500000000,-0.401985140917959227202516103716334328055381774902343750000000,-0.050633899343786800684164006725040962919592857360839843750000, 1.621451886933871877616297751956153661012649536132812500000000, 3.555840422011577572902751853689551353454589843750000000000000
 0.000582962767711013270591213775162486854242160916328430175781, 0.914245128353666225429208225250476971268653869628906250000000, 0.050633899343786099855879712094974820502102375030517578125000, 0.401985140917959393735969797489815391600131988525390625000000, 1.157112487997022265417967901157680898904800415039062500000000, 0.055326764032805189619246277743513928726315498352050781250000
 0.000582962767711013270591213775162486854242160916328430175781, 0.914245128353666114406905762734822928905487060546875000000000, 0.050633899343786099855879712094974820502102375030517578125000,-0.401985140917959615780574722521123476326465606689453125000000, 1.984480165592771294669205417449120432138442993164062500000000, 0.055326764032805189619246277743513928726315498352050781250000
 0.000582962767711013270591213775162486854242160916328430175781, 0.914245128353666225429208225250476971268653869628906250000000,-0.050633899343786099855879712094974820502102375030517578125000, 0.401985140917959393735969797489815391600131988525390625000000, 1.157112487997022265417967901157680898904800415039062500000000, 6.227858543146781222787922160932794213294982910156250000000000
 0.000582962767711013270591213775162486854242160916328430175781, 0.914245128353666114406905762734822928905487060546875000000000,-0.050633899343786099855879712094974820502102375030517578125000,-0.401985140917959615780574722521123476326465606689453125000000, 1.984480165592771294669205417449120432138442993164062500000000, 6.227858543146781222787922160932794213294982910156250000000000
 0.000582962767711013270591213775162486854242160916328430175781,-0.914245128353666225429208225250476971268653869628906250000000, 0.050633899343785801483441844084154581651091575622558593750000, 0.401985140917959393735969797489815391600131988525390625000000, 1.157112487997022265417967901157680898904800415039062500000000, 3.086265889556988550879168542451225221157073974609375000000000
 0.000582962767711013270591213775162486854242160916328430175781,-0.914245128353666114406905762734822928905487060546875000000000, 0.050633899343785801483441844084154581651091575622558593750000,-0.401985140917959615780574722521123476326465606689453125000000, 1.984480165592771294669205417449120432138442993164062500000000, 3.086265889556988550879168542451225221157073974609375000000000
 0.000582962767711013270591213775162486854242160916328430175781,-0.914245128353666225429208225250476971268653869628906250000000,-0.050633899343785801483441844084154581651091575622558593750000, 0.401985140917959393735969797489815391600131988525390625000000, 1.157112487997022265417967901157680898904800415039062500000000, 3.196919417622597681116758394637145102024078369140625000000000
 0.000582962767711013270591213775162486854242160916328430175781,-0.914245128353666114406905762734822928905487060546875000000000,-0.050633899343785801483441844084154581651091575622558593750000,-0.401985140917959615780574722521123476326465606689453125000000, 1.984480165592771294669205417449120432138442993164062500000000, 3.196919417622597681116758394637145102024078369140625000000000
 0.000604869337608013660223527097059559309855103492736816406250, 0.463561456744979782929050315942731685936450958251953125000000, 0.103242226916061302643967678704939316958189010620117187500000, 0.880029441781287613544293435552390292286872863769531250000000, 0.494872136649407212694029567501274868845939636230468750000000, 0.219138766806825036059791500520077534019947052001953125000000
 0.000604869337608013660223527097059559309855103492736816406250, 0.463561456744979394350991697137942537665367126464843750000000, 0.103242226916061205499453024003742029890418052673339843750000,-0.880029441781287835588898360583698377013206481933593750000000, 2.646720516940386680460051138652488589286804199218750000000000, 0.219138766806825008304215884891164023429155349731445312500000
 0.000604869337608013660223527097059559309855103492736816406250, 0.463561456744979782929050315942731685936450958251953125000000,-0.103242226916061302643967678704939316958189010620117187500000, 0.880029441781287613544293435552390292286872863769531250000000, 0.494872136649407212694029567501274868845939636230468750000000, 6.064046540372761029402681742794811725616455078125000000000000
 0.000604869337608013660223527097059559309855103492736816406250, 0.463561456744979394350991697137942537665367126464843750000000,-0.103242226916061205499453024003742029890418052673339843750000,-0.880029441781287835588898360583698377013206481933593750000000, 2.646720516940386680460051138652488589286804199218750000000000, 6.064046540372761029402681742794811725616455078125000000000000
 0.000604869337608013660223527097059559309855103492736816406250,-0.463561456744979782929050315942731685936450958251953125000000, 0.103242226916061205499453024003742029890418052673339843750000, 0.880029441781287613544293435552390292286872863769531250000000, 0.494872136649407212694029567501274868845939636230468750000000, 2.922453886782968357493928124313242733478546142578125000000000
 0.000604869337608013660223527097059559309855103492736816406250,-0.463561456744979394350991697137942537665367126464843750000000, 0.103242226916061094477150561488087987527251243591308593750000,-0.880029441781287835588898360583698377013206481933593750000000, 2.646720516940386680460051138652488589286804199218750000000000, 2.922453886782968357493928124313242733478546142578125000000000
 0.000604869337608013660223527097059559309855103492736816406250,-0.463561456744979782929050315942731685936450958251953125000000,-0.103242226916061205499453024003742029890418052673339843750000, 0.880029441781287613544293435552390292286872863769531250000000, 0.494872136649407212694029567501274868845939636230468750000000, 3.360731420396617874501998812775127589702606201171875000000000
 0.000604869337608013660223527097059559309855103492736816406250,-0.463561456744979394350991697137942537665367126464843750000000,-0.103242226916061094477150561488087987527251243591308593750000,-0.880029441781287835588898360583698377013206481933593750000000, 2.646720516940386680460051138652488589286804199218750000000000, 3.360731420396617874501998812775127589702606201171875000000000
 0.000604869337608013660223527097059559309855103492736816406250, 0.463561456744980004973655240974039770662784576416015625000000, 0.880029441781287502521990973036736249923706054687500000000000, 0.103242226916061302643967678704939316958189010620117187500000, 1.467369805445752017902805164339952170848846435546875000000000, 1.085973145838585507405582575302105396986007690429687500000000
 0.000604869337608013660223527097059559309855103492736816406250, 0.463561456744980004973655240974039770662784576416015625000000, 0.880029441781287502521990973036736249923706054687500000000000,-0.103242226916061302643967678704939316958189010620117187500000, 1.674222848144041320139763229235541075468063354492187500000000, 1.085973145838585507405582575302105396986007690429687500000000
 0.000604869337608013660223527097059559309855103492736816406250, 0.463561456744980004973655240974039770662784576416015625000000,-0.880029441781287502521990973036736249923706054687500000000000, 0.103242226916061302643967678704939316958189010620117187500000, 1.467369805445752017902805164339952170848846435546875000000000, 5.197212161341000502545739436754956841468811035156250000000000
 0.000604869337608013660223527097059559309855103492736816406250, 0.463561456744980004973655240974039770662784576416015625000000,-0.880029441781287502521990973036736249923706054687500000000000,-0.103242226916061302643967678704939316958189010620117187500000, 1.674222848144041320139763229235541075468063354492187500000000, 5.197212161341000502545739436754956841468811035156250000000000
 0.000604869337608013660223527097059559309855103492736816406250,-0.463561456744980227018260166005347855389118194580078125000000, 0.880029441781287391499688510521082207560539245605468750000000, 0.103242226916061302643967678704939316958189010620117187500000, 1.467369805445752017902805164339952170848846435546875000000000, 2.055619507751207830636985818273387849330902099609375000000000
 0.000604869337608013660223527097059559309855103492736816406250,-0.463561456744980227018260166005347855389118194580078125000000, 0.880029441781287391499688510521082207560539245605468750000000,-0.103242226916061302643967678704939316958189010620117187500000, 1.674222848144041320139763229235541075468063354492187500000000, 2.055619507751207830636985818273387849330902099609375000000000
 0.000604869337608013660223527097059559309855103492736816406250,-0.463561456744980227018260166005347855389118194580078125000000,-0.880029441781287391499688510521082207560539245605468750000000, 0.103242226916061302643967678704939316958189010620117187500000, 1.467369805445752017902805164339952170848846435546875000000000, 4.227565799428377957269731268752366304397583007812500000000000
 0.000604869337608013660223527097059559309855103492736816406250,-0.463561456744980227018260166005347855389118194580078125000000,-0.880029441781287391499688510521082207560539245605468750000000,-0.103242226916061302643967678704939316958189010620117187500000, 1.674222848144041320139763229235541075468063354492187500000000, 4.227565799428377957269731268752366304397583007812500000000000
 0.000604869337608013660223527097059559309855103492736816406250, 0.103242226916061205499453024003742029890418052673339843750000, 0.463561456744979782929050315942731685936450958251953125000000, 0.880029441781287613544293435552390292286872863769531250000000, 0.494872136649407212694029567501274868845939636230468750000000, 1.351657559988071799494946390041150152683258056640625000000000
 0.000604869337608013660223527097059559309855103492736816406250, 0.103242226916061094477150561488087987527251243591308593750000, 0.463561456744979394350991697137942537665367126464843750000000,-0.880029441781287835588898360583698377013206481933593750000000, 2.646720516940386680460051138652488589286804199218750000000000, 1.351657559988071799494946390041150152683258056640625000000000
 0.000604869337608013660223527097059559309855103492736816406250, 0.103242226916061205499453024003742029890418052673339843750000,-0.463561456744979782929050315942731685936450958251953125000000, 0.880029441781287613544293435552390292286872863769531250000000, 0.494872136649407212694029567501274868845939636230468750000000, 4.931527747191514876590190397109836339950561523437500000000000
 0.000604869337608013660223527097059559309855103492736816406250, 0.103242226916061094477150561488087987527251243591308593750000,-0.463561456744979394350991697137942537665367126464843750000000,-0.880029441781287835588898360583698377013206481933593750000000, 2.646720516940386680460051138652488589286804199218750000000000, 4.931527747191514876590190397109836339950561523437500000000000
 0.000604869337608013660223527097059559309855103492736816406250,-0.103242226916061205499453024003742029890418052673339843750000, 0.463561456744979782929050315942731685936450958251953125000000, 0.880029441781287613544293435552390292286872863769531250000000, 0.494872136649407212694029567501274868845939636230468750000000, 1.789935093601721538547622003534343093633651733398437500000000
 0.000604869337608013660223527097059559309855103492736816406250,-0.103242226916061094477150561488087987527251243591308593750000, 0.463561456744979394350991697137942537665367126464843750000000,-0.880029441781287835588898360583698377013206481933593750000000, 2.646720516940386680460051138652488589286804199218750000000000, 1.789935093601721316503017078503035008907318115234375000000000
 0.000604869337608013660223527097059559309855103492736816406250,-0.103242226916061205499453024003742029890418052673339843750000,-0.463561456744979782929050315942731685936450958251953125000000, 0.880029441781287613544293435552390292286872863769531250000000, 0.494872136649407212694029567501274868845939636230468750000000, 4.493250213577864471403700008522719144821166992187500000000000
 0.000604869337608013660223527097059559309855103492736816406250,-0.103242226916061094477150561488087987527251243591308593750000,-0.463561456744979394350991697137942537665367126464843750000000,-0.880029441781287835588898360583698377013206481933593750000000, 2.646720516940386680460051138652488589286804199218750000000000, 4.493250213577864471403700008522719144821166992187500000000000
 0.000604869337608013660223527097059559309855103492736816406250, 0.103242226916061094477150561488087987527251243591308593750000, 0.880029441781287613544293435552390292286872863769531250000000, 0.463561456744979893951352778458385728299617767333984375000000, 1.088785925666352127905156521592289209365844726562500000000000, 1.454013357312957444023027164803352206945419311523437500000000
 0.000604869337608013660223527097059559309855103492736816406250, 0.103242226916061094477150561488087987527251243591308593750000, 0.880029441781287613544293435552390292286872863769531250000000,-0.463561456744979893951352778458385728299617767333984375000000, 2.052806727923440988092806946951895952224731445312500000000000, 1.454013357312957444023027164803352206945419311523437500000000
 0.000604869337608013660223527097059559309855103492736816406250, 0.103242226916061094477150561488087987527251243591308593750000,-0.880029441781287613544293435552390292286872863769531250000000, 0.463561456744979893951352778458385728299617767333984375000000, 1.088785925666352127905156521592289209365844726562500000000000, 4.829171949866628565928294847253710031509399414062500000000000
 0.000604869337608013660223527097059559309855103492736816406250, 0.103242226916061094477150561488087987527251243591308593750000,-0.880029441781287613544293435552390292286872863769531250000000,-0.463561456744979893951352778458385728299617767333984375000000, 2.052806727923440988092806946951895952224731445312500000000000, 4.829171949866628565928294847253710031509399414062500000000000
 0.000604869337608013660223527097059559309855103492736816406250,-0.103242226916061302643967678704939316958189010620117187500000, 0.880029441781287502521990973036736249923706054687500000000000, 0.463561456744979893951352778458385728299617767333984375000000, 1.088785925666352127905156521592289209365844726562500000000000, 1.687579296276836116064146153803449124097824096679687500000000
 0.000604869337608013660223527097059559309855103492736816406250,-0.103242226916061302643967678704939316958189010620117187500000, 0.880029441781287502521990973036736249923706054687500000000000,-0.463561456744979893951352778458385728299617767333984375000000, 2.052806727923440988092806946951895952224731445312500000000000, 1.687579296276836116064146153803449124097824096679687500000000
 0.000604869337608013660223527097059559309855103492736816406250,-0.103242226916061302643967678704939316958189010620117187500000,-0.880029441781287502521990973036736249923706054687500000000000, 0.463561456744979893951352778458385728299617767333984375000000, 1.088785925666352127905156521592289209365844726562500000000000, 4.595606010902749893887175858253613114356994628906250000000000
 0.000604869337608013660223527097059559309855103492736816406250,-0.103242226916061302643967678704939316958189010620117187500000,-0.880029441781287502521990973036736249923706054687500000000000,-0.463561456744979893951352778458385728299617767333984375000000, 2.052806727923440988092806946951895952224731445312500000000000, 4.595606010902749893887175858253613114356994628906250000000000
 0.000604869337608013660223527097059559309855103492736816406250, 0.880029441781287502521990973036736249923706054687500000000000, 0.463561456744980115995957703489693813025951385498046875000000, 0.103242226916061302643967678704939316958189010620117187500000, 1.467369805445752017902805164339952170848846435546875000000000, 0.484823180956311217126852852743468247354030609130859375000000
 0.000604869337608013660223527097059559309855103492736816406250, 0.880029441781287502521990973036736249923706054687500000000000, 0.463561456744980115995957703489693813025951385498046875000000,-0.103242226916061302643967678704939316958189010620117187500000, 1.674222848144041320139763229235541075468063354492187500000000, 0.484823180956311217126852852743468247354030609130859375000000
 0.000604869337608013660223527097059559309855103492736816406250, 0.880029441781287502521990973036736249923706054687500000000000,-0.463561456744980115995957703489693813025951385498046875000000, 0.103242226916061302643967678704939316958189010620117187500000, 1.467369805445752017902805164339952170848846435546875000000000, 5.798362126223275403447132703149691224098205566406250000000000
 0.000604869337608013660223527097059559309855103492736816406250, 0.880029441781287502521990973036736249923706054687500000000000,-0.463561456744980115995957703489693813025951385498046875000000,-0.103242226916061302643967678704939316958189010620117187500000, 1.674222848144041320139763229235541075468063354492187500000000, 5.798362126223275403447132703149691224098205566406250000000000
 0.000604869337608013660223527097059559309855103492736816406250,-0.880029441781287502521990973036736249923706054687500000000000, 0.463561456744980004973655240974039770662784576416015625000000, 0.103242226916061302643967678704939316958189010620117187500000, 1.467369805445752017902805164339952170848846435546875000000000, 2.656769472633482287449169234605506062507629394531250000000000
 0.000604869337608013660223527097059559309855103492736816406250,-0.880029441781287502521990973036736249923706054687500000000000, 0.463561456744980004973655240974039770662784576416015625000000,-0.103242226916061302643967678704939316958189010620117187500000, 1.674222848144041320139763229235541075468063354492187500000000, 2.656769472633482287449169234605506062507629394531250000000000
 0.000604869337608013660223527097059559309855103492736816406250,-0.880029441781287502521990973036736249923706054687500000000000,-0.463561456744980004973655240974039770662784576416015625000000, 0.103242226916061302643967678704939316958189010620117187500000, 1.467369805445752017902805164339952170848846435546875000000000, 3.626415834546103944546757702482864260673522949218750000000000
 0.000604869337608013660223527097059559309855103492736816406250,-0.880029441781287502521990973036736249923706054687500000000000,-0.463561456744980004973655240974039770662784576416015625000000,-0.103242226916061302643967678704939316958189010620117187500000, 1.674222848144041320139763229235541075468063354492187500000000, 3.626415834546103944546757702482864260673522949218750000000000
 0.000604869337608013660223527097059559309855103492736816406250, 0.880029441781287613544293435552390292286872863769531250000000, 0.103242226916060705899091942683298839256167411804199218750000, 0.463561456744979893951352778458385728299617767333984375000000, 1.088785925666352127905156521592289209365844726562500000000000, 0.116782969481938836420198413179605267941951751708984375000000
 0.000604869337608013660223527097059559309855103492736816406250, 0.880029441781287613544293435552390292286872863769531250000000, 0.103242226916060705899091942683298839256167411804199218750000,-0.463561456744979893951352778458385728299617767333984375000000, 2.052806727923440988092806946951895952224731445312500000000000, 0.116782969481938836420198413179605267941951751708984375000000
 0.000604869337608013660223527097059559309855103492736816406250, 0.880029441781287613544293435552390292286872863769531250000000,-0.103242226916060705899091942683298839256167411804199218750000, 0.463561456744979893951352778458385728299617767333984375000000, 1.088785925666352127905156521592289209365844726562500000000000, 6.166402337697647340064577292650938034057617187500000000000000
 0.000604869337608013660223527097059559309855103492736816406250, 0.880029441781287613544293435552390292286872863769531250000000,-0.103242226916060705899091942683298839256167411804199218750000,-0.463561456744979893951352778458385728299617767333984375000000, 2.052806727923440988092806946951895952224731445312500000000000, 6.166402337697647340064577292650938034057617187500000000000000
 0.000604869337608013660223527097059559309855103492736816406250,-0.880029441781287724566595898068044334650039672851562500000000, 0.103242226916060206298730861362855648621916770935058593750000, 0.463561456744979893951352778458385728299617767333984375000000, 1.088785925666352127905156521592289209365844726562500000000000, 3.024809684107855112245033524231985211372375488281250000000000
 0.000604869337608013660223527097059559309855103492736816406250,-0.880029441781287724566595898068044334650039672851562500000000, 0.103242226916060206298730861362855648621916770935058593750000,-0.463561456744979893951352778458385728299617767333984375000000, 2.052806727923440988092806946951895952224731445312500000000000, 3.024809684107855112245033524231985211372375488281250000000000
 0.000604869337608013660223527097059559309855103492736816406250,-0.880029441781287724566595898068044334650039672851562500000000,-0.103242226916060206298730861362855648621916770935058593750000, 0.463561456744979893951352778458385728299617767333984375000000, 1.088785925666352127905156521592289209365844726562500000000000, 3.258375623071731119750893412856385111808776855468750000000000
 0.000604869337608013660223527097059559309855103492736816406250,-0.880029441781287724566595898068044334650039672851562500000000,-0.103242226916060206298730861362855648621916770935058593750000,-0.463561456744979893951352778458385728299617767333984375000000, 2.052806727923440988092806946951895952224731445312500000000000, 3.258375623071731119750893412856385111808776855468750000000000
 0.000620236231773014113494157939499018539208918809890747070312, 0.521586093159157493381883341498905792832374572753906250000000, 0.156632209400625388440175811410881578922271728515625000000000, 0.838697978059590454336102993693202733993530273437500000000000, 0.575908324087682998992931970860809087753295898437500000000000, 0.291731835133910377688692960873595438897609710693359375000000
 0.000620236231773014113494157939499018539208918809890747070312, 0.521586093159157604404185804014559835195541381835937500000000, 0.156632209400625388440175811410881578922271728515625000000000,-0.838697978059590454336102993693202733993530273437500000000000, 2.565684329502110117005031497683376073837280273437500000000000, 0.291731835133910322177541729615768417716026306152343750000000
 0.000620236231773014113494157939499018539208918809890747070312, 0.521586093159157493381883341498905792832374572753906250000000,-0.156632209400625388440175811410881578922271728515625000000000, 0.838697978059590454336102993693202733993530273437500000000000, 0.575908324087682998992931970860809087753295898437500000000000, 5.991453472045676242885292595019564032554626464843750000000000
 0.000620236231773014113494157939499018539208918809890747070312, 0.521586093159157604404185804014559835195541381835937500000000,-0.156632209400625388440175811410881578922271728515625000000000,-0.838697978059590454336102993693202733993530273437500000000000, 2.565684329502110117005031497683376073837280273437500000000000, 5.991453472045676242885292595019564032554626464843750000000000
 0.000620236231773014113494157939499018539208918809890747070312,-0.521586093159157493381883341498905792832374572753906250000000, 0.156632209400625388440175811410881578922271728515625000000000, 0.838697978059590454336102993693202733993530273437500000000000, 0.575908324087682998992931970860809087753295898437500000000000, 2.849860818455882682798119276412762701511383056640625000000000
 0.000620236231773014113494157939499018539208918809890747070312,-0.521586093159157604404185804014559835195541381835937500000000, 0.156632209400625499462478273926535621285438537597656250000000,-0.838697978059590454336102993693202733993530273437500000000000, 2.565684329502110117005031497683376073837280273437500000000000, 2.849860818455882682798119276412762701511383056640625000000000
 0.000620236231773014113494157939499018539208918809890747070312,-0.521586093159157493381883341498905792832374572753906250000000,-0.156632209400625388440175811410881578922271728515625000000000, 0.838697978059590454336102993693202733993530273437500000000000, 0.575908324087682998992931970860809087753295898437500000000000, 3.433324488723703549197807660675607621669769287109375000000000
 0.000620236231773014113494157939499018539208918809890747070312,-0.521586093159157604404185804014559835195541381835937500000000,-0.156632209400625499462478273926535621285438537597656250000000,-0.838697978059590454336102993693202733993530273437500000000000, 2.565684329502110117005031497683376073837280273437500000000000, 3.433324488723703549197807660675607621669769287109375000000000
 0.000620236231773014113494157939499018539208918809890747070312, 0.521586093159157493381883341498905792832374572753906250000000, 0.838697978059590454336102993693202733993530273437500000000000, 0.156632209400625499462478273926535621285438537597656250000000, 1.413516481670926694391710043419152498245239257812500000000000, 1.014429485673474129470150728593580424785614013671875000000000
 0.000620236231773014113494157939499018539208918809890747070312, 0.521586093159157493381883341498905792832374572753906250000000, 0.838697978059590454336102993693202733993530273437500000000000,-0.156632209400625499462478273926535621285438537597656250000000, 1.728076171918866643650858350156340748071670532226562500000000, 1.014429485673474129470150728593580424785614013671875000000000
 0.000620236231773014113494157939499018539208918809890747070312, 0.521586093159157493381883341498905792832374572753906250000000,-0.838697978059590454336102993693202733993530273437500000000000, 0.156632209400625499462478273926535621285438537597656250000000, 1.413516481670926694391710043419152498245239257812500000000000, 5.268755821506111658436566358432173728942871093750000000000000
 0.000620236231773014113494157939499018539208918809890747070312, 0.521586093159157493381883341498905792832374572753906250000000,-0.838697978059590454336102993693202733993530273437500000000000,-0.156632209400625499462478273926535621285438537597656250000000, 1.728076171918866643650858350156340748071670532226562500000000, 5.268755821506111658436566358432173728942871093750000000000000
 0.000620236231773014113494157939499018539208918809890747070312,-0.521586093159157493381883341498905792832374572753906250000000, 0.838697978059590454336102993693202733993530273437500000000000, 0.156632209400625499462478273926535621285438537597656250000000, 1.413516481670926694391710043419152498245239257812500000000000, 2.127163167916318986527812739950604736804962158203125000000000
 0.000620236231773014113494157939499018539208918809890747070312,-0.521586093159157493381883341498905792832374572753906250000000, 0.838697978059590454336102993693202733993530273437500000000000,-0.156632209400625499462478273926535621285438537597656250000000, 1.728076171918866643650858350156340748071670532226562500000000, 2.127163167916318986527812739950604736804962158203125000000000
 0.000620236231773014113494157939499018539208918809890747070312,-0.521586093159157493381883341498905792832374572753906250000000,-0.838697978059590454336102993693202733993530273437500000000000, 0.156632209400625499462478273926535621285438537597656250000000, 1.413516481670926694391710043419152498245239257812500000000000, 4.156022139263267689557324047200381755828857421875000000000000
 0.000620236231773014113494157939499018539208918809890747070312,-0.521586093159157493381883341498905792832374572753906250000000,-0.838697978059590454336102993693202733993530273437500000000000,-0.156632209400625499462478273926535621285438537597656250000000, 1.728076171918866643650858350156340748071670532226562500000000, 4.156022139263267689557324047200381755828857421875000000000000
 0.000620236231773014113494157939499018539208918809890747070312, 0.156632209400625305173448964524141047149896621704101562500000, 0.521586093159157493381883341498905792832374572753906250000000, 0.838697978059590454336102993693202733993530273437500000000000, 0.575908324087682998992931970860809087753295898437500000000000, 1.279064491660986346843742467171978205442428588867187500000000
 0.000620236231773014113494157939499018539208918809890747070312, 0.156632209400625388440175811410881578922271728515625000000000, 0.521586093159157604404185804014559835195541381835937500000000,-0.838697978059590454336102993693202733993530273437500000000000, 2.565684329502110117005031497683376073837280273437500000000000, 1.279064491660986346843742467171978205442428588867187500000000
 0.000620236231773014113494157939499018539208918809890747070312, 0.156632209400625305173448964524141047149896621704101562500000,-0.521586093159157493381883341498905792832374572753906250000000, 0.838697978059590454336102993693202733993530273437500000000000, 0.575908324087682998992931970860809087753295898437500000000000, 5.004120815518599663107579544885084033012390136718750000000000
 0.000620236231773014113494157939499018539208918809890747070312, 0.156632209400625388440175811410881578922271728515625000000000,-0.521586093159157604404185804014559835195541381835937500000000,-0.838697978059590454336102993693202733993530273437500000000000, 2.565684329502110117005031497683376073837280273437500000000000, 5.004120815518599663107579544885084033012390136718750000000000
 0.000620236231773014113494157939499018539208918809890747070312,-0.156632209400625388440175811410881578922271728515625000000000, 0.521586093159157493381883341498905792832374572753906250000000, 0.838697978059590454336102993693202733993530273437500000000000, 0.575908324087682998992931970860809087753295898437500000000000, 1.862528161928806991198825926403515040874481201171875000000000
 0.000620236231773014113494157939499018539208918809890747070312,-0.156632209400625499462478273926535621285438537597656250000000, 0.521586093159157604404185804014559835195541381835937500000000,-0.838697978059590454336102993693202733993530273437500000000000, 2.565684329502110117005031497683376073837280273437500000000000, 1.862528161928807213243430851434823125600814819335937500000000
 0.000620236231773014113494157939499018539208918809890747070312,-0.156632209400625388440175811410881578922271728515625000000000,-0.521586093159157493381883341498905792832374572753906250000000, 0.838697978059590454336102993693202733993530273437500000000000, 0.575908324087682998992931970860809087753295898437500000000000, 4.420657145250778796707891160622239112854003906250000000000000
 0.000620236231773014113494157939499018539208918809890747070312,-0.156632209400625499462478273926535621285438537597656250000000,-0.521586093159157604404185804014559835195541381835937500000000,-0.838697978059590454336102993693202733993530273437500000000000, 2.565684329502110117005031497683376073837280273437500000000000, 4.420657145250778796707891160622239112854003906250000000000000
 0.000620236231773014113494157939499018539208918809890747070312, 0.156632209400625305173448964524141047149896621704101562500000, 0.838697978059590565358405456208856776356697082519531250000000, 0.521586093159157493381883341498905792832374572753906250000000, 1.022087433854227178642304352251812815666198730468750000000000, 1.386166825634398191979812509089242666959762573242187500000000
 0.000620236231773014113494157939499018539208918809890747070312, 0.156632209400625305173448964524141047149896621704101562500000, 0.838697978059590565358405456208856776356697082519531250000000,-0.521586093159157382359580878983251750469207763671875000000000, 2.119505219735565937355659116292372345924377441406250000000000, 1.386166825634398191979812509089242666959762573242187500000000
 0.000620236231773014113494157939499018539208918809890747070312, 0.156632209400625305173448964524141047149896621704101562500000,-0.838697978059590565358405456208856776356697082519531250000000, 0.521586093159157493381883341498905792832374572753906250000000, 1.022087433854227178642304352251812815666198730468750000000000, 4.897018481545187817971509502967819571495056152343750000000000
 0.000620236231773014113494157939499018539208918809890747070312, 0.156632209400625305173448964524141047149896621704101562500000,-0.838697978059590565358405456208856776356697082519531250000000,-0.521586093159157382359580878983251750469207763671875000000000, 2.119505219735565937355659116292372345924377441406250000000000, 4.897018481545187817971509502967819571495056152343750000000000
 0.000620236231773014113494157939499018539208918809890747070312,-0.156632209400625305173448964524141047149896621704101562500000, 0.838697978059590565358405456208856776356697082519531250000000, 0.521586093159157493381883341498905792832374572753906250000000, 1.022087433854227178642304352251812815666198730468750000000000, 1.755425827955395146062755884486250579357147216796875000000000
 0.000620236231773014113494157939499018539208918809890747070312,-0.156632209400625305173448964524141047149896621704101562500000, 0.838697978059590565358405456208856776356697082519531250000000,-0.521586093159157382359580878983251750469207763671875000000000, 2.119505219735565937355659116292372345924377441406250000000000, 1.755425827955395146062755884486250579357147216796875000000000
 0.000620236231773014113494157939499018539208918809890747070312,-0.156632209400625305173448964524141047149896621704101562500000,-0.838697978059590565358405456208856776356697082519531250000000, 0.521586093159157493381883341498905792832374572753906250000000, 1.022087433854227178642304352251812815666198730468750000000000, 4.527759479224190641843961202539503574371337890625000000000000
 0.000620236231773014113494157939499018539208918809890747070312,-0.156632209400625305173448964524141047149896621704101562500000,-0.838697978059590565358405456208856776356697082519531250000000,-0.521586093159157382359580878983251750469207763671875000000000, 2.119505219735565937355659116292372345924377441406250000000000, 4.527759479224190641843961202539503574371337890625000000000000
 0.000620236231773014113494157939499018539208918809890747070312, 0.838697978059590454336102993693202733993530273437500000000000, 0.521586093159157493381883341498905792832374572753906250000000, 0.156632209400625499462478273926535621285438537597656250000000, 1.413516481670926694391710043419152498245239257812500000000000, 0.556366841121422539551133468194166198372840881347656250000000
 0.000620236231773014113494157939499018539208918809890747070312, 0.838697978059590454336102993693202733993530273437500000000000, 0.521586093159157493381883341498905792832374572753906250000000,-0.156632209400625499462478273926535621285438537597656250000000, 1.728076171918866643650858350156340748071670532226562500000000, 0.556366841121422539551133468194166198372840881347656250000000
 0.000620236231773014113494157939499018539208918809890747070312, 0.838697978059590454336102993693202733993530273437500000000000,-0.521586093159157493381883341498905792832374572753906250000000, 0.156632209400625499462478273926535621285438537597656250000000, 1.413516481670926694391710043419152498245239257812500000000000, 5.726818466058163359377886081347241997718811035156250000000000
 0.000620236231773014113494157939499018539208918809890747070312, 0.838697978059590454336102993693202733993530273437500000000000,-0.521586093159157493381883341498905792832374572753906250000000,-0.156632209400625499462478273926535621285438537597656250000000, 1.728076171918866643650858350156340748071670532226562500000000, 5.726818466058163359377886081347241997718811035156250000000000
 0.000620236231773014113494157939499018539208918809890747070312,-0.838697978059590454336102993693202733993530273437500000000000, 0.521586093159157493381883341498905792832374572753906250000000, 0.156632209400625499462478273926535621285438537597656250000000, 1.413516481670926694391710043419152498245239257812500000000000, 2.585225812468370687469132462865673005580902099609375000000000
 0.000620236231773014113494157939499018539208918809890747070312,-0.838697978059590454336102993693202733993530273437500000000000, 0.521586093159157493381883341498905792832374572753906250000000,-0.156632209400625499462478273926535621285438537597656250000000, 1.728076171918866643650858350156340748071670532226562500000000, 2.585225812468370687469132462865673005580902099609375000000000
 0.000620236231773014113494157939499018539208918809890747070312,-0.838697978059590454336102993693202733993530273437500000000000,-0.521586093159157493381883341498905792832374572753906250000000, 0.156632209400625499462478273926535621285438537597656250000000, 1.413516481670926694391710043419152498245239257812500000000000, 3.697959494711215544526794474222697317600250244140625000000000
 0.000620236231773014113494157939499018539208918809890747070312,-0.838697978059590454336102993693202733993530273437500000000000,-0.521586093159157493381883341498905792832374572753906250000000,-0.156632209400625499462478273926535621285438537597656250000000, 1.728076171918866643650858350156340748071670532226562500000000, 3.697959494711215544526794474222697317600250244140625000000000
 0.000620236231773014113494157939499018539208918809890747070312, 0.838697978059590565358405456208856776356697082519531250000000, 0.156632209400625194151146502008487004786729812622070312500000, 0.521586093159157493381883341498905792832374572753906250000000, 1.022087433854227178642304352251812815666198730468750000000000, 0.184629501160498310508017993925022892653942108154296875000000
 0.000620236231773014113494157939499018539208918809890747070312, 0.838697978059590565358405456208856776356697082519531250000000, 0.156632209400625194151146502008487004786729812622070312500000,-0.521586093159157382359580878983251750469207763671875000000000, 2.119505219735565937355659116292372345924377441406250000000000, 0.184629501160498310508017993925022892653942108154296875000000
 0.000620236231773014113494157939499018539208918809890747070312, 0.838697978059590565358405456208856776356697082519531250000000,-0.156632209400625194151146502008487004786729812622070312500000, 0.521586093159157493381883341498905792832374572753906250000000, 1.022087433854227178642304352251812815666198730468750000000000, 6.098555806019088088021362636936828494071960449218750000000000
 0.000620236231773014113494157939499018539208918809890747070312, 0.838697978059590565358405456208856776356697082519531250000000,-0.156632209400625194151146502008487004786729812622070312500000,-0.521586093159157382359580878983251750469207763671875000000000, 2.119505219735565937355659116292372345924377441406250000000000, 6.098555806019088088021362636936828494071960449218750000000000
 0.000620236231773014113494157939499018539208918809890747070312,-0.838697978059590565358405456208856776356697082519531250000000, 0.156632209400625194151146502008487004786729812622070312500000, 0.521586093159157493381883341498905792832374572753906250000000, 1.022087433854227178642304352251812815666198730468750000000000, 2.956963152429294972023399168392643332481384277343750000000000
 0.000620236231773014113494157939499018539208918809890747070312,-0.838697978059590565358405456208856776356697082519531250000000, 0.156632209400625194151146502008487004786729812622070312500000,-0.521586093159157382359580878983251750469207763671875000000000, 2.119505219735565937355659116292372345924377441406250000000000, 2.956963152429294972023399168392643332481384277343750000000000
 0.000620236231773014113494157939499018539208918809890747070312,-0.838697978059590565358405456208856776356697082519531250000000,-0.156632209400625194151146502008487004786729812622070312500000, 0.521586093159157493381883341498905792832374572753906250000000, 1.022087433854227178642304352251812815666198730468750000000000, 3.326222154750291259972527768695726990699768066406250000000000
 0.000620236231773014113494157939499018539208918809890747070312,-0.838697978059590565358405456208856776356697082519531250000000,-0.156632209400625194151146502008487004786729812622070312500000,-0.521586093159157382359580878983251750469207763671875000000000, 2.119505219735565937355659116292372345924377441406250000000000, 3.326222154750291259972527768695726990699768066406250000000000
 0.000629900532840014268191886070979990108753554522991180419922, 0.575820249909927195375303199398331344127655029296875000000000, 0.209808282749109703546608329816081095486879348754882812500000, 0.790197142669814112103665593167534098029136657714843750000000, 0.659665715736193036811130241403589025139808654785156250000000, 0.349413683845548161954752686142455786466598510742187500000000
 0.000629900532840014268191886070979990108753554522991180419922, 0.575820249909927084353000736882677301764488220214843750000000, 0.209808282749109703546608329816081095486879348754882812500000,-0.790197142669814223125968055683188140392303466796875000000000, 2.481926937853600190209135689656250178813934326171875000000000, 0.349413683845548217465903917400282807648181915283203125000000
 0.000629900532840014268191886070979990108753554522991180419922, 0.575820249909927195375303199398331344127655029296875000000000,-0.209808282749109703546608329816081095486879348754882812500000, 0.790197142669814112103665593167534098029136657714843750000000, 0.659665715736193036811130241403589025139808654785156250000000, 5.933771623334037847996569325914606451988220214843750000000000
 0.000629900532840014268191886070979990108753554522991180419922, 0.575820249909927084353000736882677301764488220214843750000000,-0.209808282749109703546608329816081095486879348754882812500000,-0.790197142669814223125968055683188140392303466796875000000000, 2.481926937853600190209135689656250178813934326171875000000000, 5.933771623334037847996569325914606451988220214843750000000000
 0.000629900532840014268191886070979990108753554522991180419922,-0.575820249909927306397605661913985386490821838378906250000000, 0.209808282749109592524305867300427053123712539672851562500000, 0.790197142669814112103665593167534098029136657714843750000000, 0.659665715736193147833432703919243067502975463867187500000000, 2.792178969744245176087815707433037459850311279296875000000000
 0.000629900532840014268191886070979990108753554522991180419922,-0.575820249909927195375303199398331344127655029296875000000000, 0.209808282749109592524305867300427053123712539672851562500000,-0.790197142669814223125968055683188140392303466796875000000000, 2.481926937853600190209135689656250178813934326171875000000000, 2.792178969744245176087815707433037459850311279296875000000000
 0.000629900532840014268191886070979990108753554522991180419922,-0.575820249909927306397605661913985386490821838378906250000000,-0.209808282749109592524305867300427053123712539672851562500000, 0.790197142669814112103665593167534098029136657714843750000000, 0.659665715736193147833432703919243067502975463867187500000000, 3.491006337435341055908111229655332863330841064453125000000000
 0.000629900532840014268191886070979990108753554522991180419922,-0.575820249909927195375303199398331344127655029296875000000000,-0.209808282749109592524305867300427053123712539672851562500000,-0.790197142669814223125968055683188140392303466796875000000000, 2.481926937853600190209135689656250178813934326171875000000000, 3.491006337435341055908111229655332863330841064453125000000000
 0.000629900532840014268191886070979990108753554522991180419922, 0.575820249909927195375303199398331344127655029296875000000000, 0.790197142669814112103665593167534098029136657714843750000000, 0.209808282749109897835637639218475669622421264648437500000000, 1.359417452690024230577137132058851420879364013671875000000000, 0.941064191355897139423802855162648484110832214355468750000000
 0.000629900532840014268191886070979990108753554522991180419922, 0.575820249909927195375303199398331344127655029296875000000000, 0.790197142669814112103665593167534098029136657714843750000000,-0.209808282749109897835637639218475669622421264648437500000000, 1.782175200899768885420826336485333740711212158203125000000000, 0.941064191355897139423802855162648484110832214355468750000000
 0.000629900532840014268191886070979990108753554522991180419922, 0.575820249909927195375303199398331344127655029296875000000000,-0.790197142669814112103665593167534098029136657714843750000000, 0.209808282749109897835637639218475669622421264648437500000000, 1.359417452690024230577137132058851420879364013671875000000000, 5.342121115823688981549821619410067796707153320312500000000000
 0.000629900532840014268191886070979990108753554522991180419922, 0.575820249909927195375303199398331344127655029296875000000000,-0.790197142669814112103665593167534098029136657714843750000000,-0.209808282749109897835637639218475669622421264648437500000000, 1.782175200899768885420826336485333740711212158203125000000000, 5.342121115823688981549821619410067796707153320312500000000000
 0.000629900532840014268191886070979990108753554522991180419922,-0.575820249909927084353000736882677301764488220214843750000000, 0.790197142669814223125968055683188140392303466796875000000000, 0.209808282749109897835637639218475669622421264648437500000000, 1.359417452690024230577137132058851420879364013671875000000000, 2.200528462233895865551858150865882635116577148437500000000000
 0.000629900532840014268191886070979990108753554522991180419922,-0.575820249909927084353000736882677301764488220214843750000000, 0.790197142669814223125968055683188140392303466796875000000000,-0.209808282749109897835637639218475669622421264648437500000000, 1.782175200899768885420826336485333740711212158203125000000000, 2.200528462233895865551858150865882635116577148437500000000000
 0.000629900532840014268191886070979990108753554522991180419922,-0.575820249909927084353000736882677301764488220214843750000000,-0.790197142669814223125968055683188140392303466796875000000000, 0.209808282749109897835637639218475669622421264648437500000000, 1.359417452690024230577137132058851420879364013671875000000000, 4.082656844945690366444068786222487688064575195312500000000000
 0.000629900532840014268191886070979990108753554522991180419922,-0.575820249909927084353000736882677301764488220214843750000000,-0.790197142669814223125968055683188140392303466796875000000000,-0.209808282749109897835637639218475669622421264648437500000000, 1.782175200899768885420826336485333740711212158203125000000000, 4.082656844945690366444068786222487688064575195312500000000000
 0.000629900532840014268191886070979990108753554522991180419922, 0.209808282749110008857940101734129711985588073730468750000000, 0.575820249909927084353000736882677301764488220214843750000000, 0.790197142669814112103665593167534098029136657714843750000000, 0.659665715736193036811130241403589025139808654785156250000000, 1.221382642949347951955019198067020624876022338867187500000000
 0.000629900532840014268191886070979990108753554522991180419922, 0.209808282749110008857940101734129711985588073730468750000000, 0.575820249909926973330698274367023259401321411132812500000000,-0.790197142669814223125968055683188140392303466796875000000000, 2.481926937853600190209135689656250178813934326171875000000000, 1.221382642949347951955019198067020624876022338867187500000000
 0.000629900532840014268191886070979990108753554522991180419922, 0.209808282749110008857940101734129711985588073730468750000000,-0.575820249909927084353000736882677301764488220214843750000000, 0.790197142669814112103665593167534098029136657714843750000000, 0.659665715736193036811130241403589025139808654785156250000000, 5.061802664230238057996302813990041613578796386718750000000000
 0.000629900532840014268191886070979990108753554522991180419922, 0.209808282749110008857940101734129711985588073730468750000000,-0.575820249909926973330698274367023259401321411132812500000000,-0.790197142669814223125968055683188140392303466796875000000000, 2.481926937853600190209135689656250178813934326171875000000000, 5.061802664230238057996302813990041613578796386718750000000000
 0.000629900532840014268191886070979990108753554522991180419922,-0.209808282749110008857940101734129711985588073730468750000000, 0.575820249909927084353000736882677301764488220214843750000000, 0.790197142669814112103665593167534098029136657714843750000000, 0.659665715736193036811130241403589025139808654785156250000000, 1.920210010640445386087549195508472621440887451171875000000000
 0.000629900532840014268191886070979990108753554522991180419922,-0.209808282749110008857940101734129711985588073730468750000000, 0.575820249909926973330698274367023259401321411132812500000000,-0.790197142669814223125968055683188140392303466796875000000000, 2.481926937853600190209135689656250178813934326171875000000000, 1.920210010640445386087549195508472621440887451171875000000000
 0.000629900532840014268191886070979990108753554522991180419922,-0.209808282749110008857940101734129711985588073730468750000000,-0.575820249909927084353000736882677301764488220214843750000000, 0.790197142669814112103665593167534098029136657714843750000000, 0.659665715736193036811130241403589025139808654785156250000000, 4.362975296539140401819167891517281532287597656250000000000000
 0.000629900532840014268191886070979990108753554522991180419922,-0.209808282749110008857940101734129711985588073730468750000000,-0.575820249909926973330698274367023259401321411132812500000000,-0.790197142669814223125968055683188140392303466796875000000000, 2.481926937853600190209135689656250178813934326171875000000000, 4.362975296539140401819167891517281532287597656250000000000000
 0.000629900532840014268191886070979990108753554522991180419922, 0.209808282749109897835637639218475669622421264648437500000000, 0.790197142669814334148270518198842182755470275878906250000000, 0.575820249909926973330698274367023259401321411132812500000000, 0.957189262645163796427993929682997986674308776855468750000000, 1.311270528123421819088889606064185500144958496093750000000000
 0.000629900532840014268191886070979990108753554522991180419922, 0.209808282749109897835637639218475669622421264648437500000000, 0.790197142669814223125968055683188140392303466796875000000000,-0.575820249909927195375303199398331344127655029296875000000000, 2.184403390944629652636876926408149302005767822265625000000000, 1.311270528123421819088889606064185500144958496093750000000000
 0.000629900532840014268191886070979990108753554522991180419922, 0.209808282749109897835637639218475669622421264648437500000000,-0.790197142669814334148270518198842182755470275878906250000000, 0.575820249909926973330698274367023259401321411132812500000000, 0.957189262645163796427993929682997986674308776855468750000000, 4.971914779056164412907037331024184823036193847656250000000000
 0.000629900532840014268191886070979990108753554522991180419922, 0.209808282749109897835637639218475669622421264648437500000000,-0.790197142669814223125968055683188140392303466796875000000000,-0.575820249909927195375303199398331344127655029296875000000000, 2.184403390944629652636876926408149302005767822265625000000000, 4.971914779056164412907037331024184823036193847656250000000000
 0.000629900532840014268191886070979990108753554522991180419922,-0.209808282749110092124666948620870243757963180541992187500000, 0.790197142669814223125968055683188140392303466796875000000000, 0.575820249909926973330698274367023259401321411132812500000000, 0.957189262645163796427993929682997986674308776855468750000000, 1.830322125466371518953678787511307746171951293945312500000000
 0.000629900532840014268191886070979990108753554522991180419922,-0.209808282749110092124666948620870243757963180541992187500000, 0.790197142669814112103665593167534098029136657714843750000000,-0.575820249909927195375303199398331344127655029296875000000000, 2.184403390944629652636876926408149302005767822265625000000000, 1.830322125466371740998283712542615830898284912109375000000000
 0.000629900532840014268191886070979990108753554522991180419922,-0.209808282749110092124666948620870243757963180541992187500000,-0.790197142669814223125968055683188140392303466796875000000000, 0.575820249909926973330698274367023259401321411132812500000000, 0.957189262645163796427993929682997986674308776855468750000000, 4.452863181713214935086853074608370661735534667968750000000000
 0.000629900532840014268191886070979990108753554522991180419922,-0.209808282749110092124666948620870243757963180541992187500000,-0.790197142669814112103665593167534098029136657714843750000000,-0.575820249909927195375303199398331344127655029296875000000000, 2.184403390944629652636876926408149302005767822265625000000000, 4.452863181713214046908433374483138322830200195312500000000000
 0.000629900532840014268191886070979990108753554522991180419922, 0.790197142669814112103665593167534098029136657714843750000000, 0.575820249909927195375303199398331344127655029296875000000000, 0.209808282749109897835637639218475669622421264648437500000000, 1.359417452690024230577137132058851420879364013671875000000000, 0.629732135438999418575178879109444096684455871582031250000000
 0.000629900532840014268191886070979990108753554522991180419922, 0.790197142669814112103665593167534098029136657714843750000000, 0.575820249909927195375303199398331344127655029296875000000000,-0.209808282749109897835637639218475669622421264648437500000000, 1.782175200899768885420826336485333740711212158203125000000000, 0.629732135438999418575178879109444096684455871582031250000000
 0.000629900532840014268191886070979990108753554522991180419922, 0.790197142669814112103665593167534098029136657714843750000000,-0.575820249909927195375303199398331344127655029296875000000000, 0.209808282749109897835637639218475669622421264648437500000000, 1.359417452690024230577137132058851420879364013671875000000000, 5.653453171740586924443050520494580268859863281250000000000000
 0.000629900532840014268191886070979990108753554522991180419922, 0.790197142669814112103665593167534098029136657714843750000000,-0.575820249909927195375303199398331344127655029296875000000000,-0.209808282749109897835637639218475669622421264648437500000000, 1.782175200899768885420826336485333740711212158203125000000000, 5.653453171740586924443050520494580268859863281250000000000000
 0.000629900532840014268191886070979990108753554522991180419922,-0.790197142669814112103665593167534098029136657714843750000000, 0.575820249909927195375303199398331344127655029296875000000000, 0.209808282749109897835637639218475669622421264648437500000000, 1.359417452690024230577137132058851420879364013671875000000000, 2.511860518150793808445087051950395107269287109375000000000000
 0.000629900532840014268191886070979990108753554522991180419922,-0.790197142669814112103665593167534098029136657714843750000000, 0.575820249909927195375303199398331344127655029296875000000000,-0.209808282749109897835637639218475669622421264648437500000000, 1.782175200899768885420826336485333740711212158203125000000000, 2.511860518150793808445087051950395107269287109375000000000000
 0.000629900532840014268191886070979990108753554522991180419922,-0.790197142669814112103665593167534098029136657714843750000000,-0.575820249909927195375303199398331344127655029296875000000000, 0.209808282749109897835637639218475669622421264648437500000000, 1.359417452690024230577137132058851420879364013671875000000000, 3.771324789028792423550839885137975215911865234375000000000000
 0.000629900532840014268191886070979990108753554522991180419922,-0.790197142669814112103665593167534098029136657714843750000000,-0.575820249909927195375303199398331344127655029296875000000000,-0.209808282749109897835637639218475669622421264648437500000000, 1.782175200899768885420826336485333740711212158203125000000000, 3.771324789028792423550839885137975215911865234375000000000000
 0.000629900532840014268191886070979990108753554522991180419922, 0.790197142669814223125968055683188140392303466796875000000000, 0.209808282749110092124666948620870243757963180541992187500000, 0.575820249909926973330698274367023259401321411132812500000000, 0.957189262645163796427993929682997986674308776855468750000000, 0.259525798671475016465848284497042186558246612548828125000000
 0.000629900532840014268191886070979990108753554522991180419922, 0.790197142669814112103665593167534098029136657714843750000000, 0.209808282749110092124666948620870243757963180541992187500000,-0.575820249909927195375303199398331344127655029296875000000000, 2.184403390944629652636876926408149302005767822265625000000000, 0.259525798671475016465848284497042186558246612548828125000000
 0.000629900532840014268191886070979990108753554522991180419922, 0.790197142669814223125968055683188140392303466796875000000000,-0.209808282749110092124666948620870243757963180541992187500000, 0.575820249909926973330698274367023259401321411132812500000000, 0.957189262645163796427993929682997986674308776855468750000000, 6.023659508508111493085834808880463242530822753906250000000000
 0.000629900532840014268191886070979990108753554522991180419922, 0.790197142669814112103665593167534098029136657714843750000000,-0.209808282749110092124666948620870243757963180541992187500000,-0.575820249909927195375303199398331344127655029296875000000000, 2.184403390944629652636876926408149302005767822265625000000000, 6.023659508508111493085834808880463242530822753906250000000000
 0.000629900532840014268191886070979990108753554522991180419922,-0.790197142669814334148270518198842182755470275878906250000000, 0.209808282749109897835637639218475669622421264648437500000000, 0.575820249909926973330698274367023259401321411132812500000000, 0.957189262645163796427993929682997986674308776855468750000000, 2.882066854918318377087871340336278080940246582031250000000000
 0.000629900532840014268191886070979990108753554522991180419922,-0.790197142669814223125968055683188140392303466796875000000000, 0.209808282749109897835637639218475669622421264648437500000000,-0.575820249909927195375303199398331344127655029296875000000000, 2.184403390944629652636876926408149302005767822265625000000000, 2.882066854918318377087871340336278080940246582031250000000000
 0.000629900532840014268191886070979990108753554522991180419922,-0.790197142669814334148270518198842182755470275878906250000000,-0.209808282749109897835637639218475669622421264648437500000000, 0.575820249909926973330698274367023259401321411132812500000000, 0.957189262645163796427993929682997986674308776855468750000000, 3.401118452261267854908055596752092242240905761718750000000000
 0.000629900532840014268191886070979990108753554522991180419922,-0.790197142669814223125968055683188140392303466796875000000000,-0.209808282749109897835637639218475669622421264648437500000000,-0.575820249909927195375303199398331344127655029296875000000000, 2.184403390944629652636876926408149302005767822265625000000000, 3.401118452261267854908055596752092242240905761718750000000000
 0.000634772239061014392595694300069908422301523387432098388672, 0.625989368387679601113404714851640164852142333984375000000000, 0.261882411455339081385318422690033912658691406250000000000000, 0.734544017221521183813592870137654244899749755859375000000000, 0.745801875354473842172353670321172103285789489746093750000000, 0.396224254171527900947324951630434952676296234130859375000000
 0.000634772239061014392595694300069908422301523387432098388672, 0.625989368387679490091102252335986122488975524902343750000000, 0.261882411455339025874167191432206891477108001708984375000000,-0.734544017221521294835895332653308287262916564941406250000000, 2.395790778235319606892517185769975185394287109375000000000000, 0.396224254171527900947324951630434952676296234130859375000000
 0.000634772239061014392595694300069908422301523387432098388672, 0.625989368387679601113404714851640164852142333984375000000000,-0.261882411455339081385318422690033912658691406250000000000000, 0.734544017221521183813592870137654244899749755859375000000000, 0.745801875354473842172353670321172103285789489746093750000000, 5.886961053008058719626660604262724518775939941406250000000000
 0.000634772239061014392595694300069908422301523387432098388672, 0.625989368387679490091102252335986122488975524902343750000000,-0.261882411455339025874167191432206891477108001708984375000000,-0.734544017221521294835895332653308287262916564941406250000000, 2.395790778235319606892517185769975185394287109375000000000000, 5.886961053008058719626660604262724518775939941406250000000000
 0.000634772239061014392595694300069908422301523387432098388672,-0.625989368387679490091102252335986122488975524902343750000000, 0.261882411455339192407620885205687955021858215332031250000000, 0.734544017221521183813592870137654244899749755859375000000000, 0.745801875354473731150051207805518060922622680664062500000000, 2.745368399418265159539487285655923187732696533203125000000000
 0.000634772239061014392595694300069908422301523387432098388672,-0.625989368387679379068799789820332080125808715820312500000000, 0.261882411455339081385318422690033912658691406250000000000000,-0.734544017221521294835895332653308287262916564941406250000000, 2.395790778235319606892517185769975185394287109375000000000000, 2.745368399418265159539487285655923187732696533203125000000000
 0.000634772239061014392595694300069908422301523387432098388672,-0.625989368387679490091102252335986122488975524902343750000000,-0.261882411455339192407620885205687955021858215332031250000000, 0.734544017221521183813592870137654244899749755859375000000000, 0.745801875354473731150051207805518060922622680664062500000000, 3.537816907761321072456439651432447135448455810546875000000000
 0.000634772239061014392595694300069908422301523387432098388672,-0.625989368387679379068799789820332080125808715820312500000000,-0.261882411455339081385318422690033912658691406250000000000000,-0.734544017221521294835895332653308287262916564941406250000000, 2.395790778235319606892517185769975185394287109375000000000000, 3.537816907761321072456439651432447135448455810546875000000000
 0.000634772239061014392595694300069908422301523387432098388672, 0.625989368387679490091102252335986122488975524902343750000000, 0.734544017221521294835895332653308287262916564941406250000000, 0.261882411455339025874167191432206891477108001708984375000000, 1.305824154793511659988780593266710638999938964843750000000000, 0.865017793956851077652459025557618588209152221679687500000000
 0.000634772239061014392595694300069908422301523387432098388672, 0.625989368387679379068799789820332080125808715820312500000000, 0.734544017221521294835895332653308287262916564941406250000000,-0.261882411455339192407620885205687955021858215332031250000000, 1.835768498796281678053787800308782607316970825195312500000000, 0.865017793956851188674761488073272630572319030761718750000000
 0.000634772239061014392595694300069908422301523387432098388672, 0.625989368387679490091102252335986122488975524902343750000000,-0.734544017221521294835895332653308287262916564941406250000000, 0.261882411455339025874167191432206891477108001708984375000000, 1.305824154793511659988780593266710638999938964843750000000000, 5.418167513222734932298862986499443650245666503906250000000000
 0.000634772239061014392595694300069908422301523387432098388672, 0.625989368387679379068799789820332080125808715820312500000000,-0.734544017221521294835895332653308287262916564941406250000000,-0.261882411455339192407620885205687955021858215332031250000000, 1.835768498796281678053787800308782607316970825195312500000000, 5.418167513222734932298862986499443650245666503906250000000000
 0.000634772239061014392595694300069908422301523387432098388672,-0.625989368387679490091102252335986122488975524902343750000000, 0.734544017221521294835895332653308287262916564941406250000000, 0.261882411455339025874167191432206891477108001708984375000000, 1.305824154793511659988780593266710638999938964843750000000000, 2.276574859632942260390109368017874658107757568359375000000000
 0.000634772239061014392595694300069908422301523387432098388672,-0.625989368387679379068799789820332080125808715820312500000000, 0.734544017221521294835895332653308287262916564941406250000000,-0.261882411455339192407620885205687955021858215332031250000000, 1.835768498796281678053787800308782607316970825195312500000000, 2.276574859632942260390109368017874658107757568359375000000000
 0.000634772239061014392595694300069908422301523387432098388672,-0.625989368387679490091102252335986122488975524902343750000000,-0.734544017221521294835895332653308287262916564941406250000000, 0.261882411455339025874167191432206891477108001708984375000000, 1.305824154793511659988780593266710638999938964843750000000000, 4.006610447546643527516607719007879495620727539062500000000000
 0.000634772239061014392595694300069908422301523387432098388672,-0.625989368387679379068799789820332080125808715820312500000000,-0.734544017221521294835895332653308287262916564941406250000000,-0.261882411455339192407620885205687955021858215332031250000000, 1.835768498796281678053787800308782607316970825195312500000000, 4.006610447546643527516607719007879495620727539062500000000000
 0.000634772239061014392595694300069908422301523387432098388672, 0.261882411455339192407620885205687955021858215332031250000000, 0.625989368387679490091102252335986122488975524902343750000000, 0.734544017221521183813592870137654244899749755859375000000000, 0.745801875354473731150051207805518060922622680664062500000000, 1.174572072623368601540505551383830606937408447265625000000000
 0.000634772239061014392595694300069908422301523387432098388672, 0.261882411455339081385318422690033912658691406250000000000000, 0.625989368387679379068799789820332080125808715820312500000000,-0.734544017221521294835895332653308287262916564941406250000000, 2.395790778235319606892517185769975185394287109375000000000000, 1.174572072623368601540505551383830606937408447265625000000000
 0.000634772239061014392595694300069908422301523387432098388672, 0.261882411455339192407620885205687955021858215332031250000000,-0.625989368387679490091102252335986122488975524902343750000000, 0.734544017221521183813592870137654244899749755859375000000000, 0.745801875354473731150051207805518060922622680664062500000000, 5.108613234556218074544631235767155885696411132812500000000000
 0.000634772239061014392595694300069908422301523387432098388672, 0.261882411455339081385318422690033912658691406250000000000000,-0.625989368387679379068799789820332080125808715820312500000000,-0.734544017221521294835895332653308287262916564941406250000000, 2.395790778235319606892517185769975185394287109375000000000000, 5.108613234556218074544631235767155885696411132812500000000000
 0.000634772239061014392595694300069908422301523387432098388672,-0.261882411455339081385318422690033912658691406250000000000000, 0.625989368387679601113404714851640164852142333984375000000000, 0.734544017221521183813592870137654244899749755859375000000000, 0.745801875354473842172353670321172103285789489746093750000000, 1.967020580966424514457457917160354554653167724609375000000000
 0.000634772239061014392595694300069908422301523387432098388672,-0.261882411455339025874167191432206891477108001708984375000000, 0.625989368387679490091102252335986122488975524902343750000000,-0.734544017221521294835895332653308287262916564941406250000000, 2.395790778235319606892517185769975185394287109375000000000000, 1.967020580966424514457457917160354554653167724609375000000000
 0.000634772239061014392595694300069908422301523387432098388672,-0.261882411455339081385318422690033912658691406250000000000000,-0.625989368387679601113404714851640164852142333984375000000000, 0.734544017221521183813592870137654244899749755859375000000000, 0.745801875354473842172353670321172103285789489746093750000000, 4.316164726213161273449259169865399599075317382812500000000000
 0.000634772239061014392595694300069908422301523387432098388672,-0.261882411455339025874167191432206891477108001708984375000000,-0.625989368387679490091102252335986122488975524902343750000000,-0.734544017221521294835895332653308287262916564941406250000000, 2.395790778235319606892517185769975185394287109375000000000000, 4.316164726213161273449259169865399599075317382812500000000000
 0.000634772239061014392595694300069908422301523387432098388672, 0.261882411455339192407620885205687955021858215332031250000000, 0.734544017221521405858197795168962329626083374023437500000000, 0.625989368387679379068799789820332080125808715820312500000000, 0.894396743955922612911990654538385570049285888671875000000000, 1.228321537547557573688550291990395635366439819335937500000000
 0.000634772239061014392595694300069908422301523387432098388672, 0.261882411455339081385318422690033912658691406250000000000000, 0.734544017221521294835895332653308287262916564941406250000000,-0.625989368387679490091102252335986122488975524902343750000000, 2.247195909633870947175182664068415760993957519531250000000000, 1.228321537547557573688550291990395635366439819335937500000000
 0.000634772239061014392595694300069908422301523387432098388672, 0.261882411455339192407620885205687955021858215332031250000000,-0.734544017221521405858197795168962329626083374023437500000000, 0.625989368387679379068799789820332080125808715820312500000000, 0.894396743955922612911990654538385570049285888671875000000000, 5.054863769632028436262771720066666603088378906250000000000000
 0.000634772239061014392595694300069908422301523387432098388672, 0.261882411455339081385318422690033912658691406250000000000000,-0.734544017221521294835895332653308287262916564941406250000000,-0.625989368387679490091102252335986122488975524902343750000000, 2.247195909633870947175182664068415760993957519531250000000000, 5.054863769632028436262771720066666603088378906250000000000000
 0.000634772239061014392595694300069908422301523387432098388672,-0.261882411455339192407620885205687955021858215332031250000000, 0.734544017221521405858197795168962329626083374023437500000000, 0.625989368387679379068799789820332080125808715820312500000000, 0.894396743955922612911990654538385570049285888671875000000000, 1.913271116042235764354018101585097610950469970703125000000000
 0.000634772239061014392595694300069908422301523387432098388672,-0.261882411455339081385318422690033912658691406250000000000000, 0.734544017221521294835895332653308287262916564941406250000000,-0.625989368387679490091102252335986122488975524902343750000000, 2.247195909633870947175182664068415760993957519531250000000000, 1.913271116042235542309413176553789526224136352539062500000000
 0.000634772239061014392595694300069908422301523387432098388672,-0.261882411455339192407620885205687955021858215332031250000000,-0.734544017221521405858197795168962329626083374023437500000000, 0.625989368387679379068799789820332080125808715820312500000000, 0.894396743955922612911990654538385570049285888671875000000000, 4.369914191137350911731118685565888881683349609375000000000000
 0.000634772239061014392595694300069908422301523387432098388672,-0.261882411455339081385318422690033912658691406250000000000000,-0.734544017221521294835895332653308287262916564941406250000000,-0.625989368387679490091102252335986122488975524902343750000000, 2.247195909633870947175182664068415760993957519531250000000000, 4.369914191137350911731118685565888881683349609375000000000000
 0.000634772239061014392595694300069908422301523387432098388672, 0.734544017221521294835895332653308287262916564941406250000000, 0.625989368387679490091102252335986122488975524902343750000000, 0.261882411455339025874167191432206891477108001708984375000000, 1.305824154793511659988780593266710638999938964843750000000000, 0.705778532838045480346522708714473992586135864257812500000000
 0.000634772239061014392595694300069908422301523387432098388672, 0.734544017221521294835895332653308287262916564941406250000000, 0.625989368387679379068799789820332080125808715820312500000000,-0.261882411455339192407620885205687955021858215332031250000000, 1.835768498796281678053787800308782607316970825195312500000000, 0.705778532838045480346522708714473992586135864257812500000000
 0.000634772239061014392595694300069908422301523387432098388672, 0.734544017221521294835895332653308287262916564941406250000000,-0.625989368387679490091102252335986122488975524902343750000000, 0.261882411455339025874167191432206891477108001708984375000000, 1.305824154793511659988780593266710638999938964843750000000000, 5.577406774341540973694009153405204415321350097656250000000000
 0.000634772239061014392595694300069908422301523387432098388672, 0.734544017221521294835895332653308287262916564941406250000000,-0.625989368387679379068799789820332080125808715820312500000000,-0.261882411455339192407620885205687955021858215332031250000000, 1.835768498796281678053787800308782607316970825195312500000000, 5.577406774341540973694009153405204415321350097656250000000000
 0.000634772239061014392595694300069908422301523387432098388672,-0.734544017221521294835895332653308287262916564941406250000000, 0.625989368387679490091102252335986122488975524902343750000000, 0.261882411455339025874167191432206891477108001708984375000000, 1.305824154793511659988780593266710638999938964843750000000000, 2.435814120751747857696045684861019253730773925781250000000000
 0.000634772239061014392595694300069908422301523387432098388672,-0.734544017221521294835895332653308287262916564941406250000000, 0.625989368387679379068799789820332080125808715820312500000000,-0.261882411455339192407620885205687955021858215332031250000000, 1.835768498796281678053787800308782607316970825195312500000000, 2.435814120751747857696045684861019253730773925781250000000000
 0.000634772239061014392595694300069908422301523387432098388672,-0.734544017221521294835895332653308287262916564941406250000000,-0.625989368387679490091102252335986122488975524902343750000000, 0.261882411455339025874167191432206891477108001708984375000000, 1.305824154793511659988780593266710638999938964843750000000000, 3.847371186427838374299881252227351069450378417968750000000000
 0.000634772239061014392595694300069908422301523387432098388672,-0.734544017221521294835895332653308287262916564941406250000000,-0.625989368387679379068799789820332080125808715820312500000000,-0.261882411455339192407620885205687955021858215332031250000000, 1.835768498796281678053787800308782607316970825195312500000000, 3.847371186427838374299881252227351069450378417968750000000000
 0.000634772239061014392595694300069908422301523387432098388672, 0.734544017221521405858197795168962329626083374023437500000000, 0.261882411455339025874167191432206891477108001708984375000000, 0.625989368387679379068799789820332080125808715820312500000000, 0.894396743955922612911990654538385570049285888671875000000000, 0.342474789247338873288128979766042903065681457519531250000000
 0.000634772239061014392595694300069908422301523387432098388672, 0.734544017221521294835895332653308287262916564941406250000000, 0.261882411455339025874167191432206891477108001708984375000000,-0.625989368387679490091102252335986122488975524902343750000000, 2.247195909633870947175182664068415760993957519531250000000000, 0.342474789247338873288128979766042903065681457519531250000000
 0.000634772239061014392595694300069908422301523387432098388672, 0.734544017221521405858197795168962329626083374023437500000000,-0.261882411455339025874167191432206891477108001708984375000000, 0.625989368387679379068799789820332080125808715820312500000000, 0.894396743955922612911990654538385570049285888671875000000000, 5.940710517932247469730100419837981462478637695312500000000000
 0.000634772239061014392595694300069908422301523387432098388672, 0.734544017221521294835895332653308287262916564941406250000000,-0.261882411455339025874167191432206891477108001708984375000000,-0.625989368387679490091102252335986122488975524902343750000000, 2.247195909633870947175182664068415760993957519531250000000000, 5.940710517932247469730100419837981462478637695312500000000000
 0.000634772239061014392595694300069908422301523387432098388672,-0.734544017221521516880500257684616371989250183105468750000000, 0.261882411455338803829562266400898806750774383544921875000000, 0.625989368387679379068799789820332080125808715820312500000000, 0.894396743955922612911990654538385570049285888671875000000000, 2.799117864342454797821346801356412470340728759765625000000000
 0.000634772239061014392595694300069908422301523387432098388672,-0.734544017221521405858197795168962329626083374023437500000000, 0.261882411455338692807259803885244764387607574462890625000000,-0.625989368387679490091102252335986122488975524902343750000000, 2.247195909633870947175182664068415760993957519531250000000000, 2.799117864342454797821346801356412470340728759765625000000000
 0.000634772239061014392595694300069908422301523387432098388672,-0.734544017221521516880500257684616371989250183105468750000000,-0.261882411455338803829562266400898806750774383544921875000000, 0.625989368387679379068799789820332080125808715820312500000000, 0.894396743955922612911990654538385570049285888671875000000000, 3.484067442837131434174580135731957852840423583984375000000000
 0.000634772239061014392595694300069908422301523387432098388672,-0.734544017221521405858197795168962329626083374023437500000000,-0.261882411455338692807259803885244764387607574462890625000000,-0.625989368387679490091102252335986122488975524902343750000000, 2.247195909633870947175182664068415760993957519531250000000000, 3.484067442837131434174580135731957852840423583984375000000000
 0.000620377898124014042630092191643598198425024747848510742188, 0.531379512481189086869903803744819015264511108398437500000000, 0.052632450193386200176792755200949613936245441436767578125000, 0.845497273148704264755792792129795998334884643554687500000000, 0.563300586713953777007191092707216739654541015625000000000000, 0.098726683372682200179326628131093457341194152832031250000000
 0.000620377898124014042630092191643598198425024747848510742188, 0.531379512481189086869903803744819015264511108398437500000000, 0.052632450193386200176792755200949613936245441436767578125000,-0.845497273148704264755792792129795998334884643554687500000000, 2.578292066875839338990772375836968421936035156250000000000000, 0.098726683372682200179326628131093457341194152832031250000000
 0.000620377898124014042630092191643598198425024747848510742188, 0.531379512481189086869903803744819015264511108398437500000000,-0.052632450193386200176792755200949613936245441436767578125000, 0.845497273148704264755792792129795998334884643554687500000000, 0.563300586713953777007191092707216739654541015625000000000000, 6.184458623806904142838902771472930908203125000000000000000000
 0.000620377898124014042630092191643598198425024747848510742188, 0.531379512481189086869903803744819015264511108398437500000000,-0.052632450193386200176792755200949613936245441436767578125000,-0.845497273148704264755792792129795998334884643554687500000000, 2.578292066875839338990772375836968421936035156250000000000000, 6.184458623806904142838902771472930908203125000000000000000000
 0.000620377898124014042630092191643598198425024747848510742188,-0.531379512481189086869903803744819015264511108398437500000000, 0.052632450193386200176792755200949613936245441436767578125000, 0.845497273148704264755792792129795998334884643554687500000000, 0.563300586713953777007191092707216739654541015625000000000000, 3.042865970217111026840939302928745746612548828125000000000000
 0.000620377898124014042630092191643598198425024747848510742188,-0.531379512481189086869903803744819015264511108398437500000000, 0.052632450193386200176792755200949613936245441436767578125000,-0.845497273148704264755792792129795998334884643554687500000000, 2.578292066875839338990772375836968421936035156250000000000000, 3.042865970217111026840939302928745746612548828125000000000000
 0.000620377898124014042630092191643598198425024747848510742188,-0.531379512481189086869903803744819015264511108398437500000000,-0.052632450193386200176792755200949613936245441436767578125000, 0.845497273148704264755792792129795998334884643554687500000000, 0.563300586713953777007191092707216739654541015625000000000000, 3.240319336962475205154987634159624576568603515625000000000000
 0.000620377898124014042630092191643598198425024747848510742188,-0.531379512481189086869903803744819015264511108398437500000000,-0.052632450193386200176792755200949613936245441436767578125000,-0.845497273148704264755792792129795998334884643554687500000000, 2.578292066875839338990772375836968421936035156250000000000000, 3.240319336962475205154987634159624576568603515625000000000000
 0.000620377898124014042630092191643598198425024747848510742188, 0.531379512481189086869903803744819015264511108398437500000000, 0.845497273148704264755792792129795998334884643554687500000000, 0.052632450193385603431917019179309136234223842620849609375000, 1.518139546078064894274461948953103274106979370117187500000000, 1.009697277277420646157679584575816988945007324218750000000000
 0.000620377898124014042630092191643598198425024747848510742188, 0.531379512481189086869903803744819015264511108398437500000000, 0.845497273148704264755792792129795998334884643554687500000000,-0.052632450193385603431917019179309136234223842620849609375000, 1.623453107511728443768106444622389972209930419921875000000000, 1.009697277277420646157679584575816988945007324218750000000000
 0.000620377898124014042630092191643598198425024747848510742188, 0.531379512481189086869903803744819015264511108398437500000000,-0.845497273148704264755792792129795998334884643554687500000000, 0.052632450193385603431917019179309136234223842620849609375000, 1.518139546078064894274461948953103274106979370117187500000000, 5.273488029902165585838247352512553334236145019531250000000000
 0.000620377898124014042630092191643598198425024747848510742188, 0.531379512481189086869903803744819015264511108398437500000000,-0.845497273148704264755792792129795998334884643554687500000000,-0.052632450193385603431917019179309136234223842620849609375000, 1.623453107511728443768106444622389972209930419921875000000000, 5.273488029902165585838247352512553334236145019531250000000000
 0.000620377898124014042630092191643598198425024747848510742188,-0.531379512481189086869903803744819015264511108398437500000000, 0.845497273148704264755792792129795998334884643554687500000000, 0.052632450193385603431917019179309136234223842620849609375000, 1.518139546078064894274461948953103274106979370117187500000000, 2.131895376312372469840283883968368172645568847656250000000000
 0.000620377898124014042630092191643598198425024747848510742188,-0.531379512481189086869903803744819015264511108398437500000000, 0.845497273148704264755792792129795998334884643554687500000000,-0.052632450193385603431917019179309136234223842620849609375000, 1.623453107511728443768106444622389972209930419921875000000000, 2.131895376312372469840283883968368172645568847656250000000000
 0.000620377898124014042630092191643598198425024747848510742188,-0.531379512481189086869903803744819015264511108398437500000000,-0.845497273148704264755792792129795998334884643554687500000000, 0.052632450193385603431917019179309136234223842620849609375000, 1.518139546078064894274461948953103274106979370117187500000000, 4.151289930867213762155643053120002150535583496093750000000000
 0.000620377898124014042630092191643598198425024747848510742188,-0.531379512481189086869903803744819015264511108398437500000000,-0.845497273148704264755792792129795998334884643554687500000000,-0.052632450193385603431917019179309136234223842620849609375000, 1.623453107511728443768106444622389972209930419921875000000000, 4.151289930867213762155643053120002150535583496093750000000000
 0.000620377898124014042630092191643598198425024747848510742188, 0.052632450193385603431917019179309136234223842620849609375000, 0.531379512481189086869903803744819015264511108398437500000000, 0.845497273148704264755792792129795998334884643554687500000000, 0.563300586713953777007191092707216739654541015625000000000000, 1.472069643422215579064982193813193589448928833007812500000000
 0.000620377898124014042630092191643598198425024747848510742188, 0.052632450193385603431917019179309136234223842620849609375000, 0.531379512481189086869903803744819015264511108398437500000000,-0.845497273148704264755792792129795998334884643554687500000000, 2.578292066875839338990772375836968421936035156250000000000000, 1.472069643422215579064982193813193589448928833007812500000000
 0.000620377898124014042630092191643598198425024747848510742188, 0.052632450193385603431917019179309136234223842620849609375000,-0.531379512481189086869903803744819015264511108398437500000000, 0.845497273148704264755792792129795998334884643554687500000000, 0.563300586713953777007191092707216739654541015625000000000000, 4.811115663757370874975549668306484818458557128906250000000000
 0.000620377898124014042630092191643598198425024747848510742188, 0.052632450193385603431917019179309136234223842620849609375000,-0.531379512481189086869903803744819015264511108398437500000000,-0.845497273148704264755792792129795998334884643554687500000000, 2.578292066875839338990772375836968421936035156250000000000000, 4.811115663757370874975549668306484818458557128906250000000000
 0.000620377898124014042630092191643598198425024747848510742188,-0.052632450193385603431917019179309136234223842620849609375000, 0.531379512481189086869903803744819015264511108398437500000000, 0.845497273148704264755792792129795998334884643554687500000000, 0.563300586713953777007191092707216739654541015625000000000000, 1.669523010167577758977586199762299656867980957031250000000000
 0.000620377898124014042630092191643598198425024747848510742188,-0.052632450193385603431917019179309136234223842620849609375000, 0.531379512481189086869903803744819015264511108398437500000000,-0.845497273148704264755792792129795998334884643554687500000000, 2.578292066875839338990772375836968421936035156250000000000000, 1.669523010167577758977586199762299656867980957031250000000000
 0.000620377898124014042630092191643598198425024747848510742188,-0.052632450193385603431917019179309136234223842620849609375000,-0.531379512481189086869903803744819015264511108398437500000000, 0.845497273148704264755792792129795998334884643554687500000000, 0.563300586713953777007191092707216739654541015625000000000000, 4.613662297012008473018340737326070666313171386718750000000000
 0.000620377898124014042630092191643598198425024747848510742188,-0.052632450193385603431917019179309136234223842620849609375000,-0.531379512481189086869903803744819015264511108398437500000000,-0.845497273148704264755792792129795998334884643554687500000000, 2.578292066875839338990772375836968421936035156250000000000000, 4.613662297012008473018340737326070666313171386718750000000000
 0.000620377898124014042630092191643598198425024747848510742188, 0.052632450193385402203993805869686184450984001159667968750000, 0.845497273148704153733490329614141955971717834472656250000000, 0.531379512481189086869903803744819015264511108398437500000000, 1.010568144765521481076575582846999168395996093750000000000000, 1.508626259326196317189783258072566241025924682617187500000000
 0.000620377898124014042630092191643598198425024747848510742188, 0.052632450193385402203993805869686184450984001159667968750000, 0.845497273148704153733490329614141955971717834472656250000000,-0.531379512481189086869903803744819015264511108398437500000000, 2.131024508824271634921387885697185993194580078125000000000000, 1.508626259326196317189783258072566241025924682617187500000000
 0.000620377898124014042630092191643598198425024747848510742188, 0.052632450193385402203993805869686184450984001159667968750000,-0.845497273148704153733490329614141955971717834472656250000000, 0.531379512481189086869903803744819015264511108398437500000000, 1.010568144765521481076575582846999168395996093750000000000000, 4.774559047853389692761538753984495997428894042968750000000000
 0.000620377898124014042630092191643598198425024747848510742188, 0.052632450193385402203993805869686184450984001159667968750000,-0.845497273148704153733490329614141955971717834472656250000000,-0.531379512481189086869903803744819015264511108398437500000000, 2.131024508824271634921387885697185993194580078125000000000000, 4.774559047853389692761538753984495997428894042968750000000000
 0.000620377898124014042630092191643598198425024747848510742188,-0.052632450193385603431917019179309136234223842620849609375000, 0.845497273148704153733490329614141955971717834472656250000000, 0.531379512481189086869903803744819015264511108398437500000000, 1.010568144765521481076575582846999168395996093750000000000000, 1.632966394263597242897390060534235090017318725585937500000000
 0.000620377898124014042630092191643598198425024747848510742188,-0.052632450193385603431917019179309136234223842620849609375000, 0.845497273148704153733490329614141955971717834472656250000000,-0.531379512481189086869903803744819015264511108398437500000000, 2.131024508824271634921387885697185993194580078125000000000000, 1.632966394263597242897390060534235090017318725585937500000000
 0.000620377898124014042630092191643598198425024747848510742188,-0.052632450193385603431917019179309136234223842620849609375000,-0.845497273148704153733490329614141955971717834472656250000000, 0.531379512481189086869903803744819015264511108398437500000000, 1.010568144765521481076575582846999168395996093750000000000000, 4.650218912915988767053931951522827148437500000000000000000000
 0.000620377898124014042630092191643598198425024747848510742188,-0.052632450193385603431917019179309136234223842620849609375000,-0.845497273148704153733490329614141955971717834472656250000000,-0.531379512481189086869903803744819015264511108398437500000000, 2.131024508824271634921387885697185993194580078125000000000000, 4.650218912915988767053931951522827148437500000000000000000000
 0.000620377898124014042630092191643598198425024747848510742188, 0.845497273148704264755792792129795998334884643554687500000000, 0.531379512481189086869903803744819015264511108398437500000000, 0.052632450193385603431917019179309136234223842620849609375000, 1.518139546078064894274461948953103274106979370117187500000000, 0.561099049517476022863604612211929634213447570800781250000000
 0.000620377898124014042630092191643598198425024747848510742188, 0.845497273148704264755792792129795998334884643554687500000000, 0.531379512481189086869903803744819015264511108398437500000000,-0.052632450193385603431917019179309136234223842620849609375000, 1.623453107511728443768106444622389972209930419921875000000000, 0.561099049517476022863604612211929634213447570800781250000000
 0.000620377898124014042630092191643598198425024747848510742188, 0.845497273148704264755792792129795998334884643554687500000000,-0.531379512481189086869903803744819015264511108398437500000000, 0.052632450193385603431917019179309136234223842620849609375000, 1.518139546078064894274461948953103274106979370117187500000000, 5.722086257662110320154624787392094731330871582031250000000000
 0.000620377898124014042630092191643598198425024747848510742188, 0.845497273148704264755792792129795998334884643554687500000000,-0.531379512481189086869903803744819015264511108398437500000000,-0.052632450193385603431917019179309136234223842620849609375000, 1.623453107511728443768106444622389972209930419921875000000000, 5.722086257662110320154624787392094731330871582031250000000000
 0.000620377898124014042630092191643598198425024747848510742188,-0.845497273148704375778095254645450040698051452636718750000000, 0.531379512481188864825298878713510930538177490234375000000000, 0.052632450193385603431917019179309136234223842620849609375000, 1.518139546078064894274461948953103274106979370117187500000000, 2.580493604072317648245871168910525739192962646484375000000000
 0.000620377898124014042630092191643598198425024747848510742188,-0.845497273148704375778095254645450040698051452636718750000000, 0.531379512481188864825298878713510930538177490234375000000000,-0.052632450193385603431917019179309136234223842620849609375000, 1.623453107511728443768106444622389972209930419921875000000000, 2.580493604072317648245871168910525739192962646484375000000000
 0.000620377898124014042630092191643598198425024747848510742188,-0.845497273148704375778095254645450040698051452636718750000000,-0.531379512481188864825298878713510930538177490234375000000000, 0.052632450193385603431917019179309136234223842620849609375000, 1.518139546078064894274461948953103274106979370117187500000000, 3.702691703107268583750055768177844583988189697265625000000000
 0.000620377898124014042630092191643598198425024747848510742188,-0.845497273148704375778095254645450040698051452636718750000000,-0.531379512481188864825298878713510930538177490234375000000000,-0.052632450193385603431917019179309136234223842620849609375000, 1.623453107511728443768106444622389972209930419921875000000000, 3.702691703107268583750055768177844583988189697265625000000000
 0.000620377898124014042630092191643598198425024747848510742188, 0.845497273148704153733490329614141955971717834472656250000000, 0.052632450193385298120585247261260519735515117645263671875000, 0.531379512481189086869903803744819015264511108398437500000000, 1.010568144765521481076575582846999168395996093750000000000000, 0.062170067468700219992516764477841206826269626617431640625000
 0.000620377898124014042630092191643598198425024747848510742188, 0.845497273148704153733490329614141955971717834472656250000000, 0.052632450193385298120585247261260519735515117645263671875000,-0.531379512481189086869903803744819015264511108398437500000000, 2.131024508824271634921387885697185993194580078125000000000000, 0.062170067468700219992516764477841206826269626617431640625000
 0.000620377898124014042630092191643598198425024747848510742188, 0.845497273148704153733490329614141955971717834472656250000000,-0.052632450193385298120585247261260519735515117645263671875000, 0.531379512481189086869903803744819015264511108398437500000000, 1.010568144765521481076575582846999168395996093750000000000000, 6.221015239710886213231333385920152068138122558593750000000000
 0.000620377898124014042630092191643598198425024747848510742188, 0.845497273148704153733490329614141955971717834472656250000000,-0.052632450193385298120585247261260519735515117645263671875000,-0.531379512481189086869903803744819015264511108398437500000000, 2.131024508824271634921387885697185993194580078125000000000000, 6.221015239710886213231333385920152068138122558593750000000000
 0.000620377898124014042630092191643598198425024747848510742188,-0.845497273148704153733490329614141955971717834472656250000000, 0.052632450193385200976070592560063232667744159698486328125000, 0.531379512481189086869903803744819015264511108398437500000000, 1.010568144765521481076575582846999168395996093750000000000000, 3.079422586121093097233369917375966906547546386718750000000000
 0.000620377898124014042630092191643598198425024747848510742188,-0.845497273148704153733490329614141955971717834472656250000000, 0.052632450193385200976070592560063232667744159698486328125000,-0.531379512481189086869903803744819015264511108398437500000000, 2.131024508824271634921387885697185993194580078125000000000000, 3.079422586121093097233369917375966906547546386718750000000000
 0.000620377898124014042630092191643598198425024747848510742188,-0.845497273148704153733490329614141955971717834472656250000000,-0.052632450193385200976070592560063232667744159698486328125000, 0.531379512481189086869903803744819015264511108398437500000000, 1.010568144765521481076575582846999168395996093750000000000000, 3.203762721058493134762557019712403416633605957031250000000000
 0.000620377898124014042630092191643598198425024747848510742188,-0.845497273148704153733490329614141955971717834472656250000000,-0.052632450193385200976070592560063232667744159698486328125000,-0.531379512481189086869903803744819015264511108398437500000000, 2.131024508824271634921387885697185993194580078125000000000000, 3.203762721058493134762557019712403416633605957031250000000000
 0.000630841467124014314803159830802314900211058557033538818359, 0.589331795593199370131287651020102202892303466796875000000000, 0.106105973098200606630214792858168948441743850708007812500000, 0.800892974857302264446445860812673345208168029785156250000000, 0.642011337200717679962735928711481392383575439453125000000000, 0.178136081820174291268088495598931331187486648559570312500000
 0.000630841467124014314803159830802314900211058557033538818359, 0.589331795593199148086682725988794118165969848632812500000000, 0.106105973098200495607912330342514906078577041625976562500000,-0.800892974857302375468748323328327387571334838867187500000000, 2.499581316389075880124437389895319938659667968750000000000000, 0.178136081820174180245786033083277288824319839477539062500000
 0.000630841467124014314803159830802314900211058557033538818359, 0.589331795593199370131287651020102202892303466796875000000000,-0.106105973098200606630214792858168948441743850708007812500000, 0.800892974857302264446445860812673345208168029785156250000000, 0.642011337200717679962735928711481392383575439453125000000000, 6.105049225359412190528018982149660587310791015625000000000000
 0.000630841467124014314803159830802314900211058557033538818359, 0.589331795593199148086682725988794118165969848632812500000000,-0.106105973098200495607912330342514906078577041625976562500000,-0.800892974857302375468748323328327387571334838867187500000000, 2.499581316389075880124437389895319938659667968750000000000000, 6.105049225359412190528018982149660587310791015625000000000000
 0.000630841467124014314803159830802314900211058557033538818359,-0.589331795593199370131287651020102202892303466796875000000000, 0.106105973098200398463397675641317619010806083679199218750000, 0.800892974857302264446445860812673345208168029785156250000000, 0.642011337200717679962735928711481392383575439453125000000000, 2.963456571769619074530055513605475425720214843750000000000000
 0.000630841467124014314803159830802314900211058557033538818359,-0.589331795593199148086682725988794118165969848632812500000000, 0.106105973098200398463397675641317619010806083679199218750000,-0.800892974857302375468748323328327387571334838867187500000000, 2.499581316389075880124437389895319938659667968750000000000000, 2.963456571769619074530055513605475425720214843750000000000000
 0.000630841467124014314803159830802314900211058557033538818359,-0.589331795593199370131287651020102202892303466796875000000000,-0.106105973098200398463397675641317619010806083679199218750000, 0.800892974857302264446445860812673345208168029785156250000000, 0.642011337200717679962735928711481392383575439453125000000000, 3.319728735409967157465871423482894897460937500000000000000000
 0.000630841467124014314803159830802314900211058557033538818359,-0.589331795593199148086682725988794118165969848632812500000000,-0.106105973098200398463397675641317619010806083679199218750000,-0.800892974857302375468748323328327387571334838867187500000000, 2.499581316389075880124437389895319938659667968750000000000000, 3.319728735409967157465871423482894897460937500000000000000000
 0.000630841467124014314803159830802314900211058557033538818359, 0.589331795593199481153590113535756245255470275878906250000000, 0.800892974857302264446445860812673345208168029785156250000000, 0.106105973098200495607912330342514906078577041625976562500000, 1.464490239569483209791656008746940642595291137695312500000000, 0.936417187326431421645622776850359514355659484863281250000000
 0.000630841467124014314803159830802314900211058557033538818359, 0.589331795593199481153590113535756245255470275878906250000000, 0.800892974857302264446445860812673345208168029785156250000000,-0.106105973098200495607912330342514906078577041625976562500000, 1.677102414020309906206307459797244518995285034179687500000000, 0.936417187326431421645622776850359514355659484863281250000000
 0.000630841467124014314803159830802314900211058557033538818359, 0.589331795593199481153590113535756245255470275878906250000000,-0.800892974857302264446445860812673345208168029785156250000000, 0.106105973098200495607912330342514906078577041625976562500000, 1.464490239569483209791656008746940642595291137695312500000000, 5.346768119853154921372606622753664851188659667968750000000000
 0.000630841467124014314803159830802314900211058557033538818359, 0.589331795593199481153590113535756245255470275878906250000000,-0.800892974857302264446445860812673345208168029785156250000000,-0.106105973098200495607912330342514906078577041625976562500000, 1.677102414020309906206307459797244518995285034179687500000000, 5.346768119853154921372606622753664851188659667968750000000000
 0.000630841467124014314803159830802314900211058557033538818359,-0.589331795593199481153590113535756245255470275878906250000000, 0.800892974857302264446445860812673345208168029785156250000000, 0.106105973098200495607912330342514906078577041625976562500000, 1.464490239569483209791656008746940642595291137695312500000000, 2.205175466263361805374643154209479689598083496093750000000000
 0.000630841467124014314803159830802314900211058557033538818359,-0.589331795593199481153590113535756245255470275878906250000000, 0.800892974857302264446445860812673345208168029785156250000000,-0.106105973098200495607912330342514906078577041625976562500000, 1.677102414020309906206307459797244518995285034179687500000000, 2.205175466263361805374643154209479689598083496093750000000000
 0.000630841467124014314803159830802314900211058557033538818359,-0.589331795593199481153590113535756245255470275878906250000000,-0.800892974857302264446445860812673345208168029785156250000000, 0.106105973098200495607912330342514906078577041625976562500000, 1.464490239569483209791656008746940642595291137695312500000000, 4.078009840916224426621283782878890633583068847656250000000000
 0.000630841467124014314803159830802314900211058557033538818359,-0.589331795593199481153590113535756245255470275878906250000000,-0.800892974857302264446445860812673345208168029785156250000000,-0.106105973098200495607912330342514906078577041625976562500000, 1.677102414020309906206307459797244518995285034179687500000000, 4.078009840916224426621283782878890633583068847656250000000000
 0.000630841467124014314803159830802314900211058557033538818359, 0.106105973098200398463397675641317619010806083679199218750000, 0.589331795593199370131287651020102202892303466796875000000000, 0.800892974857302264446445860812673345208168029785156250000000, 0.642011337200717679962735928711481392383575439453125000000000, 1.392660244974722738575678704364690929651260375976562500000000
 0.000630841467124014314803159830802314900211058557033538818359, 0.106105973098200398463397675641317619010806083679199218750000, 0.589331795593199148086682725988794118165969848632812500000000,-0.800892974857302375468748323328327387571334838867187500000000, 2.499581316389075880124437389895319938659667968750000000000000, 1.392660244974722516531073779333382844924926757812500000000000
 0.000630841467124014314803159830802314900211058557033538818359, 0.106105973098200398463397675641317619010806083679199218750000,-0.589331795593199370131287651020102202892303466796875000000000, 0.800892974857302264446445860812673345208168029785156250000000, 0.642011337200717679962735928711481392383575439453125000000000, 4.890525062204863715464853157754987478256225585937500000000000
 0.000630841467124014314803159830802314900211058557033538818359, 0.106105973098200398463397675641317619010806083679199218750000,-0.589331795593199148086682725988794118165969848632812500000000,-0.800892974857302375468748323328327387571334838867187500000000, 2.499581316389075880124437389895319938659667968750000000000000, 4.890525062204863715464853157754987478256225585937500000000000
 0.000630841467124014314803159830802314900211058557033538818359,-0.106105973098200398463397675641317619010806083679199218750000, 0.589331795593199370131287651020102202892303466796875000000000, 0.800892974857302264446445860812673345208168029785156250000000, 0.642011337200717679962735928711481392383575439453125000000000, 1.748932408615070599466889689210802316665649414062500000000000
 0.000630841467124014314803159830802314900211058557033538818359,-0.106105973098200398463397675641317619010806083679199218750000, 0.589331795593199148086682725988794118165969848632812500000000,-0.800892974857302375468748323328327387571334838867187500000000, 2.499581316389075880124437389895319938659667968750000000000000, 1.748932408615070599466889689210802316665649414062500000000000
 0.000630841467124014314803159830802314900211058557033538818359,-0.106105973098200398463397675641317619010806083679199218750000,-0.589331795593199370131287651020102202892303466796875000000000, 0.800892974857302264446445860812673345208168029785156250000000, 0.642011337200717679962735928711481392383575439453125000000000, 4.534252898564515632529037247877568006515502929687500000000000
 0.000630841467124014314803159830802314900211058557033538818359,-0.106105973098200398463397675641317619010806083679199218750000,-0.589331795593199148086682725988794118165969848632812500000000,-0.800892974857302375468748323328327387571334838867187500000000, 2.499581316389075880124437389895319938659667968750000000000000, 4.534252898564515632529037247877568006515502929687500000000000
 0.000630841467124014314803159830802314900211058557033538818359, 0.106105973098200301318883020940120331943035125732421875000000, 0.800892974857302153424143398297019302845001220703125000000000, 0.589331795593199481153590113535756245255470275878906250000000, 0.940564832895690261516108421346871182322502136230468750000000, 1.439078810448259249099578482855577021837234497070312500000000
 0.000630841467124014314803159830802314900211058557033538818359, 0.106105973098200398463397675641317619010806083679199218750000, 0.800892974857302375468748323328327387571334838867187500000000,-0.589331795593199370131287651020102202892303466796875000000000, 2.201027820694102743459552584681659936904907226562500000000000, 1.439078810448259027054973557824268937110900878906250000000000
 0.000630841467124014314803159830802314900211058557033538818359, 0.106105973098200301318883020940120331943035125732421875000000,-0.800892974857302153424143398297019302845001220703125000000000, 0.589331795593199481153590113535756245255470275878906250000000, 0.940564832895690261516108421346871182322502136230468750000000, 4.844106496731327204940953379264101386070251464843750000000000
 0.000630841467124014314803159830802314900211058557033538818359, 0.106105973098200398463397675641317619010806083679199218750000,-0.800892974857302375468748323328327387571334838867187500000000,-0.589331795593199370131287651020102202892303466796875000000000, 2.201027820694102743459552584681659936904907226562500000000000, 4.844106496731327204940953379264101386070251464843750000000000
 0.000630841467124014314803159830802314900211058557033538818359,-0.106105973098200495607912330342514906078577041625976562500000, 0.800892974857302153424143398297019302845001220703125000000000, 0.589331795593199481153590113535756245255470275878906250000000, 0.940564832895690372538410883862525224685668945312500000000000, 1.702513843141534310987594835751224309206008911132812500000000
 0.000630841467124014314803159830802314900211058557033538818359,-0.106105973098200606630214792858168948441743850708007812500000, 0.800892974857302375468748323328327387571334838867187500000000,-0.589331795593199370131287651020102202892303466796875000000000, 2.201027820694102743459552584681659936904907226562500000000000, 1.702513843141534310987594835751224309206008911132812500000000
 0.000630841467124014314803159830802314900211058557033538818359,-0.106105973098200495607912330342514906078577041625976562500000,-0.800892974857302153424143398297019302845001220703125000000000, 0.589331795593199481153590113535756245255470275878906250000000, 0.940564832895690372538410883862525224685668945312500000000000, 4.580671464038052143052937026368454098701477050781250000000000
 0.000630841467124014314803159830802314900211058557033538818359,-0.106105973098200606630214792858168948441743850708007812500000,-0.800892974857302375468748323328327387571334838867187500000000,-0.589331795593199370131287651020102202892303466796875000000000, 2.201027820694102743459552584681659936904907226562500000000000, 4.580671464038052143052937026368454098701477050781250000000000
 0.000630841467124014314803159830802314900211058557033538818359, 0.800892974857302264446445860812673345208168029785156250000000, 0.589331795593199481153590113535756245255470275878906250000000, 0.106105973098200495607912330342514906078577041625976562500000, 1.464490239569483209791656008746940642595291137695312500000000, 0.634379139468465247375661419937387108802795410156250000000000
 0.000630841467124014314803159830802314900211058557033538818359, 0.800892974857302264446445860812673345208168029785156250000000, 0.589331795593199481153590113535756245255470275878906250000000,-0.106105973098200495607912330342514906078577041625976562500000, 1.677102414020309906206307459797244518995285034179687500000000, 0.634379139468465247375661419937387108802795410156250000000000
 0.000630841467124014314803159830802314900211058557033538818359, 0.800892974857302264446445860812673345208168029785156250000000,-0.589331795593199481153590113535756245255470275878906250000000, 0.106105973098200495607912330342514906078577041625976562500000, 1.464490239569483209791656008746940642595291137695312500000000, 5.648806167711120984620265517150983214378356933593750000000000
 0.000630841467124014314803159830802314900211058557033538818359, 0.800892974857302264446445860812673345208168029785156250000000,-0.589331795593199481153590113535756245255470275878906250000000,-0.106105973098200495607912330342514906078577041625976562500000, 1.677102414020309906206307459797244518995285034179687500000000, 5.648806167711120984620265517150983214378356933593750000000000
 0.000630841467124014314803159830802314900211058557033538818359,-0.800892974857302264446445860812673345208168029785156250000000, 0.589331795593199481153590113535756245255470275878906250000000, 0.106105973098200495607912330342514906078577041625976562500000, 1.464490239569483209791656008746940642595291137695312500000000, 2.507213514121327868622302048606798052787780761718750000000000
 0.000630841467124014314803159830802314900211058557033538818359,-0.800892974857302264446445860812673345208168029785156250000000, 0.589331795593199481153590113535756245255470275878906250000000,-0.106105973098200495607912330342514906078577041625976562500000, 1.677102414020309906206307459797244518995285034179687500000000, 2.507213514121327868622302048606798052787780761718750000000000
 0.000630841467124014314803159830802314900211058557033538818359,-0.800892974857302264446445860812673345208168029785156250000000,-0.589331795593199481153590113535756245255470275878906250000000, 0.106105973098200495607912330342514906078577041625976562500000, 1.464490239569483209791656008746940642595291137695312500000000, 3.775971793058258363373624888481572270393371582031250000000000
 0.000630841467124014314803159830802314900211058557033538818359,-0.800892974857302264446445860812673345208168029785156250000000,-0.589331795593199481153590113535756245255470275878906250000000,-0.106105973098200495607912330342514906078577041625976562500000, 1.677102414020309906206307459797244518995285034179687500000000, 3.775971793058258363373624888481572270393371582031250000000000
 0.000630841467124014314803159830802314900211058557033538818359, 0.800892974857302153424143398297019302845001220703125000000000, 0.106105973098200301318883020940120331943035125732421875000000, 0.589331795593199481153590113535756245255470275878906250000000, 0.940564832895690261516108421346871182322502136230468750000000, 0.131717516346637475432856945189996622502803802490234375000000
 0.000630841467124014314803159830802314900211058557033538818359, 0.800892974857302375468748323328327387571334838867187500000000, 0.106105973098200398463397675641317619010806083679199218750000,-0.589331795593199370131287651020102202892303466796875000000000, 2.201027820694102743459552584681659936904907226562500000000000, 0.131717516346637558699583792076737154275178909301757812500000
 0.000630841467124014314803159830802314900211058557033538818359, 0.800892974857302153424143398297019302845001220703125000000000,-0.106105973098200301318883020940120331943035125732421875000000, 0.589331795593199481153590113535756245255470275878906250000000, 0.940564832895690261516108421346871182322502136230468750000000, 6.151467790832948701051918760640546679496765136718750000000000
 0.000630841467124014314803159830802314900211058557033538818359, 0.800892974857302375468748323328327387571334838867187500000000,-0.106105973098200398463397675641317619010806083679199218750000,-0.589331795593199370131287651020102202892303466796875000000000, 2.201027820694102743459552584681659936904907226562500000000000, 6.151467790832948701051918760640546679496765136718750000000000
 0.000630841467124014314803159830802314900211058557033538818359,-0.800892974857302153424143398297019302845001220703125000000000, 0.106105973098200301318883020940120331943035125732421875000000, 0.589331795593199481153590113535756245255470275878906250000000, 0.940564832895690261516108421346871182322502136230468750000000, 3.009875137243155585053955292096361517906188964843750000000000
 0.000630841467124014314803159830802314900211058557033538818359,-0.800892974857302375468748323328327387571334838867187500000000, 0.106105973098200398463397675641317619010806083679199218750000,-0.589331795593199370131287651020102202892303466796875000000000, 2.201027820694102743459552584681659936904907226562500000000000, 3.009875137243155585053955292096361517906188964843750000000000
 0.000630841467124014314803159830802314900211058557033538818359,-0.800892974857302153424143398297019302845001220703125000000000,-0.106105973098200301318883020940120331943035125732421875000000, 0.589331795593199481153590113535756245255470275878906250000000, 0.940564832895690261516108421346871182322502136230468750000000, 3.273310169936430646941971644992008805274963378906250000000000
 0.000630841467124014314803159830802314900211058557033538818359,-0.800892974857302375468748323328327387571334838867187500000000,-0.106105973098200398463397675641317619010806083679199218750000,-0.589331795593199370131287651020102202892303466796875000000000, 2.201027820694102743459552584681659936904907226562500000000000, 3.273310169936430646941971644992008805274963378906250000000000
 0.000636270646696014425397480707147224165964871644973754882812, 0.642624632121580163790497408626833930611610412597656250000000, 0.159417156403422105581668688500940334051847457885742187500000, 0.749412938529119942998590886418242007493972778320312500000000, 0.723621355283466827224003736773738637566566467285156250000000, 0.243163222052764277369973910936096217483282089233398437500000
 0.000636270646696014425397480707147224165964871644973754882812, 0.642624632121580052768194946111179888248443603515625000000000, 0.159417156403422105581668688500940334051847457885742187500000,-0.749412938529120054020893348933896049857139587402343750000000, 2.417971298306326843885472044348716735839843750000000000000000, 0.243163222052764305125549526565009728074073791503906250000000
 0.000636270646696014425397480707147224165964871644973754882812, 0.642624632121580163790497408626833930611610412597656250000000,-0.159417156403422105581668688500940334051847457885742187500000, 0.749412938529119942998590886418242007493972778320312500000000, 0.723621355283466827224003736773738637566566467285156250000000, 6.040022085126821593803470022976398468017578125000000000000000
 0.000636270646696014425397480707147224165964871644973754882812, 0.642624632121580052768194946111179888248443603515625000000000,-0.159417156403422105581668688500940334051847457885742187500000,-0.749412938529120054020893348933896049857139587402343750000000, 2.417971298306326843885472044348716735839843750000000000000000, 6.040022085126821593803470022976398468017578125000000000000000
 0.000636270646696014425397480707147224165964871644973754882812,-0.642624632121580274812799871142487972974777221679687500000000, 0.159417156403421911292639379098545759916305541992187500000000, 0.749412938529119942998590886418242007493972778320312500000000, 0.723621355283466938246306199289392679929733276367187500000000, 2.898429431537029365983926254557445645332336425781250000000000
 0.000636270646696014425397480707147224165964871644973754882812,-0.642624632121580163790497408626833930611610412597656250000000, 0.159417156403421911292639379098545759916305541992187500000000,-0.749412938529120054020893348933896049857139587402343750000000, 2.417971298306326399796262194286100566387176513671875000000000, 2.898429431537029365983926254557445645332336425781250000000000
 0.000636270646696014425397480707147224165964871644973754882812,-0.642624632121580274812799871142487972974777221679687500000000,-0.159417156403421911292639379098545759916305541992187500000000, 0.749412938529119942998590886418242007493972778320312500000000, 0.723621355283466938246306199289392679929733276367187500000000, 3.384755875642556866012000682530924677848815917968750000000000
 0.000636270646696014425397480707147224165964871644973754882812,-0.642624632121580163790497408626833930611610412597656250000000,-0.159417156403421911292639379098545759916305541992187500000000,-0.749412938529120054020893348933896049857139587402343750000000, 2.417971298306326399796262194286100566387176513671875000000000, 3.384755875642556866012000682530924677848815917968750000000000
 0.000636270646696014425397480707147224165964871644973754882812, 0.642624632121579941745892483595525845885276794433593750000000, 0.749412938529120054020893348933896049857139587402343750000000, 0.159417156403421994559366225985286291688680648803710937500000, 1.410696095985557674268306982412468641996383666992187500000000, 0.861961873065901995616400199651252478361129760742187500000000
 0.000636270646696014425397480707147224165964871644973754882812, 0.642624632121579941745892483595525845885276794433593750000000, 0.749412938529120054020893348933896049857139587402343750000000,-0.159417156403422188848395535387680865824222564697265625000000, 1.730896557604235663774261411163024604320526123046875000000000, 0.861961873065901995616400199651252478361129760742187500000000
 0.000636270646696014425397480707147224165964871644973754882812, 0.642624632121579941745892483595525845885276794433593750000000,-0.749412938529120054020893348933896049857139587402343750000000, 0.159417156403421994559366225985286291688680648803710937500000, 1.410696095985557674268306982412468641996383666992187500000000, 5.421223434113684014334921812405809760093688964843750000000000
 0.000636270646696014425397480707147224165964871644973754882812, 0.642624632121579941745892483595525845885276794433593750000000,-0.749412938529120054020893348933896049857139587402343750000000,-0.159417156403422188848395535387680865824222564697265625000000, 1.730896557604235663774261411163024604320526123046875000000000, 5.421223434113684014334921812405809760093688964843750000000000
 0.000636270646696014425397480707147224165964871644973754882812,-0.642624632121579941745892483595525845885276794433593750000000, 0.749412938529120054020893348933896049857139587402343750000000, 0.159417156403421994559366225985286291688680648803710937500000, 1.410696095985557674268306982412468641996383666992187500000000, 2.279630780523891342426168193924240767955780029296875000000000
 0.000636270646696014425397480707147224165964871644973754882812,-0.642624632121579941745892483595525845885276794433593750000000, 0.749412938529120054020893348933896049857139587402343750000000,-0.159417156403422188848395535387680865824222564697265625000000, 1.730896557604235663774261411163024604320526123046875000000000, 2.279630780523891342426168193924240767955780029296875000000000
 0.000636270646696014425397480707147224165964871644973754882812,-0.642624632121579941745892483595525845885276794433593750000000,-0.749412938529120054020893348933896049857139587402343750000000, 0.159417156403421994559366225985286291688680648803710937500000, 1.410696095985557674268306982412468641996383666992187500000000, 4.003554526655694445480548893101513385772705078125000000000000
 0.000636270646696014425397480707147224165964871644973754882812,-0.642624632121579941745892483595525845885276794433593750000000,-0.749412938529120054020893348933896049857139587402343750000000,-0.159417156403422188848395535387680865824222564697265625000000, 1.730896557604235663774261411163024604320526123046875000000000, 4.003554526655694445480548893101513385772705078125000000000000
 0.000636270646696014425397480707147224165964871644973754882812, 0.159417156403422105581668688500940334051847457885742187500000, 0.642624632121580163790497408626833930611610412597656250000000, 0.749412938529119942998590886418242007493972778320312500000000, 0.723621355283466827224003736773738637566566467285156250000000, 1.327633104742132363895734670222736895084381103515625000000000
 0.000636270646696014425397480707147224165964871644973754882812, 0.159417156403422105581668688500940334051847457885742187500000, 0.642624632121580052768194946111179888248443603515625000000000,-0.749412938529120054020893348933896049857139587402343750000000, 2.417971298306326843885472044348716735839843750000000000000000, 1.327633104742132363895734670222736895084381103515625000000000
 0.000636270646696014425397480707147224165964871644973754882812, 0.159417156403422105581668688500940334051847457885742187500000,-0.642624632121580163790497408626833930611610412597656250000000, 0.749412938529119942998590886418242007493972778320312500000000, 0.723621355283466827224003736773738637566566467285156250000000, 4.955552202437454312189402116928249597549438476562500000000000
 0.000636270646696014425397480707147224165964871644973754882812, 0.159417156403422105581668688500940334051847457885742187500000,-0.642624632121580052768194946111179888248443603515625000000000,-0.749412938529120054020893348933896049857139587402343750000000, 2.417971298306326843885472044348716735839843750000000000000000, 4.955552202437454312189402116928249597549438476562500000000000
 0.000636270646696014425397480707147224165964871644973754882812,-0.159417156403422188848395535387680865824222564697265625000000, 0.642624632121580163790497408626833930611610412597656250000000, 0.749412938529119942998590886418242007493972778320312500000000, 0.723621355283466938246306199289392679929733276367187500000000, 1.813959548847660974146833723352756351232528686523437500000000
 0.000636270646696014425397480707147224165964871644973754882812,-0.159417156403422188848395535387680865824222564697265625000000, 0.642624632121580052768194946111179888248443603515625000000000,-0.749412938529120054020893348933896049857139587402343750000000, 2.417971298306326843885472044348716735839843750000000000000000, 1.813959548847660974146833723352756351232528686523437500000000
 0.000636270646696014425397480707147224165964871644973754882812,-0.159417156403422188848395535387680865824222564697265625000000,-0.642624632121580163790497408626833930611610412597656250000000, 0.749412938529119942998590886418242007493972778320312500000000, 0.723621355283466938246306199289392679929733276367187500000000, 4.469225758331925035804488288704305887222290039062500000000000
 0.000636270646696014425397480707147224165964871644973754882812,-0.159417156403422188848395535387680865824222564697265625000000,-0.642624632121580052768194946111179888248443603515625000000000,-0.749412938529120054020893348933896049857139587402343750000000, 2.417971298306326843885472044348716735839843750000000000000000, 4.469225758331925035804488288704305887222290039062500000000000
 0.000636270646696014425397480707147224165964871644973754882812, 0.159417156403421994559366225985286291688680648803710937500000, 0.749412938529120165043195811449550092220306396484375000000000, 0.642624632121580052768194946111179888248443603515625000000000, 0.872877359113179096539170132018625736236572265625000000000000, 1.361197849085324707019140078045893460512161254882812500000000
 0.000636270646696014425397480707147224165964871644973754882812, 0.159417156403421994559366225985286291688680648803710937500000, 0.749412938529120276065498273965204134583473205566406250000000,-0.642624632121579830723590021079871803522109985351562500000000, 2.268715294476614019458793336525559425354003906250000000000000, 1.361197849085324929063745003077201545238494873046875000000000
 0.000636270646696014425397480707147224165964871644973754882812, 0.159417156403421994559366225985286291688680648803710937500000,-0.749412938529120165043195811449550092220306396484375000000000, 0.642624632121580052768194946111179888248443603515625000000000, 0.872877359113179096539170132018625736236572265625000000000000, 4.921987458094261747021391784073784947395324707031250000000000
 0.000636270646696014425397480707147224165964871644973754882812, 0.159417156403421994559366225985286291688680648803710937500000,-0.749412938529120276065498273965204134583473205566406250000000,-0.642624632121579830723590021079871803522109985351562500000000, 2.268715294476614019458793336525559425354003906250000000000000, 4.921987458094260858842972083948552608489990234375000000000000
 0.000636270646696014425397480707147224165964871644973754882812,-0.159417156403422188848395535387680865824222564697265625000000, 0.749412938529120165043195811449550092220306396484375000000000, 0.642624632121580052768194946111179888248443603515625000000000, 0.872877359113179096539170132018625736236572265625000000000000, 1.780394804504468631023428315529599785804748535156250000000000
 0.000636270646696014425397480707147224165964871644973754882812,-0.159417156403422188848395535387680865824222564697265625000000, 0.749412938529120276065498273965204134583473205566406250000000,-0.642624632121579830723590021079871803522109985351562500000000, 2.268715294476614019458793336525559425354003906250000000000000, 1.780394804504468631023428315529599785804748535156250000000000
 0.000636270646696014425397480707147224165964871644973754882812,-0.159417156403422188848395535387680865824222564697265625000000,-0.749412938529120165043195811449550092220306396484375000000000, 0.642624632121580052768194946111179888248443603515625000000000, 0.872877359113179096539170132018625736236572265625000000000000, 4.502790502675117600972498621558770537376403808593750000000000
 0.000636270646696014425397480707147224165964871644973754882812,-0.159417156403422188848395535387680865824222564697265625000000,-0.749412938529120276065498273965204134583473205566406250000000,-0.642624632121579830723590021079871803522109985351562500000000, 2.268715294476614019458793336525559425354003906250000000000000, 4.502790502675117600972498621558770537376403808593750000000000
 0.000636270646696014425397480707147224165964871644973754882812, 0.749412938529120054020893348933896049857139587402343750000000, 0.642624632121580052768194946111179888248443603515625000000000, 0.159417156403421994559366225985286291688680648803710937500000, 1.410696095985557674268306982412468641996383666992187500000000, 0.708834453728994673404883997136494144797325134277343750000000
 0.000636270646696014425397480707147224165964871644973754882812, 0.749412938529120054020893348933896049857139587402343750000000, 0.642624632121580052768194946111179888248443603515625000000000,-0.159417156403422188848395535387680865824222564697265625000000, 1.730896557604235663774261411163024604320526123046875000000000, 0.708834453728994673404883997136494144797325134277343750000000
 0.000636270646696014425397480707147224165964871644973754882812, 0.749412938529120054020893348933896049857139587402343750000000,-0.642624632121580052768194946111179888248443603515625000000000, 0.159417156403421994559366225985286291688680648803710937500000, 1.410696095985557674268306982412468641996383666992187500000000, 5.574350853450591891657950327498838305473327636718750000000000
 0.000636270646696014425397480707147224165964871644973754882812, 0.749412938529120054020893348933896049857139587402343750000000,-0.642624632121580052768194946111179888248443603515625000000000,-0.159417156403422188848395535387680865824222564697265625000000, 1.730896557604235663774261411163024604320526123046875000000000, 5.574350853450591891657950327498838305473327636718750000000000
 0.000636270646696014425397480707147224165964871644973754882812,-0.749412938529120054020893348933896049857139587402343750000000, 0.642624632121579941745892483595525845885276794433593750000000, 0.159417156403421994559366225985286291688680648803710937500000, 1.410696095985557674268306982412468641996383666992187500000000, 2.432758199860798775659986858954653143882751464843750000000000
 0.000636270646696014425397480707147224165964871644973754882812,-0.749412938529120054020893348933896049857139587402343750000000, 0.642624632121579941745892483595525845885276794433593750000000,-0.159417156403422188848395535387680865824222564697265625000000, 1.730896557604235663774261411163024604320526123046875000000000, 2.432758199860798775659986858954653143882751464843750000000000
 0.000636270646696014425397480707147224165964871644973754882812,-0.749412938529120054020893348933896049857139587402343750000000,-0.642624632121579941745892483595525845885276794433593750000000, 0.159417156403421994559366225985286291688680648803710937500000, 1.410696095985557674268306982412468641996383666992187500000000, 3.850427107318787456335940078133717179298400878906250000000000
 0.000636270646696014425397480707147224165964871644973754882812,-0.749412938529120054020893348933896049857139587402343750000000,-0.642624632121579941745892483595525845885276794433593750000000,-0.159417156403422188848395535387680865824222564697265625000000, 1.730896557604235663774261411163024604320526123046875000000000, 3.850427107318787456335940078133717179298400878906250000000000
 0.000636270646696014425397480707147224165964871644973754882812, 0.749412938529120165043195811449550092220306396484375000000000, 0.159417156403422105581668688500940334051847457885742187500000, 0.642624632121580052768194946111179888248443603515625000000000, 0.872877359113179096539170132018625736236572265625000000000000, 0.209598477709571962002144118741853162646293640136718750000000
 0.000636270646696014425397480707147224165964871644973754882812, 0.749412938529120276065498273965204134583473205566406250000000, 0.159417156403422105581668688500940334051847457885742187500000,-0.642624632121579830723590021079871803522109985351562500000000, 2.268715294476614019458793336525559425354003906250000000000000, 0.209598477709571934246568503112939652055501937866210937500000
 0.000636270646696014425397480707147224165964871644973754882812, 0.749412938529120165043195811449550092220306396484375000000000,-0.159417156403422105581668688500940334051847457885742187500000, 0.642624632121580052768194946111179888248443603515625000000000, 0.872877359113179096539170132018625736236572265625000000000000, 6.073586829470014158971480355830863118171691894531250000000000
 0.000636270646696014425397480707147224165964871644973754882812, 0.749412938529120276065498273965204134583473205566406250000000,-0.159417156403422105581668688500940334051847457885742187500000,-0.642624632121579830723590021079871803522109985351562500000000, 2.268715294476614019458793336525559425354003906250000000000000, 6.073586829470014158971480355830863118171691894531250000000000
 0.000636270646696014425397480707147224165964871644973754882812,-0.749412938529120054020893348933896049857139587402343750000000, 0.159417156403422410893000460418988950550556182861328125000000, 0.642624632121580052768194946111179888248443603515625000000000, 0.872877359113179096539170132018625736236572265625000000000000, 2.931994175880221042973516887286677956581115722656250000000000
 0.000636270646696014425397480707147224165964871644973754882812,-0.749412938529120165043195811449550092220306396484375000000000, 0.159417156403422410893000460418988950550556182861328125000000,-0.642624632121579830723590021079871803522109985351562500000000, 2.268715294476614019458793336525559425354003906250000000000000, 2.931994175880221042973516887286677956581115722656250000000000
 0.000636270646696014425397480707147224165964871644973754882812,-0.749412938529120054020893348933896049857139587402343750000000,-0.159417156403422410893000460418988950550556182861328125000000, 0.642624632121580052768194946111179888248443603515625000000000, 0.872877359113179096539170132018625736236572265625000000000000, 3.351191131299365189022410049801692366600036621093750000000000
 0.000636270646696014425397480707147224165964871644973754882812,-0.749412938529120165043195811449550092220306396484375000000000,-0.159417156403422410893000460418988950550556182861328125000000,-0.642624632121579830723590021079871803522109985351562500000000, 2.268715294476614019458793336525559425354003906250000000000000, 3.351191131299365189022410049801692366600036621093750000000000
 0.000637541417033014390716716413010090036550536751747131347656, 0.651190436737611233475320204888703301548957824707031250000000, 0.053547895365655899524437444370050798170268535614013671875000, 0.757022878124160802926212454622145742177963256835937500000000, 0.712051754034161987760853662621229887008666992187500000000000, 0.082046179571396690710649579614255344495177268981933593750000
 0.000637541417033014390716716413010090036550536751747131347656, 0.651190436737611344497622667404357343912124633789062500000000, 0.053547895365655899524437444370050798170268535614013671875000,-0.757022878124160691903909992106491699814796447753906250000000, 2.429540899555631128237109805922955274581909179687500000000000, 0.082046179571396676832861771799798589199781417846679687500000
 0.000637541417033014390716716413010090036550536751747131347656, 0.651190436737611233475320204888703301548957824707031250000000,-0.053547895365655899524437444370050798170268535614013671875000, 0.757022878124160802926212454622145742177963256835937500000000, 0.712051754034161987760853662621229887008666992187500000000000, 6.201139127608189305362884624628350138664245605468750000000000
 0.000637541417033014390716716413010090036550536751747131347656, 0.651190436737611344497622667404357343912124633789062500000000,-0.053547895365655899524437444370050798170268535614013671875000,-0.757022878124160691903909992106491699814796447753906250000000, 2.429540899555631128237109805922955274581909179687500000000000, 6.201139127608189305362884624628350138664245605468750000000000
 0.000637541417033014390716716413010090036550536751747131347656,-0.651190436737611233475320204888703301548957824707031250000000, 0.053547895365655601151999576359230559319257736206054687500000, 0.757022878124160802926212454622145742177963256835937500000000, 0.712051754034161987760853662621229887008666992187500000000000, 3.059546474018397077543340856209397315979003906250000000000000
 0.000637541417033014390716716413010090036550536751747131347656,-0.651190436737611344497622667404357343912124633789062500000000, 0.053547895365655601151999576359230559319257736206054687500000,-0.757022878124160691903909992106491699814796447753906250000000, 2.429540899555631128237109805922955274581909179687500000000000, 3.059546474018397077543340856209397315979003906250000000000000
 0.000637541417033014390716716413010090036550536751747131347656,-0.651190436737611233475320204888703301548957824707031250000000,-0.053547895365655601151999576359230559319257736206054687500000, 0.757022878124160802926212454622145742177963256835937500000000, 0.712051754034161987760853662621229887008666992187500000000000, 3.223638833161189154452586080878973007202148437500000000000000
 0.000637541417033014390716716413010090036550536751747131347656,-0.651190436737611344497622667404357343912124633789062500000000,-0.053547895365655601151999576359230559319257736206054687500000,-0.757022878124160691903909992106491699814796447753906250000000, 2.429540899555631128237109805922955274581909179687500000000000, 3.223638833161189154452586080878973007202148437500000000000000
 0.000637541417033014390716716413010090036550536751747131347656, 0.651190436737611344497622667404357343912124633789062500000000, 0.757022878124160580881607529590837657451629638671875000000000, 0.053547895365655198696153149739984655752778053283691406250000, 1.517222808018257262929751050251070410013198852539062500000000, 0.860410849900654417510281746217515319585800170898437500000000
 0.000637541417033014390716716413010090036550536751747131347656, 0.651190436737611344497622667404357343912124633789062500000000, 0.757022878124160580881607529590837657451629638671875000000000,-0.053547895365655497068591017750804894603788852691650390625000, 1.624369845571536075112817343324422836303710937500000000000000, 0.860410849900654417510281746217515319585800170898437500000000
 0.000637541417033014390716716413010090036550536751747131347656, 0.651190436737611344497622667404357343912124633789062500000000,-0.757022878124160580881607529590837657451629638671875000000000, 0.053547895365655198696153149739984655752778053283691406250000, 1.517222808018257262929751050251070410013198852539062500000000, 5.422774457278931592441040265839546918869018554687500000000000
 0.000637541417033014390716716413010090036550536751747131347656, 0.651190436737611344497622667404357343912124633789062500000000,-0.757022878124160580881607529590837657451629638671875000000000,-0.053547895365655497068591017750804894603788852691650390625000, 1.624369845571536075112817343324422836303710937500000000000000, 5.422774457278931592441040265839546918869018554687500000000000
 0.000637541417033014390716716413010090036550536751747131347656,-0.651190436737611455519925129920011386275291442871093750000000, 0.757022878124160469859305067075183615088462829589843750000000, 0.053547895365655198696153149739984655752778053283691406250000, 1.517222808018257262929751050251070410013198852539062500000000, 2.281181803689138920532286647357977926731109619140625000000000
 0.000637541417033014390716716413010090036550536751747131347656,-0.651190436737611455519925129920011386275291442871093750000000, 0.757022878124160469859305067075183615088462829589843750000000,-0.053547895365655497068591017750804894603788852691650390625000, 1.624369845571536075112817343324422836303710937500000000000000, 2.281181803689138920532286647357977926731109619140625000000000
 0.000637541417033014390716716413010090036550536751747131347656,-0.651190436737611455519925129920011386275291442871093750000000,-0.757022878124160469859305067075183615088462829589843750000000, 0.053547895365655198696153149739984655752778053283691406250000, 1.517222808018257262929751050251070410013198852539062500000000, 4.002003503490447755552850139793008565902709960937500000000000
 0.000637541417033014390716716413010090036550536751747131347656,-0.651190436737611455519925129920011386275291442871093750000000,-0.757022878124160469859305067075183615088462829589843750000000,-0.053547895365655497068591017750804894603788852691650390625000, 1.624369845571536075112817343324422836303710937500000000000000, 4.002003503490447755552850139793008565902709960937500000000000
 0.000637541417033014390716716413010090036550536751747131347656, 0.053547895365655302779561708348410320468246936798095703125000, 0.651190436737611344497622667404357343912124633789062500000000, 0.757022878124160802926212454622145742177963256835937500000000, 0.712051754034161987760853662621229887008666992187500000000000, 1.488750147223500963633568971999920904636383056640625000000000
 0.000637541417033014390716716413010090036550536751747131347656, 0.053547895365655302779561708348410320468246936798095703125000, 0.651190436737611455519925129920011386275291442871093750000000,-0.757022878124160691903909992106491699814796447753906250000000, 2.429540899555631128237109805922955274581909179687500000000000, 1.488750147223500963633568971999920904636383056640625000000000
 0.000637541417033014390716716413010090036550536751747131347656, 0.053547895365655302779561708348410320468246936798095703125000,-0.651190436737611344497622667404357343912124633789062500000000, 0.757022878124160802926212454622145742177963256835937500000000, 0.712051754034161987760853662621229887008666992187500000000000, 4.794435159956085712451567815151065587997436523437500000000000
 0.000637541417033014390716716413010090036550536751747131347656, 0.053547895365655302779561708348410320468246936798095703125000,-0.651190436737611455519925129920011386275291442871093750000000,-0.757022878124160691903909992106491699814796447753906250000000, 2.429540899555631128237109805922955274581909179687500000000000, 4.794435159956085712451567815151065587997436523437500000000000
 0.000637541417033014390716716413010090036550536751747131347656,-0.053547895365655399924076363049607607536017894744873046875000, 0.651190436737611344497622667404357343912124633789062500000000, 0.757022878124160802926212454622145742177963256835937500000000, 0.712051754034161987760853662621229887008666992187500000000000, 1.652842506366292596453604346606880426406860351562500000000000
 0.000637541417033014390716716413010090036550536751747131347656,-0.053547895365655497068591017750804894603788852691650390625000, 0.651190436737611455519925129920011386275291442871093750000000,-0.757022878124160691903909992106491699814796447753906250000000, 2.429540899555631128237109805922955274581909179687500000000000, 1.652842506366292596453604346606880426406860351562500000000000
 0.000637541417033014390716716413010090036550536751747131347656,-0.053547895365655399924076363049607607536017894744873046875000,-0.651190436737611344497622667404357343912124633789062500000000, 0.757022878124160802926212454622145742177963256835937500000000, 0.712051754034161987760853662621229887008666992187500000000000, 4.630342800813293635542322590481489896774291992187500000000000
 0.000637541417033014390716716413010090036550536751747131347656,-0.053547895365655497068591017750804894603788852691650390625000,-0.651190436737611455519925129920011386275291442871093750000000,-0.757022878124160691903909992106491699814796447753906250000000, 2.429540899555631128237109805922955274581909179687500000000000, 4.630342800813293635542322590481489896774291992187500000000000
 0.000637541417033014390716716413010090036550536751747131347656, 0.053547895365655302779561708348410320468246936798095703125000, 0.757022878124160802926212454622145742177963256835937500000000, 0.651190436737611344497622667404357343912124633789062500000000, 0.861644338814748556032441229035612195730209350585937500000000, 1.500179101665864989101351056888233870267868041992187500000000
 0.000637541417033014390716716413010090036550536751747131347656, 0.053547895365655302779561708348410320468246936798095703125000, 0.757022878124160802926212454622145742177963256835937500000000,-0.651190436737611344497622667404357343912124633789062500000000, 2.279948314775044782010127164539881050586700439453125000000000, 1.500179101665864989101351056888233870267868041992187500000000
 0.000637541417033014390716716413010090036550536751747131347656, 0.053547895365655302779561708348410320468246936798095703125000,-0.757022878124160802926212454622145742177963256835937500000000, 0.651190436737611344497622667404357343912124633789062500000000, 0.861644338814748556032441229035612195730209350585937500000000, 4.783006205513721020849970955168828368186950683593750000000000
 0.000637541417033014390716716413010090036550536751747131347656, 0.053547895365655302779561708348410320468246936798095703125000,-0.757022878124160802926212454622145742177963256835937500000000,-0.651190436737611344497622667404357343912124633789062500000000, 2.279948314775044782010127164539881050586700439453125000000000, 4.783006205513721020849970955168828368186950683593750000000000
 0.000637541417033014390716716413010090036550536751747131347656,-0.053547895365655497068591017750804894603788852691650390625000, 0.757022878124160691903909992106491699814796447753906250000000, 0.651190436737611344497622667404357343912124633789062500000000, 0.861644338814748556032441229035612195730209350585937500000000, 1.641413551923928570985822261718567460775375366210937500000000
 0.000637541417033014390716716413010090036550536751747131347656,-0.053547895365655497068591017750804894603788852691650390625000, 0.757022878124160691903909992106491699814796447753906250000000,-0.651190436737611344497622667404357343912124633789062500000000, 2.279948314775044782010127164539881050586700439453125000000000, 1.641413551923928570985822261718567460775375366210937500000000
 0.000637541417033014390716716413010090036550536751747131347656,-0.053547895365655497068591017750804894603788852691650390625000,-0.757022878124160691903909992106491699814796447753906250000000, 0.651190436737611344497622667404357343912124633789062500000000, 0.861644338814748556032441229035612195730209350585937500000000, 4.641771755255657438965499750338494777679443359375000000000000
 0.000637541417033014390716716413010090036550536751747131347656,-0.053547895365655497068591017750804894603788852691650390625000,-0.757022878124160691903909992106491699814796447753906250000000,-0.651190436737611344497622667404357343912124633789062500000000, 2.279948314775044782010127164539881050586700439453125000000000, 4.641771755255657438965499750338494777679443359375000000000000
 0.000637541417033014390716716413010090036550536751747131347656, 0.757022878124160580881607529590837657451629638671875000000000, 0.651190436737611344497622667404357343912124633789062500000000, 0.053547895365655198696153149739984655752778053283691406250000, 1.517222808018257262929751050251070410013198852539062500000000, 0.710385476894242251511002450570231303572654724121093750000000
 0.000637541417033014390716716413010090036550536751747131347656, 0.757022878124160580881607529590837657451629638671875000000000, 0.651190436737611344497622667404357343912124633789062500000000,-0.053547895365655497068591017750804894603788852691650390625000, 1.624369845571536075112817343324422836303710937500000000000000, 0.710385476894242251511002450570231303572654724121093750000000
 0.000637541417033014390716716413010090036550536751747131347656, 0.757022878124160580881607529590837657451629638671875000000000,-0.651190436737611344497622667404357343912124633789062500000000, 0.053547895365655198696153149739984655752778053283691406250000, 1.517222808018257262929751050251070410013198852539062500000000, 5.572799830285344313551831874065101146697998046875000000000000
 0.000637541417033014390716716413010090036550536751747131347656, 0.757022878124160580881607529590837657451629638671875000000000,-0.651190436737611344497622667404357343912124633789062500000000,-0.053547895365655497068591017750804894603788852691650390625000, 1.624369845571536075112817343324422836303710937500000000000000, 5.572799830285344313551831874065101146697998046875000000000000
 0.000637541417033014390716716413010090036550536751747131347656,-0.757022878124160913948514917137799784541130065917968750000000, 0.651190436737611011430715279857395216822624206542968750000000, 0.053547895365655198696153149739984655752778053283691406250000, 1.517222808018257262929751050251070410013198852539062500000000, 2.431207176695551641643078255583532154560089111328125000000000
 0.000637541417033014390716716413010090036550536751747131347656,-0.757022878124160913948514917137799784541130065917968750000000, 0.651190436737611011430715279857395216822624206542968750000000,-0.053547895365655497068591017750804894603788852691650390625000, 1.624369845571536075112817343324422836303710937500000000000000, 2.431207176695551641643078255583532154560089111328125000000000
 0.000637541417033014390716716413010090036550536751747131347656,-0.757022878124160913948514917137799784541130065917968750000000,-0.651190436737611011430715279857395216822624206542968750000000, 0.053547895365655198696153149739984655752778053283691406250000, 1.517222808018257262929751050251070410013198852539062500000000, 3.851978130484034590352848681504838168621063232421875000000000
 0.000637541417033014390716716413010090036550536751747131347656,-0.757022878124160913948514917137799784541130065917968750000000,-0.651190436737611011430715279857395216822624206542968750000000,-0.053547895365655497068591017750804894603788852691650390625000, 1.624369845571536075112817343324422836303710937500000000000000, 3.851978130484034590352848681504838168621063232421875000000000
 0.000637541417033014390716716413010090036550536751747131347656, 0.757022878124160802926212454622145742177963256835937500000000, 0.053547895365654900323715281729164416901767253875732421875000, 0.651190436737611344497622667404357343912124633789062500000000, 0.861644338814748556032441229035612195730209350585937500000000, 0.070617225129031194197359866393526317551732063293457031250000
 0.000637541417033014390716716413010090036550536751747131347656, 0.757022878124160802926212454622145742177963256835937500000000, 0.053547895365654900323715281729164416901767253875732421875000,-0.651190436737611344497622667404357343912124633789062500000000, 2.279948314775044782010127164539881050586700439453125000000000, 0.070617225129031194197359866393526317551732063293457031250000
 0.000637541417033014390716716413010090036550536751747131347656, 0.757022878124160802926212454622145742177963256835937500000000,-0.053547895365654900323715281729164416901767253875732421875000, 0.651190436737611344497622667404357343912124633789062500000000, 0.861644338814748556032441229035612195730209350585937500000000, 6.212568082050554885142901184735819697380065917968750000000000
 0.000637541417033014390716716413010090036550536751747131347656, 0.757022878124160802926212454622145742177963256835937500000000,-0.053547895365654900323715281729164416901767253875732421875000,-0.651190436737611344497622667404357343912124633789062500000000, 2.279948314775044782010127164539881050586700439453125000000000, 6.212568082050554885142901184735819697380065917968750000000000
 0.000637541417033014390716716413010090036550536751747131347656,-0.757022878124160802926212454622145742177963256835937500000000, 0.053547895365654601951277413718344178050756454467773437500000, 0.651190436737611344497622667404357343912124633789062500000000, 0.861644338814748556032441229035612195730209350585937500000000, 3.070975428460762213234147566254250705242156982421875000000000
 0.000637541417033014390716716413010090036550536751747131347656,-0.757022878124160802926212454622145742177963256835937500000000, 0.053547895365654601951277413718344178050756454467773437500000,-0.651190436737611344497622667404357343912124633789062500000000, 2.279948314775044782010127164539881050586700439453125000000000, 3.070975428460762213234147566254250705242156982421875000000000
 0.000637541417033014390716716413010090036550536751747131347656,-0.757022878124160802926212454622145742177963256835937500000000,-0.053547895365654601951277413718344178050756454467773437500000, 0.651190436737611344497622667404357343912124633789062500000000, 0.861644338814748556032441229035612195730209350585937500000000, 3.212209878718824018761779370834119617938995361328125000000000
 0.000637541417033014390716716413010090036550536751747131347656,-0.757022878124160802926212454622145742177963256835937500000000,-0.053547895365654601951277413718344178050756454467773437500000,-0.651190436737611344497622667404357343912124633789062500000000, 2.279948314775044782010127164539881050586700439453125000000000, 3.212209878718824018761779370834119617938995361328125000000000
